date,open,high,low,close,volume
2022-06-20 09:15:00+05:30,1240.1,1254.0,1184.45,1202.85,1963
2022-06-20 10:15:00+05:30,1202.85,1214.95,1195.0,1207.6,323
2022-06-20 11:15:00+05:30,1207.6,1209.85,1195.0,1195.05,114
2022-06-20 12:15:00+05:30,1195.05,1203.15,1185.25,1185.25,300
2022-06-20 13:15:00+05:30,1185.25,1189.0,1159.65,1160.0,689
2022-06-20 14:15:00+05:30,1160.0,1173.9,1147.55,1164.85,906
2022-06-20 15:15:00+05:30,1164.85,1169.0,1149.1,1150.3,136
2022-06-21 09:15:00+05:30,1165.0,1198.0,1165.0,1197.7,421
2022-06-21 10:15:00+05:30,1197.7,1197.7,1190.0,1190.05,66
2022-06-21 11:15:00+05:30,1190.05,1190.05,1178.5,1179.65,176
2022-06-21 12:15:00+05:30,1179.65,1185.3,1179.65,1181.1,92
2022-06-21 13:15:00+05:30,1197.0,1197.0,1185.05,1190.0,63
2022-06-21 14:15:00+05:30,1190.0,1191.0,1185.05,1189.9,104
2022-06-21 15:15:00+05:30,1189.9,1199.0,1187.0,1199.0,140
2022-06-22 09:15:00+05:30,1191.6,1191.65,1169.95,1186.5,313
2022-06-22 10:15:00+05:30,1186.5,1186.5,1156.25,1186.5,162
2022-06-22 11:15:00+05:30,1186.5,1186.5,1166.25,1174.0,79
2022-06-22 12:15:00+05:30,1174.0,1177.9,1166.5,1175.65,36
2022-06-22 13:15:00+05:30,1175.65,1175.65,1105.0,1138.0,1133
2022-06-22 14:15:00+05:30,1138.0,1156.8,1138.0,1156.75,144
2022-06-22 15:15:00+05:30,1156.75,1156.75,1147.3,1147.5,12
2022-06-23 09:15:00+05:30,1148.0,1173.05,1148.0,1173.0,160
2022-06-23 10:15:00+05:30,1173.0,1175.4,1163.05,1170.55,284
2022-06-23 11:15:00+05:30,1170.55,1172.0,1165.65,1165.65,63
2022-06-23 12:15:00+05:30,1165.65,1171.95,1163.25,1167.25,164
2022-06-23 13:15:00+05:30,1167.25,1167.25,1162.0,1162.0,46
2022-06-23 14:15:00+05:30,1162.0,1172.0,1150.05,1150.05,478
2022-06-23 15:15:00+05:30,1150.05,1160.6,1148.0,1159.9,332
2022-06-24 09:15:00+05:30,1154.05,1188.95,1154.05,1188.95,798
2022-06-24 10:15:00+05:30,1188.95,1203.95,1175.0,1180.0,1058
2022-06-24 11:15:00+05:30,1180.0,1200.5,1180.0,1200.5,406
2022-06-24 12:15:00+05:30,1200.5,1201.6,1200.0,1200.0,347
2022-06-24 13:15:00+05:30,1200.0,1200.0,1193.3,1198.45,212
2022-06-24 14:15:00+05:30,1198.45,1198.75,1193.7,1198.75,333
2022-06-24 15:15:00+05:30,1198.75,1200.8,1180.05,1200.8,347
2022-06-27 09:15:00+05:30,1209.95,1211.65,1186.8,1187.3,402
2022-06-27 10:15:00+05:30,1187.3,1203.45,1183.25,1198.1,368
2022-06-27 11:15:00+05:30,1198.1,1198.1,1189.3,1196.4,53
2022-06-27 12:15:00+05:30,1196.4,1197.65,1192.45,1193.25,148
2022-06-27 13:15:00+05:30,1193.25,1195.95,1190.0,1194.7,153
2022-06-27 14:15:00+05:30,1194.7,1195.0,1191.5,1192.25,198
2022-06-27 15:15:00+05:30,1192.25,1194.7,1192.0,1193.25,198
2022-06-28 09:15:00+05:30,1184.1,1199.95,1184.1,1185.05,157
2022-06-28 10:15:00+05:30,1185.05,1196.75,1185.05,1187.95,29
2022-06-28 11:15:00+05:30,1187.95,1192.0,1187.95,1190.0,106
2022-06-28 12:15:00+05:30,1190.0,1199.65,1184.7,1192.0,363
2022-06-28 13:15:00+05:30,1192.0,1192.9,1186.2,1192.9,20
2022-06-28 14:15:00+05:30,1192.9,1193.5,1178.05,1183.0,823
2022-06-28 15:15:00+05:30,1183.0,1183.0,1172.0,1177.1,140
2022-06-29 09:15:00+05:30,1180.1,1205.05,1170.05,1190.1,291
2022-06-29 10:15:00+05:30,1190.1,1202.45,1190.1,1195.35,229
2022-06-29 11:15:00+05:30,1195.35,1204.0,1187.3,1199.95,473
2022-06-29 12:15:00+05:30,1199.95,1239.95,1199.95,1228.9,792
2022-06-29 13:15:00+05:30,1228.9,1228.9,1205.1,1205.15,200
2022-06-29 14:15:00+05:30,1205.15,1219.95,1190.0,1196.1,566
2022-06-29 15:15:00+05:30,1196.1,1235.0,1191.4,1224.0,301
2022-06-30 09:15:00+05:30,1220.5,1224.95,1218.55,1218.55,281
2022-06-30 10:15:00+05:30,1218.55,1221.9,1209.0,1209.0,184
2022-06-30 11:15:00+05:30,1209.0,1216.75,1194.9,1200.1,293
2022-06-30 12:15:00+05:30,1200.1,1202.0,1189.95,1200.1,552
2022-06-30 13:15:00+05:30,1200.1,1211.1,1200.1,1200.7,103
2022-06-30 14:15:00+05:30,1200.7,1210.15,1186.95,1196.85,666
2022-06-30 15:15:00+05:30,1196.85,1202.1,1184.0,1189.8,121
2022-07-01 09:15:00+05:30,1203.95,1217.0,1180.4,1200.7,506
2022-07-01 10:15:00+05:30,1200.7,1204.7,1190.3,1198.6,286
2022-07-01 11:15:00+05:30,1198.6,1213.0,1196.05,1210.0,164
2022-07-01 12:15:00+05:30,1210.05,1211.0,1210.05,1210.05,44
2022-07-01 13:15:00+05:30,1210.05,1224.75,1210.05,1224.75,250
2022-07-01 14:15:00+05:30,1224.75,1231.75,1220.0,1225.0,1068
2022-07-01 15:15:00+05:30,1225.0,1228.5,1222.0,1222.0,226
2022-07-04 09:15:00+05:30,1239.8,1239.8,1201.25,1219.95,251
2022-07-04 10:15:00+05:30,1219.95,1220.0,1206.05,1206.05,86
2022-07-04 11:15:00+05:30,1206.05,1218.4,1206.05,1218.4,73
2022-07-04 12:15:00+05:30,1218.4,1219.0,1218.35,1219.0,29
2022-07-04 13:15:00+05:30,1220.0,1220.0,1202.0,1204.95,469
2022-07-04 14:15:00+05:30,1204.95,1209.85,1200.0,1204.85,291
2022-07-04 15:15:00+05:30,1204.9,1207.55,1198.1,1201.35,251
2022-07-05 09:15:00+05:30,1208.8,1218.4,1203.65,1216.9,150
2022-07-05 10:15:00+05:30,1216.9,1218.5,1211.3,1215.1,180
2022-07-05 11:15:00+05:30,1215.1,1218.85,1212.0,1212.0,145
2022-07-05 12:15:00+05:30,1212.0,1213.75,1205.0,1208.85,114
2022-07-05 13:15:00+05:30,1208.85,1213.5,1207.2,1209.2,76
2022-07-05 14:15:00+05:30,1209.2,1211.9,1209.2,1211.9,32
2022-07-05 15:15:00+05:30,1211.9,1219.6,1207.2,1219.6,133
2022-07-06 09:15:00+05:30,1212.05,1219.4,1212.0,1214.9,36
2022-07-06 10:15:00+05:30,1214.9,1214.9,1212.0,1212.0,28
2022-07-06 11:15:00+05:30,1212.0,1212.0,1206.05,1207.0,100
2022-07-06 12:15:00+05:30,1207.0,1207.15,1200.05,1207.15,61
2022-07-06 13:15:00+05:30,1207.15,1207.15,1203.0,1203.0,13
2022-07-06 14:15:00+05:30,1203.0,1208.1,1199.95,1208.1,378
2022-07-06 15:15:00+05:30,1208.1,1208.1,1203.45,1206.0,37
2022-07-07 09:15:00+05:30,1229.0,1235.0,1181.1,1215.55,423
2022-07-07 10:15:00+05:30,1215.55,1220.1,1212.15,1220.1,89
2022-07-07 11:15:00+05:30,1220.1,1222.3,1212.0,1212.0,119
2022-07-07 12:15:00+05:30,1212.0,1233.5,1212.0,1225.0,279
2022-07-07 13:15:00+05:30,1225.0,1225.0,1212.1,1213.1,65
2022-07-07 14:15:00+05:30,1213.0,1215.0,1212.0,1214.0,204
2022-07-07 15:15:00+05:30,1214.0,1230.95,1212.0,1230.9,243
2022-07-08 09:15:00+05:30,1231.0,1231.0,1205.0,1222.9,928
2022-07-08 10:15:00+05:30,1222.9,1224.95,1218.1,1224.95,49
2022-07-08 11:15:00+05:30,1224.95,1227.9,1224.95,1227.5,166
2022-07-08 12:15:00+05:30,1227.5,1229.75,1223.2,1228.9,74
2022-07-08 13:15:00+05:30,1228.9,1234.9,1228.9,1234.9,89
2022-07-08 14:15:00+05:30,1234.9,1250.0,1210.1,1224.9,863
2022-07-08 15:15:00+05:30,1224.9,1224.9,1210.0,1210.0,130
2022-07-11 09:15:00+05:30,1224.0,1234.9,1209.05,1219.1,211
2022-07-11 10:15:00+05:30,1219.1,1232.2,1219.1,1225.9,277
2022-07-11 11:15:00+05:30,1225.9,1234.85,1223.1,1227.0,136
2022-07-11 12:15:00+05:30,1227.0,1231.25,1225.2,1225.2,67
2022-07-11 13:15:00+05:30,1225.2,1234.95,1225.2,1234.95,262
2022-07-11 14:15:00+05:30,1234.95,1234.95,1233.0,1233.1,99
2022-07-11 15:15:00+05:30,1233.1,1250.0,1225.0,1250.0,441
2022-07-12 09:15:00+05:30,1246.0,1277.7,1206.0,1274.8,1357
2022-07-12 10:15:00+05:30,1274.8,1274.8,1248.2,1255.0,505
2022-07-12 11:15:00+05:30,1255.0,1256.05,1251.0,1251.1,166
2022-07-12 12:15:00+05:30,1251.1,1251.1,1249.0,1249.0,839
2022-07-12 13:15:00+05:30,1249.0,1258.0,1249.0,1258.0,146
2022-07-12 14:15:00+05:30,1258.0,1261.7,1250.0,1250.05,294
2022-07-12 15:15:00+05:30,1250.05,1270.0,1241.0,1259.75,343
2022-07-13 09:15:00+05:30,1269.95,1290.0,1269.95,1282.6,854
2022-07-13 10:15:00+05:30,1282.6,1290.0,1280.0,1284.45,611
2022-07-13 11:15:00+05:30,1284.45,1289.8,1279.85,1286.1,459
2022-07-13 12:15:00+05:30,1286.1,1290.0,1284.25,1288.0,205
2022-07-13 13:15:00+05:30,1288.0,1288.05,1285.05,1285.05,327
2022-07-13 14:15:00+05:30,1285.05,1290.0,1285.0,1285.0,364
2022-07-13 15:15:00+05:30,1285.0,1288.95,1280.0,1288.95,109
2022-07-14 09:15:00+05:30,1285.7,1296.0,1266.05,1289.4,606
2022-07-14 10:15:00+05:30,1289.4,1292.5,1286.2,1291.55,289
2022-07-14 11:15:00+05:30,1291.0,1291.0,1272.0,1275.0,602
2022-07-14 12:15:00+05:30,1275.0,1278.0,1273.65,1278.0,144
2022-07-14 13:15:00+05:30,1278.0,1280.0,1271.6,1278.0,60
2022-07-14 14:15:00+05:30,1278.0,1280.0,1270.0,1270.0,266
2022-07-14 15:15:00+05:30,1270.0,1280.0,1270.0,1280.0,221
2022-07-15 09:15:00+05:30,1278.6,1289.9,1260.05,1265.1,309
2022-07-15 10:15:00+05:30,1265.1,1275.0,1260.0,1275.0,253
2022-07-15 11:15:00+05:30,1275.0,1282.8,1275.0,1282.8,126
2022-07-15 12:15:00+05:30,1282.8,1290.75,1280.05,1284.1,287
2022-07-15 13:15:00+05:30,1284.1,1295.0,1283.05,1284.1,222
2022-07-15 14:15:00+05:30,1283.95,1293.4,1271.0,1271.0,900
2022-07-15 15:15:00+05:30,1271.0,1296.45,1271.0,1293.95,37
2022-07-18 09:15:00+05:30,1307.0,1309.0,1287.95,1305.5,742
2022-07-18 10:15:00+05:30,1305.5,1349.0,1299.4,1349.0,2243
2022-07-18 11:15:00+05:30,1349.0,1359.0,1323.0,1325.0,2299
2022-07-18 12:15:00+05:30,1323.0,1333.75,1321.0,1332.55,281
2022-07-18 13:15:00+05:30,1332.55,1334.95,1325.0,1334.95,260
2022-07-18 14:15:00+05:30,1334.95,1340.35,1322.9,1330.05,750
2022-07-18 15:15:00+05:30,1331.1,1339.85,1325.0,1330.0,177
2022-07-19 09:15:00+05:30,1365.8,1365.8,1345.0,1349.65,1184
2022-07-19 10:15:00+05:30,1347.35,1357.15,1347.35,1354.0,907
2022-07-19 11:15:00+05:30,1354.0,1357.2,1352.0,1357.2,421
2022-07-19 12:15:00+05:30,1357.2,1362.0,1339.9,1339.9,575
2022-07-19 13:15:00+05:30,1339.9,1354.4,1339.9,1351.9,191
2022-07-19 14:15:00+05:30,1351.9,1354.1,1330.0,1340.05,552
2022-07-19 15:15:00+05:30,1340.05,1342.7,1336.0,1337.0,225
2022-07-20 09:15:00+05:30,1364.0,1364.0,1341.5,1346.95,286
2022-07-20 10:15:00+05:30,1346.95,1348.35,1337.95,1337.95,270
2022-07-20 11:15:00+05:30,1337.95,1343.55,1331.95,1340.0,59
2022-07-20 12:15:00+05:30,1340.0,1340.0,1301.0,1307.15,886
2022-07-20 13:15:00+05:30,1305.15,1319.8,1305.1,1314.9,446
2022-07-20 14:15:00+05:30,1317.2,1322.7,1311.0,1313.1,308
2022-07-20 15:15:00+05:30,1313.1,1319.0,1311.0,1318.95,217
2022-07-21 09:15:00+05:30,1325.85,1325.85,1304.95,1314.0,509
2022-07-21 10:15:00+05:30,1314.0,1317.0,1309.0,1313.1,266
2022-07-21 11:15:00+05:30,1313.1,1322.0,1305.0,1322.0,263
2022-07-21 12:15:00+05:30,1322.0,1325.65,1315.0,1318.0,156
2022-07-21 13:15:00+05:30,1318.0,1319.95,1306.9,1314.9,171
2022-07-21 14:15:00+05:30,1314.9,1325.2,1306.1,1321.95,127
2022-07-21 15:15:00+05:30,1321.95,1321.95,1310.05,1311.05,76
2022-07-22 09:15:00+05:30,1338.95,1338.95,1316.0,1328.4,294
2022-07-22 10:15:00+05:30,1328.4,1329.0,1321.1,1323.9,107
2022-07-22 11:15:00+05:30,1328.35,1333.0,1320.35,1323.05,296
2022-07-22 12:15:00+05:30,1323.05,1335.0,1323.05,1332.0,302
2022-07-22 13:15:00+05:30,1332.0,1335.0,1329.2,1331.0,302
2022-07-22 14:15:00+05:30,1331.0,1335.0,1330.2,1335.0,645
2022-07-22 15:15:00+05:30,1335.0,1335.0,1318.0,1318.0,255
2022-07-25 09:15:00+05:30,1345.0,1356.5,1335.0,1338.0,743
2022-07-25 10:15:00+05:30,1340.0,1340.0,1337.0,1337.0,167
2022-07-25 11:15:00+05:30,1337.0,1340.0,1337.0,1339.95,230
2022-07-25 12:15:00+05:30,1339.95,1339.95,1337.0,1339.4,172
2022-07-25 13:15:00+05:30,1339.4,1340.0,1339.05,1340.0,241
2022-07-25 14:15:00+05:30,1340.0,1340.0,1339.0,1340.0,175
2022-07-25 15:15:00+05:30,1340.0,1340.0,1337.55,1340.0,723
2022-07-26 09:15:00+05:30,1356.0,1356.0,1338.75,1341.25,620
2022-07-26 10:15:00+05:30,1341.25,1345.0,1340.65,1342.95,167
2022-07-26 11:15:00+05:30,1342.95,1346.0,1341.05,1341.15,173
2022-07-26 12:15:00+05:30,1341.15,1349.55,1341.15,1349.55,629
2022-07-26 13:15:00+05:30,1349.55,1350.0,1344.0,1347.15,179
2022-07-26 14:15:00+05:30,1347.15,1349.3,1341.35,1342.0,216
2022-07-26 15:15:00+05:30,1347.85,1347.85,1340.0,1345.0,227
2022-07-27 09:15:00+05:30,1348.0,1348.0,1336.0,1337.05,680
2022-07-27 10:15:00+05:30,1337.05,1344.5,1337.05,1344.0,241
2022-07-27 11:15:00+05:30,1344.0,1345.9,1338.0,1341.95,114
2022-07-27 12:15:00+05:30,1341.95,1347.95,1336.0,1343.95,205
2022-07-27 13:15:00+05:30,1343.95,1345.5,1341.0,1345.5,36
2022-07-27 14:15:00+05:30,1345.5,1345.5,1343.2,1343.95,196
2022-07-27 15:15:00+05:30,1343.95,1344.9,1342.1,1342.2,204
2022-07-28 09:15:00+05:30,1353.9,1360.0,1333.85,1360.0,2969
2022-07-28 10:15:00+05:30,1360.0,1360.0,1349.0,1354.0,521
2022-07-28 11:15:00+05:30,1354.0,1354.0,1348.1,1349.05,233
2022-07-28 12:15:00+05:30,1349.05,1352.0,1341.0,1341.05,715
2022-07-28 13:15:00+05:30,1341.05,1352.0,1341.05,1348.95,287
2022-07-28 14:15:00+05:30,1348.95,1348.95,1342.0,1342.0,659
2022-07-28 15:15:00+05:30,1342.0,1360.0,1342.0,1353.0,448
2022-07-29 09:15:00+05:30,1362.0,1379.0,1354.55,1372.0,1669
2022-07-29 10:15:00+05:30,1372.0,1376.0,1369.25,1372.05,1091
2022-07-29 11:15:00+05:30,1372.05,1377.95,1367.0,1375.05,676
2022-07-29 12:15:00+05:30,1375.05,1377.95,1368.05,1368.05,338
2022-07-29 13:15:00+05:30,1368.05,1375.65,1367.0,1372.0,784
2022-07-29 14:15:00+05:30,1372.0,1388.0,1367.0,1377.05,1953
2022-07-29 15:15:00+05:30,1377.0,1381.5,1370.0,1374.0,341
2022-08-01 09:15:00+05:30,1397.0,1420.0,1397.0,1418.7,7276
2022-08-01 10:15:00+05:30,1417.05,1449.8,1415.0,1436.0,7729
2022-08-01 11:15:00+05:30,1436.3,1438.0,1423.0,1435.0,2723
2022-08-01 12:15:00+05:30,1435.0,1443.5,1435.0,1440.0,1256
2022-08-01 13:15:00+05:30,1440.0,1461.55,1440.0,1456.25,4344
2022-08-01 14:15:00+05:30,1456.25,1474.0,1452.1,1469.55,4282
2022-08-01 15:15:00+05:30,1469.55,1498.0,1469.55,1485.25,5009
2022-08-02 09:15:00+05:30,1476.9,1499.85,1430.1,1439.75,9100
2022-08-02 10:15:00+05:30,1439.75,1455.0,1435.05,1455.0,4240
2022-08-02 11:15:00+05:30,1455.0,1455.0,1441.2,1441.2,943
2022-08-02 12:15:00+05:30,1441.2,1447.75,1426.35,1439.0,2228
2022-08-02 13:15:00+05:30,1439.0,1448.55,1433.15,1445.9,2229
2022-08-02 14:15:00+05:30,1443.8,1444.9,1431.0,1432.0,2774
2022-08-02 15:15:00+05:30,1432.0,1432.0,1419.0,1421.35,2485
2022-08-03 09:15:00+05:30,1430.05,1453.45,1411.05,1425.0,5556
2022-08-03 10:15:00+05:30,1428.95,1430.0,1423.45,1426.95,1109
2022-08-03 11:15:00+05:30,1426.95,1447.75,1426.8,1430.7,3806
2022-08-03 12:15:00+05:30,1430.7,1442.0,1429.15,1433.0,724
2022-08-03 13:15:00+05:30,1433.0,1445.0,1428.65,1441.0,1320
2022-08-03 14:15:00+05:30,1444.95,1447.5,1428.85,1434.25,1934
2022-08-03 15:15:00+05:30,1434.0,1440.05,1429.0,1440.0,2340
2022-08-04 09:15:00+05:30,1394.95,1400.0,1341.0,1346.15,6847
2022-08-04 10:15:00+05:30,1347.45,1348.0,1340.0,1344.0,1237
2022-08-04 11:15:00+05:30,1344.0,1344.5,1324.9,1330.2,1857
2022-08-04 12:15:00+05:30,1330.2,1338.95,1330.2,1338.0,548
2022-08-04 13:15:00+05:30,1337.0,1340.0,1330.0,1330.0,550
2022-08-04 14:15:00+05:30,1330.0,1335.55,1323.4,1329.05,1028
2022-08-04 15:15:00+05:30,1329.05,1335.15,1325.0,1332.0,951
2022-08-05 09:15:00+05:30,1320.0,1326.45,1301.75,1308.95,1621
2022-08-05 10:15:00+05:30,1308.95,1308.95,1292.0,1305.0,1771
2022-08-05 11:15:00+05:30,1305.0,1305.0,1295.05,1303.5,428
2022-08-05 12:15:00+05:30,1303.5,1305.35,1297.1,1298.55,459
2022-08-05 13:15:00+05:30,1298.55,1303.7,1298.55,1303.7,79
2022-08-05 14:15:00+05:30,1303.4,1303.4,1293.3,1295.0,598
2022-08-05 15:15:00+05:30,1292.0,1297.0,1290.0,1290.1,663
2022-08-08 09:15:00+05:30,1285.0,1287.0,1249.2,1260.0,3422
2022-08-08 10:15:00+05:30,1260.0,1267.5,1252.85,1257.75,689
2022-08-08 11:15:00+05:30,1257.75,1264.05,1251.0,1255.45,292
2022-08-08 12:15:00+05:30,1255.45,1265.35,1255.45,1262.3,324
2022-08-08 13:15:00+05:30,1262.3,1264.6,1259.95,1259.95,304
2022-08-08 14:15:00+05:30,1257.05,1259.95,1250.0,1258.95,705
2022-08-08 15:15:00+05:30,1252.05,1257.5,1240.0,1253.5,790
2022-08-10 09:15:00+05:30,1264.5,1264.5,1251.0,1251.6,918
2022-08-10 10:15:00+05:30,1251.6,1273.0,1251.6,1271.95,738
2022-08-10 11:15:00+05:30,1271.95,1271.95,1267.75,1267.75,893
2022-08-10 12:15:00+05:30,1267.75,1270.15,1267.75,1270.15,151
2022-08-10 13:15:00+05:30,1270.15,1282.0,1267.75,1280.95,651
2022-08-10 14:15:00+05:30,1281.0,1282.0,1278.0,1282.0,289
2022-08-10 15:15:00+05:30,1282.0,1284.55,1280.2,1280.2,170
2022-08-11 09:15:00+05:30,1276.05,1287.1,1271.0,1286.9,253
2022-08-11 10:15:00+05:30,1284.8,1284.8,1272.05,1283.0,357
2022-08-11 11:15:00+05:30,1283.0,1283.0,1175.0,1245.3,7483
2022-08-11 12:15:00+05:30,1244.95,1251.25,1221.15,1230.0,1942
2022-08-11 13:15:00+05:30,1230.0,1279.0,1223.1,1246.2,4794
2022-08-11 14:15:00+05:30,1249.95,1271.95,1232.55,1245.05,1695
2022-08-11 15:15:00+05:30,1245.0,1258.9,1200.0,1214.4,3217
2022-08-12 09:15:00+05:30,1214.4,1235.4,1201.55,1229.95,1455
2022-08-12 10:15:00+05:30,1229.95,1229.95,1216.15,1216.15,154
2022-08-12 11:15:00+05:30,1216.15,1218.0,1212.0,1215.0,197
2022-08-12 12:15:00+05:30,1215.0,1215.0,1210.0,1212.85,392
2022-08-12 13:15:00+05:30,1212.85,1214.5,1211.0,1211.0,535
2022-08-12 14:15:00+05:30,1211.0,1211.95,1202.0,1206.6,1016
2022-08-12 15:15:00+05:30,1208.85,1208.85,1202.5,1205.0,303
2022-08-16 09:15:00+05:30,1220.0,1224.7,1199.4,1207.5,1811
2022-08-16 10:15:00+05:30,1207.5,1209.8,1200.35,1205.95,340
2022-08-16 11:15:00+05:30,1206.5,1206.5,1200.4,1201.0,407
2022-08-16 12:15:00+05:30,1201.0,1203.5,1200.0,1200.0,322
2022-08-16 13:15:00+05:30,1200.15,1201.3,1199.4,1201.3,704
2022-08-16 14:15:00+05:30,1201.3,1211.0,1201.0,1211.0,475
2022-08-16 15:15:00+05:30,1211.0,1211.0,1201.0,1202.0,374
2022-08-17 09:15:00+05:30,1220.9,1222.0,1202.0,1217.65,393
2022-08-17 10:15:00+05:30,1217.65,1222.0,1216.05,1217.0,303
2022-08-17 11:15:00+05:30,1217.0,1218.9,1213.6,1218.65,216
2022-08-17 12:15:00+05:30,1218.65,1224.0,1217.25,1221.05,358
2022-08-17 13:15:00+05:30,1221.05,1223.7,1220.05,1221.1,162
2022-08-17 14:15:00+05:30,1221.1,1221.1,1218.0,1218.25,324
2022-08-17 15:15:00+05:30,1218.25,1221.0,1217.0,1217.0,219
2022-08-18 09:15:00+05:30,1212.55,1225.0,1212.0,1218.7,437
2022-08-18 10:15:00+05:30,1218.7,1224.95,1215.0,1218.75,246
2022-08-18 11:15:00+05:30,1218.75,1220.0,1216.0,1217.85,76
2022-08-18 12:15:00+05:30,1217.85,1222.0,1217.85,1222.0,109
2022-08-18 13:15:00+05:30,1222.0,1229.2,1219.0,1223.6,693
2022-08-18 14:15:00+05:30,1223.6,1228.4,1221.05,1221.6,479
2022-08-18 15:15:00+05:30,1221.6,1229.95,1221.05,1221.05,116
2022-08-19 09:15:00+05:30,1211.25,1229.6,1211.25,1214.85,450
2022-08-19 10:15:00+05:30,1214.85,1217.65,1203.0,1204.25,611
2022-08-19 11:15:00+05:30,1204.25,1207.95,1198.85,1198.85,619
2022-08-19 12:15:00+05:30,1198.85,1209.4,1198.8,1206.2,107
2022-08-19 13:15:00+05:30,1206.2,1208.95,1199.0,1207.7,326
2022-08-19 14:15:00+05:30,1207.7,1208.95,1202.05,1203.95,154
2022-08-19 15:15:00+05:30,1203.95,1216.0,1200.05,1216.0,435
2022-08-22 09:15:00+05:30,1203.75,1203.75,1165.0,1166.65,2023
2022-08-22 10:15:00+05:30,1166.65,1166.65,1161.25,1165.0,893
2022-08-22 11:15:00+05:30,1165.0,1165.0,1162.0,1165.0,1509
2022-08-22 12:15:00+05:30,1165.0,1165.0,1164.5,1165.0,809
2022-08-22 13:15:00+05:30,1165.0,1169.45,1164.8,1169.45,1348
2022-08-22 14:15:00+05:30,1169.45,1173.9,1165.0,1165.0,365
2022-08-22 15:15:00+05:30,1168.95,1169.0,1165.0,1169.0,298
2022-08-23 09:15:00+05:30,1151.0,1184.7,1151.0,1179.95,748
2022-08-23 10:15:00+05:30,1179.95,1180.75,1155.05,1169.55,961
2022-08-23 11:15:00+05:30,1169.55,1178.0,1159.7,1170.0,333
2022-08-23 12:15:00+05:30,1170.0,1172.0,1170.0,1172.0,76
2022-08-23 13:15:00+05:30,1172.0,1172.75,1164.5,1170.0,142
2022-08-23 14:15:00+05:30,1170.0,1178.05,1166.0,1173.75,563
2022-08-23 15:15:00+05:30,1173.75,1176.4,1162.0,1176.4,230
2022-08-24 09:15:00+05:30,1185.0,1187.85,1160.0,1166.7,1072
2022-08-24 10:15:00+05:30,1166.7,1179.4,1165.1,1177.35,318
2022-08-24 11:15:00+05:30,1174.8,1181.55,1171.6,1178.6,132
2022-08-24 12:15:00+05:30,1178.6,1183.5,1175.0,1179.6,224
2022-08-24 13:15:00+05:30,1179.6,1187.95,1175.5,1183.95,292
2022-08-24 14:15:00+05:30,1183.95,1185.5,1180.05,1180.05,110
2022-08-24 15:15:00+05:30,1180.05,1184.3,1170.15,1170.15,348
2022-08-25 09:15:00+05:30,1170.0,1192.95,1170.0,1176.0,362
2022-08-25 10:15:00+05:30,1176.0,1190.0,1176.0,1186.0,248
2022-08-25 11:15:00+05:30,1186.0,1188.75,1176.55,1188.75,148
2022-08-25 12:15:00+05:30,1188.75,1188.75,1182.55,1183.05,72
2022-08-25 13:15:00+05:30,1183.05,1185.55,1180.85,1183.05,31
2022-08-25 14:15:00+05:30,1183.05,1187.0,1180.1,1181.95,164
2022-08-25 15:15:00+05:30,1181.0,1190.0,1181.0,1189.0,75
2022-08-26 09:15:00+05:30,1187.65,1187.65,1171.15,1182.85,285
2022-08-26 10:15:00+05:30,1182.85,1182.9,1175.0,1177.25,124
2022-08-26 11:15:00+05:30,1177.25,1185.95,1176.25,1177.0,85
2022-08-26 12:15:00+05:30,1177.0,1189.1,1177.0,1181.5,623
2022-08-26 13:15:00+05:30,1181.5,1184.7,1171.25,1179.0,364
2022-08-26 14:15:00+05:30,1179.0,1180.0,1161.05,1163.0,1644
2022-08-26 15:15:00+05:30,1167.1,1172.6,1161.05,1166.1,357
2022-08-29 09:15:00+05:30,1165.7,1171.3,1146.9,1167.3,576
2022-08-29 10:15:00+05:30,1167.3,1170.55,1156.25,1162.15,303
2022-08-29 11:15:00+05:30,1162.15,1167.55,1158.0,1165.0,126
2022-08-29 12:15:00+05:30,1163.35,1166.25,1160.7,1164.0,30
2022-08-29 13:15:00+05:30,1164.0,1169.5,1158.6,1166.35,143
2022-08-29 14:15:00+05:30,1166.35,1166.35,1160.0,1160.0,65
2022-08-29 15:15:00+05:30,1160.0,1164.2,1156.6,1156.6,262
2022-08-30 09:15:00+05:30,1160.25,1179.85,1160.25,1175.0,119
2022-08-30 10:15:00+05:30,1175.0,1175.5,1172.1,1172.85,172
2022-08-30 11:15:00+05:30,1172.85,1175.9,1169.45,1169.45,163
2022-08-30 12:15:00+05:30,1169.45,1173.55,1169.45,1171.8,71
2022-08-30 13:15:00+05:30,1171.8,1172.1,1168.0,1168.95,242
2022-08-30 14:15:00+05:30,1168.95,1173.5,1168.9,1172.0,75
2022-08-30 15:15:00+05:30,1172.0,1173.85,1171.0,1173.85,56
2022-09-01 09:15:00+05:30,1184.65,1187.9,1161.5,1170.2,201
2022-09-01 10:15:00+05:30,1170.2,1170.2,1159.25,1164.4,446
2022-09-01 11:15:00+05:30,1164.4,1172.55,1164.4,1169.9,162
2022-09-01 12:15:00+05:30,1169.9,1172.9,1169.9,1172.9,49
2022-09-01 13:15:00+05:30,1172.9,1172.9,1168.7,1168.7,46
2022-09-01 14:15:00+05:30,1168.7,1171.9,1168.7,1171.1,30
2022-09-01 15:15:00+05:30,1169.95,1171.9,1166.0,1171.9,262
2022-09-02 09:15:00+05:30,1181.25,1181.5,1169.25,1170.0,207
2022-09-02 10:15:00+05:30,1170.0,1174.6,1170.0,1172.2,111
2022-09-02 11:15:00+05:30,1172.2,1179.9,1170.0,1179.9,107
2022-09-02 12:15:00+05:30,1179.9,1179.9,1173.65,1178.4,96
2022-09-02 13:15:00+05:30,1178.4,1178.4,1172.1,1177.05,167
2022-09-02 14:15:00+05:30,1177.05,1180.45,1177.05,1180.45,222
2022-09-02 15:15:00+05:30,1180.45,1189.95,1178.9,1189.95,155
2022-09-05 09:15:00+05:30,1183.0,1197.4,1183.0,1187.3,677
2022-09-05 10:15:00+05:30,1187.3,1189.45,1177.65,1177.65,149
2022-09-05 11:15:00+05:30,1177.65,1183.75,1175.05,1177.0,242
2022-09-05 12:15:00+05:30,1177.0,1177.5,1174.8,1176.15,215
2022-09-05 13:15:00+05:30,1176.15,1185.0,1176.15,1178.5,164
2022-09-05 14:15:00+05:30,1178.5,1182.05,1174.0,1174.0,403
2022-09-05 15:15:00+05:30,1174.0,1178.0,1171.2,1178.0,125
2022-09-06 09:15:00+05:30,1176.95,1177.7,1170.1,1175.3,430
2022-09-06 10:15:00+05:30,1175.3,1177.5,1171.05,1174.3,128
2022-09-06 11:15:00+05:30,1174.3,1174.3,1171.05,1173.65,94
2022-09-06 12:15:00+05:30,1173.65,1173.65,1171.05,1173.65,52
2022-09-06 13:15:00+05:30,1173.65,1173.65,1172.45,1173.65,88
2022-09-06 14:15:00+05:30,1173.65,1178.15,1171.05,1171.1,171
2022-09-06 15:15:00+05:30,1171.1,1180.0,1171.1,1172.0,101
2022-09-07 09:15:00+05:30,1172.0,1188.95,1172.0,1186.3,322
2022-09-07 10:15:00+05:30,1186.3,1187.0,1183.1,1184.1,136
2022-09-07 11:15:00+05:30,1184.1,1184.1,1172.35,1179.9,144
2022-09-07 12:15:00+05:30,1179.9,1180.05,1177.5,1177.7,46
2022-09-07 13:15:00+05:30,1177.7,1180.8,1170.55,1180.8,300
2022-09-07 14:15:00+05:30,1180.8,1183.95,1171.35,1183.0,104
2022-09-07 15:15:00+05:30,1183.0,1183.0,1170.0,1172.15,70
2022-09-08 09:15:00+05:30,1172.15,1197.0,1168.5,1177.1,1629
2022-09-08 10:15:00+05:30,1177.1,1179.85,1172.0,1179.85,165
2022-09-08 11:15:00+05:30,1179.85,1180.0,1172.0,1172.05,365
2022-09-08 12:15:00+05:30,1172.05,1185.0,1172.05,1175.95,361
2022-09-08 13:15:00+05:30,1175.95,1184.95,1175.95,1179.0,140
2022-09-08 14:15:00+05:30,1179.0,1181.0,1175.0,1180.0,109
2022-09-08 15:15:00+05:30,1180.0,1180.0,1176.05,1180.0,129
2022-09-09 09:15:00+05:30,1192.0,1192.0,1174.7,1181.5,247
2022-09-09 10:15:00+05:30,1181.5,1183.95,1174.45,1177.65,283
2022-09-09 11:15:00+05:30,1177.65,1179.85,1175.0,1175.0,210
2022-09-09 12:15:00+05:30,1175.0,1175.1,1175.0,1175.0,105
2022-09-09 13:15:00+05:30,1175.0,1175.1,1172.0,1175.1,385
2022-09-09 14:15:00+05:30,1175.1,1175.3,1161.0,1174.35,400
2022-09-09 15:15:00+05:30,1174.35,1174.35,1169.6,1171.0,46
2022-09-12 09:15:00+05:30,1171.0,1171.0,1168.0,1170.15,541
2022-09-12 10:15:00+05:30,1171.05,1172.6,1170.25,1172.05,358
2022-09-12 11:15:00+05:30,1172.05,1182.0,1170.0,1179.85,850
2022-09-12 12:15:00+05:30,1179.85,1179.85,1165.0,1177.85,858
2022-09-12 13:15:00+05:30,1177.85,1179.95,1168.15,1179.95,115
2022-09-12 14:15:00+05:30,1179.95,1179.95,1167.6,1171.15,490
2022-09-12 15:15:00+05:30,1171.15,1171.15,1163.05,1167.0,956
2022-09-13 09:15:00+05:30,1169.0,1178.5,1154.0,1177.95,2690
2022-09-13 10:15:00+05:30,1177.95,1177.95,1172.0,1176.0,378
2022-09-13 11:15:00+05:30,1176.0,1177.0,1171.0,1173.05,325
2022-09-13 12:15:00+05:30,1173.05,1175.95,1159.95,1169.95,1286
2022-09-13 13:15:00+05:30,1169.95,1169.95,1161.0,1169.9,117
2022-09-13 14:15:00+05:30,1169.9,1169.9,1162.0,1162.0,219
2022-09-13 15:15:00+05:30,1162.0,1163.8,1160.0,1160.0,200
2022-09-14 09:15:00+05:30,1175.0,1175.0,1161.05,1167.3,244
2022-09-14 10:15:00+05:30,1167.3,1167.3,1162.05,1162.5,216
2022-09-14 11:15:00+05:30,1162.5,1169.3,1162.5,1169.3,120
2022-09-14 12:15:00+05:30,1169.5,1171.45,1167.0,1169.6,456
2022-09-14 13:15:00+05:30,1169.6,1174.0,1169.1,1169.1,255
2022-09-14 14:15:00+05:30,1169.1,1174.0,1169.1,1169.8,116
2022-09-14 15:15:00+05:30,1171.95,1172.8,1169.0,1169.0,88
2022-09-15 09:15:00+05:30,1175.05,1176.5,1164.2,1170.0,916
2022-09-15 10:15:00+05:30,1170.0,1171.0,1168.05,1171.0,155
2022-09-15 11:15:00+05:30,1171.0,1173.0,1170.0,1173.0,43
2022-09-15 12:15:00+05:30,1173.0,1173.0,1170.1,1171.1,109
2022-09-15 13:15:00+05:30,1171.1,1173.0,1171.1,1171.15,62
2022-09-15 14:15:00+05:30,1171.15,1172.0,1166.9,1169.0,644
2022-09-15 15:15:00+05:30,1169.0,1172.8,1166.9,1172.8,99
2022-09-16 09:15:00+05:30,1163.75,1169.5,1158.15,1158.15,255
2022-09-16 10:15:00+05:30,1158.15,1168.75,1158.15,1160.95,307
2022-09-16 11:15:00+05:30,1160.95,1169.0,1160.95,1167.65,44
2022-09-16 12:15:00+05:30,1167.65,1167.65,1164.0,1164.0,163
2022-09-16 13:15:00+05:30,1164.0,1164.0,1160.0,1160.0,75
2022-09-16 14:15:00+05:30,1160.0,1162.0,1158.45,1158.45,181
2022-09-16 15:15:00+05:30,1160.5,1163.0,1158.2,1163.0,239
2022-09-19 09:15:00+05:30,1160.0,1179.15,1152.15,1156.3,405
2022-09-19 10:15:00+05:30,1156.3,1167.45,1156.3,1157.0,34
2022-09-19 11:15:00+05:30,1157.0,1160.0,1152.05,1153.55,133
2022-09-19 12:15:00+05:30,1153.55,1158.35,1153.0,1155.0,275
2022-09-19 13:15:00+05:30,1155.0,1161.0,1154.0,1154.0,216
2022-09-19 14:15:00+05:30,1154.0,1166.35,1154.0,1155.5,178
2022-09-19 15:15:00+05:30,1155.5,1158.95,1155.5,1158.0,35
2022-09-20 09:15:00+05:30,1158.0,1170.0,1158.0,1164.0,340
2022-09-20 10:15:00+05:30,1164.0,1168.0,1164.0,1167.1,222
2022-09-20 11:15:00+05:30,1167.1,1167.1,1162.0,1166.3,102
2022-09-20 12:15:00+05:30,1166.3,1168.75,1162.55,1165.7,90
2022-09-20 13:15:00+05:30,1168.95,1171.15,1165.0,1165.65,698
2022-09-20 14:15:00+05:30,1165.65,1169.5,1165.65,1166.0,9
2022-09-20 15:15:00+05:30,1166.0,1169.0,1165.0,1169.0,109
2022-09-21 09:15:00+05:30,1169.15,1172.75,1155.1,1164.75,244
2022-09-21 10:15:00+05:30,1164.75,1166.5,1132.3,1153.0,1041
2022-09-21 11:15:00+05:30,1153.0,1156.7,1147.05,1147.05,445
2022-09-21 12:15:00+05:30,1147.05,1169.6,1147.0,1148.8,286
2022-09-21 13:15:00+05:30,1148.8,1151.9,1147.05,1148.9,156
2022-09-21 14:15:00+05:30,1148.9,1148.9,1148.0,1148.85,480
2022-09-21 15:15:00+05:30,1148.85,1150.3,1145.1,1147.0,270
2022-09-22 09:15:00+05:30,1138.1,1149.75,1137.8,1145.25,244
2022-09-22 10:15:00+05:30,1145.05,1145.05,1140.0,1141.75,93
2022-09-22 11:15:00+05:30,1141.75,1143.1,1140.0,1141.5,143
2022-09-22 12:15:00+05:30,1141.5,1141.5,1141.0,1141.0,29
2022-09-22 13:15:00+05:30,1141.5,1148.15,1141.5,1145.0,92
2022-09-22 14:15:00+05:30,1145.0,1148.75,1142.0,1148.75,195
2022-09-22 15:15:00+05:30,1148.75,1150.8,1145.05,1150.0,66
2022-09-23 09:15:00+05:30,1167.1,1167.1,1146.35,1153.7,321
2022-09-23 10:15:00+05:30,1153.7,1164.9,1141.0,1142.0,280
2022-09-23 11:15:00+05:30,1142.0,1160.55,1142.0,1160.5,436
2022-09-23 12:15:00+05:30,1160.5,1172.4,1150.0,1150.0,646
2022-09-23 13:15:00+05:30,1150.0,1162.0,1144.05,1149.7,167
2022-09-23 14:15:00+05:30,1149.7,1154.9,1143.0,1149.4,172
2022-09-23 15:15:00+05:30,1149.4,1149.45,1145.0,1149.45,163
2022-09-26 09:15:00+05:30,1131.0,1173.25,1106.0,1130.35,887
2022-09-26 10:15:00+05:30,1130.35,1130.35,1115.0,1115.0,242
2022-09-26 11:15:00+05:30,1115.0,1118.0,1110.0,1117.45,81
2022-09-26 12:15:00+05:30,1118.0,1118.0,1114.05,1116.0,305
2022-09-26 13:15:00+05:30,1116.0,1117.0,1113.0,1117.0,113
2022-09-26 14:15:00+05:30,1117.0,1122.85,1113.0,1120.0,424
2022-09-26 15:15:00+05:30,1120.0,1120.0,1112.5,1112.5,165
2022-09-27 09:15:00+05:30,1120.0,1142.5,1104.05,1128.9,226
2022-09-27 10:15:00+05:30,1128.9,1129.65,1120.6,1120.6,89
2022-09-27 11:15:00+05:30,1120.6,1127.0,1120.6,1126.95,160
2022-09-27 12:15:00+05:30,1126.95,1131.9,1124.65,1130.1,213
2022-09-27 13:15:00+05:30,1130.1,1132.25,1126.5,1132.25,82
2022-09-27 14:15:00+05:30,1132.25,1133.5,1126.05,1126.2,146
2022-09-27 15:15:00+05:30,1126.2,1169.8,1126.2,1143.1,247
2022-09-28 09:15:00+05:30,1075.0,1120.0,1075.0,1120.0,246
2022-09-28 10:15:00+05:30,1120.0,1123.95,1120.0,1123.9,36
2022-09-28 11:15:00+05:30,1123.9,1129.55,1121.7,1129.55,42
2022-09-28 12:15:00+05:30,1129.55,1152.0,1129.55,1151.45,142
2022-09-28 13:15:00+05:30,1151.45,1151.45,1138.5,1138.65,45
2022-09-28 14:15:00+05:30,1138.65,1138.65,1121.75,1130.0,78
2022-09-28 15:15:00+05:30,1130.0,1130.95,1115.25,1116.0,119
2022-09-29 09:15:00+05:30,1128.0,1144.0,1125.05,1138.5,91
2022-09-29 10:15:00+05:30,1138.5,1140.0,1134.35,1139.9,131
2022-09-29 11:15:00+05:30,1139.9,1140.05,1138.0,1140.0,132
2022-09-29 12:15:00+05:30,1140.0,1140.0,1136.0,1136.0,143
2022-09-29 13:15:00+05:30,1136.0,1143.0,1135.0,1138.45,68
2022-09-29 14:15:00+05:30,1138.45,1142.2,1135.05,1141.5,107
2022-09-29 15:15:00+05:30,1141.5,1141.5,1140.0,1140.0,45
2022-09-30 09:15:00+05:30,1129.0,1143.9,1129.0,1140.2,63
2022-09-30 10:15:00+05:30,1140.2,1147.1,1136.0,1146.3,295
2022-09-30 11:15:00+05:30,1146.3,1146.3,1136.0,1142.95,71
2022-09-30 12:15:00+05:30,1142.95,1146.35,1136.0,1140.7,140
2022-09-30 13:15:00+05:30,1140.7,1148.0,1140.7,1147.45,74
2022-09-30 14:15:00+05:30,1147.45,1147.45,1120.0,1129.4,650
2022-09-30 15:15:00+05:30,1129.4,1146.7,1123.0,1146.7,171
2022-10-03 09:15:00+05:30,1145.9,1148.95,1120.0,1129.9,136
2022-10-03 10:15:00+05:30,1129.9,1130.0,1127.3,1129.5,184
2022-10-03 11:15:00+05:30,1129.5,1142.95,1129.5,1134.35,98
2022-10-03 12:15:00+05:30,1134.35,1139.95,1126.3,1134.95,168
2022-10-03 13:15:00+05:30,1134.95,1137.05,1124.95,1127.9,66
2022-10-03 14:15:00+05:30,1127.9,1135.05,1125.0,1125.0,174
2022-10-03 15:15:00+05:30,1125.0,1136.15,1125.0,1135.85,35
2022-10-04 09:15:00+05:30,1140.1,1149.9,1120.1,1139.9,357
2022-10-04 10:15:00+05:30,1139.9,1149.95,1130.0,1135.9,258
2022-10-04 11:15:00+05:30,1135.9,1139.0,1132.55,1139.0,37
2022-10-04 12:15:00+05:30,1139.0,1139.0,1131.05,1138.0,120
2022-10-04 13:15:00+05:30,1138.0,1146.35,1134.45,1140.6,171
2022-10-04 14:15:00+05:30,1140.6,1143.9,1135.1,1140.35,148
2022-10-04 15:15:00+05:30,1140.35,1144.95,1140.35,1140.35,44
2022-10-06 09:15:00+05:30,1146.35,1165.0,1146.35,1165.0,373
2022-10-06 10:15:00+05:30,1165.0,1165.0,1155.15,1160.05,241
2022-10-06 11:15:00+05:30,1160.05,1168.0,1155.05,1166.9,297
2022-10-06 12:15:00+05:30,1167.0,1185.0,1167.0,1180.0,614
2022-10-06 13:15:00+05:30,1180.0,1183.9,1180.0,1180.0,263
2022-10-06 14:15:00+05:30,1180.0,1200.0,1175.05,1180.5,836
2022-10-06 15:15:00+05:30,1182.35,1183.0,1180.0,1183.0,121
2022-10-07 09:15:00+05:30,1190.0,1244.9,1176.1,1205.1,5994
2022-10-07 10:15:00+05:30,1205.1,1209.95,1191.0,1205.0,742
2022-10-07 11:15:00+05:30,1205.0,1220.0,1200.1,1204.85,497
2022-10-07 12:15:00+05:30,1204.85,1224.9,1201.0,1220.0,428
2022-10-07 13:15:00+05:30,1220.0,1224.0,1214.0,1220.95,768
2022-10-07 14:15:00+05:30,1220.95,1234.0,1215.1,1223.0,378
2022-10-07 15:15:00+05:30,1223.0,1230.1,1220.0,1230.1,547
2022-10-10 09:15:00+05:30,1191.55,1217.85,1190.05,1205.05,669
2022-10-10 10:15:00+05:30,1205.05,1212.75,1203.05,1207.95,165
2022-10-10 11:15:00+05:30,1207.95,1210.0,1207.95,1210.0,20
2022-10-10 12:15:00+05:30,1210.0,1213.95,1207.8,1213.95,84
2022-10-10 13:15:00+05:30,1213.95,1214.0,1208.55,1208.55,117
2022-10-10 14:15:00+05:30,1208.55,1217.4,1208.5,1214.65,427
2022-10-10 15:15:00+05:30,1214.65,1214.65,1208.5,1208.5,74
2022-10-11 09:15:00+05:30,1199.7,1207.6,1195.05,1200.1,104
2022-10-11 10:15:00+05:30,1200.1,1207.45,1197.0,1200.9,281
2022-10-11 11:15:00+05:30,1200.9,1210.0,1200.5,1204.6,93
2022-10-11 12:15:00+05:30,1204.6,1204.6,1194.95,1194.95,40
2022-10-11 13:15:00+05:30,1194.95,1195.0,1184.95,1192.1,160
2022-10-11 14:15:00+05:30,1192.1,1192.1,1185.55,1190.0,240
2022-10-11 15:15:00+05:30,1190.0,1204.25,1182.55,1191.3,160
2022-10-12 09:15:00+05:30,1200.65,1225.05,1190.05,1207.1,1017
2022-10-12 10:15:00+05:30,1207.1,1221.55,1206.8,1206.8,717
2022-10-12 11:15:00+05:30,1206.8,1212.0,1206.8,1210.0,367
2022-10-12 12:15:00+05:30,1210.0,1214.65,1210.0,1214.65,146
2022-10-12 13:15:00+05:30,1214.65,1219.9,1201.15,1209.95,1065
2022-10-12 14:15:00+05:30,1209.95,1210.0,1203.05,1209.85,244
2022-10-12 15:15:00+05:30,1209.85,1216.45,1204.0,1214.0,186
2022-10-13 09:15:00+05:30,1211.95,1211.95,1185.6,1191.05,365
2022-10-13 10:15:00+05:30,1191.05,1202.95,1187.55,1189.4,257
2022-10-13 11:15:00+05:30,1189.4,1202.45,1185.5,1185.5,258
2022-10-13 12:15:00+05:30,1195.0,1202.45,1195.0,1200.0,92
2022-10-13 13:15:00+05:30,1200.0,1200.0,1194.0,1194.0,461
2022-10-13 14:15:00+05:30,1194.0,1195.1,1188.5,1190.0,234
2022-10-13 15:15:00+05:30,1188.0,1188.0,1162.15,1162.15,500
2022-10-14 09:15:00+05:30,1200.0,1201.15,1181.05,1194.0,240
2022-10-14 10:15:00+05:30,1194.0,1196.1,1192.1,1196.1,82
2022-10-14 11:15:00+05:30,1196.1,1196.1,1181.05,1181.05,545
2022-10-14 12:15:00+05:30,1181.05,1181.1,1181.05,1181.1,47
2022-10-14 13:15:00+05:30,1181.1,1182.0,1175.0,1176.75,269
2022-10-14 14:15:00+05:30,1176.75,1178.95,1157.95,1161.0,465
2022-10-14 15:15:00+05:30,1161.0,1174.4,1147.55,1147.55,358
2022-10-17 09:15:00+05:30,1164.55,1183.55,1155.05,1176.9,151
2022-10-17 10:15:00+05:30,1176.9,1183.85,1176.9,1182.1,195
2022-10-17 11:15:00+05:30,1182.1,1187.9,1161.1,1168.75,776
2022-10-17 12:15:00+05:30,1168.75,1172.75,1168.0,1172.75,29
2022-10-17 13:15:00+05:30,1172.75,1175.45,1172.75,1175.0,193
2022-10-17 14:15:00+05:30,1175.0,1175.0,1158.1,1162.25,249
2022-10-17 15:15:00+05:30,1162.25,1163.15,1147.05,1150.15,330
2022-10-18 09:15:00+05:30,1154.85,1168.05,1154.8,1159.25,170
2022-10-18 10:15:00+05:30,1159.25,1162.75,1155.0,1159.9,55
2022-10-18 11:15:00+05:30,1159.9,1165.05,1158.05,1163.0,61
2022-10-18 12:15:00+05:30,1163.0,1163.0,1157.95,1157.95,42
2022-10-18 13:15:00+05:30,1157.95,1163.0,1157.95,1158.1,70
2022-10-18 14:15:00+05:30,1158.1,1170.0,1158.1,1160.15,1023
2022-10-18 15:15:00+05:30,1160.15,1164.4,1150.0,1151.2,252
2022-10-19 09:15:00+05:30,1162.8,1185.0,1160.0,1167.1,370
2022-10-19 10:15:00+05:30,1167.1,1174.7,1167.1,1169.0,28
2022-10-19 11:15:00+05:30,1169.0,1169.9,1162.45,1162.45,50
2022-10-19 12:15:00+05:30,1162.45,1165.65,1162.45,1162.45,45
2022-10-19 13:15:00+05:30,1162.45,1171.25,1162.45,1162.45,85
2022-10-19 14:15:00+05:30,1162.45,1176.75,1162.45,1170.0,61
2022-10-19 15:15:00+05:30,1170.0,1170.0,1163.75,1170.0,45
2022-10-20 09:15:00+05:30,1161.0,1165.85,1155.05,1161.95,118
2022-10-20 10:15:00+05:30,1161.95,1179.4,1160.0,1166.35,261
2022-10-20 11:15:00+05:30,1166.35,1168.9,1163.5,1164.05,20
2022-10-20 12:15:00+05:30,1164.05,1166.75,1163.75,1166.0,77
2022-10-20 13:15:00+05:30,1166.0,1166.35,1163.75,1165.95,16
2022-10-20 14:15:00+05:30,1165.95,1167.9,1164.0,1165.0,91
2022-10-20 15:15:00+05:30,1165.0,1176.65,1160.0,1166.0,190
2022-10-21 09:15:00+05:30,1173.7,1173.7,1170.0,1172.75,12
2022-10-21 10:15:00+05:30,1172.75,1180.0,1170.05,1175.0,157
2022-10-21 11:15:00+05:30,1175.0,1176.7,1175.0,1175.0,85
2022-10-21 12:15:00+05:30,1175.0,1175.25,1175.0,1175.25,19
2022-10-21 13:15:00+05:30,1175.25,1177.5,1175.25,1175.25,39
2022-10-21 14:15:00+05:30,1175.25,1177.55,1175.0,1175.0,120
2022-10-21 15:15:00+05:30,1175.0,1177.45,1175.0,1177.0,151
2022-10-24 18:15:00+05:30,1177.0,1195.75,1177.0,1190.0,1062
2022-10-25 09:15:00+05:30,1155.6,1181.55,1155.6,1176.7,65
2022-10-25 10:15:00+05:30,1176.7,1180.95,1176.65,1180.95,85
2022-10-25 11:15:00+05:30,1180.95,1189.9,1180.2,1189.9,94
2022-10-25 12:15:00+05:30,1189.85,1190.0,1188.0,1189.0,115
2022-10-25 13:15:00+05:30,1183.3,1183.3,1182.0,1182.0,43
2022-10-25 14:15:00+05:30,1182.0,1183.0,1173.0,1173.45,186
2022-10-25 15:15:00+05:30,1173.45,1178.95,1173.45,1173.5,25
2022-10-27 09:15:00+05:30,1198.5,1198.5,1171.15,1171.15,120
2022-10-27 10:15:00+05:30,1171.15,1190.0,1170.2,1178.95,159
2022-10-27 11:15:00+05:30,1178.95,1190.0,1178.95,1186.0,145
2022-10-27 12:15:00+05:30,1186.0,1188.75,1186.0,1187.95,97
2022-10-27 13:15:00+05:30,1185.2,1187.85,1185.15,1185.15,106
2022-10-27 14:15:00+05:30,1185.15,1185.55,1181.7,1185.55,42
2022-10-27 15:15:00+05:30,1185.55,1185.55,1181.7,1181.7,35
2022-10-28 09:15:00+05:30,1181.5,1181.5,1167.5,1169.95,76
2022-10-28 10:15:00+05:30,1170.0,1170.0,1167.5,1170.0,319
2022-10-28 11:15:00+05:30,1170.0,1170.0,1167.5,1167.7,137
2022-10-28 12:15:00+05:30,1167.7,1170.0,1167.7,1167.7,143
2022-10-28 13:15:00+05:30,1167.7,1169.95,1167.7,1169.0,75
2022-10-28 14:15:00+05:30,1169.0,1169.95,1168.0,1168.5,78
2022-10-28 15:15:00+05:30,1168.5,1169.95,1168.0,1168.0,47
2022-10-31 09:15:00+05:30,1181.05,1245.0,1181.05,1205.0,4825
2022-10-31 10:15:00+05:30,1205.0,1209.4,1189.25,1205.0,939
2022-10-31 11:15:00+05:30,1208.25,1235.0,1205.8,1224.75,876
2022-10-31 12:15:00+05:30,1224.75,1230.0,1202.0,1212.75,682
2022-10-31 13:15:00+05:30,1212.75,1233.0,1212.55,1218.0,1319
2022-10-31 14:15:00+05:30,1218.0,1222.05,1214.0,1222.05,230
2022-10-31 15:15:00+05:30,1222.05,1222.05,1202.0,1202.0,1072
2022-11-01 09:15:00+05:30,1215.15,1226.75,1215.15,1226.6,585
2022-11-01 10:15:00+05:30,1225.0,1227.9,1215.5,1222.3,281
2022-11-01 11:15:00+05:30,1222.2,1222.2,1216.25,1217.5,43
2022-11-01 12:15:00+05:30,1217.5,1219.95,1210.0,1219.95,81
2022-11-01 13:15:00+05:30,1210.05,1220.0,1210.0,1220.0,192
2022-11-01 14:15:00+05:30,1220.0,1220.0,1214.3,1219.8,74
2022-11-01 15:15:00+05:30,1219.8,1221.95,1200.0,1212.2,384
2022-11-02 09:15:00+05:30,1205.6,1212.0,1195.55,1200.75,267
2022-11-02 10:15:00+05:30,1200.75,1215.05,1200.75,1214.0,410
2022-11-02 11:15:00+05:30,1214.0,1244.0,1210.0,1212.0,1292
2022-11-02 12:15:00+05:30,1212.0,1225.0,1209.05,1214.0,380
2022-11-02 13:15:00+05:30,1214.0,1215.0,1203.1,1209.9,230
2022-11-02 14:15:00+05:30,1209.9,1236.0,1206.1,1228.05,1119
2022-11-02 15:15:00+05:30,1228.05,1235.0,1217.0,1217.0,239
2022-11-03 09:15:00+05:30,1206.2,1250.0,1206.2,1249.0,1816
2022-11-03 10:15:00+05:30,1249.0,1274.7,1242.1,1260.95,2619
2022-11-03 11:15:00+05:30,1260.95,1280.0,1260.0,1278.0,3009
2022-11-03 12:15:00+05:30,1278.0,1278.0,1260.0,1260.1,425
2022-11-03 13:15:00+05:30,1260.1,1267.0,1260.05,1260.05,205
2022-11-03 14:15:00+05:30,1260.05,1270.55,1260.05,1268.0,612
2022-11-03 15:15:00+05:30,1268.0,1284.7,1268.0,1278.0,888
2022-11-04 09:15:00+05:30,1272.45,1272.5,1201.9,1248.85,1654
2022-11-04 10:15:00+05:30,1248.85,1250.0,1246.5,1247.4,88
2022-11-04 11:15:00+05:30,1247.4,1259.5,1242.1,1250.9,261
2022-11-04 12:15:00+05:30,1250.9,1250.9,1240.1,1246.6,203
2022-11-04 13:15:00+05:30,1246.6,1251.9,1243.9,1247.05,306
2022-11-04 14:15:00+05:30,1247.05,1252.0,1239.05,1244.55,347
2022-11-04 15:15:00+05:30,1244.55,1251.95,1244.55,1251.95,197
2022-11-07 09:15:00+05:30,1242.1,1253.9,1230.15,1235.4,434
2022-11-07 10:15:00+05:30,1235.4,1240.0,1223.0,1233.35,410
2022-11-07 11:15:00+05:30,1238.9,1238.95,1201.2,1211.1,2548
2022-11-07 12:15:00+05:30,1212.35,1221.0,1212.35,1216.95,203
2022-11-07 13:15:00+05:30,1216.95,1225.05,1216.95,1225.0,326
2022-11-07 14:15:00+05:30,1225.0,1233.65,1225.0,1226.7,175
2022-11-07 15:15:00+05:30,1226.7,1230.05,1220.5,1225.0,390
2022-11-09 09:15:00+05:30,1253.9,1268.95,1226.0,1262.7,1878
2022-11-09 10:15:00+05:30,1262.7,1268.0,1256.0,1263.35,522
2022-11-09 11:15:00+05:30,1263.35,1278.6,1259.3,1272.5,1937
2022-11-09 12:15:00+05:30,1282.0,1309.3,1269.1,1303.15,4434
2022-11-09 13:15:00+05:30,1305.0,1305.0,1285.0,1303.45,2192
2022-11-09 14:15:00+05:30,1303.45,1305.0,1294.65,1299.8,870
2022-11-09 15:15:00+05:30,1299.8,1299.9,1287.0,1295.25,601
2022-11-10 09:15:00+05:30,1287.0,1335.0,1281.05,1333.75,3286
2022-11-10 10:15:00+05:30,1333.75,1334.0,1316.7,1321.85,734
2022-11-10 11:15:00+05:30,1321.85,1323.95,1289.05,1316.8,1723
2022-11-10 12:15:00+05:30,1316.8,1333.0,1306.8,1322.8,1679
2022-11-10 13:15:00+05:30,1322.8,1322.8,1301.8,1302.0,283
2022-11-10 14:15:00+05:30,1302.0,1306.25,1287.05,1303.0,425
2022-11-10 15:15:00+05:30,1303.0,1309.0,1300.05,1309.0,243
2022-11-11 09:15:00+05:30,1312.0,1325.0,1287.6,1295.0,1800
2022-11-11 10:15:00+05:30,1295.0,1300.35,1292.05,1293.4,655
2022-11-11 11:15:00+05:30,1293.4,1298.9,1271.85,1275.85,1027
2022-11-11 12:15:00+05:30,1275.85,1285.0,1271.0,1285.0,160
2022-11-11 13:15:00+05:30,1285.0,1289.9,1279.5,1282.95,273
2022-11-11 14:15:00+05:30,1287.4,1288.85,1278.8,1280.0,304
2022-11-11 15:15:00+05:30,1280.0,1280.0,1250.0,1250.0,1194
2022-11-14 09:15:00+05:30,1208.0,1250.0,1208.0,1247.3,1375
2022-11-14 10:15:00+05:30,1247.3,1256.8,1217.05,1242.0,2912
2022-11-14 11:15:00+05:30,1241.95,1250.0,1235.05,1243.05,146
2022-11-14 12:15:00+05:30,1243.05,1259.9,1243.05,1250.35,261
2022-11-14 13:15:00+05:30,1253.1,1258.05,1250.0,1250.0,183
2022-11-14 14:15:00+05:30,1250.0,1257.95,1243.6,1243.6,914
2022-11-14 15:15:00+05:30,1243.6,1248.75,1231.3,1240.0,587
2022-11-15 09:15:00+05:30,1250.0,1250.0,1230.05,1245.9,565
2022-11-15 10:15:00+05:30,1245.9,1245.9,1232.65,1232.7,156
2022-11-15 11:15:00+05:30,1232.7,1250.0,1232.7,1247.3,256
2022-11-15 12:15:00+05:30,1247.3,1247.3,1231.0,1231.0,413
2022-11-15 13:15:00+05:30,1231.0,1237.45,1230.05,1236.9,96
2022-11-15 14:15:00+05:30,1236.9,1239.9,1232.0,1239.0,96
2022-11-15 15:15:00+05:30,1239.0,1247.2,1236.3,1247.15,91
2022-11-16 09:15:00+05:30,1260.0,1260.0,1233.05,1241.0,257
2022-11-16 10:15:00+05:30,1241.0,1242.05,1241.0,1241.15,81
2022-11-16 11:15:00+05:30,1241.15,1246.9,1241.15,1242.0,81
2022-11-16 12:15:00+05:30,1242.0,1259.95,1242.0,1242.1,187
2022-11-16 13:15:00+05:30,1243.65,1249.0,1225.0,1249.0,375
2022-11-16 14:15:00+05:30,1249.0,1253.95,1235.1,1246.6,447
2022-11-16 15:15:00+05:30,1246.6,1254.95,1230.0,1230.1,354
2022-11-17 09:15:00+05:30,1236.5,1236.95,1220.0,1236.95,447
2022-11-17 10:15:00+05:30,1236.95,1239.9,1235.15,1235.5,91
2022-11-17 11:15:00+05:30,1235.5,1247.4,1235.15,1240.1,195
2022-11-17 12:15:00+05:30,1240.1,1242.95,1239.3,1239.4,23
2022-11-17 13:15:00+05:30,1239.4,1239.4,1228.3,1236.0,412
2022-11-17 14:15:00+05:30,1236.0,1238.0,1228.05,1229.2,101
2022-11-17 15:15:00+05:30,1229.2,1234.85,1218.1,1230.0,924
2022-11-18 09:15:00+05:30,1230.05,1242.9,1230.05,1240.1,16
2022-11-18 10:15:00+05:30,1240.1,1243.0,1220.0,1224.9,254
2022-11-18 11:15:00+05:30,1224.9,1228.85,1224.9,1225.7,98
2022-11-18 12:15:00+05:30,1225.7,1227.9,1218.05,1224.95,126
2022-11-18 13:15:00+05:30,1224.95,1229.0,1224.95,1229.0,44
2022-11-18 14:15:00+05:30,1229.0,1229.05,1224.05,1224.05,94
2022-11-18 15:15:00+05:30,1227.65,1231.2,1225.0,1225.05,169
2022-11-21 09:15:00+05:30,1232.7,1232.7,1201.15,1204.8,566
2022-11-21 10:15:00+05:30,1204.8,1205.0,1202.1,1204.0,248
2022-11-21 11:15:00+05:30,1204.0,1218.0,1202.1,1214.1,1041
2022-11-21 12:15:00+05:30,1214.1,1217.95,1207.55,1214.05,19
2022-11-21 13:15:00+05:30,1214.05,1216.25,1211.0,1211.0,11
2022-11-21 14:15:00+05:30,1211.0,1214.05,1207.05,1208.15,61
2022-11-21 15:15:00+05:30,1208.15,1214.45,1208.15,1208.15,61
2022-11-22 09:15:00+05:30,1226.35,1226.35,1197.0,1207.95,345
2022-11-22 10:15:00+05:30,1208.95,1225.0,1201.1,1220.45,482
2022-11-22 11:15:00+05:30,1220.45,1220.45,1199.0,1214.0,783
2022-11-22 12:15:00+05:30,1214.0,1214.0,1200.6,1206.7,118
2022-11-22 13:15:00+05:30,1206.7,1209.9,1200.0,1203.05,465
2022-11-22 14:15:00+05:30,1203.05,1218.9,1203.05,1210.15,328
2022-11-22 15:15:00+05:30,1210.15,1215.0,1201.15,1203.0,317
2022-11-23 09:15:00+05:30,1221.05,1221.05,1200.0,1200.0,929
2022-11-23 10:15:00+05:30,1196.75,1200.0,1196.4,1200.0,665
2022-11-23 11:15:00+05:30,1198.25,1200.0,1197.05,1200.0,341
2022-11-23 12:15:00+05:30,1200.0,1200.0,1197.05,1199.95,202
2022-11-23 13:15:00+05:30,1199.95,1200.0,1199.95,1200.0,77
2022-11-23 14:15:00+05:30,1200.0,1200.0,1197.05,1200.0,77
2022-11-23 15:15:00+05:30,1200.0,1200.0,1196.6,1196.8,165
2022-11-24 09:15:00+05:30,1220.0,1220.0,1198.0,1203.1,500
2022-11-24 10:15:00+05:30,1203.1,1203.1,1178.0,1185.1,2553
2022-11-24 11:15:00+05:30,1185.1,1190.35,1185.1,1190.35,132
2022-11-24 12:15:00+05:30,1192.75,1201.0,1192.1,1201.0,35
2022-11-24 13:15:00+05:30,1201.0,1201.0,1192.8,1197.55,223
2022-11-24 14:15:00+05:30,1197.55,1199.9,1185.5,1199.0,339
2022-11-24 15:15:00+05:30,1199.0,1199.0,1185.3,1186.0,225
2022-11-25 09:15:00+05:30,1203.7,1224.0,1192.1,1224.0,179
2022-11-25 10:15:00+05:30,1224.0,1227.9,1213.75,1218.45,310
2022-11-25 11:15:00+05:30,1218.45,1221.55,1210.45,1210.55,48
2022-11-25 12:15:00+05:30,1210.55,1212.0,1200.0,1200.95,221
2022-11-25 13:15:00+05:30,1200.95,1210.35,1200.95,1210.0,110
2022-11-25 14:15:00+05:30,1210.0,1214.0,1197.95,1201.0,336
2022-11-25 15:15:00+05:30,1201.0,1209.55,1201.0,1202.2,526
2022-11-28 09:15:00+05:30,1204.75,1220.4,1200.05,1219.0,389
2022-11-28 10:15:00+05:30,1219.0,1222.65,1215.3,1222.65,254
2022-11-28 11:15:00+05:30,1222.65,1223.05,1204.55,1216.0,382
2022-11-28 12:15:00+05:30,1216.0,1229.0,1216.0,1229.0,658
2022-11-28 13:15:00+05:30,1229.0,1229.0,1223.0,1223.0,112
2022-11-28 14:15:00+05:30,1223.0,1229.0,1220.0,1227.85,174
2022-11-28 15:15:00+05:30,1227.85,1228.5,1222.4,1227.0,27
2022-11-29 09:15:00+05:30,1226.95,1233.95,1220.1,1225.0,161
2022-11-29 10:15:00+05:30,1225.0,1229.5,1225.0,1225.0,29
2022-11-29 11:15:00+05:30,1225.0,1230.05,1225.0,1230.0,264
2022-11-29 12:15:00+05:30,1230.0,1237.9,1226.05,1230.7,92
2022-11-29 13:15:00+05:30,1230.7,1230.7,1226.0,1226.05,31
2022-11-29 14:15:00+05:30,1226.05,1229.9,1226.0,1226.0,47
2022-11-29 15:15:00+05:30,1226.0,1238.0,1220.0,1227.0,198
2022-11-30 09:15:00+05:30,1237.95,1247.95,1233.05,1242.45,492
2022-11-30 10:15:00+05:30,1242.45,1245.0,1237.0,1237.95,341
2022-11-30 11:15:00+05:30,1237.95,1238.1,1237.95,1238.05,5
2022-11-30 12:15:00+05:30,1238.05,1245.0,1238.05,1245.0,210
2022-11-30 13:15:00+05:30,1245.0,1249.9,1244.4,1249.9,453
2022-11-30 14:15:00+05:30,1249.9,1249.9,1243.05,1245.8,95
2022-11-30 15:15:00+05:30,1245.8,1250.0,1240.35,1249.0,88
2022-12-01 09:15:00+05:30,1249.15,1254.9,1240.05,1247.05,177
2022-12-01 10:15:00+05:30,1247.05,1260.0,1244.9,1260.0,332
2022-12-01 11:15:00+05:30,1260.0,1260.0,1251.5,1251.5,32
2022-12-01 12:15:00+05:30,1251.5,1259.0,1249.0,1249.0,261
2022-12-01 13:15:00+05:30,1249.0,1249.0,1220.7,1232.0,678
2022-12-01 14:15:00+05:30,1232.0,1246.9,1232.0,1244.05,180
2022-12-01 15:15:00+05:30,1244.05,1246.0,1241.2,1246.0,71
2022-12-02 09:15:00+05:30,1225.0,1240.0,1225.0,1239.05,106
2022-12-02 10:15:00+05:30,1239.05,1245.0,1230.55,1242.5,192
2022-12-02 11:15:00+05:30,1242.5,1245.0,1235.0,1238.95,112
2022-12-02 12:15:00+05:30,1238.9,1239.0,1230.5,1230.5,169
2022-12-02 13:15:00+05:30,1235.5,1236.9,1234.05,1234.05,58
2022-12-02 14:15:00+05:30,1234.05,1239.0,1230.5,1230.5,310
2022-12-02 15:15:00+05:30,1230.5,1235.65,1230.0,1232.0,91
2022-12-05 09:15:00+05:30,1235.8,1235.8,1222.0,1226.7,100
2022-12-05 10:15:00+05:30,1226.7,1230.0,1224.1,1226.95,80
2022-12-05 11:15:00+05:30,1226.95,1230.0,1220.0,1220.0,548
2022-12-05 12:15:00+05:30,1220.0,1226.9,1220.0,1226.9,545
2022-12-05 13:15:00+05:30,1226.9,1226.9,1224.55,1224.7,17
2022-12-05 14:15:00+05:30,1224.7,1227.45,1210.0,1220.0,429
2022-12-05 15:15:00+05:30,1220.0,1222.8,1205.0,1222.0,231
2022-12-06 09:15:00+05:30,1213.0,1227.45,1202.05,1227.45,453
2022-12-06 10:15:00+05:30,1227.45,1227.45,1220.05,1220.25,49
2022-12-06 11:15:00+05:30,1220.25,1234.0,1197.55,1226.9,614
2022-12-06 12:15:00+05:30,1226.9,1226.9,1211.15,1211.15,124
2022-12-06 13:15:00+05:30,1211.15,1212.0,1211.15,1212.0,32
2022-12-06 14:15:00+05:30,1212.0,1225.45,1212.0,1225.45,237
2022-12-06 15:15:00+05:30,1222.25,1228.45,1211.0,1218.35,95
2022-12-07 09:15:00+05:30,1224.35,1240.0,1207.75,1218.95,178
2022-12-07 10:15:00+05:30,1218.95,1230.0,1218.1,1222.55,74
2022-12-07 11:15:00+05:30,1222.55,1223.15,1215.0,1221.8,495
2022-12-07 12:15:00+05:30,1221.8,1221.85,1210.0,1216.1,122
2022-12-07 13:15:00+05:30,1216.1,1219.6,1201.15,1210.0,486
2022-12-07 14:15:00+05:30,1210.0,1212.95,1201.0,1206.3,252
2022-12-07 15:15:00+05:30,1206.3,1210.0,1206.3,1210.0,70
2022-12-08 09:15:00+05:30,1208.1,1225.0,1205.0,1219.95,481
2022-12-08 10:15:00+05:30,1219.95,1229.9,1215.05,1215.05,268
2022-12-08 11:15:00+05:30,1215.05,1225.95,1210.65,1225.95,273
2022-12-08 12:15:00+05:30,1225.95,1225.95,1210.1,1217.95,124
2022-12-08 13:15:00+05:30,1217.95,1222.05,1217.95,1218.95,26
2022-12-08 14:15:00+05:30,1218.95,1219.95,1208.0,1211.95,225
2022-12-08 15:15:00+05:30,1211.95,1218.0,1200.0,1200.1,384
2022-12-09 09:15:00+05:30,1212.9,1217.0,1210.0,1212.1,274
2022-12-09 10:15:00+05:30,1212.1,1212.1,1200.0,1200.0,332
2022-12-09 11:15:00+05:30,1200.0,1210.0,1195.25,1202.35,261
2022-12-09 12:15:00+05:30,1202.35,1203.15,1199.4,1201.95,30
2022-12-09 13:15:00+05:30,1201.95,1210.35,1201.95,1205.7,71
2022-12-09 14:15:00+05:30,1205.7,1218.0,1203.25,1211.55,116
2022-12-09 15:15:00+05:30,1211.55,1216.95,1211.55,1214.0,62
2022-12-12 09:15:00+05:30,1190.35,1240.0,1190.35,1213.1,152
2022-12-12 10:15:00+05:30,1213.1,1220.0,1213.05,1215.45,55
2022-12-12 11:15:00+05:30,1215.45,1215.45,1209.1,1211.9,31
2022-12-12 12:15:00+05:30,1211.9,1219.7,1210.8,1215.95,223
2022-12-12 13:15:00+05:30,1215.95,1219.0,1215.0,1219.0,112
2022-12-12 14:15:00+05:30,1219.0,1219.85,1215.0,1215.0,44
2022-12-12 15:15:00+05:30,1215.0,1219.75,1212.05,1216.0,59
2022-12-13 09:15:00+05:30,1223.95,1235.9,1215.2,1217.9,275
2022-12-13 10:15:00+05:30,1217.9,1220.0,1216.0,1216.05,221
2022-12-13 11:15:00+05:30,1216.15,1216.15,1209.1,1209.1,75
2022-12-13 12:15:00+05:30,1209.1,1215.0,1208.05,1213.0,171
2022-12-13 13:15:00+05:30,1213.0,1216.25,1213.0,1216.25,212
2022-12-13 14:15:00+05:30,1216.25,1216.25,1213.0,1216.25,158
2022-12-13 15:15:00+05:30,1216.25,1216.25,1197.2,1200.0,611
2022-12-14 09:15:00+05:30,1216.6,1229.0,1210.55,1224.85,183
2022-12-14 10:15:00+05:30,1224.85,1226.15,1193.0,1194.0,1457
2022-12-14 11:15:00+05:30,1194.0,1195.0,1193.0,1195.0,757
2022-12-14 12:15:00+05:30,1195.0,1203.0,1195.0,1203.0,909
2022-12-14 13:15:00+05:30,1201.95,1204.45,1200.05,1201.7,329
2022-12-14 14:15:00+05:30,1201.7,1205.05,1201.0,1205.0,359
2022-12-14 15:15:00+05:30,1205.0,1209.45,1205.0,1209.0,74
2022-12-15 09:15:00+05:30,1202.95,1205.9,1200.1,1205.9,72
2022-12-15 10:15:00+05:30,1205.9,1213.95,1205.9,1213.95,76
2022-12-15 11:15:00+05:30,1214.95,1214.95,1206.05,1206.45,57
2022-12-15 12:15:00+05:30,1206.45,1206.45,1206.45,1206.45,0
2022-12-15 13:15:00+05:30,1206.45,1213.9,1205.0,1208.1,338
2022-12-15 14:15:00+05:30,1208.1,1208.7,1197.0,1206.95,333
2022-12-15 15:15:00+05:30,1206.95,1206.95,1175.1,1180.0,1479
2022-12-16 09:15:00+05:30,1188.95,1199.9,1181.0,1196.95,364
2022-12-16 10:15:00+05:30,1196.95,1196.95,1185.15,1188.05,235
2022-12-16 11:15:00+05:30,1188.05,1217.0,1188.05,1217.0,292
2022-12-16 12:15:00+05:30,1217.0,1221.0,1204.15,1211.15,255
2022-12-16 13:15:00+05:30,1210.0,1210.05,1187.1,1198.35,250
2022-12-16 14:15:00+05:30,1198.35,1202.35,1195.0,1195.0,40
2022-12-16 15:15:00+05:30,1194.0,1198.9,1186.0,1191.9,132
2022-12-19 09:15:00+05:30,1211.95,1212.0,1189.95,1190.0,333
2022-12-19 10:15:00+05:30,1190.0,1190.0,1180.8,1185.55,379
2022-12-19 11:15:00+05:30,1185.55,1190.0,1185.55,1190.0,447
2022-12-19 12:15:00+05:30,1190.0,1190.0,1189.55,1190.0,224
2022-12-19 13:15:00+05:30,1190.0,1194.35,1187.5,1194.35,112
2022-12-19 14:15:00+05:30,1194.35,1201.55,1185.55,1197.0,219
2022-12-19 15:15:00+05:30,1197.0,1205.0,1193.0,1205.0,199
2022-12-20 09:15:00+05:30,1212.0,1212.0,1182.3,1191.15,123
2022-12-20 10:15:00+05:30,1191.15,1191.15,1186.2,1186.2,19
2022-12-20 11:15:00+05:30,1186.2,1191.5,1186.2,1187.2,164
2022-12-20 12:15:00+05:30,1187.2,1193.95,1187.2,1190.1,25
2022-12-20 13:15:00+05:30,1190.1,1190.1,1187.1,1187.1,60
2022-12-20 14:15:00+05:30,1187.1,1196.75,1187.1,1196.75,33
2022-12-20 15:15:00+05:30,1201.0,1201.0,1188.1,1200.0,72
2022-12-21 09:15:00+05:30,1205.05,1205.7,1196.0,1202.5,326
2022-12-21 10:15:00+05:30,1202.5,1204.75,1202.45,1202.45,11
2022-12-21 11:15:00+05:30,1202.45,1202.45,1197.0,1198.2,90
2022-12-21 12:15:00+05:30,1198.2,1198.2,1188.75,1192.75,78
2022-12-21 13:15:00+05:30,1192.75,1192.75,1175.45,1176.7,200
2022-12-21 14:15:00+05:30,1176.7,1185.35,1176.7,1178.95,186
2022-12-21 15:15:00+05:30,1178.95,1188.95,1175.0,1175.25,155
2022-12-22 09:15:00+05:30,1166.55,1174.5,1151.0,1152.0,656
2022-12-22 10:15:00+05:30,1152.0,1175.0,1152.0,1153.6,772
2022-12-22 11:15:00+05:30,1153.6,1159.95,1152.0,1154.5,156
2022-12-22 12:15:00+05:30,1154.6,1165.05,1153.0,1165.05,137
2022-12-22 13:15:00+05:30,1165.05,1165.05,1151.25,1153.6,248
2022-12-22 14:15:00+05:30,1153.6,1160.9,1151.25,1160.9,52
2022-12-22 15:15:00+05:30,1160.4,1160.95,1148.0,1148.0,181
2022-12-23 09:15:00+05:30,1152.1,1152.1,1123.0,1127.05,598
2022-12-23 10:15:00+05:30,1127.05,1128.9,1125.0,1128.9,239
2022-12-23 11:15:00+05:30,1128.9,1128.95,1115.0,1116.0,393
2022-12-23 12:15:00+05:30,1116.0,1125.55,1115.0,1125.55,184
2022-12-23 13:15:00+05:30,1125.55,1125.55,1111.0,1111.0,112
2022-12-23 14:15:00+05:30,1111.0,1116.85,1107.1,1116.75,224
2022-12-23 15:15:00+05:30,1116.75,1117.35,1106.05,1106.05,151
2022-12-26 09:15:00+05:30,1120.0,1145.0,1108.1,1127.95,418
2022-12-26 10:15:00+05:30,1126.05,1126.05,1123.3,1126.0,53
2022-12-26 11:15:00+05:30,1126.0,1135.15,1126.0,1135.15,141
2022-12-26 12:15:00+05:30,1135.15,1139.95,1132.85,1132.85,96
2022-12-26 13:15:00+05:30,1132.85,1132.85,1121.0,1122.35,200
2022-12-26 14:15:00+05:30,1122.35,1135.0,1114.0,1130.4,312
2022-12-26 15:15:00+05:30,1130.4,1160.0,1130.4,1143.0,124
2022-12-27 09:15:00+05:30,1169.9,1169.9,1138.0,1140.05,160
2022-12-27 10:15:00+05:30,1140.05,1152.1,1140.05,1143.0,166
2022-12-27 11:15:00+05:30,1143.0,1155.05,1140.1,1155.05,373
2022-12-27 12:15:00+05:30,1155.05,1158.6,1142.9,1150.1,190
2022-12-27 13:15:00+05:30,1150.15,1152.7,1139.95,1140.0,334
2022-12-27 14:15:00+05:30,1140.0,1145.8,1140.0,1145.8,37
2022-12-27 15:15:00+05:30,1148.0,1158.0,1143.55,1156.8,168
2022-12-28 09:15:00+05:30,1140.05,1155.3,1140.05,1152.05,81
2022-12-28 10:15:00+05:30,1152.05,1152.05,1150.0,1151.45,28
2022-12-28 11:15:00+05:30,1150.0,1154.0,1144.85,1154.0,118
2022-12-28 12:15:00+05:30,1154.0,1169.0,1154.0,1162.3,232
2022-12-28 13:15:00+05:30,1162.3,1173.15,1161.5,1167.25,178
2022-12-28 14:15:00+05:30,1167.25,1167.25,1158.45,1162.3,38
2022-12-28 15:15:00+05:30,1162.3,1165.2,1159.15,1159.25,60
2022-12-29 09:15:00+05:30,1165.5,1165.5,1157.9,1157.9,28
2022-12-29 10:15:00+05:30,1157.9,1157.9,1152.25,1152.25,69
2022-12-29 11:15:00+05:30,1152.25,1155.9,1152.25,1155.9,53
2022-12-29 12:15:00+05:30,1155.9,1155.95,1154.9,1154.9,63
2022-12-29 13:15:00+05:30,1154.9,1155.95,1154.9,1155.95,23
2022-12-29 14:15:00+05:30,1155.95,1156.0,1145.0,1153.55,154
2022-12-29 15:15:00+05:30,1153.55,1167.0,1153.55,1167.0,151
2022-12-30 09:15:00+05:30,1165.65,1165.65,1160.25,1164.0,134
2022-12-30 10:15:00+05:30,1164.0,1165.0,1164.0,1165.0,55
2022-12-30 11:15:00+05:30,1165.0,1165.0,1163.3,1164.95,112
2022-12-30 12:15:00+05:30,1164.95,1165.0,1164.75,1165.0,25
2022-12-30 13:15:00+05:30,1169.65,1171.25,1156.2,1167.15,278
2022-12-30 14:15:00+05:30,1167.15,1167.15,1157.65,1159.25,52
2022-12-30 15:15:00+05:30,1169.95,1169.95,1166.95,1166.95,29
2023-01-02 09:15:00+05:30,1212.0,1224.9,1183.0,1200.75,2281
2023-01-02 10:15:00+05:30,1200.75,1201.55,1192.0,1198.35,439
2023-01-02 11:15:00+05:30,1199.1,1203.95,1181.1,1195.0,709
2023-01-02 12:15:00+05:30,1195.0,1197.55,1193.1,1195.0,126
2023-01-02 13:15:00+05:30,1195.0,1207.0,1193.65,1193.65,427
2023-01-02 14:15:00+05:30,1193.65,1199.95,1193.65,1195.0,149
2023-01-02 15:15:00+05:30,1195.0,1205.7,1180.0,1195.0,655
2023-01-03 09:15:00+05:30,1201.85,1210.0,1192.85,1195.25,557
2023-01-03 10:15:00+05:30,1195.25,1204.1,1189.95,1197.0,538
2023-01-03 11:15:00+05:30,1200.75,1202.85,1197.7,1200.0,103
2023-01-03 12:15:00+05:30,1200.0,1203.95,1193.65,1195.6,98
2023-01-03 13:15:00+05:30,1195.6,1195.8,1194.45,1194.45,76
2023-01-03 14:15:00+05:30,1194.45,1204.75,1194.05,1194.05,59
2023-01-03 15:15:00+05:30,1194.05,1195.95,1192.1,1193.0,31
2023-01-04 09:15:00+05:30,1200.05,1201.4,1177.0,1186.0,396
2023-01-04 10:15:00+05:30,1186.0,1186.3,1182.55,1182.6,22
2023-01-04 11:15:00+05:30,1182.6,1184.0,1180.0,1180.0,66
2023-01-04 12:15:00+05:30,1180.0,1190.0,1180.0,1185.7,120
2023-01-04 13:15:00+05:30,1185.7,1198.45,1185.7,1198.45,91
2023-01-04 14:15:00+05:30,1198.45,1198.8,1185.1,1191.15,182
2023-01-04 15:15:00+05:30,1191.15,1192.0,1182.8,1184.0,133
2023-01-05 09:15:00+05:30,1189.0,1189.0,1180.75,1183.55,51
2023-01-05 10:15:00+05:30,1183.55,1184.7,1181.7,1181.7,4
2023-01-05 11:15:00+05:30,1181.7,1186.0,1181.5,1186.0,97
2023-01-05 12:15:00+05:30,1186.0,1186.0,1181.6,1185.0,107
2023-01-05 13:15:00+05:30,1185.0,1185.0,1170.0,1171.45,463
2023-01-05 14:15:00+05:30,1171.45,1177.4,1171.45,1177.4,41
2023-01-05 15:15:00+05:30,1177.4,1177.4,1171.45,1171.45,92
2023-01-06 09:15:00+05:30,1173.5,1173.5,1156.6,1164.0,275
2023-01-06 10:15:00+05:30,1164.0,1165.05,1160.0,1162.3,196
2023-01-06 11:15:00+05:30,1162.3,1165.05,1160.5,1165.05,85
2023-01-06 12:15:00+05:30,1165.05,1169.55,1165.05,1165.8,66
2023-01-06 13:15:00+05:30,1165.8,1172.75,1165.8,1170.5,100
2023-01-06 14:15:00+05:30,1170.5,1173.55,1170.0,1170.0,82
2023-01-06 15:15:00+05:30,1170.0,1174.95,1158.0,1167.95,218
2023-01-09 09:15:00+05:30,1174.9,1181.7,1169.7,1174.6,120
2023-01-09 10:15:00+05:30,1174.6,1183.4,1174.6,1183.4,80
2023-01-09 11:15:00+05:30,1183.4,1183.4,1175.25,1178.3,16
2023-01-09 12:15:00+05:30,1178.3,1178.3,1167.15,1168.95,81
2023-01-09 13:15:00+05:30,1168.95,1172.05,1168.95,1169.7,16
2023-01-09 14:15:00+05:30,1169.7,1170.0,1158.0,1160.0,635
2023-01-09 15:15:00+05:30,1160.0,1169.9,1160.0,1169.9,63
2023-01-10 09:15:00+05:30,1181.45,1184.95,1164.1,1173.8,94
2023-01-10 10:15:00+05:30,1173.8,1173.8,1165.0,1169.45,88
2023-01-10 11:15:00+05:30,1169.45,1169.45,1166.05,1168.7,16
2023-01-10 12:15:00+05:30,1168.7,1174.35,1166.15,1171.0,44
2023-01-10 13:15:00+05:30,1171.0,1171.0,1153.55,1160.0,152
2023-01-10 14:15:00+05:30,1160.0,1162.95,1155.0,1161.5,60
2023-01-10 15:15:00+05:30,1161.5,1161.5,1156.0,1160.0,50
2023-01-11 09:15:00+05:30,1170.0,1170.0,1155.05,1159.2,172
2023-01-11 10:15:00+05:30,1159.2,1177.45,1159.2,1172.1,140
2023-01-11 11:15:00+05:30,1172.1,1177.45,1165.65,1165.65,85
2023-01-11 12:15:00+05:30,1165.65,1169.55,1165.0,1165.0,25
2023-01-11 13:15:00+05:30,1165.0,1165.65,1160.7,1165.65,101
2023-01-11 14:15:00+05:30,1165.65,1166.9,1156.7,1157.05,101
2023-01-11 15:15:00+05:30,1157.05,1159.05,1157.05,1159.0,24
2023-01-12 09:15:00+05:30,1164.9,1165.65,1151.2,1155.9,136
2023-01-12 10:15:00+05:30,1155.9,1159.1,1155.0,1159.1,9
2023-01-12 11:15:00+05:30,1159.1,1163.9,1158.95,1160.0,137
2023-01-12 12:15:00+05:30,1160.0,1170.45,1160.0,1170.0,324
2023-01-12 13:15:00+05:30,1170.0,1170.0,1160.1,1163.0,23
2023-01-12 14:15:00+05:30,1163.0,1163.0,1154.35,1158.0,510
2023-01-12 15:15:00+05:30,1158.0,1158.0,1155.0,1157.95,38
2023-01-13 09:15:00+05:30,1167.95,1167.95,1159.95,1163.0,141
2023-01-13 10:15:00+05:30,1163.0,1163.0,1156.85,1157.95,12
2023-01-13 11:15:00+05:30,1157.95,1157.95,1153.65,1157.95,41
2023-01-13 12:15:00+05:30,1157.95,1162.2,1157.95,1162.2,127
2023-01-13 13:15:00+05:30,1162.2,1162.2,1150.05,1162.05,173
2023-01-13 14:15:00+05:30,1162.05,1163.0,1155.9,1156.0,89
2023-01-13 15:15:00+05:30,1156.0,1162.3,1155.0,1155.0,94
2023-01-16 09:15:00+05:30,1161.75,1162.0,1150.0,1155.95,384
2023-01-16 10:15:00+05:30,1155.95,1157.15,1152.0,1152.0,137
2023-01-16 11:15:00+05:30,1152.0,1157.55,1152.0,1157.55,36
2023-01-16 12:15:00+05:30,1157.55,1159.0,1153.0,1156.85,39
2023-01-16 13:15:00+05:30,1156.85,1158.25,1133.85,1136.0,837
2023-01-16 14:15:00+05:30,1136.0,1140.8,1133.05,1140.8,320
2023-01-16 15:15:00+05:30,1140.8,1144.45,1135.0,1135.0,115
2023-01-17 09:15:00+05:30,1140.05,1157.3,1140.05,1145.65,120
2023-01-17 10:15:00+05:30,1145.65,1157.0,1144.15,1149.05,421
2023-01-17 11:15:00+05:30,1149.05,1155.1,1149.0,1149.0,392
2023-01-17 12:15:00+05:30,1149.0,1153.55,1143.9,1143.9,287
2023-01-17 13:15:00+05:30,1143.9,1144.15,1129.0,1135.95,343
2023-01-17 14:15:00+05:30,1135.95,1144.0,1135.95,1143.3,271
2023-01-17 15:15:00+05:30,1143.3,1145.9,1137.15,1145.9,101
2023-01-18 09:15:00+05:30,1143.45,1150.0,1142.0,1147.25,145
2023-01-18 10:15:00+05:30,1147.25,1147.25,1140.05,1147.15,62
2023-01-18 11:15:00+05:30,1147.15,1150.0,1145.4,1150.0,41
2023-01-18 12:15:00+05:30,1150.0,1150.0,1136.25,1138.35,178
2023-01-18 13:15:00+05:30,1138.35,1140.0,1136.55,1140.0,160
2023-01-18 14:15:00+05:30,1140.0,1144.0,1140.0,1144.0,49
2023-01-18 15:15:00+05:30,1144.0,1146.5,1140.55,1141.2,69
2023-01-19 09:15:00+05:30,1145.25,1152.45,1133.05,1139.35,212
2023-01-19 10:15:00+05:30,1139.35,1147.55,1139.35,1145.95,30
2023-01-19 11:15:00+05:30,1145.95,1147.1,1144.65,1145.35,73
2023-01-19 12:15:00+05:30,1145.35,1145.35,1141.65,1144.75,39
2023-01-19 13:15:00+05:30,1144.75,1145.0,1142.45,1143.25,31
2023-01-19 14:15:00+05:30,1140.0,1148.3,1140.0,1144.95,358
2023-01-19 15:15:00+05:30,1145.0,1145.0,1140.05,1140.05,65
2023-01-20 09:15:00+05:30,1141.5,1147.4,1139.0,1143.3,127
2023-01-20 10:15:00+05:30,1143.3,1144.1,1140.0,1140.0,27
2023-01-20 11:15:00+05:30,1140.45,1144.1,1140.45,1144.1,24
2023-01-20 12:15:00+05:30,1144.1,1144.1,1139.0,1142.2,239
2023-01-20 13:15:00+05:30,1142.2,1142.2,1111.0,1126.45,649
2023-01-20 14:15:00+05:30,1126.45,1140.0,1124.0,1136.8,495
2023-01-20 15:15:00+05:30,1136.8,1137.7,1132.6,1133.0,41
2023-01-23 09:15:00+05:30,1132.1,1168.7,1130.0,1155.1,286
2023-01-23 10:15:00+05:30,1155.1,1156.75,1142.0,1142.0,166
2023-01-23 11:15:00+05:30,1142.0,1150.0,1135.0,1145.45,200
2023-01-23 12:15:00+05:30,1145.45,1155.0,1145.45,1150.55,102
2023-01-23 13:15:00+05:30,1150.55,1154.0,1150.0,1150.0,41
2023-01-23 14:15:00+05:30,1150.0,1150.0,1135.05,1140.0,314
2023-01-23 15:15:00+05:30,1140.0,1140.0,1137.15,1140.0,65
2023-01-24 09:15:00+05:30,1138.3,1150.0,1136.2,1146.7,169
2023-01-24 10:15:00+05:30,1146.7,1150.0,1145.0,1146.0,140
2023-01-24 11:15:00+05:30,1146.0,1146.0,1141.5,1145.05,28
2023-01-24 12:15:00+05:30,1145.05,1147.2,1145.0,1146.25,69
2023-01-24 13:15:00+05:30,1149.0,1152.5,1147.25,1150.5,116
2023-01-24 14:15:00+05:30,1150.5,1152.0,1130.0,1143.7,1052
2023-01-24 15:15:00+05:30,1143.7,1152.0,1137.05,1148.0,152
2023-01-25 09:15:00+05:30,1147.95,1147.95,1134.0,1135.0,70
2023-01-25 10:15:00+05:30,1135.0,1135.9,1134.0,1134.2,150
2023-01-25 11:15:00+05:30,1134.2,1141.55,1134.0,1140.0,142
2023-01-25 12:15:00+05:30,1140.0,1145.0,1138.9,1139.7,79
2023-01-25 13:15:00+05:30,1139.7,1144.2,1130.45,1144.2,150
2023-01-25 14:15:00+05:30,1144.2,1145.55,1135.0,1137.15,127
2023-01-25 15:15:00+05:30,1137.15,1139.1,1135.85,1135.85,17
2023-01-27 09:15:00+05:30,1130.2,1146.5,1129.1,1129.1,171
2023-01-27 10:15:00+05:30,1129.1,1131.15,1120.05,1125.1,284
2023-01-27 11:15:00+05:30,1125.1,1127.95,1124.0,1124.0,87
2023-01-27 12:15:00+05:30,1124.0,1126.1,1122.45,1122.45,371
2023-01-27 13:15:00+05:30,1122.45,1123.95,1110.0,1115.15,322
2023-01-27 14:15:00+05:30,1115.15,1124.9,1111.25,1120.0,298
2023-01-27 15:15:00+05:30,1120.0,1124.85,1120.0,1124.7,40
2023-01-30 09:15:00+05:30,1112.05,1136.7,1112.05,1118.45,233
2023-01-30 10:15:00+05:30,1118.45,1123.9,1118.45,1123.75,33
2023-01-30 11:15:00+05:30,1123.75,1133.05,1123.15,1127.95,173
2023-01-30 12:15:00+05:30,1127.95,1133.65,1122.1,1125.55,44
2023-01-30 13:15:00+05:30,1125.55,1130.3,1120.25,1121.55,80
2023-01-30 14:15:00+05:30,1121.55,1124.75,1118.45,1124.75,85
2023-01-30 15:15:00+05:30,1124.75,1128.0,1118.05,1118.05,83
2023-01-31 09:15:00+05:30,1128.55,1131.3,1117.45,1124.2,103
2023-01-31 10:15:00+05:30,1124.2,1134.05,1124.2,1128.55,140
2023-01-31 11:15:00+05:30,1128.55,1128.55,1122.5,1127.95,55
2023-01-31 12:15:00+05:30,1127.95,1132.0,1123.25,1132.0,239
2023-01-31 13:15:00+05:30,1132.0,1132.0,1132.0,1132.0,0
2023-01-31 14:15:00+05:30,1132.0,1132.0,1124.95,1129.9,90
2023-01-31 15:15:00+05:30,1125.05,1131.5,1124.0,1131.5,142
2023-02-01 09:15:00+05:30,1129.45,1139.45,1124.3,1133.4,77
2023-02-01 10:15:00+05:30,1133.4,1133.5,1128.3,1133.3,119
2023-02-01 11:15:00+05:30,1133.3,1135.0,1131.05,1134.45,94
2023-02-01 12:15:00+05:30,1134.45,1139.5,1131.05,1139.5,111
2023-02-01 13:15:00+05:30,1139.5,1139.5,1130.35,1130.35,32
2023-02-01 14:15:00+05:30,1130.35,1130.35,1080.05,1100.0,1249
2023-02-01 15:15:00+05:30,1100.0,1102.55,1091.15,1093.0,227
2023-02-02 09:15:00+05:30,1113.05,1125.0,1106.9,1111.55,265
2023-02-02 10:15:00+05:30,1111.55,1114.45,1110.0,1110.0,54
2023-02-02 11:15:00+05:30,1110.0,1112.7,1110.0,1112.0,323
2023-02-02 12:15:00+05:30,1112.0,1116.85,1104.4,1104.4,210
2023-02-02 13:15:00+05:30,1104.4,1118.45,1104.4,1112.05,78
2023-02-02 14:15:00+05:30,1112.05,1118.05,1108.85,1118.05,69
2023-02-02 15:15:00+05:30,1118.05,1122.75,1118.0,1118.0,52
2023-02-03 09:15:00+05:30,1121.0,1121.0,1088.05,1109.55,1040
2023-02-03 10:15:00+05:30,1109.55,1116.0,1106.0,1108.3,350
2023-02-03 11:15:00+05:30,1108.3,1109.55,1106.0,1109.55,129
2023-02-03 12:15:00+05:30,1109.55,1111.95,1107.95,1111.95,30
2023-02-03 13:15:00+05:30,1111.95,1115.15,1106.05,1110.3,67
2023-02-03 14:15:00+05:30,1110.3,1114.65,1106.0,1114.6,52
2023-02-03 15:15:00+05:30,1114.6,1117.0,1090.0,1117.0,355
2023-02-06 09:15:00+05:30,1114.35,1114.45,1096.05,1110.0,339
2023-02-06 10:15:00+05:30,1110.0,1110.6,1104.0,1109.95,53
2023-02-06 11:15:00+05:30,1109.95,1110.35,1104.0,1110.35,196
2023-02-06 12:15:00+05:30,1110.35,1119.95,1107.9,1111.95,638
2023-02-06 13:15:00+05:30,1111.95,1112.9,1110.0,1112.4,63
2023-02-06 14:15:00+05:30,1112.4,1117.9,1094.25,1094.25,395
2023-02-06 15:15:00+05:30,1109.95,1110.0,1094.5,1103.6,242
2023-02-07 09:15:00+05:30,1108.7,1122.8,1107.55,1122.8,180
2023-02-07 10:15:00+05:30,1122.8,1122.8,1110.05,1110.05,31
2023-02-07 11:15:00+05:30,1110.05,1120.55,1110.05,1120.55,30
2023-02-07 12:15:00+05:30,1120.55,1120.55,1111.8,1111.8,80
2023-02-07 13:15:00+05:30,1111.8,1118.0,1106.0,1106.0,168
2023-02-07 14:15:00+05:30,1106.0,1116.0,1106.0,1112.95,53
2023-02-07 15:15:00+05:30,1108.1,1108.1,1106.0,1106.1,174
2023-02-08 09:15:00+05:30,1113.55,1120.6,1113.55,1120.6,98
2023-02-08 10:15:00+05:30,1120.6,1121.0,1114.5,1117.0,84
2023-02-08 11:15:00+05:30,1117.0,1117.0,1110.1,1111.15,30
2023-02-08 12:15:00+05:30,1111.0,1113.0,1110.05,1110.45,442
2023-02-08 13:15:00+05:30,1110.45,1117.0,1108.2,1108.25,204
2023-02-08 14:15:00+05:30,1108.25,1117.0,1108.2,1117.0,100
2023-02-08 15:15:00+05:30,1117.0,1117.0,1108.25,1108.25,37
2023-02-09 09:15:00+05:30,1119.7,1123.35,1113.85,1116.75,98
2023-02-09 10:15:00+05:30,1117.0,1120.0,1112.1,1112.1,182
2023-02-09 11:15:00+05:30,1112.1,1119.15,1112.1,1119.15,21
2023-02-09 12:15:00+05:30,1119.15,1123.9,1119.15,1122.1,115
2023-02-09 13:15:00+05:30,1122.1,1125.0,1122.1,1123.0,301
2023-02-09 14:15:00+05:30,1123.0,1124.95,1123.0,1124.85,18
2023-02-09 15:15:00+05:30,1123.5,1123.5,1123.0,1123.0,59
2023-02-10 09:15:00+05:30,1125.0,1127.95,1110.1,1122.5,230
2023-02-10 10:15:00+05:30,1122.5,1123.9,1117.65,1121.0,118
2023-02-10 11:15:00+05:30,1121.0,1124.5,1121.0,1122.6,24
2023-02-10 12:15:00+05:30,1122.6,1124.95,1121.8,1123.9,38
2023-02-10 13:15:00+05:30,1123.9,1123.9,1118.3,1119.8,396
2023-02-10 14:15:00+05:30,1119.8,1121.65,1113.55,1121.65,110
2023-02-10 15:15:00+05:30,1121.65,1124.25,1110.05,1110.1,31
2023-02-13 09:15:00+05:30,1100.0,1100.0,1074.0,1089.2,1286
2023-02-13 10:15:00+05:30,1089.2,1093.45,1084.95,1089.85,492
2023-02-13 11:15:00+05:30,1089.0,1093.55,1080.65,1091.25,498
2023-02-13 12:15:00+05:30,1091.25,1091.25,1080.0,1082.2,253
2023-02-13 13:15:00+05:30,1082.2,1083.95,1080.1,1080.2,319
2023-02-13 14:15:00+05:30,1080.2,1087.4,1080.0,1080.0,219
2023-02-13 15:15:00+05:30,1082.95,1083.7,1075.5,1076.0,204
2023-02-14 09:15:00+05:30,1080.3,1096.95,1075.0,1081.45,236
2023-02-14 10:15:00+05:30,1081.45,1082.35,1077.0,1077.0,156
2023-02-14 11:15:00+05:30,1077.0,1081.55,1077.0,1080.05,122
2023-02-14 12:15:00+05:30,1080.05,1084.75,1077.0,1077.0,64
2023-02-14 13:15:00+05:30,1077.0,1079.95,1077.0,1077.05,8
2023-02-14 14:15:00+05:30,1077.05,1083.95,1077.05,1083.75,73
2023-02-14 15:15:00+05:30,1083.75,1085.0,1080.0,1083.95,433
2023-02-15 09:15:00+05:30,1089.9,1097.3,1084.0,1095.5,189
2023-02-15 10:15:00+05:30,1095.5,1095.5,1090.5,1092.7,73
2023-02-15 11:15:00+05:30,1092.7,1092.7,1083.0,1085.5,164
2023-02-15 12:15:00+05:30,1085.5,1091.1,1084.55,1091.1,84
2023-02-15 13:15:00+05:30,1091.1,1092.0,1086.1,1090.0,38
2023-02-15 14:15:00+05:30,1090.0,1095.0,1090.0,1095.0,104
2023-02-15 15:15:00+05:30,1090.4,1090.4,1090.35,1090.35,79
2023-02-16 09:15:00+05:30,1070.0,1097.7,1070.0,1078.45,255
2023-02-16 10:15:00+05:30,1078.45,1087.95,1078.45,1084.9,55
2023-02-16 11:15:00+05:30,1083.25,1090.35,1079.9,1090.35,348
2023-02-16 12:15:00+05:30,1090.35,1090.35,1080.0,1082.0,205
2023-02-16 13:15:00+05:30,1082.0,1083.05,1081.0,1083.05,8
2023-02-16 14:15:00+05:30,1083.05,1086.35,1083.0,1083.0,219
2023-02-16 15:15:00+05:30,1083.0,1115.0,1081.0,1081.1,394
2023-02-17 09:15:00+05:30,1090.95,1105.8,1087.8,1089.95,69
2023-02-17 10:15:00+05:30,1089.95,1089.95,1072.1,1082.0,243
2023-02-17 11:15:00+05:30,1082.0,1087.95,1082.0,1085.0,54
2023-02-17 12:15:00+05:30,1085.0,1087.15,1082.1,1084.1,153
2023-02-17 13:15:00+05:30,1084.1,1084.1,1084.1,1084.1,0
2023-02-17 14:15:00+05:30,1084.1,1092.25,1082.1,1082.1,141
2023-02-17 15:15:00+05:30,1082.1,1089.0,1082.0,1082.0,86
2023-02-20 09:15:00+05:30,1085.1,1090.5,1075.05,1076.0,185
2023-02-20 10:15:00+05:30,1076.0,1079.95,1053.65,1057.9,1865
2023-02-20 11:15:00+05:30,1057.9,1059.5,1051.0,1056.85,672
2023-02-20 12:15:00+05:30,1056.85,1057.55,1053.05,1054.6,115
2023-02-20 13:15:00+05:30,1054.6,1069.95,1054.6,1069.95,83
2023-02-20 14:15:00+05:30,1069.95,1074.9,1066.05,1070.0,145
2023-02-20 15:15:00+05:30,1070.0,1070.0,1053.35,1067.9,218
2023-02-21 09:15:00+05:30,1073.4,1073.4,1060.0,1067.25,90
2023-02-21 10:15:00+05:30,1067.25,1071.1,1067.0,1069.0,145
2023-02-21 11:15:00+05:30,1069.0,1072.0,1069.0,1070.0,27
2023-02-21 12:15:00+05:30,1070.0,1073.15,1070.0,1073.15,10
2023-02-21 13:15:00+05:30,1073.15,1076.75,1073.15,1075.0,182
2023-02-21 14:15:00+05:30,1075.0,1078.4,1067.0,1067.0,293
2023-02-21 15:15:00+05:30,1079.9,1082.4,1074.25,1082.4,39
2023-02-22 09:15:00+05:30,1067.45,1070.9,1062.05,1065.45,129
2023-02-22 10:15:00+05:30,1065.45,1072.75,1055.0,1055.0,272
2023-02-22 11:15:00+05:30,1055.0,1087.9,1055.0,1080.85,384
2023-02-22 12:15:00+05:30,1080.85,1177.45,1080.0,1152.1,10975
2023-02-22 13:15:00+05:30,1152.1,1177.45,1136.1,1156.35,6811
2023-02-22 14:15:00+05:30,1156.35,1163.0,1126.45,1134.5,3585
2023-02-22 15:15:00+05:30,1134.5,1143.0,1126.3,1132.9,1237
2023-02-23 09:15:00+05:30,1155.0,1178.95,1116.0,1134.5,2896
2023-02-23 10:15:00+05:30,1134.5,1138.0,1127.3,1127.3,215
2023-02-23 11:15:00+05:30,1127.3,1149.9,1127.3,1133.0,362
2023-02-23 12:15:00+05:30,1133.0,1136.7,1133.0,1133.0,72
2023-02-23 13:15:00+05:30,1133.0,1149.55,1127.0,1145.25,368
2023-02-23 14:15:00+05:30,1145.25,1145.25,1131.2,1141.95,204
2023-02-23 15:15:00+05:30,1142.0,1155.0,1141.0,1150.0,437
2023-02-24 09:15:00+05:30,1143.0,1158.95,1120.55,1123.0,986
2023-02-24 10:15:00+05:30,1123.0,1127.2,1116.0,1120.75,138
2023-02-24 11:15:00+05:30,1120.75,1122.85,1120.05,1121.05,51
2023-02-24 12:15:00+05:30,1121.05,1123.45,1120.0,1120.0,18
2023-02-24 13:15:00+05:30,1120.0,1121.55,1120.0,1121.5,56
2023-02-24 14:15:00+05:30,1121.5,1122.0,1118.0,1121.7,54
2023-02-24 15:15:00+05:30,1121.7,1129.35,1118.6,1120.0,174
2023-02-27 09:15:00+05:30,1120.0,1124.0,1105.5,1107.3,361
2023-02-27 10:15:00+05:30,1107.3,1109.5,1100.0,1103.1,163
2023-02-27 11:15:00+05:30,1103.1,1105.0,1100.9,1103.25,39
2023-02-27 12:15:00+05:30,1103.25,1104.7,1101.05,1104.7,27
2023-02-27 13:15:00+05:30,1104.7,1104.95,1101.7,1102.9,53
2023-02-27 14:15:00+05:30,1102.9,1104.7,1095.0,1095.0,279
2023-02-27 15:15:00+05:30,1095.0,1099.15,1090.0,1090.5,75
2023-02-28 09:15:00+05:30,1099.1,1099.1,1077.9,1090.15,753
2023-02-28 10:15:00+05:30,1090.15,1090.15,1084.05,1086.0,54
2023-02-28 11:15:00+05:30,1086.0,1089.95,1084.0,1084.0,30
2023-02-28 12:15:00+05:30,1084.0,1085.55,1080.05,1085.55,76
2023-02-28 13:15:00+05:30,1085.55,1085.95,1081.0,1081.3,46
2023-02-28 14:15:00+05:30,1081.3,1087.3,1081.3,1082.5,243
2023-02-28 15:15:00+05:30,1082.5,1086.95,1082.5,1083.0,44
2023-03-01 09:15:00+05:30,1092.1,1104.95,1089.5,1104.95,176
2023-03-01 10:15:00+05:30,1104.95,1105.0,1101.1,1103.3,86
2023-03-01 11:15:00+05:30,1103.3,1104.0,1096.05,1104.0,68
2023-03-01 12:15:00+05:30,1104.0,1104.3,1098.0,1101.7,54
2023-03-01 13:15:00+05:30,1101.7,1104.0,1101.0,1101.0,75
2023-03-01 14:15:00+05:30,1101.0,1103.95,1101.0,1101.0,141
2023-03-01 15:15:00+05:30,1101.0,1105.0,1101.0,1105.0,98
2023-03-02 09:15:00+05:30,1109.45,1109.5,1097.7,1101.5,118
2023-03-02 10:15:00+05:30,1101.5,1103.15,1100.5,1103.15,14
2023-03-02 11:15:00+05:30,1103.15,1104.9,1103.15,1103.15,170
2023-03-02 12:15:00+05:30,1103.15,1117.5,1100.0,1100.0,208
2023-03-02 13:15:00+05:30,1100.0,1102.0,1100.0,1102.0,62
2023-03-02 14:15:00+05:30,1104.75,1107.0,1080.0,1080.1,336
2023-03-02 15:15:00+05:30,1080.1,1100.0,1080.1,1100.0,125
2023-03-03 09:15:00+05:30,1082.15,1098.95,1068.05,1087.15,780
2023-03-03 10:15:00+05:30,1087.15,1097.15,1087.15,1092.75,110
2023-03-03 11:15:00+05:30,1092.75,1092.75,1089.95,1091.45,7
2023-03-03 12:15:00+05:30,1091.45,1091.45,1085.05,1085.05,41
2023-03-03 13:15:00+05:30,1085.05,1098.0,1084.1,1089.15,183
2023-03-03 14:15:00+05:30,1089.15,1093.55,1088.05,1089.25,57
2023-03-03 15:15:00+05:30,1089.25,1094.65,1080.9,1082.25,162
2023-03-06 09:15:00+05:30,1098.0,1099.15,1081.55,1091.95,327
2023-03-06 10:15:00+05:30,1091.95,1099.0,1091.95,1094.7,119
2023-03-06 11:15:00+05:30,1094.7,1099.0,1094.7,1098.0,56
2023-03-06 12:15:00+05:30,1098.0,1098.0,1095.05,1095.05,40
2023-03-06 13:15:00+05:30,1098.0,1098.0,1089.05,1089.05,130
2023-03-06 14:15:00+05:30,1093.2,1099.0,1087.55,1099.0,269
2023-03-06 15:15:00+05:30,1099.0,1099.0,1090.0,1091.25,45
2023-03-08 09:15:00+05:30,1096.5,1098.3,1087.55,1098.25,184
2023-03-08 10:15:00+05:30,1098.25,1098.25,1095.4,1096.0,25
2023-03-08 11:15:00+05:30,1096.0,1096.0,1090.15,1090.15,128
2023-03-08 12:15:00+05:30,1090.15,1090.95,1090.15,1090.5,82
2023-03-08 13:15:00+05:30,1090.5,1092.0,1090.5,1092.0,62
2023-03-08 14:15:00+05:30,1092.0,1094.9,1074.1,1087.2,339
2023-03-08 15:15:00+05:30,1087.2,1093.25,1087.2,1088.4,88
2023-03-09 09:15:00+05:30,1087.25,1099.15,1081.75,1093.45,109
2023-03-09 10:15:00+05:30,1093.45,1093.45,1090.1,1090.45,20
2023-03-09 11:15:00+05:30,1090.45,1093.55,1090.45,1093.55,11
2023-03-09 12:15:00+05:30,1093.55,1098.0,1093.55,1094.5,53
2023-03-09 13:15:00+05:30,1094.5,1099.15,1093.55,1098.3,132
2023-03-09 14:15:00+05:30,1098.3,1099.1,1093.55,1098.65,151
2023-03-09 15:15:00+05:30,1098.65,1098.65,1090.1,1097.9,56
2023-03-10 09:15:00+05:30,1089.0,1089.55,1087.1,1089.55,20
2023-03-10 10:15:00+05:30,1089.55,1089.55,1080.0,1087.15,312
2023-03-10 11:15:00+05:30,1087.15,1087.15,1083.5,1087.15,109
2023-03-10 12:15:00+05:30,1087.15,1087.15,1076.8,1076.8,260
2023-03-10 13:15:00+05:30,1076.8,1083.9,1076.8,1080.55,64
2023-03-10 14:15:00+05:30,1080.55,1083.0,1080.55,1082.95,87
2023-03-10 15:15:00+05:30,1082.95,1085.9,1076.05,1084.1,107
2023-03-13 09:15:00+05:30,1097.0,1097.0,1080.0,1080.2,431
2023-03-13 10:15:00+05:30,1080.2,1085.85,1080.2,1085.85,62
2023-03-13 11:15:00+05:30,1085.85,1085.85,1083.9,1083.9,3
2023-03-13 12:15:00+05:30,1083.9,1083.9,1080.0,1082.5,100
2023-03-13 13:15:00+05:30,1082.5,1084.85,1080.0,1080.75,70
2023-03-13 14:15:00+05:30,1080.75,1083.0,1077.0,1081.0,169
2023-03-13 15:15:00+05:30,1081.0,1081.1,1075.05,1081.0,97
2023-03-14 09:15:00+05:30,1082.05,1082.05,1071.25,1074.35,204
2023-03-14 10:15:00+05:30,1074.35,1078.05,1074.35,1076.7,56
2023-03-14 11:15:00+05:30,1076.7,1076.85,1030.05,1037.0,2105
2023-03-14 12:15:00+05:30,1037.0,1051.95,1037.0,1046.5,191
2023-03-14 13:15:00+05:30,1046.5,1057.0,1046.5,1057.0,63
2023-03-14 14:15:00+05:30,1057.0,1059.9,1051.55,1054.0,140
2023-03-14 15:15:00+05:30,1054.0,1060.45,1050.0,1056.0,375
2023-03-15 09:15:00+05:30,1052.1,1060.7,1052.1,1055.3,60
2023-03-15 10:15:00+05:30,1055.3,1058.0,1055.3,1058.0,104
2023-03-15 11:15:00+05:30,1058.0,1058.0,1054.0,1054.0,127
2023-03-15 12:15:00+05:30,1054.0,1055.95,1054.0,1054.0,53
2023-03-15 13:15:00+05:30,1054.0,1054.0,1045.5,1049.0,296
2023-03-15 14:15:00+05:30,1049.0,1050.0,1045.6,1050.0,54
2023-03-15 15:15:00+05:30,1050.0,1050.0,1048.0,1049.95,84
2023-03-16 09:15:00+05:30,1052.85,1056.7,1035.05,1040.1,260
2023-03-16 10:15:00+05:30,1040.1,1049.0,1040.1,1043.3,194
2023-03-16 11:15:00+05:30,1043.3,1046.3,1041.7,1042.0,91
2023-03-16 12:15:00+05:30,1042.0,1042.0,1036.2,1040.7,226
2023-03-16 13:15:00+05:30,1040.7,1042.0,1039.3,1042.0,119
2023-03-16 14:15:00+05:30,1042.0,1043.0,1038.1,1043.0,913
2023-03-16 15:15:00+05:30,1043.0,1043.0,1040.0,1040.0,124
2023-03-17 09:15:00+05:30,1048.05,1055.0,1041.5,1049.0,209
2023-03-17 10:15:00+05:30,1049.0,1049.0,1047.0,1047.0,98
2023-03-17 11:15:00+05:30,1047.0,1047.0,1044.75,1044.75,169
2023-03-17 12:15:00+05:30,1044.75,1044.75,1035.25,1037.55,204
2023-03-17 13:15:00+05:30,1037.55,1049.0,1030.0,1049.0,445
2023-03-17 14:15:00+05:30,1049.0,1049.0,1039.25,1039.45,45
2023-03-17 15:15:00+05:30,1039.45,1045.0,1039.45,1040.3,87
2023-03-20 09:15:00+05:30,1043.4,1045.0,1024.95,1025.0,447
2023-03-20 10:15:00+05:30,1025.0,1040.0,1002.65,1024.4,1763
2023-03-20 11:15:00+05:30,1024.4,1033.0,1024.4,1026.15,31
2023-03-20 12:15:00+05:30,1026.15,1026.15,1013.85,1025.8,94
2023-03-20 13:15:00+05:30,1025.8,1038.9,1025.0,1029.2,298
2023-03-20 14:15:00+05:30,1029.2,1029.2,1017.0,1027.5,139
2023-03-20 15:15:00+05:30,1027.5,1055.5,1027.5,1033.45,162
2023-03-21 09:15:00+05:30,1033.45,1045.45,1032.7,1032.7,125
2023-03-21 10:15:00+05:30,1032.65,1032.65,1025.15,1025.2,80
2023-03-21 11:15:00+05:30,1025.2,1034.0,1025.2,1031.3,139
2023-03-21 12:15:00+05:30,1031.3,1031.3,1028.0,1028.0,74
2023-03-21 13:15:00+05:30,1028.0,1035.0,1028.0,1035.0,112
2023-03-21 14:15:00+05:30,1035.0,1035.0,1030.15,1030.15,156
2023-03-21 15:15:00+05:30,1030.15,1034.95,1030.0,1034.95,66
2023-03-22 09:15:00+05:30,1030.85,1043.1,1030.85,1034.0,252
2023-03-22 10:15:00+05:30,1034.0,1035.0,1031.0,1031.0,93
2023-03-22 11:15:00+05:30,1031.0,1032.0,1023.25,1023.25,455
2023-03-22 12:15:00+05:30,1023.25,1027.65,1023.25,1027.1,60
2023-03-22 13:15:00+05:30,1027.1,1029.0,1025.05,1029.0,226
2023-03-22 14:15:00+05:30,1029.0,1034.5,1028.95,1032.0,106
2023-03-22 15:15:00+05:30,1033.9,1034.0,1033.9,1034.0,18
2023-03-23 09:15:00+05:30,1033.0,1040.5,1030.6,1040.0,227
2023-03-23 10:15:00+05:30,1040.0,1040.0,1029.0,1031.95,57
2023-03-23 11:15:00+05:30,1031.95,1034.0,1029.05,1030.0,1959
2023-03-23 12:15:00+05:30,1030.0,1034.3,1030.0,1034.3,99
2023-03-23 13:15:00+05:30,1034.3,1035.95,1013.4,1031.95,466
2023-03-23 14:15:00+05:30,1031.95,1035.0,1025.2,1027.65,1127
2023-03-23 15:15:00+05:30,1027.65,1029.5,1003.95,1010.0,330
2023-03-24 09:15:00+05:30,1021.7,1021.85,1012.7,1018.0,146
2023-03-24 10:15:00+05:30,1018.0,1018.0,1015.0,1015.9,169
2023-03-24 11:15:00+05:30,1015.9,1018.0,1013.0,1017.95,184
2023-03-24 12:15:00+05:30,1017.95,1017.95,1012.05,1014.25,272
2023-03-24 13:15:00+05:30,1014.25,1015.8,1011.15,1015.8,55
2023-03-24 14:15:00+05:30,1015.8,1015.8,1012.5,1013.35,234
2023-03-24 15:15:00+05:30,1014.8,1014.8,1013.0,1014.8,49
2023-03-27 09:15:00+05:30,1033.0,1061.95,1015.0,1023.1,4068
2023-03-27 10:15:00+05:30,1023.1,1028.0,1016.5,1024.45,153
2023-03-27 11:15:00+05:30,1024.45,1035.0,1021.05,1035.0,229
2023-03-27 12:15:00+05:30,1035.0,1035.0,1028.25,1028.25,101
2023-03-27 13:15:00+05:30,1028.25,1028.6,1020.0,1020.0,586
2023-03-27 14:15:00+05:30,1020.0,1032.05,1010.0,1020.0,867
2023-03-27 15:15:00+05:30,1020.0,1020.75,1011.15,1012.0,194
2023-03-28 09:15:00+05:30,1014.85,1025.95,1001.1,1010.5,817
2023-03-28 10:15:00+05:30,1010.5,1011.25,999.1,1005.0,155
2023-03-28 11:15:00+05:30,1005.0,1005.0,1002.05,1004.0,83
2023-03-28 12:15:00+05:30,1004.0,1004.0,1002.0,1002.0,123
2023-03-28 13:15:00+05:30,1002.0,1003.5,996.0,1000.0,233
2023-03-28 14:15:00+05:30,1000.0,1000.0,998.05,998.05,272
2023-03-28 15:15:00+05:30,998.05,1000.0,998.05,1000.0,368
2023-03-29 09:15:00+05:30,999.95,1013.55,988.55,999.15,852
2023-03-29 10:15:00+05:30,995.5,1003.95,966.2,984.0,2591
2023-03-29 11:15:00+05:30,984.0,986.5,965.1,973.4,1756
2023-03-29 12:15:00+05:30,973.4,979.4,971.0,978.55,162
2023-03-29 13:15:00+05:30,978.55,983.5,970.0,977.95,766
2023-03-29 14:15:00+05:30,977.95,980.65,973.0,978.0,686
2023-03-29 15:15:00+05:30,978.0,989.9,975.3,988.0,1881
2023-03-31 09:15:00+05:30,988.0,1000.7,988.0,997.3,1180
2023-03-31 10:15:00+05:30,997.3,997.3,991.45,992.5,1309
2023-03-31 11:15:00+05:30,992.5,995.0,991.0,993.0,777
2023-03-31 12:15:00+05:30,993.0,994.4,992.0,994.25,148
2023-03-31 13:15:00+05:30,994.25,995.9,990.5,995.0,150
2023-03-31 14:15:00+05:30,995.0,995.0,983.55,987.45,739
2023-03-31 15:15:00+05:30,987.45,992.0,986.8,992.0,202
2023-04-03 09:15:00+05:30,999.9,1011.0,998.75,1000.1,1276
2023-04-03 10:15:00+05:30,1000.1,1005.0,999.5,1001.7,101
2023-04-03 11:15:00+05:30,1001.7,1002.0,986.2,999.2,520
2023-04-03 12:15:00+05:30,999.2,1002.1,999.15,999.15,165
2023-04-03 13:15:00+05:30,999.15,999.7,999.15,999.7,2
2023-04-03 14:15:00+05:30,999.7,1005.0,999.7,1004.0,190
2023-04-03 15:15:00+05:30,1003.95,1005.0,979.0,1005.0,460
2023-04-05 09:15:00+05:30,999.25,1007.1,994.05,1006.35,311
2023-04-05 10:15:00+05:30,1006.35,1007.0,1003.5,1004.45,178
2023-04-05 11:15:00+05:30,1004.45,1007.0,1004.45,1007.0,68
2023-04-05 12:15:00+05:30,1007.0,1007.0,1005.0,1006.0,27
2023-04-05 13:15:00+05:30,1007.0,1009.0,1006.5,1009.0,251
2023-04-05 14:15:00+05:30,1009.0,1013.5,1006.05,1011.05,298
2023-04-05 15:15:00+05:30,1011.05,1013.0,1008.55,1010.0,43
2023-04-06 09:15:00+05:30,1019.7,1021.95,1006.6,1006.6,253
2023-04-06 10:15:00+05:30,1006.6,1022.9,1006.6,1022.9,68
2023-04-06 11:15:00+05:30,1022.9,1024.9,1012.85,1013.0,187
2023-04-06 12:15:00+05:30,1013.0,1020.95,1013.0,1020.95,149
2023-04-06 13:15:00+05:30,1020.95,1023.9,1017.0,1019.95,263
2023-04-06 14:15:00+05:30,1019.95,1019.95,1016.6,1019.8,61
2023-04-06 15:15:00+05:30,1019.8,1019.8,1006.0,1006.0,208
2023-04-10 09:15:00+05:30,1020.35,1025.0,1015.0,1023.35,438
2023-04-10 10:15:00+05:30,1023.35,1023.35,994.7,1006.35,893
2023-04-10 11:15:00+05:30,1006.35,1009.95,1004.9,1009.55,15
2023-04-10 12:15:00+05:30,1009.55,1016.9,1003.25,1012.05,273
2023-04-10 13:15:00+05:30,1012.05,1020.5,1008.0,1020.5,97
2023-04-10 14:15:00+05:30,1020.5,1022.8,1018.0,1018.0,314
2023-04-10 15:15:00+05:30,1018.0,1024.0,1015.25,1024.0,199
2023-04-11 09:15:00+05:30,1026.95,1027.0,1013.75,1027.0,247
2023-04-11 10:15:00+05:30,1027.0,1027.0,1020.85,1025.25,73
2023-04-11 11:15:00+05:30,1025.25,1080.05,1025.25,1054.0,1340
2023-04-11 12:15:00+05:30,1054.0,1063.05,1050.5,1060.0,579
2023-04-11 13:15:00+05:30,1060.0,1062.2,1056.0,1062.2,82
2023-04-11 14:15:00+05:30,1062.2,1070.0,1053.5,1055.0,512
2023-04-11 15:15:00+05:30,1053.0,1069.55,1050.5,1060.1,374
2023-04-12 09:15:00+05:30,1068.0,1073.9,1054.5,1070.0,322
2023-04-12 10:15:00+05:30,1070.0,1075.0,1070.0,1074.9,125
2023-04-12 11:15:00+05:30,1074.9,1074.9,1070.0,1074.0,884
2023-04-12 12:15:00+05:30,1074.0,1074.0,1066.55,1066.55,38
2023-04-12 13:15:00+05:30,1066.55,1071.9,1060.05,1068.55,196
2023-04-12 14:15:00+05:30,1068.55,1074.0,1068.55,1074.0,62
2023-04-12 15:15:00+05:30,1074.0,1074.0,1073.25,1074.0,125
2023-04-13 09:15:00+05:30,1067.0,1076.05,1051.65,1056.0,327
2023-04-13 10:15:00+05:30,1056.0,1063.15,1053.2,1058.5,105
2023-04-13 11:15:00+05:30,1058.5,1058.5,1057.0,1057.65,46
2023-04-13 12:15:00+05:30,1057.65,1065.0,1057.65,1057.7,36
2023-04-13 13:15:00+05:30,1057.7,1065.55,1057.7,1065.55,22
2023-04-13 14:15:00+05:30,1065.55,1075.0,1065.55,1073.55,229
2023-04-13 15:15:00+05:30,1073.55,1073.55,1072.95,1073.0,165
2023-04-17 09:15:00+05:30,1072.95,1073.0,1055.65,1058.35,237
2023-04-17 10:15:00+05:30,1058.35,1063.1,1055.0,1055.5,78
2023-04-17 11:15:00+05:30,1055.5,1073.0,1055.5,1073.0,284
2023-04-17 12:15:00+05:30,1073.0,1073.0,1072.55,1072.55,1
2023-04-17 13:15:00+05:30,1072.55,1072.55,1070.65,1070.65,20
2023-04-17 14:15:00+05:30,1070.65,1073.0,1069.55,1073.0,139
2023-04-17 15:15:00+05:30,1073.0,1073.0,1001.3,1018.0,2935
2023-04-18 09:15:00+05:30,1020.1,1042.4,1014.95,1032.35,414
2023-04-18 10:15:00+05:30,1032.35,1039.2,1032.35,1034.65,105
2023-04-18 11:15:00+05:30,1034.65,1067.15,1034.65,1045.2,716
2023-04-18 12:15:00+05:30,1045.2,1051.85,1041.65,1051.85,67
2023-04-18 13:15:00+05:30,1051.85,1051.85,1040.0,1040.0,200
2023-04-18 14:15:00+05:30,1040.0,1051.25,1037.5,1045.7,43
2023-04-18 15:15:00+05:30,1046.95,1097.0,1046.95,1065.4,170
2023-04-19 09:15:00+05:30,1064.5,1064.5,1053.65,1053.65,255
2023-04-19 10:15:00+05:30,1053.65,1057.4,1053.65,1053.65,328
2023-04-19 11:15:00+05:30,1053.65,1055.1,1052.0,1052.1,343
2023-04-19 12:15:00+05:30,1052.1,1056.7,1052.1,1056.7,5
2023-04-19 13:15:00+05:30,1056.7,1056.7,1052.9,1052.9,34
2023-04-19 14:15:00+05:30,1052.9,1058.0,1052.9,1055.0,76
2023-04-19 15:15:00+05:30,1055.0,1057.2,1052.85,1057.2,37
2023-04-20 09:15:00+05:30,1049.7,1063.15,1049.5,1060.7,150
2023-04-20 10:15:00+05:30,1060.7,1061.5,1050.0,1061.5,327
2023-04-20 11:15:00+05:30,1061.5,1061.5,1053.7,1054.6,37
2023-04-20 12:15:00+05:30,1054.6,1061.55,1053.0,1053.0,130
2023-04-20 13:15:00+05:30,1053.0,1056.7,1052.4,1052.4,15
2023-04-20 14:15:00+05:30,1052.4,1063.95,1052.4,1063.95,119
2023-04-20 15:15:00+05:30,1063.9,1069.8,1060.0,1069.7,77
2023-04-21 09:15:00+05:30,1067.65,1067.65,1061.55,1062.05,96
2023-04-21 10:15:00+05:30,1062.05,1083.95,1062.05,1079.1,574
2023-04-21 11:15:00+05:30,1079.1,1083.95,1074.95,1079.15,462
2023-04-21 12:15:00+05:30,1079.15,1082.35,1075.0,1080.75,437
2023-04-21 13:15:00+05:30,1080.75,1087.0,1080.75,1081.05,256
2023-04-21 14:15:00+05:30,1081.0,1088.0,1081.0,1088.0,864
2023-04-21 15:15:00+05:30,1088.0,1089.55,1083.5,1085.0,228
2023-04-24 09:15:00+05:30,1086.65,1092.85,1065.7,1086.05,238
2023-04-24 10:15:00+05:30,1086.05,1114.05,1083.0,1114.0,814
2023-04-24 11:15:00+05:30,1114.0,1120.05,1110.05,1113.35,483
2023-04-24 12:15:00+05:30,1113.35,1114.8,1111.0,1114.35,124
2023-04-24 13:15:00+05:30,1114.35,1116.0,1108.85,1108.85,232
2023-04-24 14:15:00+05:30,1108.85,1112.95,1099.0,1099.05,636
2023-04-24 15:15:00+05:30,1099.05,1110.0,1092.0,1100.0,200
2023-04-25 09:15:00+05:30,1091.15,1103.85,1091.15,1092.0,329
2023-04-25 10:15:00+05:30,1092.0,1106.5,1092.0,1104.85,144
2023-04-25 11:15:00+05:30,1104.85,1104.85,1100.1,1100.1,26
2023-04-25 12:15:00+05:30,1100.1,1100.1,1100.1,1100.1,0
2023-04-25 13:15:00+05:30,1100.1,1103.95,1100.1,1100.1,134
2023-04-25 14:15:00+05:30,1100.1,1107.05,1100.1,1102.8,53
2023-04-25 15:15:00+05:30,1107.9,1111.0,1104.55,1111.0,71
2023-04-26 09:15:00+05:30,1117.45,1121.0,1107.25,1121.0,472
2023-04-26 10:15:00+05:30,1121.0,1124.9,1117.55,1117.55,528
2023-04-26 11:15:00+05:30,1117.55,1120.0,1115.3,1116.05,308
2023-04-26 12:15:00+05:30,1116.05,1129.25,1116.0,1128.1,526
2023-04-26 13:15:00+05:30,1128.1,1129.9,1126.0,1126.45,199
2023-04-26 14:15:00+05:30,1126.45,1128.7,1124.0,1127.35,103
2023-04-26 15:15:00+05:30,1127.35,1129.95,1123.0,1125.0,123
2023-04-27 09:15:00+05:30,1133.3,1133.3,1117.7,1120.0,210
2023-04-27 10:15:00+05:30,1120.0,1126.4,1120.0,1126.4,55
2023-04-27 11:15:00+05:30,1126.4,1127.45,1126.3,1127.45,250
2023-04-27 12:15:00+05:30,1127.45,1127.45,1123.55,1123.55,44
2023-04-27 13:15:00+05:30,1123.55,1163.9,1123.55,1132.0,1571
2023-04-27 14:15:00+05:30,1133.55,1133.55,1126.3,1131.95,262
2023-04-27 15:15:00+05:30,1131.95,1137.95,1125.0,1125.0,156
2023-04-28 09:15:00+05:30,1119.3,1151.0,1118.7,1134.55,526
2023-04-28 10:15:00+05:30,1134.55,1142.7,1133.0,1136.85,222
2023-04-28 11:15:00+05:30,1136.85,1143.1,1132.6,1139.25,153
2023-04-28 12:15:00+05:30,1139.25,1146.35,1139.25,1144.0,258
2023-04-28 13:15:00+05:30,1144.0,1144.0,1129.0,1132.25,519
2023-04-28 14:15:00+05:30,1132.25,1138.35,1131.25,1136.0,102
2023-04-28 15:15:00+05:30,1136.0,1142.45,1135.0,1135.0,151
2023-05-02 09:15:00+05:30,1155.0,1155.0,1137.1,1150.0,257
2023-05-02 10:15:00+05:30,1150.0,1165.0,1144.95,1150.0,532
2023-05-02 11:15:00+05:30,1150.0,1150.4,1121.3,1136.6,830
2023-05-02 12:15:00+05:30,1136.6,1143.95,1131.05,1143.95,259
2023-05-02 13:15:00+05:30,1143.95,1158.0,1143.95,1158.0,433
2023-05-02 14:15:00+05:30,1158.0,1161.7,1143.25,1143.25,389
2023-05-02 15:15:00+05:30,1143.25,1147.8,1143.05,1145.0,323
2023-05-03 09:15:00+05:30,1149.8,1157.55,1138.0,1157.55,443
2023-05-03 10:15:00+05:30,1156.5,1157.9,1150.1,1150.1,296
2023-05-03 11:15:00+05:30,1150.1,1154.3,1150.1,1154.3,81
2023-05-03 12:15:00+05:30,1154.3,1155.9,1150.15,1153.0,134
2023-05-03 13:15:00+05:30,1153.0,1155.85,1151.0,1155.85,104
2023-05-03 14:15:00+05:30,1155.85,1155.85,1150.15,1150.2,75
2023-05-03 15:15:00+05:30,1150.2,1155.0,1150.2,1155.0,148
2023-05-04 09:15:00+05:30,1155.8,1155.8,1140.05,1146.1,328
2023-05-04 10:15:00+05:30,1145.0,1151.95,1143.35,1146.5,114
2023-05-04 11:15:00+05:30,1146.05,1146.5,1145.0,1145.0,166
2023-05-04 12:15:00+05:30,1145.0,1145.0,1124.6,1135.65,575
2023-05-04 13:15:00+05:30,1136.5,1139.1,1136.0,1139.1,94
2023-05-04 14:15:00+05:30,1139.1,1140.75,1132.1,1135.2,343
2023-05-04 15:15:00+05:30,1135.2,1149.0,1133.85,1149.0,150
2023-05-05 09:15:00+05:30,1133.7,1143.9,1133.7,1140.0,150
2023-05-05 10:15:00+05:30,1140.0,1150.0,1135.0,1135.1,672
2023-05-05 11:15:00+05:30,1135.1,1136.75,1130.35,1131.0,93
2023-05-05 12:15:00+05:30,1131.0,1131.0,1131.0,1131.0,15
2023-05-05 13:15:00+05:30,1131.0,1134.0,1131.0,1133.95,14
2023-05-05 14:15:00+05:30,1133.95,1135.95,1130.05,1135.95,119
2023-05-05 15:15:00+05:30,1135.95,1135.95,1128.25,1128.25,121
2023-05-08 09:15:00+05:30,1140.3,1140.3,1127.95,1127.95,144
2023-05-08 10:15:00+05:30,1127.95,1132.0,1123.3,1126.0,476
2023-05-08 11:15:00+05:30,1126.0,1128.0,1123.35,1125.05,102
2023-05-08 12:15:00+05:30,1125.05,1128.9,1125.05,1128.9,75
2023-05-08 13:15:00+05:30,1124.9,1130.35,1124.9,1128.0,109
2023-05-08 14:15:00+05:30,1128.0,1128.0,1125.0,1125.0,45
2023-05-08 15:15:00+05:30,1125.0,1125.0,1121.05,1121.45,168
2023-05-09 09:15:00+05:30,1134.45,1139.95,1130.0,1132.3,202
2023-05-09 10:15:00+05:30,1132.3,1132.3,1125.0,1130.0,143
2023-05-09 11:15:00+05:30,1130.0,1132.3,1123.8,1128.0,243
2023-05-09 12:15:00+05:30,1128.0,1131.1,1123.85,1126.9,64
2023-05-09 13:15:00+05:30,1126.9,1131.85,1124.0,1130.0,88
2023-05-09 14:15:00+05:30,1130.0,1131.85,1123.8,1127.4,247
2023-05-09 15:15:00+05:30,1127.4,1132.0,1127.3,1132.0,129
2023-05-10 09:15:00+05:30,1143.25,1143.25,1115.0,1115.0,300
2023-05-10 10:15:00+05:30,1115.0,1123.45,1112.0,1123.45,233
2023-05-10 11:15:00+05:30,1123.45,1123.45,1122.85,1122.85,1
2023-05-10 12:15:00+05:30,1112.6,1123.25,1112.6,1123.25,119
2023-05-10 13:15:00+05:30,1123.25,1129.6,1120.1,1129.6,131
2023-05-10 14:15:00+05:30,1129.6,1129.6,1121.75,1122.15,93
2023-05-10 15:15:00+05:30,1122.15,1125.0,1120.2,1125.0,102
2023-05-11 09:15:00+05:30,1124.75,1134.9,1121.15,1128.8,173
2023-05-11 10:15:00+05:30,1128.8,1135.0,1125.1,1135.0,334
2023-05-11 11:15:00+05:30,1135.0,1135.0,1130.0,1131.45,119
2023-05-11 12:15:00+05:30,1131.45,1131.45,1130.05,1130.05,102
2023-05-11 13:15:00+05:30,1130.05,1130.05,1126.05,1127.35,59
2023-05-11 14:15:00+05:30,1127.35,1128.0,1126.25,1127.0,60
2023-05-11 15:15:00+05:30,1127.0,1129.7,1126.0,1126.8,147
2023-05-12 09:15:00+05:30,1137.05,1137.05,1112.0,1119.0,203
2023-05-12 10:15:00+05:30,1122.4,1126.95,1118.05,1126.95,265
2023-05-12 11:15:00+05:30,1126.95,1126.95,1119.0,1122.4,182
2023-05-12 12:15:00+05:30,1122.4,1124.7,1115.1,1118.4,220
2023-05-12 13:15:00+05:30,1118.4,1125.0,1116.3,1125.0,384
2023-05-12 14:15:00+05:30,1125.0,1126.0,1121.85,1121.85,216
2023-05-12 15:15:00+05:30,1121.85,1127.0,1115.0,1115.0,164
2023-05-15 09:15:00+05:30,1095.2,1128.85,1095.2,1125.55,363
2023-05-15 10:15:00+05:30,1125.55,1129.0,1124.5,1128.9,18
2023-05-15 11:15:00+05:30,1128.95,1129.05,1128.95,1129.0,17
2023-05-15 12:15:00+05:30,1129.0,1129.0,1125.15,1125.15,17
2023-05-15 13:15:00+05:30,1125.15,1125.55,1125.15,1125.5,45
2023-05-15 14:15:00+05:30,1125.5,1129.0,1125.5,1128.9,56
2023-05-15 15:15:00+05:30,1128.35,1128.35,1124.0,1124.0,67
2023-05-16 09:15:00+05:30,1134.45,1136.5,1124.9,1135.0,95
2023-05-16 10:15:00+05:30,1135.0,1135.0,1116.35,1122.35,424
2023-05-16 11:15:00+05:30,1122.35,1125.0,1104.1,1117.0,587
2023-05-16 12:15:00+05:30,1117.0,1121.0,1113.05,1121.0,90
2023-05-16 13:15:00+05:30,1121.0,1121.0,1121.0,1121.0,10
2023-05-16 14:15:00+05:30,1121.0,1121.0,1114.65,1115.0,223
2023-05-16 15:15:00+05:30,1115.0,1117.0,1110.0,1116.0,153
2023-05-17 09:15:00+05:30,1122.35,1126.55,1112.6,1119.3,438
2023-05-17 10:15:00+05:30,1119.3,1123.7,1115.5,1115.5,126
2023-05-17 11:15:00+05:30,1115.5,1122.45,1115.5,1118.0,43
2023-05-17 12:15:00+05:30,1118.0,1123.9,1118.0,1119.05,397
2023-05-17 13:15:00+05:30,1119.05,1126.9,1119.05,1126.9,154
2023-05-17 14:15:00+05:30,1126.9,1126.9,1115.25,1124.75,220
2023-05-17 15:15:00+05:30,1124.75,1130.0,1120.0,1130.0,341
2023-05-18 09:15:00+05:30,1131.85,1160.0,1131.85,1155.9,757
2023-05-18 10:15:00+05:30,1155.9,1165.25,1155.9,1160.1,785
2023-05-18 11:15:00+05:30,1160.1,1172.0,1160.1,1165.15,809
2023-05-18 12:15:00+05:30,1165.15,1174.95,1165.0,1172.2,898
2023-05-18 13:15:00+05:30,1172.2,1185.55,1165.2,1165.2,845
2023-05-18 14:15:00+05:30,1165.2,1175.15,1165.0,1168.65,326
2023-05-18 15:15:00+05:30,1168.65,1179.0,1166.0,1175.2,398
2023-05-19 09:15:00+05:30,1165.0,1168.0,1157.95,1167.4,672
2023-05-19 10:15:00+05:30,1161.35,1162.0,1160.0,1160.25,167
2023-05-19 11:15:00+05:30,1160.25,1164.0,1160.05,1163.0,163
2023-05-19 12:15:00+05:30,1163.0,1167.65,1163.0,1167.65,224
2023-05-19 13:15:00+05:30,1167.65,1167.65,1160.0,1164.85,185
2023-05-19 14:15:00+05:30,1164.85,1164.85,1160.0,1161.0,127
2023-05-19 15:15:00+05:30,1161.0,1169.0,1155.0,1156.0,249
2023-05-22 09:15:00+05:30,1141.05,1161.05,1141.05,1154.1,337
2023-05-22 10:15:00+05:30,1154.1,1161.9,1154.1,1161.5,424
2023-05-22 11:15:00+05:30,1161.5,1162.0,1152.0,1154.7,447
2023-05-22 12:15:00+05:30,1154.7,1155.1,1152.1,1152.7,85
2023-05-22 13:15:00+05:30,1152.7,1155.65,1147.75,1150.0,1413
2023-05-22 14:15:00+05:30,1150.0,1161.9,1150.0,1153.8,142
2023-05-22 15:15:00+05:30,1153.8,1161.0,1150.1,1150.35,146
2023-05-23 09:15:00+05:30,1142.0,1175.95,1142.0,1161.05,365
2023-05-23 10:15:00+05:30,1161.05,1173.9,1161.05,1164.1,95
2023-05-23 11:15:00+05:30,1164.1,1169.9,1162.1,1162.7,57
2023-05-23 12:15:00+05:30,1162.7,1169.95,1161.3,1164.6,198
2023-05-23 13:15:00+05:30,1164.6,1169.95,1160.0,1160.0,248
2023-05-23 14:15:00+05:30,1160.0,1169.85,1160.0,1161.35,97
2023-05-23 15:15:00+05:30,1160.0,1160.95,1160.0,1160.0,57
2023-05-24 09:15:00+05:30,1106.6,1165.25,1106.6,1165.25,329
2023-05-24 10:15:00+05:30,1165.25,1175.0,1165.2,1167.6,139
2023-05-24 11:15:00+05:30,1167.6,1174.0,1165.1,1171.7,190
2023-05-24 12:15:00+05:30,1171.7,1171.7,1160.05,1160.05,154
2023-05-24 13:15:00+05:30,1160.05,1165.0,1160.0,1165.0,225
2023-05-24 14:15:00+05:30,1165.0,1169.0,1160.1,1162.2,222
2023-05-24 15:15:00+05:30,1162.2,1168.0,1162.2,1168.0,59
2023-05-25 09:15:00+05:30,1186.65,1189.0,1167.15,1170.1,432
2023-05-25 10:15:00+05:30,1170.1,1185.0,1165.1,1165.55,329
2023-05-25 11:15:00+05:30,1165.55,1184.0,1165.55,1180.05,403
2023-05-25 12:15:00+05:30,1180.05,1189.0,1170.1,1189.0,356
2023-05-25 13:15:00+05:30,1189.0,1189.0,1130.0,1131.55,2711
2023-05-25 14:15:00+05:30,1139.9,1139.9,1112.4,1134.9,1455
2023-05-25 15:15:00+05:30,1134.9,1141.25,1130.8,1137.0,402
2023-05-26 09:15:00+05:30,1130.05,1132.5,1110.0,1129.75,870
2023-05-26 10:15:00+05:30,1129.75,1132.0,1124.95,1129.9,234
2023-05-26 11:15:00+05:30,1129.9,1129.95,1122.05,1122.05,311
2023-05-26 12:15:00+05:30,1126.0,1129.95,1121.05,1129.0,308
2023-05-26 13:15:00+05:30,1129.0,1132.05,1121.15,1129.0,540
2023-05-26 14:15:00+05:30,1129.0,1129.9,1125.5,1129.9,110
2023-05-26 15:15:00+05:30,1129.9,1129.9,1123.2,1125.0,82
2023-05-29 09:15:00+05:30,1112.0,1134.95,1112.0,1127.55,362
2023-05-29 10:15:00+05:30,1127.55,1129.95,1125.55,1126.35,104
2023-05-29 11:15:00+05:30,1126.35,1129.95,1126.35,1129.95,51
2023-05-29 12:15:00+05:30,1129.95,1129.95,1126.6,1126.6,477
2023-05-29 13:15:00+05:30,1126.6,1129.5,1125.5,1129.5,139
2023-05-29 14:15:00+05:30,1129.5,1129.9,1125.5,1125.5,93
2023-05-29 15:15:00+05:30,1125.5,1130.0,1120.9,1129.65,116
2023-05-30 09:15:00+05:30,1138.7,1143.0,1122.6,1122.6,190
2023-05-30 10:15:00+05:30,1122.6,1129.9,1112.6,1112.6,366
2023-05-30 11:15:00+05:30,1112.6,1116.5,1112.0,1115.0,429
2023-05-30 12:15:00+05:30,1115.0,1116.5,1112.05,1116.5,39
2023-05-30 13:15:00+05:30,1116.5,1126.15,1115.5,1124.8,96
2023-05-30 14:15:00+05:30,1124.8,1124.8,1116.1,1117.1,175
2023-05-30 15:15:00+05:30,1117.1,1120.0,1115.0,1120.0,113
2023-05-31 09:15:00+05:30,1136.0,1136.0,1115.05,1117.0,246
2023-05-31 10:15:00+05:30,1117.0,1125.0,1117.0,1118.05,229
2023-05-31 11:15:00+05:30,1118.05,1127.45,1118.05,1118.05,129
2023-05-31 12:15:00+05:30,1118.05,1127.95,1118.05,1127.95,26
2023-05-31 13:15:00+05:30,1127.95,1127.95,1126.0,1126.0,20
2023-05-31 14:15:00+05:30,1126.0,1126.0,1101.15,1117.5,544
2023-05-31 15:15:00+05:30,1117.5,1121.9,1113.5,1121.8,272
2023-06-01 09:15:00+05:30,1120.2,1131.8,1114.0,1122.55,459
2023-06-01 10:15:00+05:30,1122.55,1124.95,1119.9,1119.9,31
2023-06-01 11:15:00+05:30,1119.9,1124.0,1119.9,1120.35,40
2023-06-01 12:15:00+05:30,1120.35,1123.15,1118.0,1118.05,229
2023-06-01 13:15:00+05:30,1118.05,1122.4,1112.25,1113.0,309
2023-06-01 14:15:00+05:30,1113.0,1127.15,1113.0,1120.0,187
2023-06-01 15:15:00+05:30,1120.0,1125.6,1119.9,1119.9,32
2023-06-02 09:15:00+05:30,1128.55,1135.05,1119.9,1122.75,479
2023-06-02 10:15:00+05:30,1122.75,1129.95,1122.75,1124.15,69
2023-06-02 11:15:00+05:30,1124.15,1133.9,1121.6,1132.4,477
2023-06-02 12:15:00+05:30,1132.4,1133.9,1128.5,1129.35,200
2023-06-02 13:15:00+05:30,1129.35,1133.9,1129.35,1133.9,114
2023-06-02 14:15:00+05:30,1133.9,1133.9,1115.0,1116.95,639
2023-06-02 15:15:00+05:30,1116.95,1124.4,1116.95,1117.05,79
2023-06-05 09:15:00+05:30,1121.65,1126.3,1117.65,1121.0,129
2023-06-05 10:15:00+05:30,1121.0,1126.85,1118.6,1126.85,588
2023-06-05 11:15:00+05:30,1126.85,1129.95,1119.5,1129.95,76
2023-06-05 12:15:00+05:30,1129.95,1131.95,1118.55,1122.35,719
2023-06-05 13:15:00+05:30,1127.35,1130.0,1121.0,1121.25,364
2023-06-05 14:15:00+05:30,1121.25,1126.0,1118.55,1120.0,498
2023-06-05 15:15:00+05:30,1120.0,1122.0,1120.0,1120.0,349
2023-06-06 09:15:00+05:30,1121.35,1131.0,1119.95,1126.8,399
2023-06-06 10:15:00+05:30,1126.8,1129.8,1120.5,1125.05,367
2023-06-06 11:15:00+05:30,1125.05,1125.05,1122.0,1122.55,12
2023-06-06 12:15:00+05:30,1122.55,1125.55,1122.55,1123.05,25
2023-06-06 13:15:00+05:30,1123.05,1126.0,1123.05,1126.0,120
2023-06-06 14:15:00+05:30,1126.0,1131.0,1122.2,1126.5,536
2023-06-06 15:15:00+05:30,1129.95,1135.0,1126.55,1134.6,324
2023-06-07 09:15:00+05:30,1140.0,1143.65,1125.05,1141.4,507
2023-06-07 10:15:00+05:30,1141.4,1148.0,1141.35,1147.95,651
2023-06-07 11:15:00+05:30,1147.95,1147.95,1145.5,1145.7,93
2023-06-07 12:15:00+05:30,1145.7,1149.0,1141.0,1142.2,453
2023-06-07 13:15:00+05:30,1142.2,1147.8,1142.2,1147.75,509
2023-06-07 14:15:00+05:30,1147.75,1150.0,1145.0,1149.0,282
2023-06-07 15:15:00+05:30,1149.0,1154.6,1149.0,1153.0,341
2023-06-08 09:15:00+05:30,1158.45,1166.65,1144.05,1157.9,375
2023-06-08 10:15:00+05:30,1157.9,1157.9,1146.05,1153.65,59
2023-06-08 11:15:00+05:30,1151.1,1152.0,1144.75,1149.9,76
2023-06-08 12:15:00+05:30,1149.9,1149.9,1149.0,1149.0,21
2023-06-08 13:15:00+05:30,1149.0,1149.1,1149.0,1149.0,18
2023-06-08 14:15:00+05:30,1149.0,1153.4,1146.3,1152.5,87
2023-06-08 15:15:00+05:30,1152.5,1152.5,1146.5,1152.1,68
2023-06-09 09:15:00+05:30,1156.05,1156.05,1148.05,1155.9,114
2023-06-09 10:15:00+05:30,1155.9,1160.0,1148.65,1150.65,281
2023-06-09 11:15:00+05:30,1150.65,1151.5,1150.0,1150.1,53
2023-06-09 12:15:00+05:30,1150.45,1152.0,1150.05,1152.0,56
2023-06-09 13:15:00+05:30,1152.0,1152.15,1149.0,1152.15,109
2023-06-09 14:15:00+05:30,1152.15,1154.0,1150.5,1150.5,61
2023-06-09 15:15:00+05:30,1150.5,1153.8,1141.05,1153.8,34
2023-06-12 09:15:00+05:30,1151.0,1155.6,1138.5,1140.0,104
2023-06-12 10:15:00+05:30,1140.0,1146.0,1140.0,1146.0,71
2023-06-12 11:15:00+05:30,1146.0,1152.0,1145.95,1149.95,105
2023-06-12 12:15:00+05:30,1149.95,1150.0,1145.05,1150.0,64
2023-06-12 13:15:00+05:30,1150.0,1150.0,1142.2,1149.9,279
2023-06-12 14:15:00+05:30,1149.9,1152.0,1142.2,1147.75,333
2023-06-12 15:15:00+05:30,1147.75,1150.0,1145.0,1145.0,54
2023-06-13 09:15:00+05:30,1149.1,1150.0,1145.05,1149.9,112
2023-06-13 10:15:00+05:30,1149.9,1150.7,1148.0,1148.05,89
2023-06-13 11:15:00+05:30,1148.05,1149.9,1148.0,1149.9,52
2023-06-13 12:15:00+05:30,1149.9,1155.0,1149.9,1151.0,280
2023-06-13 13:15:00+05:30,1151.0,1153.95,1151.0,1151.0,46
2023-06-13 14:15:00+05:30,1151.0,1151.0,1139.0,1144.95,421
2023-06-13 15:15:00+05:30,1144.95,1144.95,1140.5,1140.5,74
2023-06-14 09:15:00+05:30,1142.1,1153.25,1142.1,1147.45,227
2023-06-14 10:15:00+05:30,1147.45,1149.7,1143.0,1143.0,153
2023-06-14 11:15:00+05:30,1143.0,1145.75,1142.0,1142.05,61
2023-06-14 12:15:00+05:30,1142.05,1145.6,1142.0,1145.3,87
2023-06-14 13:15:00+05:30,1145.3,1145.3,1142.05,1143.95,216
2023-06-14 14:15:00+05:30,1143.95,1147.85,1142.5,1144.3,212
2023-06-14 15:15:00+05:30,1144.3,1149.65,1142.6,1142.6,78
2023-06-15 09:15:00+05:30,1153.15,1153.15,1140.05,1148.65,68
2023-06-15 10:15:00+05:30,1151.85,1153.2,1144.95,1146.55,279
2023-06-15 11:15:00+05:30,1146.55,1148.95,1146.55,1146.6,121
2023-06-15 12:15:00+05:30,1146.55,1148.95,1146.5,1148.95,18
2023-06-15 13:15:00+05:30,1148.95,1148.95,1146.5,1146.75,48
2023-06-15 14:15:00+05:30,1146.75,1148.0,1135.05,1135.05,254
2023-06-15 15:15:00+05:30,1135.05,1139.0,1135.05,1139.0,95
2023-06-16 09:15:00+05:30,1138.0,1155.0,1138.0,1142.05,342
2023-06-16 10:15:00+05:30,1142.05,1148.95,1139.0,1148.95,184
2023-06-16 11:15:00+05:30,1149.0,1149.0,1140.05,1144.85,57
2023-06-16 12:15:00+05:30,1144.85,1150.75,1141.95,1143.1,201
2023-06-16 13:15:00+05:30,1143.1,1144.0,1143.1,1143.1,12
2023-06-16 14:15:00+05:30,1143.1,1150.05,1140.4,1150.0,328
2023-06-16 15:15:00+05:30,1150.0,1155.0,1150.0,1155.0,379
2023-06-19 09:15:00+05:30,1160.0,1160.0,1141.85,1144.15,511
2023-06-19 10:15:00+05:30,1144.15,1151.15,1144.15,1144.45,129
2023-06-19 11:15:00+05:30,1144.45,1151.95,1144.45,1148.25,164
2023-06-19 12:15:00+05:30,1148.25,1151.9,1145.7,1151.85,56
2023-06-19 13:15:00+05:30,1151.85,1151.85,1146.0,1149.4,112
2023-06-19 14:15:00+05:30,1149.4,1152.0,1149.4,1152.0,153
2023-06-19 15:15:00+05:30,1152.0,1152.0,1146.0,1146.3,248
2023-06-20 09:15:00+05:30,1150.6,1150.6,1142.35,1144.0,165
2023-06-20 10:15:00+05:30,1144.0,1144.0,1136.25,1139.0,321
2023-06-20 11:15:00+05:30,1139.0,1140.0,1139.0,1139.5,141
2023-06-20 12:15:00+05:30,1139.95,1143.95,1136.25,1143.95,246
2023-06-20 13:15:00+05:30,1143.95,1143.95,1136.55,1136.55,4
2023-06-20 14:15:00+05:30,1141.9,1142.95,1137.5,1139.5,206
2023-06-20 15:15:00+05:30,1139.5,1141.85,1136.55,1140.0,154
2023-06-21 09:15:00+05:30,1148.85,1151.15,1146.35,1147.6,50
2023-06-21 10:15:00+05:30,1147.6,1148.0,1130.0,1148.0,641
2023-06-21 11:15:00+05:30,1148.0,1148.0,1132.45,1135.55,392
2023-06-21 12:15:00+05:30,1135.55,1140.0,1135.55,1140.0,163
2023-06-21 13:15:00+05:30,1140.0,1142.1,1140.0,1140.15,31
2023-06-21 14:15:00+05:30,1140.15,1144.55,1140.15,1140.5,106
2023-06-21 15:15:00+05:30,1140.5,1140.55,1136.0,1136.05,120
2023-06-22 09:15:00+05:30,1190.0,1318.95,1180.55,1278.1,48028
2023-06-22 10:15:00+05:30,1278.1,1283.0,1255.4,1268.0,9176
2023-06-22 11:15:00+05:30,1268.0,1274.9,1255.6,1255.6,4322
2023-06-22 12:15:00+05:30,1254.0,1255.95,1231.25,1236.0,6047
2023-06-22 13:15:00+05:30,1236.0,1275.0,1232.05,1250.85,6695
2023-06-22 14:15:00+05:30,1250.85,1260.0,1235.55,1249.45,5923
2023-06-22 15:15:00+05:30,1247.5,1250.0,1210.0,1220.7,7042
2023-06-23 09:15:00+05:30,1227.0,1227.0,1200.6,1221.15,3537
2023-06-23 10:15:00+05:30,1221.15,1224.4,1213.0,1213.0,906
2023-06-23 11:15:00+05:30,1213.0,1220.7,1206.0,1217.5,1212
2023-06-23 12:15:00+05:30,1217.5,1219.95,1214.05,1219.95,135
2023-06-23 13:15:00+05:30,1219.95,1221.8,1212.0,1213.0,280
2023-06-23 14:15:00+05:30,1213.0,1218.0,1196.35,1208.05,1054
2023-06-23 15:15:00+05:30,1208.05,1215.05,1205.55,1213.8,428
2023-06-26 09:15:00+05:30,1210.95,1210.95,1195.55,1203.05,990
2023-06-26 10:15:00+05:30,1203.05,1203.05,1182.0,1187.75,882
2023-06-26 11:15:00+05:30,1187.75,1200.0,1181.1,1199.95,653
2023-06-26 12:15:00+05:30,1199.95,1199.95,1196.0,1196.0,120
2023-06-26 13:15:00+05:30,1196.05,1196.1,1196.0,1196.0,103
2023-06-26 14:15:00+05:30,1196.0,1200.0,1186.55,1190.45,375
2023-06-26 15:15:00+05:30,1190.45,1192.95,1183.1,1190.0,234
2023-06-27 09:15:00+05:30,1188.7,1202.0,1188.7,1193.95,324
2023-06-27 10:15:00+05:30,1193.95,1195.8,1190.25,1192.0,201
2023-06-27 11:15:00+05:30,1192.0,1194.85,1192.0,1192.0,29
2023-06-27 12:15:00+05:30,1192.0,1200.0,1192.0,1196.65,539
2023-06-27 13:15:00+05:30,1196.65,1204.4,1196.4,1196.4,178
2023-06-27 14:15:00+05:30,1196.4,1198.95,1196.4,1198.0,92
2023-06-27 15:15:00+05:30,1197.0,1200.0,1196.4,1196.4,392
2023-06-28 09:15:00+05:30,1190.0,1197.65,1190.0,1193.4,301
2023-06-28 10:15:00+05:30,1193.4,1194.9,1192.0,1194.9,65
2023-06-28 11:15:00+05:30,1193.0,1195.0,1192.05,1192.45,221
2023-06-28 12:15:00+05:30,1192.45,1195.0,1191.35,1195.0,106
2023-06-28 13:15:00+05:30,1195.0,1196.0,1190.0,1196.0,527
2023-06-28 14:15:00+05:30,1196.0,1196.0,1186.65,1190.75,108
2023-06-28 15:15:00+05:30,1190.75,1193.8,1188.05,1188.35,158
2023-06-30 09:15:00+05:30,1210.0,1211.95,1195.25,1201.55,478
2023-06-30 10:15:00+05:30,1201.55,1202.55,1182.8,1192.8,874
2023-06-30 11:15:00+05:30,1192.8,1192.8,1171.05,1175.05,1094
2023-06-30 12:15:00+05:30,1175.05,1188.0,1175.05,1180.0,320
2023-06-30 13:15:00+05:30,1180.0,1186.3,1175.0,1180.4,672
2023-06-30 14:15:00+05:30,1180.4,1186.4,1177.15,1183.0,245
2023-06-30 15:15:00+05:30,1183.0,1189.8,1178.7,1189.8,405
2023-07-03 09:15:00+05:30,1199.9,1201.1,1180.0,1180.55,858
2023-07-03 10:15:00+05:30,1180.55,1187.9,1180.55,1184.05,285
2023-07-03 11:15:00+05:30,1184.05,1189.95,1180.2,1182.0,382
2023-07-03 12:15:00+05:30,1182.0,1186.95,1179.05,1180.75,300
2023-07-03 13:15:00+05:30,1180.75,1186.4,1180.05,1182.05,210
2023-07-03 14:15:00+05:30,1182.05,1188.0,1180.0,1182.9,829
2023-07-03 15:15:00+05:30,1182.9,1186.7,1179.0,1186.2,308
2023-07-04 09:15:00+05:30,1199.35,1199.35,1180.05,1180.05,261
2023-07-04 10:15:00+05:30,1180.05,1183.65,1180.05,1180.5,92
2023-07-04 11:15:00+05:30,1180.5,1183.65,1180.1,1183.25,140
2023-07-04 12:15:00+05:30,1183.25,1183.65,1180.0,1180.0,334
2023-07-04 13:15:00+05:30,1180.0,1183.65,1180.0,1183.6,298
2023-07-04 14:15:00+05:30,1183.6,1183.65,1181.85,1182.45,473
2023-07-04 15:15:00+05:30,1182.45,1183.0,1180.1,1180.1,122
2023-07-05 09:15:00+05:30,1185.3,1192.0,1185.3,1186.6,368
2023-07-05 10:15:00+05:30,1186.6,1192.0,1186.6,1192.0,223
2023-07-05 11:15:00+05:30,1192.0,1192.0,1188.0,1188.0,109
2023-07-05 12:15:00+05:30,1188.0,1188.0,1188.0,1188.0,3
2023-07-05 13:15:00+05:30,1188.0,1190.0,1180.25,1189.95,528
2023-07-05 14:15:00+05:30,1189.95,1191.0,1186.0,1187.9,297
2023-07-05 15:15:00+05:30,1187.9,1193.0,1186.05,1193.0,156
2023-07-06 09:15:00+05:30,1207.95,1240.0,1202.0,1229.2,3764
2023-07-06 10:15:00+05:30,1229.2,1229.2,1222.0,1225.0,645
2023-07-06 11:15:00+05:30,1225.0,1229.95,1221.1,1228.6,733
2023-07-06 12:15:00+05:30,1228.6,1232.55,1225.3,1232.0,924
2023-07-06 13:15:00+05:30,1232.0,1239.05,1229.3,1231.6,1008
2023-07-06 14:15:00+05:30,1231.6,1238.9,1228.65,1238.9,935
2023-07-06 15:15:00+05:30,1239.0,1239.0,1229.55,1238.05,639
2023-07-07 09:15:00+05:30,1248.0,1258.95,1240.0,1246.35,1792
2023-07-07 10:15:00+05:30,1246.35,1249.0,1237.3,1239.95,607
2023-07-07 11:15:00+05:30,1239.95,1239.95,1234.0,1237.0,346
2023-07-07 12:15:00+05:30,1237.0,1237.1,1233.95,1234.0,339
2023-07-07 13:15:00+05:30,1234.0,1234.3,1231.1,1232.25,679
2023-07-07 14:15:00+05:30,1232.25,1234.3,1225.0,1225.05,871
2023-07-07 15:15:00+05:30,1228.9,1230.0,1227.05,1230.0,585
2023-07-10 09:15:00+05:30,1257.25,1257.25,1230.05,1240.1,577
2023-07-10 10:15:00+05:30,1240.1,1242.8,1235.0,1239.85,465
2023-07-10 11:15:00+05:30,1239.85,1241.1,1229.0,1231.25,954
2023-07-10 12:15:00+05:30,1231.25,1232.95,1227.0,1227.0,204
2023-07-10 13:15:00+05:30,1227.0,1228.3,1225.95,1228.3,119
2023-07-10 14:15:00+05:30,1228.3,1228.3,1223.8,1225.6,391
2023-07-10 15:15:00+05:30,1224.05,1233.95,1224.0,1224.05,261
2023-07-11 09:15:00+05:30,1240.0,1241.25,1229.0,1235.0,477
2023-07-11 10:15:00+05:30,1235.0,1237.4,1229.05,1237.0,70
2023-07-11 11:15:00+05:30,1237.0,1237.4,1231.6,1236.5,223
2023-07-11 12:15:00+05:30,1236.5,1237.95,1234.1,1235.0,143
2023-07-11 13:15:00+05:30,1235.0,1235.0,1224.0,1227.45,308
2023-07-11 14:15:00+05:30,1227.45,1228.35,1220.0,1228.2,266
2023-07-11 15:15:00+05:30,1226.9,1228.2,1211.0,1228.2,143
2023-07-12 09:15:00+05:30,1233.7,1236.0,1225.75,1229.85,436
2023-07-12 10:15:00+05:30,1229.85,1229.95,1225.9,1229.9,97
2023-07-12 11:15:00+05:30,1229.9,1229.95,1222.05,1225.3,227
2023-07-12 12:15:00+05:30,1225.3,1227.8,1225.05,1227.0,30
2023-07-12 13:15:00+05:30,1227.0,1229.35,1226.05,1226.95,78
2023-07-12 14:15:00+05:30,1226.95,1229.25,1221.85,1225.95,244
2023-07-12 15:15:00+05:30,1225.95,1225.95,1214.2,1214.65,502
2023-07-13 09:15:00+05:30,1250.0,1250.0,1220.15,1221.05,285
2023-07-13 10:15:00+05:30,1221.05,1224.1,1221.05,1221.3,62
2023-07-13 11:15:00+05:30,1221.3,1224.05,1221.1,1221.35,62
2023-07-13 12:15:00+05:30,1221.35,1224.1,1221.05,1222.0,47
2023-07-13 13:15:00+05:30,1222.0,1223.9,1221.05,1221.1,103
2023-07-13 14:15:00+05:30,1221.1,1229.45,1205.0,1225.45,710
2023-07-13 15:15:00+05:30,1225.45,1225.45,1210.0,1210.2,383
2023-07-14 09:15:00+05:30,1228.4,1228.4,1211.95,1226.0,294
2023-07-14 10:15:00+05:30,1226.0,1226.0,1211.0,1211.4,438
2023-07-14 11:15:00+05:30,1211.4,1219.4,1211.4,1211.5,192
2023-07-14 12:15:00+05:30,1211.5,1216.0,1211.5,1211.5,92
2023-07-14 13:15:00+05:30,1211.5,1225.0,1211.5,1222.05,234
2023-07-14 14:15:00+05:30,1222.05,1224.5,1215.05,1217.95,485
2023-07-14 15:15:00+05:30,1217.95,1224.45,1215.55,1217.1,246
2023-07-17 09:15:00+05:30,1217.8,1236.05,1217.8,1231.05,372
2023-07-17 10:15:00+05:30,1231.05,1240.0,1225.55,1231.75,211
2023-07-17 11:15:00+05:30,1230.05,1233.9,1225.65,1225.65,120
2023-07-17 12:15:00+05:30,1225.65,1226.3,1225.55,1225.55,34
2023-07-17 13:15:00+05:30,1225.55,1233.5,1222.6,1227.1,189
2023-07-17 14:15:00+05:30,1227.1,1230.0,1222.6,1223.55,397
2023-07-17 15:15:00+05:30,1223.55,1227.0,1222.7,1227.0,37
2023-07-18 09:15:00+05:30,1239.0,1239.0,1219.05,1228.5,216
2023-07-18 10:15:00+05:30,1228.5,1228.5,1224.1,1225.0,162
2023-07-18 11:15:00+05:30,1225.0,1227.0,1219.0,1223.9,385
2023-07-18 12:15:00+05:30,1223.9,1224.0,1219.1,1222.0,169
2023-07-18 13:15:00+05:30,1222.0,1222.0,1219.2,1219.7,447
2023-07-18 14:15:00+05:30,1219.7,1227.0,1219.65,1222.0,507
2023-07-18 15:15:00+05:30,1222.0,1226.0,1218.15,1219.3,52
2023-07-19 09:15:00+05:30,1212.45,1240.05,1212.45,1232.5,447
2023-07-19 10:15:00+05:30,1232.5,1232.5,1221.1,1227.95,193
2023-07-19 11:15:00+05:30,1227.95,1227.95,1221.15,1222.0,127
2023-07-19 12:15:00+05:30,1222.0,1223.25,1220.05,1220.15,73
2023-07-19 13:15:00+05:30,1220.15,1226.95,1220.0,1225.15,332
2023-07-19 14:15:00+05:30,1225.15,1235.0,1220.1,1230.05,1067
2023-07-19 15:15:00+05:30,1230.05,1239.3,1222.1,1238.0,157
2023-07-20 09:15:00+05:30,1232.95,1232.95,1228.0,1228.5,32
2023-07-20 10:15:00+05:30,1228.5,1229.0,1226.55,1226.65,78
2023-07-20 11:15:00+05:30,1226.65,1232.0,1226.65,1232.0,81
2023-07-20 12:15:00+05:30,1232.0,1233.75,1226.25,1232.0,361
2023-07-20 13:15:00+05:30,1232.0,1232.0,1225.0,1230.5,180
2023-07-20 14:15:00+05:30,1230.5,1230.5,1225.0,1227.55,227
2023-07-20 15:15:00+05:30,1227.55,1227.65,1225.0,1225.0,132
2023-07-21 09:15:00+05:30,1216.2,1232.9,1214.0,1230.7,516
2023-07-21 10:15:00+05:30,1230.7,1231.2,1219.0,1223.4,457
2023-07-21 11:15:00+05:30,1223.4,1230.0,1223.4,1230.0,161
2023-07-21 12:15:00+05:30,1230.0,1230.0,1223.7,1223.7,114
2023-07-21 13:15:00+05:30,1223.7,1231.0,1223.7,1226.85,588
2023-07-21 14:15:00+05:30,1226.85,1231.0,1223.7,1225.15,319
2023-07-21 15:15:00+05:30,1225.1,1231.0,1224.1,1231.0,169
2023-07-24 09:15:00+05:30,1220.0,1238.95,1220.0,1233.3,490
2023-07-24 10:15:00+05:30,1232.0,1232.95,1225.0,1230.0,272
2023-07-24 11:15:00+05:30,1230.0,1230.0,1224.1,1227.55,59
2023-07-24 12:15:00+05:30,1227.55,1230.0,1221.15,1229.6,125
2023-07-24 13:15:00+05:30,1229.6,1229.65,1224.0,1226.85,214
2023-07-24 14:15:00+05:30,1226.85,1230.0,1226.75,1226.75,668
2023-07-24 15:15:00+05:30,1226.75,1230.0,1225.0,1230.0,45
2023-07-25 09:15:00+05:30,1223.45,1231.0,1221.95,1231.0,200
2023-07-25 10:15:00+05:30,1231.0,1250.95,1228.15,1241.2,740
2023-07-25 11:15:00+05:30,1241.2,1245.0,1238.05,1244.0,237
2023-07-25 12:15:00+05:30,1244.0,1244.0,1231.6,1231.6,35
2023-07-25 13:15:00+05:30,1231.6,1240.05,1231.6,1240.0,242
2023-07-25 14:15:00+05:30,1240.0,1240.0,1231.6,1236.8,583
2023-07-25 15:15:00+05:30,1236.8,1240.0,1234.05,1240.0,170
2023-07-26 09:15:00+05:30,1250.0,1250.0,1229.95,1239.8,503
2023-07-26 10:15:00+05:30,1239.8,1243.0,1239.8,1240.5,292
2023-07-26 11:15:00+05:30,1240.5,1243.4,1240.0,1242.1,467
2023-07-26 12:15:00+05:30,1242.1,1244.4,1238.15,1241.85,338
2023-07-26 13:15:00+05:30,1241.85,1241.85,1238.9,1241.0,53
2023-07-26 14:15:00+05:30,1241.0,1241.0,1235.55,1236.0,165
2023-07-26 15:15:00+05:30,1235.55,1236.5,1235.55,1236.5,334
2023-07-27 09:15:00+05:30,1244.0,1244.0,1235.0,1240.85,199
2023-07-27 10:15:00+05:30,1240.85,1244.0,1238.2,1240.1,188
2023-07-27 11:15:00+05:30,1240.1,1243.05,1233.95,1243.05,230
2023-07-27 12:15:00+05:30,1243.05,1250.05,1240.45,1243.0,952
2023-07-27 13:15:00+05:30,1243.0,1245.4,1236.1,1243.05,116
2023-07-27 14:15:00+05:30,1243.05,1247.75,1241.05,1243.4,134
2023-07-27 15:15:00+05:30,1243.4,1250.0,1242.05,1250.0,144
2023-07-28 09:15:00+05:30,1249.95,1264.45,1245.0,1250.0,929
2023-07-28 10:15:00+05:30,1250.0,1250.0,1240.4,1249.4,68
2023-07-28 11:15:00+05:30,1249.4,1249.4,1232.3,1238.0,283
2023-07-28 12:15:00+05:30,1238.0,1239.1,1238.0,1239.1,7
2023-07-28 13:15:00+05:30,1239.1,1243.4,1234.0,1242.9,114
2023-07-28 14:15:00+05:30,1242.9,1244.95,1240.65,1241.1,90
2023-07-28 15:15:00+05:30,1241.1,1245.0,1240.05,1240.05,94
2023-07-31 09:15:00+05:30,1255.5,1255.5,1242.1,1244.55,542
2023-07-31 10:15:00+05:30,1244.55,1244.65,1235.0,1244.65,620
2023-07-31 11:15:00+05:30,1244.65,1249.95,1235.55,1247.15,423
2023-07-31 12:15:00+05:30,1247.15,1247.15,1240.55,1242.7,138
2023-07-31 13:15:00+05:30,1242.7,1247.9,1241.05,1243.0,175
2023-07-31 14:15:00+05:30,1243.55,1250.4,1239.05,1250.05,717
2023-07-31 15:15:00+05:30,1250.05,1260.0,1246.0,1254.0,435
2023-08-01 09:15:00+05:30,1267.0,1267.0,1254.05,1259.85,311
2023-08-01 10:15:00+05:30,1259.85,1260.1,1255.55,1257.0,403
2023-08-01 11:15:00+05:30,1257.0,1258.0,1249.6,1257.0,297
2023-08-01 12:15:00+05:30,1257.0,1258.4,1256.85,1257.05,426
2023-08-01 13:15:00+05:30,1257.05,1267.0,1257.05,1267.0,356
2023-08-01 14:15:00+05:30,1267.0,1267.0,1257.0,1261.7,426
2023-08-01 15:15:00+05:30,1261.7,1267.0,1261.7,1267.0,154
2023-08-02 09:15:00+05:30,1270.05,1270.05,1256.15,1260.0,231
2023-08-02 10:15:00+05:30,1260.0,1260.0,1250.05,1250.05,302
2023-08-02 11:15:00+05:30,1250.05,1253.3,1247.45,1250.95,423
2023-08-02 12:15:00+05:30,1250.95,1253.3,1250.95,1251.05,133
2023-08-02 13:15:00+05:30,1251.05,1251.05,1242.0,1244.1,230
2023-08-02 14:15:00+05:30,1244.1,1251.05,1242.8,1251.05,168
2023-08-02 15:15:00+05:30,1251.05,1268.0,1251.0,1268.0,410
2023-08-03 09:15:00+05:30,1269.5,1269.5,1241.0,1247.15,1360
2023-08-03 10:15:00+05:30,1247.15,1250.0,1244.9,1249.45,292
2023-08-03 11:15:00+05:30,1249.45,1253.0,1246.05,1253.0,318
2023-08-03 12:15:00+05:30,1253.0,1253.0,1247.05,1251.95,411
2023-08-03 13:15:00+05:30,1251.95,1251.95,1247.05,1249.15,425
2023-08-03 14:15:00+05:30,1249.15,1252.0,1246.25,1247.5,560
2023-08-03 15:15:00+05:30,1247.5,1252.5,1247.5,1252.3,555
2023-08-04 09:15:00+05:30,1224.0,1234.95,1204.55,1226.55,1460
2023-08-04 10:15:00+05:30,1226.55,1229.8,1225.0,1227.5,496
2023-08-04 11:15:00+05:30,1227.5,1229.0,1225.25,1225.3,456
2023-08-04 12:15:00+05:30,1225.3,1228.2,1225.25,1226.65,221
2023-08-04 13:15:00+05:30,1226.65,1228.0,1226.5,1226.5,223
2023-08-04 14:15:00+05:30,1226.5,1228.0,1223.25,1225.05,523
2023-08-04 15:15:00+05:30,1226.0,1226.75,1223.0,1223.25,216
2023-08-07 09:15:00+05:30,1230.0,1231.0,1200.0,1201.55,961
2023-08-07 10:15:00+05:30,1201.1,1223.15,1201.05,1221.55,843
2023-08-07 11:15:00+05:30,1221.55,1223.65,1206.4,1206.4,561
2023-08-07 12:15:00+05:30,1206.4,1212.9,1205.0,1210.45,354
2023-08-07 13:15:00+05:30,1210.45,1212.9,1210.05,1210.05,163
2023-08-07 14:15:00+05:30,1208.05,1212.0,1205.45,1205.5,351
2023-08-07 15:15:00+05:30,1205.5,1212.9,1205.5,1212.0,63
2023-08-08 09:15:00+05:30,1219.25,1219.25,1211.0,1212.6,375
2023-08-08 10:15:00+05:30,1212.6,1216.55,1211.1,1211.1,77
2023-08-08 11:15:00+05:30,1211.1,1215.05,1207.15,1213.4,176
2023-08-08 12:15:00+05:30,1213.4,1218.5,1213.4,1218.5,175
2023-08-08 13:15:00+05:30,1218.5,1219.85,1216.85,1216.85,85
2023-08-08 14:15:00+05:30,1216.85,1218.05,1215.8,1215.8,96
2023-08-08 15:15:00+05:30,1215.8,1219.9,1212.9,1219.9,97
2023-08-09 09:15:00+05:30,1220.9,1220.9,1216.1,1216.1,43
2023-08-09 10:15:00+05:30,1216.1,1220.0,1214.25,1214.25,152
2023-08-09 11:15:00+05:30,1214.25,1217.5,1214.25,1217.0,81
2023-08-09 12:15:00+05:30,1217.0,1217.0,1210.1,1212.65,284
2023-08-09 13:15:00+05:30,1212.65,1214.65,1212.55,1214.65,56
2023-08-09 14:15:00+05:30,1214.65,1225.0,1210.5,1223.4,336
2023-08-09 15:15:00+05:30,1223.4,1225.0,1215.05,1216.1,218
2023-08-10 09:15:00+05:30,1216.35,1225.1,1210.05,1210.05,395
2023-08-10 10:15:00+05:30,1210.05,1217.65,1210.05,1213.0,57
2023-08-10 11:15:00+05:30,1213.0,1336.65,1212.25,1298.95,21613
2023-08-10 12:15:00+05:30,1298.95,1298.95,1250.55,1266.0,5466
2023-08-10 13:15:00+05:30,1262.75,1270.85,1251.05,1251.05,2275
2023-08-10 14:15:00+05:30,1251.05,1255.0,1230.1,1255.0,3008
2023-08-10 15:15:00+05:30,1255.0,1255.0,1245.05,1245.1,1030
2023-08-11 09:15:00+05:30,1265.0,1265.0,1250.0,1252.95,1095
2023-08-11 10:15:00+05:30,1252.95,1253.0,1250.0,1251.1,449
2023-08-11 11:15:00+05:30,1251.1,1253.0,1250.0,1250.0,196
2023-08-11 12:15:00+05:30,1250.0,1250.25,1250.0,1250.25,100
2023-08-11 13:15:00+05:30,1250.25,1252.15,1250.0,1252.15,225
2023-08-11 14:15:00+05:30,1252.15,1253.95,1249.0,1249.0,320
2023-08-11 15:15:00+05:30,1249.0,1250.0,1242.0,1242.15,204
2023-08-14 09:15:00+05:30,1243.0,1243.0,1213.15,1232.3,449
2023-08-14 10:15:00+05:30,1232.3,1238.95,1230.05,1230.05,288
2023-08-14 11:15:00+05:30,1230.05,1237.4,1228.1,1236.95,275
2023-08-14 12:15:00+05:30,1236.95,1236.95,1222.95,1222.95,218
2023-08-14 13:15:00+05:30,1222.95,1226.1,1216.35,1216.35,338
2023-08-14 14:15:00+05:30,1216.35,1227.7,1216.0,1227.7,599
2023-08-14 15:15:00+05:30,1227.7,1227.7,1220.65,1227.3,222
2023-08-16 09:15:00+05:30,1228.5,1228.6,1225.05,1226.0,101
2023-08-16 10:15:00+05:30,1226.0,1228.0,1225.0,1228.0,304
2023-08-16 11:15:00+05:30,1228.7,1229.55,1225.1,1225.1,181
2023-08-16 12:15:00+05:30,1225.1,1229.85,1217.55,1218.85,143
2023-08-16 13:15:00+05:30,1218.85,1227.5,1216.0,1227.35,167
2023-08-16 14:15:00+05:30,1227.35,1227.35,1220.0,1223.05,107
2023-08-16 15:15:00+05:30,1223.05,1223.05,1219.25,1223.0,140
2023-08-17 09:15:00+05:30,1223.0,1223.75,1215.0,1218.45,103
2023-08-17 10:15:00+05:30,1218.45,1224.0,1211.05,1213.15,315
2023-08-17 11:15:00+05:30,1220.4,1220.4,1213.75,1216.3,87
2023-08-17 12:15:00+05:30,1216.3,1216.3,1213.75,1215.95,71
2023-08-17 13:15:00+05:30,1215.95,1217.0,1213.85,1217.0,40
2023-08-17 14:15:00+05:30,1217.0,1220.9,1217.0,1219.7,104
2023-08-17 15:15:00+05:30,1219.7,1219.7,1213.85,1213.85,160
2023-08-18 09:15:00+05:30,1213.05,1235.0,1200.0,1222.5,1313
2023-08-18 10:15:00+05:30,1222.5,1222.5,1220.5,1220.5,92
2023-08-18 11:15:00+05:30,1220.5,1250.9,1196.95,1209.9,2304
2023-08-18 12:15:00+05:30,1209.9,1215.3,1209.9,1213.0,125
2023-08-18 13:15:00+05:30,1213.0,1213.0,1201.25,1207.45,218
2023-08-18 14:15:00+05:30,1207.45,1210.15,1200.0,1204.7,221
2023-08-18 15:15:00+05:30,1204.7,1220.0,1198.5,1216.8,543
2023-08-21 09:15:00+05:30,1196.55,1209.8,1190.1,1195.0,610
2023-08-21 10:15:00+05:30,1195.0,1201.15,1192.7,1196.2,199
2023-08-21 11:15:00+05:30,1196.2,1201.0,1196.2,1196.25,392
2023-08-21 12:15:00+05:30,1196.25,1200.0,1196.25,1198.0,13
2023-08-21 13:15:00+05:30,1198.0,1201.0,1198.0,1200.95,234
2023-08-21 14:15:00+05:30,1200.95,1209.0,1200.25,1209.0,79
2023-08-21 15:15:00+05:30,1209.0,1209.7,1200.05,1209.0,115
2023-08-22 09:15:00+05:30,1222.0,1222.0,1204.95,1211.35,334
2023-08-22 10:15:00+05:30,1211.35,1212.55,1209.7,1209.7,15
2023-08-22 11:15:00+05:30,1209.7,1219.9,1209.7,1210.6,133
2023-08-22 12:15:00+05:30,1210.6,1216.4,1210.6,1213.65,23
2023-08-22 13:15:00+05:30,1213.65,1217.55,1213.65,1215.05,131
2023-08-22 14:15:00+05:30,1215.05,1219.45,1213.7,1214.35,194
2023-08-22 15:15:00+05:30,1214.35,1225.0,1192.0,1203.1,895
2023-08-23 09:15:00+05:30,1227.95,1249.9,1220.6,1220.6,259
2023-08-23 10:15:00+05:30,1220.6,1228.65,1213.6,1215.0,280
2023-08-23 11:15:00+05:30,1215.0,1221.85,1215.0,1219.1,101
2023-08-23 12:15:00+05:30,1219.1,1224.5,1219.0,1222.25,39
2023-08-23 13:15:00+05:30,1222.25,1230.0,1221.0,1224.05,218
2023-08-23 14:15:00+05:30,1224.05,1229.15,1221.0,1223.95,153
2023-08-23 15:15:00+05:30,1223.95,1226.0,1219.3,1219.5,51
2023-08-24 09:15:00+05:30,1220.0,1224.75,1219.85,1222.0,101
2023-08-24 10:15:00+05:30,1222.0,1224.75,1219.25,1220.9,154
2023-08-24 11:15:00+05:30,1220.9,1222.45,1216.2,1216.75,197
2023-08-24 12:15:00+05:30,1216.75,1223.0,1216.75,1219.0,168
2023-08-24 13:15:00+05:30,1219.0,1219.0,1219.0,1219.0,38
2023-08-24 14:15:00+05:30,1219.0,1220.15,1217.05,1217.05,49
2023-08-24 15:15:00+05:30,1217.05,1220.15,1217.05,1220.15,77
2023-08-25 09:15:00+05:30,1223.75,1225.05,1215.65,1215.7,152
2023-08-25 10:15:00+05:30,1215.7,1215.7,1195.75,1204.95,469
2023-08-25 11:15:00+05:30,1204.95,1212.7,1203.65,1212.7,151
2023-08-25 12:15:00+05:30,1212.7,1212.7,1206.75,1206.75,53
2023-08-25 13:15:00+05:30,1206.75,1210.0,1204.7,1210.0,89
2023-08-25 14:15:00+05:30,1210.0,1215.0,1202.45,1208.85,424
2023-08-25 15:15:00+05:30,1208.85,1214.3,1200.85,1201.0,358
2023-08-28 09:15:00+05:30,1224.1,1224.1,1201.1,1205.0,306
2023-08-28 10:15:00+05:30,1205.0,1208.8,1203.0,1207.6,159
2023-08-28 11:15:00+05:30,1207.6,1208.8,1203.0,1207.0,207
2023-08-28 12:15:00+05:30,1207.0,1207.0,1203.5,1206.2,38
2023-08-28 13:15:00+05:30,1206.2,1210.0,1205.75,1208.85,75
2023-08-28 14:15:00+05:30,1208.85,1215.75,1205.75,1215.6,300
2023-08-28 15:15:00+05:30,1215.6,1215.6,1207.0,1207.0,147
2023-08-29 09:15:00+05:30,1217.95,1217.95,1210.5,1213.95,131
2023-08-29 10:15:00+05:30,1213.95,1215.3,1213.95,1214.0,18
2023-08-29 11:15:00+05:30,1214.0,1216.6,1211.45,1211.9,86
2023-08-29 12:15:00+05:30,1211.9,1213.75,1211.1,1213.65,113
2023-08-29 13:15:00+05:30,1213.65,1216.2,1212.55,1212.55,90
2023-08-29 14:15:00+05:30,1212.55,1216.3,1212.55,1213.85,115
2023-08-29 15:15:00+05:30,1213.85,1216.5,1212.2,1216.5,67
2023-08-30 09:15:00+05:30,1214.95,1220.0,1200.0,1206.0,857
2023-08-30 10:15:00+05:30,1206.0,1207.75,1201.2,1204.5,566
2023-08-30 11:15:00+05:30,1204.5,1205.75,1198.8,1201.75,638
2023-08-30 12:15:00+05:30,1201.75,1204.45,1201.0,1202.4,113
2023-08-30 13:15:00+05:30,1202.4,1204.45,1199.0,1199.0,1167
2023-08-30 14:15:00+05:30,1199.0,1204.0,1198.0,1199.0,1680
2023-08-30 15:15:00+05:30,1199.0,1200.0,1195.1,1200.0,210
2023-08-31 09:15:00+05:30,1206.75,1210.0,1198.05,1203.05,148
2023-08-31 10:15:00+05:30,1203.1,1203.25,1201.5,1201.5,53
2023-08-31 11:15:00+05:30,1201.5,1205.5,1201.5,1205.5,73
2023-08-31 12:15:00+05:30,1204.95,1204.95,1196.8,1198.7,540
2023-08-31 13:15:00+05:30,1198.7,1198.7,1186.5,1190.0,656
2023-08-31 14:15:00+05:30,1190.0,1193.95,1190.0,1191.15,193
2023-08-31 15:15:00+05:30,1191.15,1194.05,1190.05,1191.0,179
2023-09-01 09:15:00+05:30,1190.0,1202.8,1190.0,1198.3,78
2023-09-01 10:15:00+05:30,1198.3,1198.3,1189.2,1192.0,301
2023-09-01 11:15:00+05:30,1192.0,1192.0,1189.8,1191.9,154
2023-09-01 12:15:00+05:30,1191.9,1196.5,1187.6,1190.85,515
2023-09-01 13:15:00+05:30,1190.85,1191.5,1190.85,1191.5,60
2023-09-01 14:15:00+05:30,1191.5,1192.9,1188.55,1190.0,1265
2023-09-01 15:15:00+05:30,1190.0,1192.95,1190.0,1190.0,178
2023-09-04 09:15:00+05:30,1190.1,1205.4,1184.0,1189.85,452
2023-09-04 10:15:00+05:30,1190.0,1190.0,1187.05,1188.0,210
2023-09-04 11:15:00+05:30,1188.0,1192.55,1187.25,1187.8,392
2023-09-04 12:15:00+05:30,1188.25,1192.9,1188.1,1190.5,762
2023-09-04 13:15:00+05:30,1190.0,1192.0,1190.0,1191.5,364
2023-09-04 14:15:00+05:30,1191.5,1199.05,1190.15,1195.15,1229
2023-09-04 15:15:00+05:30,1195.15,1195.15,1188.2,1188.2,128
2023-09-05 09:15:00+05:30,1192.05,1197.5,1190.0,1190.0,1067
2023-09-05 10:15:00+05:30,1190.0,1190.0,1188.2,1190.0,185
2023-09-05 11:15:00+05:30,1190.0,1191.55,1188.65,1190.0,657
2023-09-05 12:15:00+05:30,1190.0,1194.35,1189.0,1189.9,676
2023-09-05 13:15:00+05:30,1189.9,1190.2,1188.6,1188.6,239
2023-09-05 14:15:00+05:30,1188.6,1194.35,1188.1,1194.35,2443
2023-09-05 15:15:00+05:30,1194.35,1197.35,1193.1,1197.35,354
2023-09-06 09:15:00+05:30,1218.0,1218.0,1202.75,1206.95,814
2023-09-06 10:15:00+05:30,1206.95,1207.0,1203.95,1204.05,187
2023-09-06 11:15:00+05:30,1204.05,1214.4,1204.05,1211.2,514
2023-09-06 12:15:00+05:30,1211.2,1212.1,1209.95,1210.0,298
2023-09-06 13:15:00+05:30,1210.0,1225.0,1209.65,1216.7,660
2023-09-06 14:15:00+05:30,1216.7,1238.95,1214.15,1222.6,1591
2023-09-06 15:15:00+05:30,1222.6,1230.35,1222.6,1223.55,204
2023-09-07 09:15:00+05:30,1234.8,1235.2,1218.0,1220.85,526
2023-09-07 10:15:00+05:30,1220.85,1223.0,1218.0,1220.1,156
2023-09-07 11:15:00+05:30,1220.1,1222.35,1218.0,1218.15,115
2023-09-07 12:15:00+05:30,1218.05,1223.0,1218.05,1222.25,156
2023-09-07 13:15:00+05:30,1222.25,1224.5,1222.25,1224.5,82
2023-09-07 14:15:00+05:30,1224.5,1224.9,1222.4,1224.9,179
2023-09-07 15:15:00+05:30,1224.9,1227.5,1222.5,1222.5,114
2023-09-08 09:15:00+05:30,1225.55,1225.85,1211.1,1217.5,980
2023-09-08 10:15:00+05:30,1217.5,1219.9,1215.7,1217.65,26
2023-09-08 11:15:00+05:30,1217.65,1218.0,1215.3,1215.3,299
2023-09-08 12:15:00+05:30,1215.3,1217.6,1209.45,1212.35,497
2023-09-08 13:15:00+05:30,1212.35,1217.0,1209.55,1217.0,214
2023-09-08 14:15:00+05:30,1217.0,1217.9,1210.45,1210.5,198
2023-09-08 15:15:00+05:30,1210.5,1212.45,1210.0,1211.0,190
2023-09-11 09:15:00+05:30,1216.0,1224.0,1207.0,1215.65,616
2023-09-11 10:15:00+05:30,1215.65,1223.95,1215.65,1223.95,184
2023-09-11 11:15:00+05:30,1223.95,1223.95,1216.0,1216.0,1166
2023-09-11 12:15:00+05:30,1216.0,1219.5,1215.5,1215.65,186
2023-09-11 13:15:00+05:30,1215.65,1218.3,1215.5,1217.35,79
2023-09-11 14:15:00+05:30,1217.0,1218.0,1212.95,1212.95,354
2023-09-11 15:15:00+05:30,1212.95,1218.0,1211.55,1217.0,242
2023-09-12 09:15:00+05:30,1214.35,1220.15,1191.55,1205.0,988
2023-09-12 10:15:00+05:30,1205.0,1207.0,1194.25,1207.0,121
2023-09-12 11:15:00+05:30,1207.0,1207.0,1200.0,1200.0,141
2023-09-12 12:15:00+05:30,1198.0,1202.5,1190.9,1197.55,306
2023-09-12 13:15:00+05:30,1197.55,1204.9,1197.2,1202.05,86
2023-09-12 14:15:00+05:30,1202.05,1202.95,1195.0,1195.1,114
2023-09-12 15:15:00+05:30,1195.1,1199.0,1190.35,1192.0,170
2023-09-13 09:15:00+05:30,1203.05,1207.1,1184.0,1199.0,306
2023-09-13 10:15:00+05:30,1199.0,1199.0,1190.25,1190.25,201
2023-09-13 11:15:00+05:30,1190.25,1198.7,1190.05,1197.2,29
2023-09-13 12:15:00+05:30,1199.1,1200.0,1192.0,1196.0,114
2023-09-13 13:15:00+05:30,1196.0,1196.95,1186.35,1195.7,413
2023-09-13 14:15:00+05:30,1195.7,1195.7,1191.35,1193.0,69
2023-09-13 15:15:00+05:30,1193.0,1193.05,1190.1,1190.4,112
2023-09-14 09:15:00+05:30,1192.8,1202.65,1184.95,1192.85,638
2023-09-14 10:15:00+05:30,1192.85,1193.7,1190.0,1193.7,144
2023-09-14 11:15:00+05:30,1193.7,1197.0,1192.15,1194.0,124
2023-09-14 12:15:00+05:30,1193.05,1205.0,1191.0,1200.35,357
2023-09-14 13:15:00+05:30,1200.35,1200.35,1196.0,1196.0,112
2023-09-14 14:15:00+05:30,1196.0,1196.3,1185.0,1191.0,427
2023-09-14 15:15:00+05:30,1191.0,1202.65,1191.0,1195.0,277
2023-09-15 09:15:00+05:30,1180.0,1204.1,1180.0,1196.05,493
2023-09-15 10:15:00+05:30,1196.05,1205.1,1196.05,1198.7,1187
2023-09-15 11:15:00+05:30,1198.7,1198.7,1195.05,1197.0,20
2023-09-15 12:15:00+05:30,1197.0,1197.0,1192.0,1194.65,112
2023-09-15 13:15:00+05:30,1194.65,1196.0,1194.6,1194.65,101
2023-09-15 14:15:00+05:30,1194.65,1195.0,1187.8,1192.4,265
2023-09-15 15:15:00+05:30,1192.4,1192.45,1185.1,1188.0,241
2023-09-18 09:15:00+05:30,1192.05,1204.45,1186.0,1199.55,502
2023-09-18 10:15:00+05:30,1199.55,1204.45,1198.4,1198.5,148
2023-09-18 11:15:00+05:30,1198.5,1199.0,1198.35,1199.0,91
2023-09-18 12:15:00+05:30,1199.0,1199.0,1198.1,1198.85,24
2023-09-18 13:15:00+05:30,1198.85,1199.95,1198.85,1199.0,121
2023-09-18 14:15:00+05:30,1199.0,1202.0,1185.65,1188.6,276
2023-09-18 15:15:00+05:30,1188.6,1196.85,1188.45,1196.0,23
2023-09-20 09:15:00+05:30,1201.85,1201.85,1175.0,1184.35,1024
2023-09-20 10:15:00+05:30,1184.35,1190.0,1179.15,1179.75,603
2023-09-20 11:15:00+05:30,1179.75,1180.6,1177.55,1179.8,205
2023-09-20 12:15:00+05:30,1179.8,1180.0,1172.35,1177.15,485
2023-09-20 13:15:00+05:30,1177.15,1177.15,1173.1,1175.1,45
2023-09-20 14:15:00+05:30,1175.1,1179.7,1175.1,1178.6,49
2023-09-20 15:15:00+05:30,1178.6,1181.55,1178.1,1178.1,78
2023-09-21 09:15:00+05:30,1184.8,1192.9,1167.1,1188.3,834
2023-09-21 10:15:00+05:30,1188.3,1189.85,1184.15,1185.9,26
2023-09-21 11:15:00+05:30,1185.9,1189.0,1184.05,1186.05,57
2023-09-21 12:15:00+05:30,1186.05,1186.05,1175.05,1177.05,334
2023-09-21 13:15:00+05:30,1177.05,1180.9,1170.0,1173.9,344
2023-09-21 14:15:00+05:30,1173.9,1175.5,1168.2,1172.85,289
2023-09-21 15:15:00+05:30,1172.85,1175.5,1168.25,1168.35,77
2023-09-22 09:15:00+05:30,1186.4,1186.4,1153.1,1170.7,686
2023-09-22 10:15:00+05:30,1170.7,1174.9,1168.1,1170.0,172
2023-09-22 11:15:00+05:30,1170.0,1172.7,1170.0,1172.7,11
2023-09-22 12:15:00+05:30,1172.7,1174.95,1171.6,1171.95,16
2023-09-22 13:15:00+05:30,1171.95,1173.95,1171.95,1173.9,998
2023-09-22 14:15:00+05:30,1173.9,1173.9,1168.95,1168.95,211
2023-09-22 15:15:00+05:30,1168.95,1174.05,1155.0,1162.15,235
2023-09-25 09:15:00+05:30,1171.15,1171.15,1149.95,1163.2,193
2023-09-25 10:15:00+05:30,1163.2,1167.3,1158.1,1162.5,115
2023-09-25 11:15:00+05:30,1162.5,1163.25,1162.5,1163.25,41
2023-09-25 12:15:00+05:30,1163.25,1175.85,1163.25,1173.45,108
2023-09-25 13:15:00+05:30,1173.45,1175.5,1169.6,1169.6,60
2023-09-25 14:15:00+05:30,1169.6,1195.0,1147.15,1186.75,1377
2023-09-25 15:15:00+05:30,1186.75,1187.15,1155.1,1167.4,349
2023-09-26 09:15:00+05:30,1153.0,1178.85,1153.0,1174.35,43
2023-09-26 10:15:00+05:30,1174.35,1176.5,1160.15,1160.15,239
2023-09-26 11:15:00+05:30,1160.15,1168.3,1160.15,1168.3,34
2023-09-26 12:15:00+05:30,1168.3,1168.3,1168.0,1168.0,185
2023-09-26 13:15:00+05:30,1168.0,1170.8,1164.65,1170.45,198
2023-09-26 14:15:00+05:30,1170.45,1170.65,1166.35,1166.4,19
2023-09-26 15:15:00+05:30,1166.4,1170.0,1164.25,1170.0,207
2023-09-27 09:15:00+05:30,1171.8,1171.8,1150.2,1161.75,576
2023-09-27 10:15:00+05:30,1161.75,1166.0,1139.55,1147.85,1493
2023-09-27 11:15:00+05:30,1147.85,1156.45,1146.0,1154.9,198
2023-09-27 12:15:00+05:30,1154.9,1156.45,1151.05,1155.0,144
2023-09-27 13:15:00+05:30,1155.0,1156.45,1146.0,1151.5,287
2023-09-27 14:15:00+05:30,1151.5,1156.45,1150.05,1150.05,123
2023-09-27 15:15:00+05:30,1150.05,1155.75,1149.85,1155.75,503
2023-09-28 09:15:00+05:30,1163.5,1164.9,1150.5,1155.1,169
2023-09-28 10:15:00+05:30,1155.1,1162.8,1155.1,1162.5,83
2023-09-28 11:15:00+05:30,1164.3,1169.0,1162.5,1163.0,206
2023-09-28 12:15:00+05:30,1163.0,1165.7,1160.0,1160.0,390
2023-09-28 13:15:00+05:30,1160.0,1160.0,1153.05,1155.3,249
2023-09-28 14:15:00+05:30,1155.3,1157.0,1155.0,1157.0,45
2023-09-28 15:15:00+05:30,1157.0,1157.0,1150.85,1151.0,55
2023-09-29 09:15:00+05:30,1161.1,1161.1,1151.1,1152.5,90
2023-09-29 10:15:00+05:30,1152.5,1152.7,1150.0,1152.7,51
2023-09-29 11:15:00+05:30,1152.7,1169.1,1150.0,1169.0,312
2023-09-29 12:15:00+05:30,1169.0,1169.1,1150.15,1162.0,60
2023-09-29 13:15:00+05:30,1162.0,1164.55,1160.5,1163.8,165
2023-09-29 14:15:00+05:30,1163.8,1163.8,1156.0,1157.75,107
2023-09-29 15:15:00+05:30,1157.75,1160.0,1152.1,1160.0,172
2023-10-03 09:15:00+05:30,1151.1,1162.8,1151.1,1152.05,175
2023-10-03 10:15:00+05:30,1152.05,1166.05,1152.05,1158.55,17
2023-10-03 11:15:00+05:30,1158.45,1161.5,1152.5,1161.5,66
2023-10-03 12:15:00+05:30,1161.5,1161.5,1153.1,1156.75,18
2023-10-03 13:15:00+05:30,1156.75,1160.75,1154.0,1155.9,72
2023-10-03 14:15:00+05:30,1155.9,1159.95,1153.0,1153.0,98
2023-10-03 15:15:00+05:30,1153.0,1153.05,1153.0,1153.0,77
2023-10-04 09:15:00+05:30,1153.35,1163.0,1149.75,1160.15,201
2023-10-04 10:15:00+05:30,1160.15,1160.15,1151.9,1152.0,35
2023-10-04 11:15:00+05:30,1152.0,1152.0,1150.05,1151.95,93
2023-10-04 12:15:00+05:30,1151.95,1151.95,1143.0,1144.95,182
2023-10-04 13:15:00+05:30,1144.95,1149.65,1140.7,1147.0,96
2023-10-04 14:15:00+05:30,1147.0,1151.95,1147.0,1148.0,24
2023-10-04 15:15:00+05:30,1148.0,1155.95,1140.0,1140.0,186
2023-10-05 09:15:00+05:30,1151.2,1157.95,1149.1,1157.7,40
2023-10-05 10:15:00+05:30,1157.7,1157.7,1153.2,1155.5,50
2023-10-05 11:15:00+05:30,1155.5,1156.75,1154.05,1155.9,16
2023-10-05 12:15:00+05:30,1155.9,1156.85,1154.05,1155.05,42
2023-10-05 13:15:00+05:30,1155.05,1156.85,1155.05,1156.0,25
2023-10-05 14:15:00+05:30,1156.0,1156.9,1155.4,1155.4,229
2023-10-05 15:15:00+05:30,1155.4,1155.4,1149.0,1149.0,173
2023-10-06 09:15:00+05:30,1165.05,1166.75,1151.7,1155.1,41
2023-10-06 10:15:00+05:30,1155.1,1159.0,1150.0,1158.65,1168
2023-10-06 11:15:00+05:30,1158.65,1159.0,1156.8,1157.75,152
2023-10-06 12:15:00+05:30,1157.75,1158.05,1156.0,1158.05,54
2023-10-06 13:15:00+05:30,1158.05,1161.0,1158.05,1161.0,122
2023-10-06 14:15:00+05:30,1161.0,1161.0,1154.05,1154.05,189
2023-10-06 15:15:00+05:30,1154.05,1164.9,1154.05,1164.9,80
2023-10-09 09:15:00+05:30,1132.0,1160.0,1130.0,1153.05,527
2023-10-09 10:15:00+05:30,1153.05,1168.9,1153.05,1164.45,96
2023-10-09 11:15:00+05:30,1164.45,1164.45,1152.05,1155.0,154
2023-10-09 12:15:00+05:30,1155.0,1163.95,1151.1,1152.85,221
2023-10-09 13:15:00+05:30,1152.85,1152.85,1151.0,1151.25,12
2023-10-09 14:15:00+05:30,1151.25,1153.5,1150.05,1153.5,12
2023-10-09 15:15:00+05:30,1153.5,1155.0,1150.05,1155.0,120
2023-10-10 09:15:00+05:30,1165.05,1172.95,1156.05,1158.0,402
2023-10-10 10:15:00+05:30,1158.0,1166.0,1158.0,1166.0,135
2023-10-10 11:15:00+05:30,1166.0,1169.95,1161.5,1162.05,28
2023-10-10 12:15:00+05:30,1162.05,1163.85,1162.05,1162.15,7
2023-10-10 13:15:00+05:30,1162.15,1171.95,1162.05,1170.05,165
2023-10-10 14:15:00+05:30,1170.05,1171.95,1162.0,1166.85,340
2023-10-10 15:15:00+05:30,1166.85,1167.0,1159.0,1159.45,289
2023-10-11 09:15:00+05:30,1161.15,1177.0,1155.0,1176.6,255
2023-10-11 10:15:00+05:30,1176.6,1176.6,1166.0,1166.25,62
2023-10-11 11:15:00+05:30,1166.25,1169.45,1166.25,1168.8,13
2023-10-11 12:15:00+05:30,1168.8,1173.4,1168.8,1169.1,77
2023-10-11 13:15:00+05:30,1169.1,1171.2,1168.05,1168.15,45
2023-10-11 14:15:00+05:30,1168.15,1173.7,1168.05,1169.0,46
2023-10-11 15:15:00+05:30,1169.0,1171.05,1168.05,1169.0,167
2023-10-12 09:15:00+05:30,1170.6,1171.85,1162.0,1169.65,59
2023-10-12 10:15:00+05:30,1169.65,1195.0,1169.65,1194.0,1332
2023-10-12 11:15:00+05:30,1194.0,1194.0,1175.05,1180.55,164
2023-10-12 12:15:00+05:30,1180.55,1180.85,1175.0,1175.0,456
2023-10-12 13:15:00+05:30,1175.0,1175.0,1171.15,1174.95,18
2023-10-12 14:15:00+05:30,1174.95,1175.0,1170.35,1175.0,1336
2023-10-12 15:15:00+05:30,1175.0,1175.0,1170.45,1175.0,96
2023-10-13 09:15:00+05:30,1177.95,1177.95,1162.25,1169.9,359
2023-10-13 10:15:00+05:30,1169.9,1172.95,1160.0,1169.0,397
2023-10-13 11:15:00+05:30,1169.0,1174.0,1167.4,1170.95,49
2023-10-13 12:15:00+05:30,1170.95,1172.6,1167.5,1167.5,104
2023-10-13 13:15:00+05:30,1167.5,1175.0,1167.5,1171.5,56
2023-10-13 14:15:00+05:30,1171.5,1173.1,1167.45,1167.75,499
2023-10-13 15:15:00+05:30,1167.75,1175.4,1167.75,1175.4,46
2023-10-16 09:15:00+05:30,1172.0,1176.4,1167.85,1172.9,211
2023-10-16 10:15:00+05:30,1172.9,1173.6,1172.0,1172.0,176
2023-10-16 11:15:00+05:30,1170.0,1170.15,1170.0,1170.15,25
2023-10-16 12:15:00+05:30,1170.15,1183.0,1170.15,1178.0,77
2023-10-16 13:15:00+05:30,1178.0,1183.4,1178.0,1181.25,219
2023-10-16 14:15:00+05:30,1181.25,1183.5,1181.05,1181.05,147
2023-10-16 15:15:00+05:30,1181.05,1183.0,1181.0,1183.0,83
2023-10-17 09:15:00+05:30,1193.0,1193.0,1179.55,1179.9,105
2023-10-17 10:15:00+05:30,1179.9,1179.95,1168.6,1175.85,291
2023-10-17 11:15:00+05:30,1175.85,1177.3,1168.0,1171.85,148
2023-10-17 12:15:00+05:30,1171.85,1177.0,1168.0,1174.2,169
2023-10-17 13:15:00+05:30,1174.2,1178.95,1174.2,1178.1,23
2023-10-17 14:15:00+05:30,1178.1,1178.1,1173.1,1173.1,119
2023-10-17 15:15:00+05:30,1173.1,1174.9,1173.05,1174.9,43
2023-10-18 09:15:00+05:30,1159.0,1178.2,1159.0,1167.7,134
2023-10-18 10:15:00+05:30,1167.7,1169.0,1159.05,1159.05,145
2023-10-18 11:15:00+05:30,1159.05,1170.0,1159.05,1163.9,2183
2023-10-18 12:15:00+05:30,1163.9,1166.95,1162.15,1166.0,65
2023-10-18 13:15:00+05:30,1166.0,1170.55,1166.0,1170.4,19
2023-10-18 14:15:00+05:30,1170.35,1172.0,1166.0,1171.15,158
2023-10-18 15:15:00+05:30,1171.15,1173.0,1165.55,1165.55,45
2023-10-19 09:15:00+05:30,1168.6,1168.6,1156.95,1161.9,184
2023-10-19 10:15:00+05:30,1161.9,1165.0,1160.45,1164.95,70
2023-10-19 11:15:00+05:30,1164.95,1169.9,1161.0,1169.9,165
2023-10-19 12:15:00+05:30,1169.9,1169.9,1164.15,1165.85,13
2023-10-19 13:15:00+05:30,1165.85,1165.85,1162.65,1165.4,56
2023-10-19 14:15:00+05:30,1165.4,1165.4,1152.05,1155.0,719
2023-10-19 15:15:00+05:30,1155.0,1165.9,1155.0,1155.2,88
2023-10-20 09:15:00+05:30,1169.95,1170.1,1158.0,1161.7,175
2023-10-20 10:15:00+05:30,1161.7,1168.4,1161.7,1168.4,99
2023-10-20 11:15:00+05:30,1168.4,1170.0,1162.9,1170.0,71
2023-10-20 12:15:00+05:30,1170.0,1174.0,1168.75,1173.7,120
2023-10-20 13:15:00+05:30,1173.7,1174.0,1169.55,1173.9,193
2023-10-20 14:15:00+05:30,1173.9,1279.9,1173.9,1243.0,16990
2023-10-20 15:15:00+05:30,1243.0,1250.0,1225.0,1241.9,4043
2023-10-23 09:15:00+05:30,1328.95,1350.5,1272.05,1296.65,29884
2023-10-23 10:15:00+05:30,1296.65,1300.0,1283.1,1293.1,3479
2023-10-23 11:15:00+05:30,1296.95,1296.95,1284.0,1285.0,1552
2023-10-23 12:15:00+05:30,1285.0,1290.0,1280.0,1289.7,1102
2023-10-23 13:15:00+05:30,1289.7,1290.0,1270.0,1283.35,2788
2023-10-23 14:15:00+05:30,1282.35,1282.35,1251.0,1259.0,2667
2023-10-23 15:15:00+05:30,1259.0,1259.85,1230.0,1235.5,2209
2023-10-25 09:15:00+05:30,1250.3,1294.0,1250.3,1265.45,3311
2023-10-25 10:15:00+05:30,1265.45,1279.0,1262.2,1266.65,858
2023-10-25 11:15:00+05:30,1266.65,1272.95,1248.4,1248.85,835
2023-10-25 12:15:00+05:30,1248.85,1255.7,1230.0,1237.75,1088
2023-10-25 13:15:00+05:30,1237.75,1240.05,1219.0,1225.0,1923
2023-10-25 14:15:00+05:30,1225.0,1225.0,1213.65,1219.95,1729
2023-10-25 15:15:00+05:30,1219.95,1219.95,1212.9,1219.0,1142
2023-10-26 09:15:00+05:30,1218.3,1243.45,1189.55,1199.0,5699
2023-10-26 10:15:00+05:30,1199.0,1202.95,1176.1,1179.35,2557
2023-10-26 11:15:00+05:30,1179.35,1183.3,1172.0,1178.25,1494
2023-10-26 12:15:00+05:30,1179.95,1224.0,1175.0,1215.3,2550
2023-10-26 13:15:00+05:30,1215.3,1217.9,1204.9,1208.95,760
2023-10-26 14:15:00+05:30,1208.95,1220.95,1207.9,1216.85,606
2023-10-26 15:15:00+05:30,1216.85,1224.5,1199.1,1216.0,421
2023-10-27 09:15:00+05:30,1248.9,1260.0,1228.55,1237.65,1910
2023-10-27 10:15:00+05:30,1237.65,1271.05,1237.65,1263.2,2005
2023-10-27 11:15:00+05:30,1263.2,1265.0,1251.0,1257.9,714
2023-10-27 12:15:00+05:30,1257.9,1257.9,1249.05,1252.45,286
2023-10-27 13:15:00+05:30,1252.45,1253.0,1249.0,1249.0,563
2023-10-27 14:15:00+05:30,1249.0,1257.0,1240.45,1240.45,818
2023-10-27 15:15:00+05:30,1243.35,1250.0,1238.0,1250.0,662
2023-10-30 09:15:00+05:30,1271.1,1275.75,1246.55,1269.25,1367
2023-10-30 10:15:00+05:30,1269.25,1269.25,1263.05,1263.65,306
2023-10-30 11:15:00+05:30,1263.65,1269.9,1252.05,1257.15,1882
2023-10-30 12:15:00+05:30,1257.15,1269.0,1254.7,1267.1,822
2023-10-30 13:15:00+05:30,1267.1,1269.0,1267.05,1267.05,289
2023-10-30 14:15:00+05:30,1267.05,1268.0,1258.0,1258.05,692
2023-10-30 15:15:00+05:30,1258.05,1268.7,1258.0,1267.3,292
2023-10-31 09:15:00+05:30,1268.0,1275.8,1258.6,1262.05,600
2023-10-31 10:15:00+05:30,1261.7,1267.45,1251.0,1253.3,294
2023-10-31 11:15:00+05:30,1253.3,1269.95,1253.3,1261.3,71
2023-10-31 12:15:00+05:30,1261.3,1271.7,1260.0,1262.0,376
2023-10-31 13:15:00+05:30,1262.0,1266.0,1251.8,1258.55,5101
2023-10-31 14:15:00+05:30,1258.55,1269.75,1258.55,1267.4,212
2023-10-31 15:15:00+05:30,1267.4,1270.0,1264.1,1269.55,444
2023-11-01 09:15:00+05:30,1268.7,1274.95,1261.25,1267.65,486
2023-11-01 10:15:00+05:30,1267.65,1270.8,1264.05,1266.75,418
2023-11-01 11:15:00+05:30,1266.75,1268.65,1250.0,1266.1,812
2023-11-01 12:15:00+05:30,1266.1,1266.3,1264.35,1266.25,45
2023-11-01 13:15:00+05:30,1266.25,1266.25,1261.9,1264.5,42
2023-11-01 14:15:00+05:30,1264.5,1268.0,1237.95,1237.95,1058
2023-11-01 15:15:00+05:30,1237.95,1242.9,1220.0,1241.05,329
2023-11-02 09:15:00+05:30,1260.5,1268.95,1242.35,1256.75,359
2023-11-02 10:15:00+05:30,1256.75,1256.8,1249.75,1249.75,187
2023-11-02 11:15:00+05:30,1249.75,1255.0,1242.0,1242.45,332
2023-11-02 12:15:00+05:30,1242.45,1244.9,1242.0,1242.55,45
2023-11-02 13:15:00+05:30,1242.55,1250.9,1236.0,1239.9,582
2023-11-02 14:15:00+05:30,1239.9,1240.0,1225.95,1233.0,377
2023-11-02 15:15:00+05:30,1233.0,1247.8,1228.1,1239.0,156
2023-11-03 09:15:00+05:30,1251.9,1251.9,1206.75,1238.95,706
2023-11-03 10:15:00+05:30,1246.0,1246.0,1230.05,1235.05,238
2023-11-03 11:15:00+05:30,1235.05,1241.9,1230.1,1237.45,96
2023-11-03 12:15:00+05:30,1237.45,1240.45,1230.1,1237.4,224
2023-11-03 13:15:00+05:30,1237.4,1237.8,1232.7,1237.8,70
2023-11-03 14:15:00+05:30,1237.8,1241.9,1234.35,1241.9,511
2023-11-03 15:15:00+05:30,1241.9,1241.9,1234.0,1238.0,107
2023-11-06 09:15:00+05:30,1263.0,1263.0,1251.0,1260.0,1095
2023-11-06 10:15:00+05:30,1260.0,1260.0,1250.0,1259.05,230
2023-11-06 11:15:00+05:30,1253.65,1254.0,1245.3,1250.0,358
2023-11-06 12:15:00+05:30,1250.0,1255.5,1237.2,1252.35,1968
2023-11-06 13:15:00+05:30,1252.35,1252.35,1238.0,1248.0,240
2023-11-06 14:15:00+05:30,1248.0,1248.1,1239.4,1240.0,654
2023-11-06 15:15:00+05:30,1240.0,1249.95,1229.75,1246.8,526
2023-11-07 09:15:00+05:30,1239.75,1255.0,1239.75,1247.95,3167
2023-11-07 10:15:00+05:30,1247.95,1257.95,1245.1,1245.1,238
2023-11-07 11:15:00+05:30,1245.1,1256.0,1232.45,1256.0,1702
2023-11-07 12:15:00+05:30,1250.25,1256.95,1248.1,1251.25,221
2023-11-07 13:15:00+05:30,1251.25,1281.0,1251.25,1274.0,1827
2023-11-07 14:15:00+05:30,1274.0,1277.85,1245.0,1250.0,1497
2023-11-07 15:15:00+05:30,1250.0,1250.0,1240.0,1243.2,303
2023-11-08 09:15:00+05:30,1262.9,1264.55,1241.85,1256.2,554
2023-11-08 10:15:00+05:30,1256.2,1260.8,1254.5,1260.1,321
2023-11-08 11:15:00+05:30,1260.1,1267.0,1257.65,1259.5,290
2023-11-08 12:15:00+05:30,1259.5,1270.5,1251.0,1253.0,1321
2023-11-08 13:15:00+05:30,1253.0,1255.95,1251.4,1254.7,152
2023-11-08 14:15:00+05:30,1254.7,1254.7,1246.0,1248.1,162
2023-11-08 15:15:00+05:30,1248.1,1252.9,1248.1,1248.1,278
2023-11-09 09:15:00+05:30,1258.95,1258.95,1241.3,1245.0,508
2023-11-09 10:15:00+05:30,1245.0,1245.0,1210.0,1237.05,1937
2023-11-09 11:15:00+05:30,1237.05,1240.0,1231.45,1240.0,153
2023-11-09 12:15:00+05:30,1240.0,1275.0,1236.0,1259.0,3656
2023-11-09 13:15:00+05:30,1259.0,1263.0,1245.0,1250.6,311
2023-11-09 14:15:00+05:30,1250.6,1262.95,1244.0,1258.0,324
2023-11-09 15:15:00+05:30,1258.0,1258.0,1250.7,1257.0,263
2023-11-10 09:15:00+05:30,1268.0,1271.0,1251.15,1260.45,858
2023-11-10 10:15:00+05:30,1260.45,1260.7,1249.0,1250.6,1579
2023-11-10 11:15:00+05:30,1250.6,1251.55,1246.1,1246.1,810
2023-11-10 12:15:00+05:30,1246.1,1250.6,1241.0,1243.45,289
2023-11-10 13:15:00+05:30,1243.45,1245.0,1238.4,1239.2,348
2023-11-10 14:15:00+05:30,1239.2,1244.0,1238.0,1238.45,345
2023-11-10 15:15:00+05:30,1238.45,1250.0,1238.05,1250.0,527
2023-11-12 18:15:00+05:30,1250.0,1270.0,1235.15,1250.0,2114
2023-11-13 09:15:00+05:30,1246.3,1246.3,1234.6,1245.0,305
2023-11-13 10:15:00+05:30,1245.0,1246.45,1241.0,1242.2,3001
2023-11-13 11:15:00+05:30,1242.2,1248.2,1233.75,1248.2,676
2023-11-13 12:15:00+05:30,1248.2,1248.2,1242.1,1248.2,201
2023-11-13 13:15:00+05:30,1248.2,1258.0,1248.2,1249.9,203
2023-11-13 14:15:00+05:30,1249.9,1251.8,1238.0,1239.95,566
2023-11-13 15:15:00+05:30,1239.95,1240.0,1236.0,1236.0,595
2023-11-15 09:15:00+05:30,1250.0,1250.0,1230.0,1239.55,824
2023-11-15 10:15:00+05:30,1239.55,1253.5,1231.85,1233.0,1528
2023-11-15 11:15:00+05:30,1233.0,1245.0,1233.0,1243.5,1648
2023-11-15 12:15:00+05:30,1243.5,1244.95,1228.6,1230.0,1510
2023-11-15 13:15:00+05:30,1230.0,1230.0,1225.1,1229.15,1244
2023-11-15 14:15:00+05:30,1229.15,1230.0,1225.0,1229.9,504
2023-11-15 15:15:00+05:30,1229.9,1230.0,1228.55,1229.9,250
2023-11-16 09:15:00+05:30,1240.9,1240.9,1229.4,1235.65,223
2023-11-16 10:15:00+05:30,1235.65,1242.9,1231.0,1232.9,765
2023-11-16 11:15:00+05:30,1232.9,1245.0,1231.0,1237.9,350
2023-11-16 12:15:00+05:30,1237.9,1238.95,1231.05,1234.4,116
2023-11-16 13:15:00+05:30,1234.4,1239.95,1234.4,1239.95,28
2023-11-16 14:15:00+05:30,1239.95,1240.0,1233.5,1236.7,414
2023-11-16 15:15:00+05:30,1236.7,1239.95,1231.0,1231.0,353
2023-11-17 09:15:00+05:30,1242.1,1244.8,1229.95,1239.05,456
2023-11-17 10:15:00+05:30,1239.05,1242.25,1233.9,1235.95,237
2023-11-17 11:15:00+05:30,1235.95,1246.0,1235.0,1245.0,994
2023-11-17 12:15:00+05:30,1245.0,1245.5,1235.0,1240.55,723
2023-11-17 13:15:00+05:30,1240.55,1240.55,1235.15,1238.85,30
2023-11-17 14:15:00+05:30,1238.85,1238.85,1233.9,1233.9,189
2023-11-17 15:15:00+05:30,1233.9,1242.0,1230.0,1242.0,139
2023-11-20 09:15:00+05:30,1250.0,1250.0,1224.7,1227.5,839
2023-11-20 10:15:00+05:30,1227.5,1236.75,1227.5,1235.45,494
2023-11-20 11:15:00+05:30,1235.45,1235.5,1227.5,1234.4,1319
2023-11-20 12:15:00+05:30,1234.4,1239.85,1234.25,1239.25,523
2023-11-20 13:15:00+05:30,1239.25,1239.7,1234.55,1234.55,87
2023-11-20 14:15:00+05:30,1234.55,1241.0,1230.2,1241.0,472
2023-11-20 15:15:00+05:30,1241.0,1249.0,1239.2,1245.55,288
2023-11-21 09:15:00+05:30,1241.35,1265.0,1237.55,1247.25,3510
2023-11-21 10:15:00+05:30,1247.25,1247.25,1237.6,1238.0,210
2023-11-21 11:15:00+05:30,1238.0,1246.95,1227.05,1237.35,1793
2023-11-21 12:15:00+05:30,1237.35,1246.1,1233.5,1239.4,320
2023-11-21 13:15:00+05:30,1239.4,1245.5,1239.4,1245.5,103
2023-11-21 14:15:00+05:30,1245.5,1245.5,1232.0,1239.0,359
2023-11-21 15:15:00+05:30,1239.0,1239.9,1234.6,1234.6,74
2023-11-22 09:15:00+05:30,1244.7,1244.7,1230.1,1235.95,504
2023-11-22 10:15:00+05:30,1235.95,1235.95,1228.0,1232.9,280
2023-11-22 11:15:00+05:30,1232.9,1239.65,1228.0,1232.0,2080
2023-11-22 12:15:00+05:30,1232.0,1233.0,1230.1,1230.2,104
2023-11-22 13:15:00+05:30,1230.2,1245.1,1229.05,1236.05,877
2023-11-22 14:15:00+05:30,1236.05,1245.3,1236.05,1240.0,216
2023-11-22 15:15:00+05:30,1240.0,1244.95,1237.5,1244.95,240
2023-11-23 09:15:00+05:30,1242.5,1255.95,1232.1,1239.2,349
2023-11-23 10:15:00+05:30,1239.2,1239.95,1239.2,1239.2,15
2023-11-23 11:15:00+05:30,1239.2,1239.9,1239.2,1239.25,45
2023-11-23 12:15:00+05:30,1239.25,1240.0,1236.9,1236.9,126
2023-11-23 13:15:00+05:30,1236.9,1239.45,1234.1,1236.75,41
2023-11-23 14:15:00+05:30,1236.75,1236.75,1230.0,1231.45,323
2023-11-23 15:15:00+05:30,1231.45,1233.85,1230.05,1233.0,90
2023-11-24 09:15:00+05:30,1237.3,1242.55,1230.0,1240.0,208
2023-11-24 10:15:00+05:30,1240.05,1240.05,1225.0,1231.85,361
2023-11-24 11:15:00+05:30,1231.85,1236.4,1230.0,1232.5,368
2023-11-24 12:15:00+05:30,1232.5,1235.9,1226.05,1231.0,164
2023-11-24 13:15:00+05:30,1231.0,1237.0,1228.1,1232.65,180
2023-11-24 14:15:00+05:30,1232.65,1236.45,1226.05,1226.05,222
2023-11-24 15:15:00+05:30,1226.05,1234.8,1226.05,1234.8,147
2023-11-28 09:15:00+05:30,1242.0,1242.0,1218.05,1222.95,1760
2023-11-28 10:15:00+05:30,1222.95,1233.8,1221.75,1226.85,719
2023-11-28 11:15:00+05:30,1226.85,1239.0,1222.05,1229.65,1113
2023-11-28 12:15:00+05:30,1229.65,1230.0,1225.8,1230.0,62
2023-11-28 13:15:00+05:30,1230.0,1232.05,1230.0,1230.0,391
2023-11-28 14:15:00+05:30,1230.0,1234.0,1225.0,1227.5,115
2023-11-28 15:15:00+05:30,1227.5,1230.9,1220.45,1220.5,265
2023-11-29 09:15:00+05:30,1223.95,1230.0,1223.1,1225.0,151
2023-11-29 10:15:00+05:30,1228.15,1238.8,1225.05,1230.1,3139
2023-11-29 11:15:00+05:30,1230.6,1230.6,1226.0,1226.0,71
2023-11-29 12:15:00+05:30,1226.0,1227.9,1226.0,1226.15,6
2023-11-29 13:15:00+05:30,1226.15,1227.6,1225.0,1227.6,251
2023-11-29 14:15:00+05:30,1227.6,1230.4,1223.3,1230.4,473
2023-11-29 15:15:00+05:30,1230.4,1230.4,1227.1,1227.1,279
2023-11-30 09:15:00+05:30,1239.05,1239.05,1220.0,1222.5,367
2023-11-30 10:15:00+05:30,1222.5,1229.0,1218.65,1228.8,1478
2023-11-30 11:15:00+05:30,1228.8,1228.8,1219.9,1226.35,381
2023-11-30 12:15:00+05:30,1226.35,1226.8,1221.3,1226.65,180
2023-11-30 13:15:00+05:30,1226.65,1226.7,1220.6,1220.7,245
2023-11-30 14:15:00+05:30,1220.7,1225.0,1220.7,1222.0,155
2023-11-30 15:15:00+05:30,1222.0,1224.9,1218.0,1218.0,185
2023-12-01 09:15:00+05:30,1240.85,1240.85,1217.2,1226.4,312
2023-12-01 10:15:00+05:30,1226.4,1232.95,1222.0,1225.95,236
2023-12-01 11:15:00+05:30,1225.95,1233.95,1225.0,1229.55,137
2023-12-01 12:15:00+05:30,1229.55,1232.1,1223.0,1228.7,451
2023-12-01 13:15:00+05:30,1228.7,1228.9,1226.45,1227.1,61
2023-12-01 14:15:00+05:30,1227.1,1230.0,1227.1,1229.2,86
2023-12-01 15:15:00+05:30,1229.2,1229.8,1227.7,1229.7,185
2023-12-04 09:15:00+05:30,1247.75,1251.85,1226.0,1232.0,642
2023-12-04 10:15:00+05:30,1232.0,1237.4,1229.95,1233.65,631
2023-12-04 11:15:00+05:30,1233.65,1235.6,1230.9,1231.4,172
2023-12-04 12:15:00+05:30,1231.4,1239.9,1231.4,1238.4,169
2023-12-04 13:15:00+05:30,1238.4,1238.5,1233.1,1237.05,230
2023-12-04 14:15:00+05:30,1237.0,1237.05,1233.1,1236.8,417
2023-12-04 15:15:00+05:30,1236.8,1237.55,1235.05,1236.9,380
2023-12-05 09:15:00+05:30,1250.0,1255.95,1228.1,1234.2,1040
2023-12-05 10:15:00+05:30,1234.2,1234.2,1225.85,1228.4,664
2023-12-05 11:15:00+05:30,1228.4,1230.85,1225.0,1229.0,291
2023-12-05 12:15:00+05:30,1229.0,1231.85,1227.25,1230.0,522
2023-12-05 13:15:00+05:30,1230.0,1231.0,1229.95,1230.05,151
2023-12-05 14:15:00+05:30,1230.05,1231.35,1228.0,1230.05,895
2023-12-05 15:15:00+05:30,1230.05,1231.0,1228.5,1230.0,336
2023-12-06 09:15:00+05:30,1225.0,1238.05,1224.05,1233.9,882
2023-12-06 10:15:00+05:30,1233.9,1234.0,1229.1,1233.0,3496
2023-12-06 11:15:00+05:30,1233.0,1235.0,1224.05,1233.8,1344
2023-12-06 12:15:00+05:30,1233.8,1234.95,1228.75,1230.0,214
2023-12-06 13:15:00+05:30,1230.0,1232.1,1228.15,1230.0,698
2023-12-06 14:15:00+05:30,1230.0,1232.95,1227.6,1230.8,1224
2023-12-06 15:15:00+05:30,1230.8,1233.7,1226.1,1233.7,117
2023-12-07 09:15:00+05:30,1232.7,1246.95,1225.05,1228.75,1051
2023-12-07 10:15:00+05:30,1228.75,1229.65,1221.65,1221.65,1035
2023-12-07 11:15:00+05:30,1221.65,1228.65,1221.65,1224.95,639
2023-12-07 12:15:00+05:30,1224.95,1227.0,1222.0,1227.0,377
2023-12-07 13:15:00+05:30,1227.0,1229.0,1226.1,1226.1,231
2023-12-07 14:15:00+05:30,1226.1,1226.5,1220.0,1221.8,671
2023-12-07 15:15:00+05:30,1221.8,1226.0,1221.75,1224.9,608
2023-12-08 09:15:00+05:30,1206.25,1231.95,1206.25,1222.9,988
2023-12-08 10:15:00+05:30,1222.9,1225.0,1222.55,1222.55,1183
2023-12-08 11:15:00+05:30,1222.55,1224.95,1222.4,1223.3,44
2023-12-08 12:15:00+05:30,1223.3,1225.0,1216.35,1219.25,560
2023-12-08 13:15:00+05:30,1219.25,1312.95,1215.25,1296.1,13020
2023-12-08 14:15:00+05:30,1296.1,1324.8,1256.05,1260.0,26882
2023-12-08 15:15:00+05:30,1260.0,1277.8,1260.0,1270.0,2403
2023-12-11 09:15:00+05:30,1309.95,1500.0,1309.95,1434.6,95917
2023-12-11 10:15:00+05:30,1434.6,1450.0,1425.0,1439.25,14422
2023-12-11 11:15:00+05:30,1439.25,1448.65,1430.0,1437.55,9706
2023-12-11 12:15:00+05:30,1435.0,1490.0,1428.05,1488.55,24015
2023-12-11 13:15:00+05:30,1488.55,1522.0,1451.0,1503.8,47915
2023-12-11 14:15:00+05:30,1500.0,1522.1,1465.95,1522.1,55705
2023-12-11 15:15:00+05:30,1522.1,1522.1,1522.1,1522.1,953
2023-12-12 09:15:00+05:30,1590.0,1626.7,1543.65,1585.55,115859
2023-12-12 10:15:00+05:30,1584.7,1590.0,1557.75,1587.0,21038
2023-12-12 11:15:00+05:30,1587.0,1587.0,1560.55,1574.0,7447
2023-12-12 12:15:00+05:30,1574.95,1574.95,1450.05,1489.85,44797
2023-12-12 13:15:00+05:30,1489.85,1529.6,1480.0,1517.0,14155
2023-12-12 14:15:00+05:30,1515.15,1516.85,1463.25,1470.95,12302
2023-12-12 15:15:00+05:30,1471.0,1471.0,1441.55,1450.0,14410
2023-12-13 09:15:00+05:30,1462.95,1477.1,1446.25,1464.0,13718
2023-12-13 10:15:00+05:30,1464.0,1497.5,1461.55,1481.5,8746
2023-12-13 11:15:00+05:30,1481.5,1503.4,1465.6,1503.15,15895
2023-12-13 12:15:00+05:30,1503.15,1565.0,1488.1,1499.0,16479
2023-12-13 13:15:00+05:30,1499.0,1507.05,1497.5,1504.0,1151
2023-12-13 14:15:00+05:30,1504.0,1504.9,1493.4,1502.0,1994
2023-12-13 15:15:00+05:30,1502.0,1524.0,1500.2,1501.5,4921
2023-12-14 09:15:00+05:30,1505.15,1540.0,1483.8,1496.3,7994
2023-12-14 10:15:00+05:30,1496.3,1506.55,1485.05,1494.35,7077
2023-12-14 11:15:00+05:30,1494.35,1496.0,1485.0,1488.35,3640
2023-12-14 12:15:00+05:30,1488.35,1491.5,1485.0,1489.0,689
2023-12-14 13:15:00+05:30,1488.0,1488.55,1484.0,1486.05,619
2023-12-14 14:15:00+05:30,1486.05,1486.05,1473.0,1473.5,1519
2023-12-14 15:15:00+05:30,1473.5,1480.2,1462.15,1463.65,2139
2023-12-15 09:15:00+05:30,1488.75,1491.55,1466.05,1469.0,3163
2023-12-15 10:15:00+05:30,1469.0,1470.25,1454.45,1455.0,1514
2023-12-15 11:15:00+05:30,1453.8,1453.85,1431.1,1433.15,1945
2023-12-15 12:15:00+05:30,1433.15,1439.95,1430.0,1437.2,998
2023-12-15 13:15:00+05:30,1437.2,1443.85,1435.75,1438.4,519
2023-12-15 14:15:00+05:30,1438.4,1487.9,1438.4,1481.1,4977
2023-12-15 15:15:00+05:30,1481.1,1484.05,1465.05,1476.0,2969
2023-12-18 09:15:00+05:30,1495.0,1495.0,1467.4,1488.05,2288
2023-12-18 10:15:00+05:30,1486.55,1495.0,1486.55,1490.0,767
2023-12-18 11:15:00+05:30,1490.0,1490.4,1485.2,1487.5,566
2023-12-18 12:15:00+05:30,1487.5,1489.95,1479.4,1480.85,208
2023-12-18 13:15:00+05:30,1480.85,1480.85,1457.0,1463.0,1467
2023-12-18 14:15:00+05:30,1463.0,1463.0,1447.0,1447.0,1735
2023-12-18 15:15:00+05:30,1447.0,1466.7,1435.4,1450.0,1091
2023-12-19 09:15:00+05:30,1450.05,1466.95,1440.05,1442.45,1448
2023-12-19 10:15:00+05:30,1442.45,1450.35,1432.55,1447.65,1004
2023-12-19 11:15:00+05:30,1447.65,1451.5,1444.55,1450.45,3900
2023-12-19 12:15:00+05:30,1450.45,1450.45,1440.05,1440.45,452
2023-12-19 13:15:00+05:30,1440.45,1444.6,1438.1,1441.5,181
2023-12-19 14:15:00+05:30,1441.5,1445.85,1430.2,1430.2,437
2023-12-19 15:15:00+05:30,1430.2,1439.6,1417.95,1439.5,1786
2023-12-20 09:15:00+05:30,1428.1,1439.8,1428.1,1436.95,936
2023-12-20 10:15:00+05:30,1436.95,1437.0,1416.65,1420.5,1205
2023-12-20 11:15:00+05:30,1420.5,1420.5,1406.6,1408.95,1310
2023-12-20 12:15:00+05:30,1408.95,1410.6,1395.6,1398.65,2503
2023-12-20 13:15:00+05:30,1398.65,1398.65,1375.0,1376.5,2244
2023-12-20 14:15:00+05:30,1378.65,1393.95,1375.0,1378.0,2293
2023-12-20 15:15:00+05:30,1378.0,1380.95,1374.35,1380.8,1050
2023-12-21 09:15:00+05:30,1358.35,1396.45,1341.25,1389.55,1522
2023-12-21 10:15:00+05:30,1389.55,1394.95,1377.5,1381.8,833
2023-12-21 11:15:00+05:30,1381.8,1395.0,1381.1,1390.35,245
2023-12-21 12:15:00+05:30,1390.35,1390.35,1372.55,1377.4,436
2023-12-21 13:15:00+05:30,1377.4,1377.4,1370.0,1374.95,169
2023-12-21 14:15:00+05:30,1374.95,1381.0,1374.0,1381.0,1069
2023-12-21 15:15:00+05:30,1381.0,1409.75,1375.0,1400.0,926
2023-12-22 09:15:00+05:30,1385.2,1425.0,1385.2,1420.0,2752
2023-12-22 10:15:00+05:30,1420.0,1435.0,1417.7,1422.0,1347
2023-12-22 11:15:00+05:30,1422.0,1422.0,1410.0,1415.4,731
2023-12-22 12:15:00+05:30,1415.4,1418.95,1398.7,1404.2,1391
2023-12-22 13:15:00+05:30,1404.2,1405.3,1395.85,1398.45,294
2023-12-22 14:15:00+05:30,1398.45,1400.45,1390.0,1395.0,533
2023-12-22 15:15:00+05:30,1395.0,1411.0,1391.0,1411.0,1039
2023-12-26 09:15:00+05:30,1416.65,1440.5,1408.1,1432.45,2511
2023-12-26 10:15:00+05:30,1432.45,1447.0,1426.75,1433.0,2296
2023-12-26 11:15:00+05:30,1433.0,1435.75,1415.0,1432.05,1964
2023-12-26 12:15:00+05:30,1432.05,1441.45,1432.05,1437.0,1136
2023-12-26 13:15:00+05:30,1435.85,1436.9,1413.0,1413.0,2251
2023-12-26 14:15:00+05:30,1414.0,1429.85,1413.95,1426.0,718
2023-12-26 15:15:00+05:30,1426.0,1429.85,1420.25,1421.0,286
2023-12-27 09:15:00+05:30,1450.0,1490.95,1448.5,1473.15,16149
2023-12-27 10:15:00+05:30,1475.45,1479.7,1462.05,1466.9,5975
2023-12-27 11:15:00+05:30,1466.9,1468.45,1458.05,1463.9,1596
2023-12-27 12:15:00+05:30,1463.9,1463.9,1445.0,1447.8,1403
2023-12-27 13:15:00+05:30,1447.8,1447.8,1441.2,1441.2,704
2023-12-27 14:15:00+05:30,1440.0,1444.4,1431.0,1444.0,3926
2023-12-27 15:15:00+05:30,1444.0,1450.95,1440.0,1450.95,688
2023-12-28 09:15:00+05:30,1448.65,1448.65,1425.1,1427.6,695
2023-12-28 10:15:00+05:30,1427.6,1436.65,1425.2,1426.8,549
2023-12-28 11:15:00+05:30,1426.8,1447.0,1425.1,1441.55,4136
2023-12-28 12:15:00+05:30,1441.55,1443.0,1427.5,1430.25,506
2023-12-28 13:15:00+05:30,1430.25,1442.9,1425.05,1439.7,804
2023-12-28 14:15:00+05:30,1439.7,1440.6,1425.0,1426.65,1646
2023-12-28 15:15:00+05:30,1426.65,1430.6,1422.0,1430.0,1305
2023-12-29 09:15:00+05:30,1427.65,1427.65,1417.0,1419.3,246
2023-12-29 10:15:00+05:30,1419.3,1422.0,1418.0,1421.75,256
2023-12-29 11:15:00+05:30,1421.75,1421.95,1417.55,1421.2,197
2023-12-29 12:15:00+05:30,1421.2,1433.9,1415.0,1433.9,484
2023-12-29 13:15:00+05:30,1433.9,1443.7,1430.0,1436.0,646
2023-12-29 14:15:00+05:30,1436.0,1448.0,1428.15,1448.0,1569
2023-12-29 15:15:00+05:30,1448.0,1448.0,1440.1,1440.1,620
2024-01-01 09:15:00+05:30,1432.1,1467.3,1432.1,1452.0,1584
2024-01-01 10:15:00+05:30,1452.0,1465.0,1450.75,1460.85,1668
2024-01-01 11:15:00+05:30,1460.85,1462.45,1455.15,1460.65,549
2024-01-01 12:15:00+05:30,1460.65,1460.65,1455.0,1457.0,536
2024-01-01 13:15:00+05:30,1457.0,1467.9,1450.05,1458.45,1152
2024-01-01 14:15:00+05:30,1458.45,1466.0,1458.45,1465.75,448
2024-01-01 15:15:00+05:30,1465.75,1475.0,1425.0,1446.0,930
2024-01-02 09:15:00+05:30,1468.9,1471.45,1458.0,1460.0,673
2024-01-02 10:15:00+05:30,1460.0,1465.0,1420.05,1443.0,12597
2024-01-02 11:15:00+05:30,1441.0,1452.45,1434.05,1446.05,362
2024-01-02 12:15:00+05:30,1446.05,1453.85,1445.5,1450.2,118
2024-01-02 13:15:00+05:30,1450.2,1453.0,1442.45,1446.75,899
2024-01-02 14:15:00+05:30,1446.75,1448.9,1434.1,1443.3,424
2024-01-02 15:15:00+05:30,1443.3,1466.2,1440.05,1451.75,460
2024-01-03 09:15:00+05:30,1435.0,1469.05,1419.05,1434.35,1682
2024-01-03 10:15:00+05:30,1434.35,1457.6,1429.1,1434.0,5467
2024-01-03 11:15:00+05:30,1434.0,1452.95,1427.35,1436.0,866
2024-01-03 12:15:00+05:30,1436.0,1436.2,1429.55,1435.95,147
2024-01-03 13:15:00+05:30,1435.95,1445.15,1432.55,1439.25,1206
2024-01-03 14:15:00+05:30,1439.25,1441.45,1425.0,1426.25,1347
2024-01-03 15:15:00+05:30,1426.25,1434.0,1425.2,1434.0,470
2024-01-04 09:15:00+05:30,1440.3,1450.0,1439.45,1450.0,955
2024-01-04 10:15:00+05:30,1450.0,1463.95,1435.25,1444.0,2504
2024-01-04 11:15:00+05:30,1444.0,1452.2,1430.5,1441.45,4287
2024-01-04 12:15:00+05:30,1441.45,1450.8,1441.45,1444.0,221
2024-01-04 13:15:00+05:30,1444.0,1450.45,1439.0,1450.45,278
2024-01-04 14:15:00+05:30,1450.45,1450.45,1440.0,1447.7,551
2024-01-04 15:15:00+05:30,1447.7,1450.75,1441.75,1447.25,564
2024-01-05 09:15:00+05:30,1447.95,1456.0,1433.0,1449.0,1204
2024-01-05 10:15:00+05:30,1449.0,1450.3,1439.85,1441.75,487
2024-01-05 11:15:00+05:30,1441.75,1447.45,1419.95,1437.75,3867
2024-01-05 12:15:00+05:30,1435.25,1441.05,1427.0,1432.5,1317
2024-01-05 13:15:00+05:30,1432.5,1433.7,1413.15,1425.05,914
2024-01-05 14:15:00+05:30,1425.05,1429.5,1425.0,1425.95,500
2024-01-05 15:15:00+05:30,1425.95,1448.9,1425.0,1442.0,1245
2024-01-08 09:15:00+05:30,1420.0,1550.0,1420.0,1512.05,9131
2024-01-08 10:15:00+05:30,1512.05,1549.8,1481.0,1519.9,20420
2024-01-08 11:15:00+05:30,1519.9,1524.9,1490.2,1514.0,16217
2024-01-08 12:15:00+05:30,1514.5,1514.5,1495.0,1498.0,742
2024-01-08 13:15:00+05:30,1498.0,1505.95,1490.0,1498.6,934
2024-01-08 14:15:00+05:30,1498.6,1515.0,1491.05,1503.3,1588
2024-01-08 15:15:00+05:30,1503.3,1509.95,1490.0,1500.0,2278
2024-01-09 09:15:00+05:30,1510.0,1537.45,1490.0,1493.75,4512
2024-01-09 10:15:00+05:30,1493.75,1507.4,1490.1,1490.1,1424
2024-01-09 11:15:00+05:30,1490.1,1495.45,1490.0,1491.85,139
2024-01-09 12:15:00+05:30,1491.85,1496.95,1480.0,1485.1,1253
2024-01-09 13:15:00+05:30,1485.1,1494.85,1480.55,1488.0,645
2024-01-09 14:15:00+05:30,1488.0,1488.0,1470.0,1470.0,1554
2024-01-09 15:15:00+05:30,1470.0,1477.0,1460.0,1477.0,758
2024-01-10 09:15:00+05:30,1469.95,1492.05,1460.05,1481.6,1086
2024-01-10 10:15:00+05:30,1481.6,1489.45,1474.3,1476.95,523
2024-01-10 11:15:00+05:30,1476.95,1481.95,1471.55,1471.55,232
2024-01-10 12:15:00+05:30,1471.55,1472.95,1465.0,1467.55,334
2024-01-10 13:15:00+05:30,1467.55,1472.9,1467.55,1470.15,116
2024-01-10 14:15:00+05:30,1470.15,1472.9,1463.65,1467.9,1209
2024-01-10 15:15:00+05:30,1467.9,1470.9,1463.4,1463.5,175
2024-01-11 09:15:00+05:30,1467.45,1477.0,1461.3,1464.05,706
2024-01-11 10:15:00+05:30,1464.05,1472.9,1462.0,1466.3,714
2024-01-11 11:15:00+05:30,1466.3,1472.9,1464.1,1466.05,168
2024-01-11 12:15:00+05:30,1466.05,1468.7,1460.0,1461.1,844
2024-01-11 13:15:00+05:30,1461.1,1463.15,1458.0,1458.5,396
2024-01-11 14:15:00+05:30,1458.5,1470.0,1458.5,1470.0,347
2024-01-11 15:15:00+05:30,1470.0,1470.0,1468.0,1470.0,205
2024-01-12 09:15:00+05:30,1490.75,1490.75,1465.55,1470.05,1041
2024-01-12 10:15:00+05:30,1470.05,1475.95,1465.1,1468.5,2728
2024-01-12 11:15:00+05:30,1468.5,1473.0,1464.95,1464.95,365
2024-01-12 12:15:00+05:30,1464.95,1473.25,1460.15,1460.15,531
2024-01-12 13:15:00+05:30,1460.15,1467.0,1460.15,1462.0,216
2024-01-12 14:15:00+05:30,1462.0,1485.9,1461.95,1479.0,1707
2024-01-12 15:15:00+05:30,1479.0,1480.65,1475.0,1475.0,222
2024-01-15 09:15:00+05:30,1474.0,1507.05,1468.55,1477.05,2621
2024-01-15 10:15:00+05:30,1477.05,1502.95,1474.8,1488.5,1746
2024-01-15 11:15:00+05:30,1488.5,1503.0,1485.1,1493.9,1519
2024-01-15 12:15:00+05:30,1493.9,1498.0,1490.05,1493.95,242
2024-01-15 13:15:00+05:30,1493.75,1498.0,1490.0,1494.0,684
2024-01-15 14:15:00+05:30,1494.0,1499.95,1490.0,1493.0,711
2024-01-15 15:15:00+05:30,1493.0,1497.0,1490.0,1496.9,757
2024-01-16 09:15:00+05:30,1493.1,1515.0,1486.6,1490.0,1300
2024-01-16 10:15:00+05:30,1490.0,1504.4,1490.0,1495.0,683
2024-01-16 11:15:00+05:30,1495.0,1500.0,1490.05,1496.0,458
2024-01-16 12:15:00+05:30,1496.0,1496.0,1475.0,1475.0,1136
2024-01-16 13:15:00+05:30,1475.0,1479.9,1470.5,1475.1,409
2024-01-16 14:15:00+05:30,1475.1,1489.45,1475.1,1480.0,463
2024-01-16 15:15:00+05:30,1480.0,1485.0,1477.0,1482.2,625
2024-01-17 09:15:00+05:30,1482.2,1482.2,1464.05,1468.55,674
2024-01-17 10:15:00+05:30,1468.55,1472.8,1464.1,1465.45,362
2024-01-17 11:15:00+05:30,1465.45,1469.0,1454.6,1455.95,436
2024-01-17 12:15:00+05:30,1455.95,1458.0,1433.1,1440.0,1857
2024-01-17 13:15:00+05:30,1440.0,1444.9,1428.5,1437.25,1523
2024-01-17 14:15:00+05:30,1437.25,1441.35,1433.5,1437.0,411
2024-01-17 15:15:00+05:30,1437.0,1450.0,1427.3,1435.0,1430
2024-01-18 09:15:00+05:30,1445.7,1455.7,1402.35,1427.95,1576
2024-01-18 10:15:00+05:30,1427.95,1438.45,1419.05,1437.2,427
2024-01-18 11:15:00+05:30,1437.2,1446.95,1435.7,1446.9,2724
2024-01-18 12:15:00+05:30,1447.0,1450.6,1441.5,1441.5,209
2024-01-18 13:15:00+05:30,1441.5,1459.0,1441.5,1452.0,271
2024-01-18 14:15:00+05:30,1451.05,1451.05,1438.6,1445.55,732
2024-01-18 15:15:00+05:30,1445.55,1449.5,1435.8,1449.5,214
2024-01-19 09:15:00+05:30,1447.55,1462.75,1447.0,1456.0,769
2024-01-19 10:15:00+05:30,1456.0,1457.0,1450.6,1450.6,116
2024-01-19 11:15:00+05:30,1447.0,1552.75,1442.0,1538.0,11533
2024-01-19 12:15:00+05:30,1537.05,1540.8,1503.05,1520.0,7377
2024-01-19 13:15:00+05:30,1520.0,1525.4,1490.0,1494.6,2878
2024-01-19 14:15:00+05:30,1494.6,1508.0,1485.0,1508.0,2502
2024-01-19 15:15:00+05:30,1508.0,1520.0,1505.0,1520.0,1258
2024-01-20 09:15:00+05:30,1519.0,1530.0,1494.5,1496.75,1724
2024-01-20 10:15:00+05:30,1503.9,1507.0,1498.0,1500.0,244
2024-01-20 11:15:00+05:30,1500.0,1510.0,1500.0,1510.0,196
2024-01-20 12:15:00+05:30,1510.0,1513.4,1503.85,1507.1,300
2024-01-20 13:15:00+05:30,1507.1,1508.9,1505.0,1505.0,205
2024-01-20 14:15:00+05:30,1505.0,1505.0,1495.0,1502.15,368
2024-01-20 15:15:00+05:30,1502.15,1502.25,1470.0,1491.0,596
2024-01-23 09:15:00+05:30,1518.0,1518.0,1462.4,1471.35,1612
2024-01-23 10:15:00+05:30,1471.35,1474.4,1452.1,1459.9,402
2024-01-23 11:15:00+05:30,1459.9,1467.0,1450.0,1451.6,480
2024-01-23 12:15:00+05:30,1451.6,1462.2,1446.05,1457.85,277
2024-01-23 13:15:00+05:30,1457.85,1462.45,1447.95,1447.95,166
2024-01-23 14:15:00+05:30,1447.95,1449.85,1419.1,1426.0,1434
2024-01-23 15:15:00+05:30,1426.0,1434.9,1420.0,1431.0,284
2024-01-24 09:15:00+05:30,1469.7,1469.7,1432.35,1439.5,378
2024-01-24 10:15:00+05:30,1439.5,1456.3,1439.5,1445.45,348
2024-01-24 11:15:00+05:30,1445.45,1448.25,1437.3,1437.3,224
2024-01-24 12:15:00+05:30,1437.3,1440.9,1432.55,1439.8,2833
2024-01-24 13:15:00+05:30,1439.7,1441.1,1435.25,1441.1,174
2024-01-24 14:15:00+05:30,1441.1,1446.45,1435.5,1442.0,273
2024-01-24 15:15:00+05:30,1442.0,1450.0,1436.1,1450.0,524
2024-01-25 09:15:00+05:30,1469.7,1469.7,1436.05,1438.05,438
2024-01-25 10:15:00+05:30,1438.05,1443.2,1434.35,1441.3,240
2024-01-25 11:15:00+05:30,1441.3,1447.8,1432.1,1437.95,211
2024-01-25 12:15:00+05:30,1437.95,1496.35,1435.0,1491.9,1666
2024-01-25 13:15:00+05:30,1491.9,1491.9,1463.65,1468.0,634
2024-01-25 14:15:00+05:30,1468.0,1484.0,1462.3,1480.0,664
2024-01-25 15:15:00+05:30,1480.0,1489.9,1470.2,1483.0,447
2024-01-29 09:15:00+05:30,1483.45,1495.0,1453.45,1456.05,1468
2024-01-29 10:15:00+05:30,1456.05,1480.0,1456.05,1473.95,1104
2024-01-29 11:15:00+05:30,1473.95,1473.95,1460.65,1462.45,892
2024-01-29 12:15:00+05:30,1462.45,1465.0,1461.25,1463.1,200
2024-01-29 13:15:00+05:30,1463.1,1465.0,1456.05,1461.8,399
2024-01-29 14:15:00+05:30,1461.8,1478.85,1460.0,1467.85,948
2024-01-29 15:15:00+05:30,1467.85,1471.1,1463.5,1463.5,350
2024-01-30 09:15:00+05:30,1467.6,1470.7,1416.15,1447.6,3793
2024-01-30 10:15:00+05:30,1447.6,1480.15,1447.0,1462.0,710
2024-01-30 11:15:00+05:30,1479.7,1490.95,1462.25,1476.0,1907
2024-01-30 12:15:00+05:30,1476.0,1550.0,1475.05,1499.35,34196
2024-01-30 13:15:00+05:30,1499.35,1505.0,1486.0,1488.2,3729
2024-01-30 14:15:00+05:30,1488.2,1488.2,1462.05,1482.0,2525
2024-01-30 15:15:00+05:30,1476.6,1495.0,1462.05,1495.0,1648
2024-01-31 09:15:00+05:30,1451.0,1470.0,1420.0,1449.1,4601
2024-01-31 10:15:00+05:30,1449.1,1453.95,1441.1,1444.35,4052
2024-01-31 11:15:00+05:30,1447.7,1460.0,1445.05,1450.25,1218
2024-01-31 12:15:00+05:30,1450.25,1464.3,1450.25,1456.75,829
2024-01-31 13:15:00+05:30,1456.75,1460.0,1441.55,1450.0,923
2024-01-31 14:15:00+05:30,1449.95,1479.05,1444.05,1471.55,1262
2024-01-31 15:15:00+05:30,1471.55,1480.0,1470.0,1472.1,605
2024-02-01 09:15:00+05:30,1475.0,1500.0,1454.05,1456.4,1901
2024-02-01 10:15:00+05:30,1456.4,1470.0,1456.4,1457.25,553
2024-02-01 11:15:00+05:30,1457.25,1459.95,1440.55,1443.7,923
2024-02-01 12:15:00+05:30,1443.7,1447.1,1433.15,1440.45,723
2024-02-01 13:15:00+05:30,1440.45,1448.15,1436.5,1446.7,787
2024-02-01 14:15:00+05:30,1446.7,1456.9,1444.1,1451.0,278
2024-02-01 15:15:00+05:30,1451.0,1459.9,1445.75,1457.0,422
2024-02-02 09:15:00+05:30,1451.0,1471.45,1448.0,1454.05,2045
2024-02-02 10:15:00+05:30,1454.05,1454.1,1442.1,1449.9,670
2024-02-02 11:15:00+05:30,1450.0,1452.2,1440.05,1444.3,1088
2024-02-02 12:15:00+05:30,1444.3,1447.45,1440.5,1441.75,340
2024-02-02 13:15:00+05:30,1441.75,1445.85,1436.1,1445.0,2516
2024-02-02 14:15:00+05:30,1445.0,1445.0,1440.05,1444.5,322
2024-02-02 15:15:00+05:30,1444.5,1444.5,1429.0,1440.0,609
2024-02-05 09:15:00+05:30,1440.0,1440.0,1422.05,1430.95,971
2024-02-05 10:15:00+05:30,1430.95,1430.95,1421.0,1427.0,725
2024-02-05 11:15:00+05:30,1427.0,1428.6,1417.0,1424.6,1114
2024-02-05 12:15:00+05:30,1424.6,1429.8,1424.6,1426.55,326
2024-02-05 13:15:00+05:30,1426.55,1430.75,1424.1,1427.0,516
2024-02-05 14:15:00+05:30,1427.0,1427.8,1417.0,1417.0,861
2024-02-05 15:15:00+05:30,1414.75,1423.0,1411.45,1414.9,563
2024-02-06 09:15:00+05:30,1425.0,1432.45,1405.0,1424.15,960
2024-02-06 10:15:00+05:30,1424.15,1424.15,1416.15,1419.8,156
2024-02-06 11:15:00+05:30,1419.8,1421.9,1415.0,1417.0,158
2024-02-06 12:15:00+05:30,1417.0,1423.0,1416.85,1422.9,60
2024-02-06 13:15:00+05:30,1422.9,1422.9,1415.0,1421.0,141
2024-02-06 14:15:00+05:30,1421.0,1496.95,1411.0,1436.95,7049
2024-02-06 15:15:00+05:30,1436.95,1444.75,1423.95,1439.9,757
2024-02-07 09:15:00+05:30,1451.85,1451.85,1430.0,1443.25,636
2024-02-07 10:15:00+05:30,1443.25,1455.0,1429.65,1431.5,1732
2024-02-07 11:15:00+05:30,1431.5,1431.5,1417.55,1425.05,741
2024-02-07 12:15:00+05:30,1425.05,1426.2,1410.0,1423.25,827
2024-02-07 13:15:00+05:30,1423.25,1429.35,1423.0,1423.0,244
2024-02-07 14:15:00+05:30,1423.0,1440.0,1420.0,1432.45,786
2024-02-07 15:15:00+05:30,1432.45,1438.75,1426.0,1432.25,289
2024-02-08 09:15:00+05:30,1430.7,1440.0,1411.55,1425.1,645
2024-02-08 10:15:00+05:30,1425.1,1432.9,1413.65,1419.25,1112
2024-02-08 11:15:00+05:30,1419.25,1424.0,1411.45,1421.3,639
2024-02-08 12:15:00+05:30,1421.3,1425.9,1415.3,1420.6,193
2024-02-08 13:15:00+05:30,1420.6,1421.8,1415.0,1417.05,512
2024-02-08 14:15:00+05:30,1417.05,1418.8,1412.0,1412.0,609
2024-02-08 15:15:00+05:30,1412.0,1415.0,1411.0,1411.0,330
2024-02-09 09:15:00+05:30,1421.9,1422.85,1390.15,1398.35,1606
2024-02-09 10:15:00+05:30,1399.95,1407.9,1384.3,1389.65,528
2024-02-09 11:15:00+05:30,1389.65,1398.95,1383.7,1398.7,1733
2024-02-09 12:15:00+05:30,1398.7,1405.95,1395.6,1400.05,355
2024-02-09 13:15:00+05:30,1400.05,1402.6,1396.0,1396.0,156
2024-02-09 14:15:00+05:30,1400.4,1402.15,1390.0,1390.55,453
2024-02-09 15:15:00+05:30,1390.55,1414.0,1385.05,1403.0,575
2024-02-12 09:15:00+05:30,1395.25,1395.25,1380.05,1382.4,512
2024-02-12 10:15:00+05:30,1382.4,1385.85,1376.15,1385.85,930
2024-02-12 11:15:00+05:30,1385.85,1385.85,1375.0,1378.6,280
2024-02-12 12:15:00+05:30,1378.6,1382.55,1376.6,1379.6,99
2024-02-12 13:15:00+05:30,1379.6,1385.25,1376.4,1384.1,176
2024-02-12 14:15:00+05:30,1384.1,1384.15,1374.1,1383.2,260
2024-02-12 15:15:00+05:30,1383.2,1388.0,1372.3,1388.0,398
2024-02-13 09:15:00+05:30,1370.25,1377.0,1345.25,1349.2,982
2024-02-13 10:15:00+05:30,1348.9,1370.0,1345.0,1370.0,3292
2024-02-13 11:15:00+05:30,1370.0,1370.5,1360.9,1364.75,87
2024-02-13 12:15:00+05:30,1360.5,1360.5,1353.0,1353.0,131
2024-02-13 13:15:00+05:30,1353.0,1360.0,1353.0,1358.9,262
2024-02-13 14:15:00+05:30,1358.9,1359.4,1350.0,1356.65,283
2024-02-13 15:15:00+05:30,1356.65,1357.8,1355.0,1355.0,202
2024-02-14 09:15:00+05:30,1350.0,1376.95,1327.55,1376.95,622
2024-02-14 10:15:00+05:30,1376.95,1379.9,1363.15,1363.15,233
2024-02-14 11:15:00+05:30,1363.15,1365.0,1350.1,1363.0,607
2024-02-14 12:15:00+05:30,1363.0,1367.0,1360.0,1367.0,121
2024-02-14 13:15:00+05:30,1367.0,1372.95,1360.0,1366.45,237
2024-02-14 14:15:00+05:30,1366.45,1378.1,1362.45,1376.6,571
2024-02-14 15:15:00+05:30,1376.6,1379.0,1368.1,1379.0,110
2024-02-15 09:15:00+05:30,1389.95,1404.9,1384.45,1394.95,648
2024-02-15 10:15:00+05:30,1394.95,1414.4,1393.0,1409.0,1601
2024-02-15 11:15:00+05:30,1409.0,1409.0,1402.0,1402.0,40
2024-02-15 12:15:00+05:30,1402.0,1402.0,1390.0,1390.3,392
2024-02-15 13:15:00+05:30,1394.9,1402.4,1390.6,1393.4,127
2024-02-15 14:15:00+05:30,1393.4,1403.85,1393.4,1400.2,67
2024-02-15 15:15:00+05:30,1400.2,1410.4,1396.1,1410.4,273
2024-02-16 09:15:00+05:30,1405.0,1413.65,1387.15,1399.35,586
2024-02-16 10:15:00+05:30,1399.35,1399.35,1391.0,1391.1,378
2024-02-16 11:15:00+05:30,1391.1,1394.85,1386.95,1389.05,363
2024-02-16 12:15:00+05:30,1389.05,1392.4,1382.0,1382.0,210
2024-02-16 13:15:00+05:30,1382.0,1391.9,1382.0,1384.25,280
2024-02-16 14:15:00+05:30,1384.25,1397.9,1383.55,1390.0,305
2024-02-16 15:15:00+05:30,1390.0,1394.5,1383.55,1394.5,177
2024-02-19 09:15:00+05:30,1388.0,1409.35,1372.3,1389.0,554
2024-02-19 10:15:00+05:30,1389.0,1393.1,1389.0,1392.4,90
2024-02-19 11:15:00+05:30,1392.4,1401.2,1389.6,1398.05,311
2024-02-19 12:15:00+05:30,1398.05,1399.95,1392.05,1392.05,92
2024-02-19 13:15:00+05:30,1392.05,1399.3,1387.1,1399.3,311
2024-02-19 14:15:00+05:30,1399.3,1400.0,1390.0,1395.75,375
2024-02-19 15:15:00+05:30,1395.75,1399.85,1390.0,1390.0,386
2024-02-20 09:15:00+05:30,1393.5,1399.95,1384.25,1393.55,238
2024-02-20 10:15:00+05:30,1393.55,1418.95,1393.55,1413.3,3245
2024-02-20 11:15:00+05:30,1413.3,1415.8,1403.1,1408.0,157
2024-02-20 12:15:00+05:30,1408.0,1414.95,1407.0,1407.0,138
2024-02-20 13:15:00+05:30,1407.0,1413.9,1407.0,1408.6,166
2024-02-20 14:15:00+05:30,1408.6,1449.9,1404.1,1433.95,3544
2024-02-20 15:15:00+05:30,1433.95,1439.0,1430.6,1430.6,535
2024-02-21 09:15:00+05:30,1430.0,1438.0,1420.1,1431.7,963
2024-02-21 10:15:00+05:30,1431.7,1439.85,1419.1,1437.9,542
2024-02-21 11:15:00+05:30,1437.9,1437.9,1427.35,1430.45,61
2024-02-21 12:15:00+05:30,1430.45,1433.9,1422.1,1422.1,245
2024-02-21 13:15:00+05:30,1422.1,1429.45,1422.05,1422.05,109
2024-02-21 14:15:00+05:30,1422.05,1426.3,1417.9,1417.9,225
2024-02-21 15:15:00+05:30,1417.9,1419.6,1405.0,1419.0,236
2024-02-22 09:15:00+05:30,1414.0,1422.05,1393.55,1405.2,524
2024-02-22 10:15:00+05:30,1405.2,1409.6,1405.2,1408.85,21
2024-02-22 11:15:00+05:30,1408.85,1409.25,1396.6,1408.45,1116
2024-02-22 12:15:00+05:30,1408.45,1408.45,1405.4,1405.4,105
2024-02-22 13:15:00+05:30,1405.4,1409.25,1401.0,1409.1,232
2024-02-22 14:15:00+05:30,1408.7,1409.45,1403.15,1403.15,139
2024-02-22 15:15:00+05:30,1403.15,1409.4,1403.15,1409.0,139
2024-02-23 09:15:00+05:30,1425.2,1426.0,1405.85,1414.25,276
2024-02-23 10:15:00+05:30,1414.25,1417.05,1411.05,1412.45,59
2024-02-23 11:15:00+05:30,1412.45,1413.65,1406.15,1408.3,288
2024-02-23 12:15:00+05:30,1408.3,1419.7,1408.3,1417.2,125
2024-02-23 13:15:00+05:30,1417.2,1418.9,1414.1,1414.1,184
2024-02-23 14:15:00+05:30,1414.1,1414.1,1406.15,1406.15,233
2024-02-23 15:15:00+05:30,1406.15,1420.45,1406.15,1417.3,154
2024-02-26 09:15:00+05:30,1411.0,1413.0,1394.05,1398.25,345
2024-02-26 10:15:00+05:30,1402.25,1412.95,1386.15,1409.8,1595
2024-02-26 11:15:00+05:30,1409.8,1409.8,1392.05,1397.05,627
2024-02-26 12:15:00+05:30,1397.05,1409.9,1387.55,1397.8,3219
2024-02-26 13:15:00+05:30,1397.8,1403.6,1395.5,1400.9,34
2024-02-26 14:15:00+05:30,1400.9,1400.9,1391.0,1393.4,308
2024-02-26 15:15:00+05:30,1395.0,1397.0,1391.15,1392.0,254
2024-02-27 09:15:00+05:30,1409.0,1410.0,1395.0,1397.55,580
2024-02-27 10:15:00+05:30,1397.55,1401.85,1397.55,1397.7,25
2024-02-27 11:15:00+05:30,1397.7,1401.8,1392.0,1394.05,259
2024-02-27 12:15:00+05:30,1394.05,1395.5,1392.05,1392.05,26
2024-02-27 13:15:00+05:30,1392.05,1395.9,1380.0,1385.0,648
2024-02-27 14:15:00+05:30,1385.0,1386.35,1356.95,1370.6,1195
2024-02-27 15:15:00+05:30,1370.6,1381.0,1366.0,1375.0,393
2024-02-28 09:15:00+05:30,1385.7,1388.8,1377.6,1380.4,419
2024-02-28 10:15:00+05:30,1380.4,1382.95,1369.8,1369.8,226
2024-02-28 11:15:00+05:30,1367.45,1375.85,1359.0,1360.0,277
2024-02-28 12:15:00+05:30,1360.0,1375.0,1356.6,1360.7,467
2024-02-28 13:15:00+05:30,1360.7,1367.95,1356.05,1364.5,122
2024-02-28 14:15:00+05:30,1364.5,1368.0,1359.2,1361.65,49
2024-02-28 15:15:00+05:30,1361.65,1365.8,1356.0,1356.0,139
2024-02-29 09:15:00+05:30,1356.15,1379.65,1330.0,1350.0,1090
2024-02-29 10:15:00+05:30,1350.0,1350.0,1335.1,1347.65,266
2024-02-29 11:15:00+05:30,1347.65,1349.95,1335.1,1347.05,1044
2024-02-29 12:15:00+05:30,1347.05,1347.75,1330.05,1340.0,339
2024-02-29 13:15:00+05:30,1340.0,1349.75,1340.0,1341.8,94
2024-02-29 14:15:00+05:30,1341.8,1347.9,1335.5,1347.9,730
2024-02-29 15:15:00+05:30,1347.9,1347.9,1335.5,1337.0,363
2024-03-01 09:15:00+05:30,1358.25,1378.45,1357.6,1374.15,257
2024-03-01 10:15:00+05:30,1374.15,1379.0,1367.0,1367.0,320
2024-03-01 11:15:00+05:30,1367.0,1370.45,1359.9,1360.0,429
2024-03-01 12:15:00+05:30,1360.0,1368.8,1357.1,1366.7,195
2024-03-01 13:15:00+05:30,1366.7,1372.4,1365.05,1369.45,57
2024-03-01 14:15:00+05:30,1369.45,1369.45,1359.75,1366.6,199
2024-03-01 15:15:00+05:30,1366.6,1366.6,1360.05,1360.05,83
2024-03-02 09:15:00+05:30,1365.05,1365.05,1352.0,1359.95,108
2024-03-02 11:15:00+05:30,1359.95,1370.0,1332.0,1357.0,164
2024-03-02 12:15:00+05:30,1357.0,1364.0,1351.35,1357.0,200
2024-03-04 09:15:00+05:30,1363.0,1373.55,1350.3,1370.95,709
2024-03-04 10:15:00+05:30,1370.95,1372.4,1360.0,1360.0,3032
2024-03-04 11:15:00+05:30,1360.0,1373.0,1351.95,1359.7,547
2024-03-04 12:15:00+05:30,1359.7,1368.75,1356.1,1368.75,107
2024-03-04 13:15:00+05:30,1368.75,1368.75,1360.0,1367.95,185
2024-03-04 14:15:00+05:30,1367.95,1371.0,1365.1,1370.6,179
2024-03-04 15:15:00+05:30,1370.6,1370.6,1360.65,1365.0,95
2024-03-05 09:15:00+05:30,1361.05,1361.9,1338.25,1350.0,472
2024-03-05 10:15:00+05:30,1350.0,1360.0,1346.1,1356.15,282
2024-03-05 11:15:00+05:30,1343.35,1363.95,1343.35,1352.6,214
2024-03-05 12:15:00+05:30,1352.6,1354.6,1343.0,1346.65,733
2024-03-05 13:15:00+05:30,1346.65,1349.85,1341.0,1349.4,206
2024-03-05 14:15:00+05:30,1349.4,1354.0,1340.15,1354.0,264
2024-03-05 15:15:00+05:30,1354.0,1354.0,1340.15,1341.0,82
2024-03-06 09:15:00+05:30,1347.05,1358.8,1347.05,1352.0,2342
2024-03-06 10:15:00+05:30,1352.0,1354.5,1352.0,1353.9,1386
2024-03-06 11:15:00+05:30,1353.9,1354.0,1352.0,1353.95,1411
2024-03-06 12:15:00+05:30,1353.95,1356.0,1342.05,1344.2,692
2024-03-06 13:15:00+05:30,1344.2,1345.0,1335.3,1339.05,565
2024-03-06 14:15:00+05:30,1336.0,1340.85,1333.05,1337.5,407
2024-03-06 15:15:00+05:30,1337.5,1346.05,1335.5,1335.5,223
2024-03-07 09:15:00+05:30,1335.0,1350.0,1332.05,1336.65,347
2024-03-07 10:15:00+05:30,1336.65,1337.0,1331.0,1337.0,440
2024-03-07 11:15:00+05:30,1337.0,1431.95,1331.1,1415.6,5468
2024-03-07 12:15:00+05:30,1411.3,1424.5,1390.4,1402.35,4265
2024-03-07 13:15:00+05:30,1402.35,1413.0,1396.05,1413.0,1430
2024-03-07 14:15:00+05:30,1413.0,1415.0,1404.0,1415.0,2725
2024-03-07 15:15:00+05:30,1415.0,1416.5,1397.0,1415.0,2276
2024-03-11 09:15:00+05:30,1430.0,1430.0,1405.55,1405.55,955
2024-03-11 10:15:00+05:30,1405.55,1405.55,1378.0,1381.45,3381
2024-03-11 11:15:00+05:30,1381.45,1382.95,1365.0,1365.0,412
2024-03-11 12:15:00+05:30,1365.0,1370.0,1361.25,1365.9,322
2024-03-11 13:15:00+05:30,1365.9,1372.45,1360.1,1366.25,979
2024-03-11 14:15:00+05:30,1366.25,1366.55,1353.05,1360.0,1059
2024-03-11 15:15:00+05:30,1360.0,1372.15,1349.4,1362.0,776
2024-03-12 09:15:00+05:30,1367.95,1367.95,1358.0,1363.35,375
2024-03-12 10:15:00+05:30,1363.35,1366.0,1356.0,1356.0,633
2024-03-12 11:15:00+05:30,1356.0,1356.0,1350.0,1351.3,106
2024-03-12 12:15:00+05:30,1351.3,1354.8,1341.1,1341.1,233
2024-03-12 13:15:00+05:30,1341.1,1349.0,1335.55,1348.95,889
2024-03-12 14:15:00+05:30,1348.95,1348.95,1337.0,1337.0,451
2024-03-12 15:15:00+05:30,1337.0,1339.45,1325.55,1326.0,578
2024-03-13 09:15:00+05:30,1329.95,1360.45,1300.0,1305.0,1637
2024-03-13 10:15:00+05:30,1305.0,1309.6,1287.4,1289.45,762
2024-03-13 11:15:00+05:30,1289.45,1291.85,1276.55,1285.4,1607
2024-03-13 12:15:00+05:30,1285.4,1292.4,1266.1,1282.5,815
2024-03-13 13:15:00+05:30,1282.5,1292.95,1282.5,1290.65,330
2024-03-13 14:15:00+05:30,1290.65,1290.65,1265.25,1266.55,567
2024-03-13 15:15:00+05:30,1266.55,1266.55,1251.25,1251.6,394
2024-03-14 09:15:00+05:30,1243.65,1299.9,1243.65,1294.7,1230
2024-03-14 10:15:00+05:30,1294.7,1318.35,1290.0,1306.35,469
2024-03-14 11:15:00+05:30,1306.35,1306.35,1290.0,1290.0,165
2024-03-14 12:15:00+05:30,1290.0,1290.05,1269.65,1284.95,549
2024-03-14 13:15:00+05:30,1284.95,1294.95,1284.9,1285.0,218
2024-03-14 14:15:00+05:30,1287.85,1292.6,1270.85,1292.6,371
2024-03-14 15:15:00+05:30,1292.6,1295.0,1290.15,1295.0,206
2024-03-15 09:15:00+05:30,1294.95,1303.8,1294.0,1295.9,547
2024-03-15 10:15:00+05:30,1295.9,1296.0,1276.15,1278.0,463
2024-03-15 11:15:00+05:30,1278.0,1278.0,1268.05,1269.7,261
2024-03-15 12:15:00+05:30,1269.7,1269.7,1250.05,1265.7,381
2024-03-15 13:15:00+05:30,1265.7,1270.3,1255.5,1269.8,600
2024-03-15 14:15:00+05:30,1269.8,1273.0,1267.0,1273.0,222
2024-03-15 15:15:00+05:30,1273.0,1277.9,1267.0,1267.0,93
2024-03-18 09:15:00+05:30,1280.35,1280.35,1253.35,1270.0,3542
2024-03-18 10:15:00+05:30,1270.0,1279.95,1260.05,1260.05,703
2024-03-18 11:15:00+05:30,1260.05,1270.25,1260.05,1270.25,215
2024-03-18 12:15:00+05:30,1270.25,1277.85,1269.7,1277.85,243
2024-03-18 13:15:00+05:30,1277.85,1277.85,1274.8,1276.0,119
2024-03-18 14:15:00+05:30,1276.0,1276.0,1272.85,1273.55,179
2024-03-18 15:15:00+05:30,1273.55,1274.95,1265.9,1274.0,227
2024-03-19 09:15:00+05:30,1267.3,1267.3,1264.0,1264.0,484
2024-03-19 10:15:00+05:30,1264.0,1267.05,1264.0,1265.5,214
2024-03-19 11:15:00+05:30,1265.5,1271.9,1264.8,1270.0,181
2024-03-19 12:15:00+05:30,1270.0,1271.0,1268.75,1270.35,78
2024-03-19 13:15:00+05:30,1270.35,1270.4,1267.45,1270.4,40
2024-03-19 14:15:00+05:30,1270.4,1271.9,1263.05,1268.7,217
2024-03-19 15:15:00+05:30,1268.7,1268.7,1260.0,1266.65,187
2024-03-20 09:15:00+05:30,1280.55,1280.55,1267.85,1275.1,1761
2024-03-20 10:15:00+05:30,1275.1,1276.0,1265.35,1265.35,246
2024-03-20 11:15:00+05:30,1265.35,1270.0,1265.0,1265.0,90
2024-03-20 12:15:00+05:30,1265.0,1267.0,1255.45,1262.1,186
2024-03-20 13:15:00+05:30,1262.1,1266.8,1262.1,1266.8,49
2024-03-20 14:15:00+05:30,1266.8,1266.8,1257.15,1259.85,324
2024-03-20 15:15:00+05:30,1259.85,1259.85,1250.0,1255.0,185
2024-03-21 09:15:00+05:30,1260.85,1276.4,1259.85,1276.4,694
2024-03-21 10:15:00+05:30,1276.4,1276.55,1267.55,1273.0,920
2024-03-21 11:15:00+05:30,1273.0,1274.95,1270.0,1270.0,177
2024-03-21 12:15:00+05:30,1270.0,1274.9,1269.55,1274.9,49
2024-03-21 13:15:00+05:30,1274.9,1274.9,1266.3,1270.5,116
2024-03-21 14:15:00+05:30,1270.5,1270.5,1266.0,1269.0,321
2024-03-21 15:15:00+05:30,1269.0,1272.65,1260.0,1270.0,1091
2024-03-22 09:15:00+05:30,1319.95,1319.95,1276.1,1285.85,506
2024-03-22 10:15:00+05:30,1285.85,1288.35,1274.5,1288.35,873
2024-03-22 11:15:00+05:30,1288.35,1292.25,1284.3,1292.15,752
2024-03-22 12:15:00+05:30,1292.15,1320.55,1292.15,1308.0,1169
2024-03-22 13:15:00+05:30,1308.0,1309.4,1300.1,1305.0,146
2024-03-22 14:15:00+05:30,1305.0,1305.0,1293.95,1300.0,458
2024-03-22 15:15:00+05:30,1300.0,1300.0,1290.5,1300.0,151
2024-03-26 09:15:00+05:30,1280.5,1297.0,1280.5,1297.0,3351
2024-03-26 10:15:00+05:30,1297.0,1297.7,1286.85,1292.15,289
2024-03-26 11:15:00+05:30,1292.15,1292.7,1275.1,1282.25,442
2024-03-26 12:15:00+05:30,1282.25,1286.45,1270.0,1282.0,401
2024-03-26 13:15:00+05:30,1278.5,1281.65,1269.45,1274.65,420
2024-03-26 14:15:00+05:30,1274.65,1276.2,1263.95,1265.0,439
2024-03-26 15:15:00+05:30,1265.0,1293.0,1260.05,1290.0,769
2024-03-27 09:15:00+05:30,1260.0,1295.0,1260.0,1279.8,304
2024-03-27 10:15:00+05:30,1279.8,1282.3,1268.05,1268.05,392
2024-03-27 11:15:00+05:30,1268.05,1273.6,1265.0,1265.0,291
2024-03-27 12:15:00+05:30,1270.0,1289.75,1264.45,1264.45,1603
2024-03-27 13:15:00+05:30,1264.45,1274.95,1264.45,1265.5,265
2024-03-27 14:15:00+05:30,1265.5,1265.95,1255.9,1258.5,745
2024-03-27 15:15:00+05:30,1258.5,1259.15,1240.0,1245.0,1016
2024-03-28 09:15:00+05:30,1273.45,1287.0,1256.1,1284.95,2492
2024-03-28 10:15:00+05:30,1283.95,1284.0,1270.0,1271.0,1091
2024-03-28 11:15:00+05:30,1271.0,1274.7,1265.0,1267.8,97
2024-03-28 12:15:00+05:30,1267.8,1267.8,1255.4,1256.05,400
2024-03-28 13:15:00+05:30,1256.05,1258.05,1254.6,1256.85,211
2024-03-28 14:15:00+05:30,1256.85,1267.4,1252.0,1254.95,1631
2024-03-28 15:15:00+05:30,1254.95,1267.8,1251.15,1267.8,732
2024-04-01 09:15:00+05:30,1266.3,1284.0,1250.55,1261.6,941
2024-04-01 10:15:00+05:30,1261.6,1277.95,1261.6,1277.95,322
2024-04-01 11:15:00+05:30,1277.95,1282.4,1275.0,1282.4,955
2024-04-01 12:15:00+05:30,1282.4,1284.9,1275.0,1280.0,551
2024-04-01 13:15:00+05:30,1280.0,1283.2,1280.0,1282.0,81
2024-04-01 14:15:00+05:30,1282.0,1284.7,1277.8,1278.0,287
2024-04-01 15:15:00+05:30,1278.0,1289.9,1278.0,1289.9,199
2024-04-02 09:15:00+05:30,1299.9,1300.0,1284.8,1299.7,440
2024-04-02 10:15:00+05:30,1299.7,1299.7,1293.0,1295.0,77
2024-04-02 11:15:00+05:30,1295.0,1298.0,1287.0,1287.0,335
2024-04-02 12:15:00+05:30,1287.0,1292.5,1287.0,1292.5,52
2024-04-02 13:15:00+05:30,1292.5,1306.2,1292.5,1304.8,330
2024-04-02 14:15:00+05:30,1304.8,1304.8,1292.75,1298.45,161
2024-04-02 15:15:00+05:30,1298.45,1303.65,1293.25,1293.25,177
2024-04-03 09:15:00+05:30,1300.0,1319.8,1290.65,1309.3,614
2024-04-03 10:15:00+05:30,1309.3,1327.35,1309.3,1320.05,3691
2024-04-03 11:15:00+05:30,1320.05,1339.0,1320.05,1336.9,1451
2024-04-03 12:15:00+05:30,1336.9,1336.9,1328.0,1331.85,734
2024-04-03 13:15:00+05:30,1331.85,1340.0,1329.05,1336.1,786
2024-04-03 14:15:00+05:30,1336.1,1340.75,1315.6,1322.85,597
2024-04-03 15:15:00+05:30,1322.85,1330.0,1315.3,1330.0,161
2024-04-04 09:15:00+05:30,1324.0,1337.85,1321.35,1328.1,965
2024-04-04 10:15:00+05:30,1328.1,1339.8,1325.5,1325.5,394
2024-04-04 11:15:00+05:30,1325.5,1331.15,1324.1,1331.1,126
2024-04-04 12:15:00+05:30,1331.1,1331.1,1327.0,1327.0,122
2024-04-04 13:15:00+05:30,1327.0,1327.4,1318.6,1324.4,458
2024-04-04 14:15:00+05:30,1324.4,1324.4,1315.0,1319.9,241
2024-04-04 15:15:00+05:30,1319.9,1327.2,1313.45,1313.45,82
2024-04-05 09:15:00+05:30,1318.0,1328.5,1311.3,1319.0,153
2024-04-05 10:15:00+05:30,1319.0,1324.4,1312.6,1319.6,228
2024-04-05 11:15:00+05:30,1319.6,1335.0,1319.6,1327.6,1736
2024-04-05 12:15:00+05:30,1327.6,1329.0,1325.5,1325.5,31
2024-04-05 13:15:00+05:30,1325.5,1325.5,1321.35,1323.9,229
2024-04-05 14:15:00+05:30,1323.9,1329.1,1321.75,1329.1,623
2024-04-05 15:15:00+05:30,1329.1,1330.8,1320.0,1320.0,193
2024-04-08 09:15:00+05:30,1333.6,1333.6,1314.0,1315.05,502
2024-04-08 10:15:00+05:30,1315.05,1322.1,1310.1,1317.05,386
2024-04-08 11:15:00+05:30,1317.05,1321.3,1314.95,1318.7,943
2024-04-08 12:15:00+05:30,1318.7,1320.55,1315.0,1320.0,209
2024-04-08 13:15:00+05:30,1320.0,1324.7,1320.0,1320.05,58
2024-04-08 14:15:00+05:30,1320.05,1320.05,1310.0,1314.15,812
2024-04-08 15:15:00+05:30,1314.15,1314.15,1310.1,1313.6,156
2024-04-09 09:15:00+05:30,1323.5,1323.5,1312.55,1318.25,81
2024-04-09 10:15:00+05:30,1318.25,1318.25,1311.0,1318.15,123
2024-04-09 11:15:00+05:30,1318.15,1318.15,1312.6,1317.7,17
2024-04-09 12:15:00+05:30,1317.7,1318.2,1310.0,1310.0,310
2024-04-09 13:15:00+05:30,1310.0,1311.6,1301.1,1304.8,440
2024-04-09 14:15:00+05:30,1304.8,1310.4,1304.8,1308.9,57
2024-04-09 15:15:00+05:30,1308.9,1308.9,1302.0,1302.25,99
2024-04-10 09:15:00+05:30,1301.2,1320.05,1298.2,1315.0,645
2024-04-10 10:15:00+05:30,1315.0,1325.3,1300.15,1321.0,4089
2024-04-10 11:15:00+05:30,1319.9,1319.9,1300.1,1310.05,202
2024-04-10 12:15:00+05:30,1310.05,1310.05,1307.0,1309.1,37
2024-04-10 13:15:00+05:30,1309.1,1309.1,1307.0,1307.0,36
2024-04-10 14:15:00+05:30,1307.0,1308.95,1299.55,1306.25,559
2024-04-10 15:15:00+05:30,1306.25,1308.0,1300.05,1304.0,233
2024-04-12 09:15:00+05:30,1302.0,1316.6,1299.5,1311.55,482
2024-04-12 10:15:00+05:30,1311.55,1311.55,1300.0,1305.0,438
2024-04-12 11:15:00+05:30,1305.0,1310.65,1303.0,1309.0,397
2024-04-12 12:15:00+05:30,1309.0,1309.0,1300.05,1300.05,202
2024-04-12 13:15:00+05:30,1300.05,1306.0,1299.9,1306.0,196
2024-04-12 14:15:00+05:30,1306.0,1313.9,1299.9,1301.1,487
2024-04-12 15:15:00+05:30,1301.1,1305.0,1295.0,1305.0,273
2024-04-15 09:15:00+05:30,1280.05,1283.95,1261.0,1279.15,702
2024-04-15 10:15:00+05:30,1279.15,1299.0,1278.1,1290.3,1154
2024-04-15 11:15:00+05:30,1290.3,1292.7,1285.55,1287.1,78
2024-04-15 12:15:00+05:30,1287.1,1287.1,1285.0,1286.2,19
2024-04-15 13:15:00+05:30,1286.2,1291.9,1286.2,1289.9,44
2024-04-15 14:15:00+05:30,1289.9,1289.9,1274.4,1280.0,448
2024-04-15 15:15:00+05:30,1280.0,1289.55,1275.0,1279.75,80
2024-04-16 09:15:00+05:30,1293.7,1300.0,1275.0,1280.0,387
2024-04-16 10:15:00+05:30,1280.0,1280.0,1271.1,1275.0,1107
2024-04-16 11:15:00+05:30,1275.0,1280.0,1275.0,1280.0,331
2024-04-16 12:15:00+05:30,1280.0,1280.0,1266.15,1266.15,180
2024-04-16 13:15:00+05:30,1266.15,1274.95,1261.6,1268.45,657
2024-04-16 14:15:00+05:30,1270.0,1273.0,1261.55,1273.0,301
2024-04-16 15:15:00+05:30,1273.0,1273.0,1261.0,1270.0,165
2024-04-18 09:15:00+05:30,1313.4,1313.4,1271.95,1280.45,589
2024-04-18 10:15:00+05:30,1280.45,1294.45,1280.0,1287.0,322
2024-04-18 11:15:00+05:30,1287.0,1295.0,1282.1,1285.6,3107
2024-04-18 12:15:00+05:30,1285.6,1309.45,1285.6,1299.65,498
2024-04-18 13:15:00+05:30,1301.7,1325.0,1298.55,1308.9,1059
2024-04-18 14:15:00+05:30,1308.9,1314.0,1300.2,1303.6,297
2024-04-18 15:15:00+05:30,1303.6,1309.7,1299.05,1299.55,291
2024-04-19 09:15:00+05:30,1278.0,1292.95,1275.05,1285.55,414
2024-04-19 10:15:00+05:30,1285.55,1289.6,1285.55,1285.75,16
2024-04-19 11:15:00+05:30,1285.75,1305.25,1285.5,1297.8,558
2024-04-19 12:15:00+05:30,1297.8,1300.5,1290.0,1293.15,139
2024-04-19 13:15:00+05:30,1293.15,1296.0,1291.0,1291.0,76
2024-04-19 14:15:00+05:30,1291.0,1296.0,1291.0,1295.45,141
2024-04-19 15:15:00+05:30,1295.45,1296.0,1285.0,1285.0,272
2024-04-22 09:15:00+05:30,1304.0,1304.0,1295.25,1300.0,169
2024-04-22 10:15:00+05:30,1300.0,1300.0,1294.55,1299.7,1034
2024-04-22 11:15:00+05:30,1299.7,1305.3,1296.1,1301.65,110
2024-04-22 12:15:00+05:30,1301.65,1310.0,1298.3,1303.35,194
2024-04-22 13:15:00+05:30,1303.35,1307.9,1300.2,1307.9,56
2024-04-22 14:15:00+05:30,1307.9,1307.9,1298.25,1301.75,163
2024-04-22 15:15:00+05:30,1301.75,1314.9,1291.0,1293.45,156
2024-04-23 09:15:00+05:30,1295.0,1316.6,1295.0,1310.0,267
2024-04-23 10:15:00+05:30,1310.0,1319.85,1302.5,1304.0,314
2024-04-23 11:15:00+05:30,1304.0,1305.15,1300.8,1302.75,843
2024-04-23 12:15:00+05:30,1302.0,1307.95,1298.65,1307.95,158
2024-04-23 13:15:00+05:30,1307.95,1307.95,1302.55,1302.55,103
2024-04-23 14:15:00+05:30,1302.55,1305.9,1300.0,1305.85,194
2024-04-23 15:15:00+05:30,1305.35,1306.0,1297.7,1297.7,83
2024-04-24 09:15:00+05:30,1308.05,1314.15,1308.05,1311.3,53
2024-04-24 10:15:00+05:30,1311.25,1311.3,1310.0,1311.3,3123
2024-04-24 11:15:00+05:30,1311.3,1325.0,1298.05,1312.3,572
2024-04-24 12:15:00+05:30,1312.3,1318.45,1300.0,1308.7,177
2024-04-24 13:15:00+05:30,1308.7,1318.0,1308.7,1314.0,329
2024-04-24 14:15:00+05:30,1314.0,1315.55,1305.05,1315.15,167
2024-04-24 15:15:00+05:30,1315.15,1317.95,1305.0,1317.5,209
2024-04-25 09:15:00+05:30,1330.85,1331.95,1313.2,1317.8,219
2024-04-25 10:15:00+05:30,1317.8,1318.1,1309.55,1313.55,92
2024-04-25 11:15:00+05:30,1313.55,1317.0,1303.6,1313.25,333
2024-04-25 12:15:00+05:30,1313.25,1320.3,1313.25,1320.3,212
2024-04-25 13:15:00+05:30,1320.3,1327.4,1320.3,1322.25,48
2024-04-25 14:15:00+05:30,1322.25,1329.9,1320.3,1322.4,113
2024-04-25 15:15:00+05:30,1322.4,1330.0,1320.85,1330.0,300
2024-04-26 09:15:00+05:30,1325.95,1337.2,1321.55,1321.55,567
2024-04-26 10:15:00+05:30,1321.3,1329.85,1301.0,1328.95,1493
2024-04-26 11:15:00+05:30,1328.95,1343.0,1320.55,1340.0,863
2024-04-26 12:15:00+05:30,1340.0,1340.9,1332.05,1339.5,222
2024-04-26 13:15:00+05:30,1339.5,1339.5,1331.0,1332.5,111
2024-04-26 14:15:00+05:30,1332.5,1332.5,1320.0,1321.55,504
2024-04-26 15:15:00+05:30,1324.2,1325.0,1320.0,1320.0,325
2024-04-29 09:15:00+05:30,1325.15,1340.0,1322.0,1325.85,604
2024-04-29 10:15:00+05:30,1325.85,1327.65,1322.5,1325.15,203
2024-04-29 11:15:00+05:30,1325.15,1332.85,1315.0,1320.25,1017
2024-04-29 12:15:00+05:30,1320.25,1327.45,1297.3,1313.7,1180
2024-04-29 13:15:00+05:30,1313.7,1316.7,1309.5,1314.85,225
2024-04-29 14:15:00+05:30,1314.85,1316.3,1306.0,1309.9,311
2024-04-29 15:15:00+05:30,1310.0,1312.05,1301.1,1301.1,298
2024-04-30 09:15:00+05:30,1306.5,1325.25,1306.3,1317.1,509
2024-04-30 10:15:00+05:30,1317.1,1319.45,1306.6,1319.45,275
2024-04-30 11:15:00+05:30,1319.45,1349.0,1314.8,1347.0,5446
2024-04-30 12:15:00+05:30,1347.0,1362.0,1338.2,1338.2,1521
2024-04-30 13:15:00+05:30,1338.2,1343.7,1329.45,1337.75,247
2024-04-30 14:15:00+05:30,1337.75,1340.95,1330.75,1330.75,164
2024-04-30 15:15:00+05:30,1330.75,1336.3,1330.75,1333.0,266
2024-05-02 09:15:00+05:30,1334.0,1334.0,1321.1,1325.2,342
2024-05-02 10:15:00+05:30,1325.2,1328.25,1325.2,1328.25,22
2024-05-02 11:15:00+05:30,1328.25,1331.9,1320.3,1325.0,313
2024-05-02 12:15:00+05:30,1325.0,1331.9,1325.0,1325.0,113
2024-05-02 13:15:00+05:30,1325.0,1340.0,1323.95,1332.8,552
2024-05-02 14:15:00+05:30,1332.8,1337.35,1326.85,1333.7,737
2024-05-02 15:15:00+05:30,1333.7,1337.9,1328.7,1336.5,46
2024-05-03 09:15:00+05:30,1326.85,1333.45,1325.0,1327.3,134
2024-05-03 10:15:00+05:30,1327.3,1332.0,1327.0,1330.1,1345
2024-05-03 11:15:00+05:30,1334.0,1334.95,1325.0,1325.0,429
2024-05-03 12:15:00+05:30,1325.0,1330.0,1325.0,1329.2,311
2024-05-03 13:15:00+05:30,1329.2,1330.9,1325.0,1327.3,188
2024-05-03 14:15:00+05:30,1327.3,1329.65,1325.0,1329.65,9
2024-05-03 15:15:00+05:30,1329.65,1335.0,1325.0,1335.0,545
2024-05-06 09:15:00+05:30,1328.1,1342.2,1298.6,1316.25,942
2024-05-06 10:15:00+05:30,1316.25,1325.0,1315.5,1315.5,404
2024-05-06 11:15:00+05:30,1315.5,1321.95,1310.0,1314.6,662
2024-05-06 12:15:00+05:30,1314.6,1335.35,1314.6,1326.6,1154
2024-05-06 13:15:00+05:30,1326.6,1335.65,1325.0,1332.1,830
2024-05-06 14:15:00+05:30,1332.1,1334.0,1315.55,1321.65,369
2024-05-06 15:15:00+05:30,1321.65,1325.0,1305.05,1323.5,119
2024-05-07 09:15:00+05:30,1321.0,1321.25,1314.65,1318.0,75
2024-05-07 10:15:00+05:30,1318.0,1320.6,1311.1,1316.75,954
2024-05-07 11:15:00+05:30,1316.75,1318.5,1305.0,1305.0,419
2024-05-07 12:15:00+05:30,1305.0,1306.0,1291.7,1294.25,422
2024-05-07 13:15:00+05:30,1294.25,1296.95,1287.25,1295.95,173
2024-05-07 14:15:00+05:30,1295.95,1295.95,1280.95,1282.0,261
2024-05-07 15:15:00+05:30,1282.0,1292.2,1281.0,1292.2,204
2024-05-08 09:15:00+05:30,1283.05,1298.95,1280.1,1295.45,2355
2024-05-08 10:15:00+05:30,1295.45,1295.45,1290.0,1290.35,44
2024-05-08 11:15:00+05:30,1290.35,1295.45,1290.35,1295.4,2928
2024-05-08 12:15:00+05:30,1295.4,1295.45,1293.05,1295.0,99
2024-05-08 13:15:00+05:30,1295.0,1295.0,1291.0,1291.05,138
2024-05-08 14:15:00+05:30,1291.05,1294.0,1291.05,1291.35,155
2024-05-08 15:15:00+05:30,1291.35,1291.35,1283.6,1291.0,225
2024-05-09 09:15:00+05:30,1288.0,1292.75,1282.0,1288.95,575
2024-05-09 10:15:00+05:30,1288.95,1290.45,1284.2,1285.0,1155
2024-05-09 11:15:00+05:30,1285.0,1286.8,1277.0,1277.6,140
2024-05-09 12:15:00+05:30,1277.6,1281.7,1263.05,1267.2,535
2024-05-09 13:15:00+05:30,1267.2,1268.2,1261.0,1265.0,130
2024-05-09 14:15:00+05:30,1265.0,1267.65,1261.0,1266.95,918
2024-05-09 15:15:00+05:30,1266.95,1266.95,1263.1,1264.1,80
2024-05-10 09:15:00+05:30,1260.1,1276.05,1259.4,1270.0,318
2024-05-10 10:15:00+05:30,1270.0,1283.95,1270.0,1274.55,304
2024-05-10 11:15:00+05:30,1274.55,1280.95,1271.1,1275.35,296
2024-05-10 12:15:00+05:30,1275.35,1280.9,1275.2,1279.95,56
2024-05-10 13:15:00+05:30,1279.95,1279.95,1276.15,1278.25,29
2024-05-10 14:15:00+05:30,1278.25,1281.2,1274.85,1275.9,293
2024-05-10 15:15:00+05:30,1275.9,1275.9,1260.6,1267.6,88
2024-05-13 09:15:00+05:30,1283.0,1283.0,1259.55,1265.05,336
2024-05-13 10:15:00+05:30,1265.05,1265.5,1251.05,1258.85,235
2024-05-13 11:15:00+05:30,1258.85,1275.95,1255.0,1266.05,989
2024-05-13 12:15:00+05:30,1266.05,1272.15,1266.05,1269.4,163
2024-05-13 13:15:00+05:30,1269.4,1271.1,1261.85,1261.85,600
2024-05-13 14:15:00+05:30,1261.85,1261.85,1251.85,1256.55,406
2024-05-13 15:15:00+05:30,1256.55,1256.95,1249.05,1250.0,1633
2024-05-14 09:15:00+05:30,1252.2,1262.05,1250.0,1254.15,1152
2024-05-14 10:15:00+05:30,1254.15,1260.0,1254.15,1260.0,71
2024-05-14 11:15:00+05:30,1256.15,1260.0,1250.1,1255.25,381
2024-05-14 12:15:00+05:30,1255.25,1258.75,1255.25,1257.0,2912
2024-05-14 13:15:00+05:30,1255.15,1259.3,1255.15,1258.8,10
2024-05-14 14:15:00+05:30,1258.8,1260.0,1258.3,1260.0,642
2024-05-14 15:15:00+05:30,1260.0,1275.4,1260.0,1260.2,182
2024-05-15 09:15:00+05:30,1274.0,1284.0,1274.0,1279.85,291
2024-05-15 10:15:00+05:30,1279.85,1279.85,1272.75,1276.3,70
2024-05-15 11:15:00+05:30,1276.3,1276.8,1273.05,1276.8,1027
2024-05-15 12:15:00+05:30,1276.8,1279.9,1275.0,1279.9,41
2024-05-15 13:15:00+05:30,1279.9,1279.9,1264.55,1269.4,267
2024-05-15 14:15:00+05:30,1266.35,1277.0,1265.7,1265.7,154
2024-05-15 15:15:00+05:30,1265.7,1275.0,1254.0,1275.0,178
2024-05-16 09:15:00+05:30,1278.65,1280.0,1269.85,1271.0,422
2024-05-16 10:15:00+05:30,1271.0,1278.8,1253.9,1267.05,1912
2024-05-16 11:15:00+05:30,1267.05,1270.0,1266.1,1266.1,23
2024-05-16 12:15:00+05:30,1266.1,1282.45,1266.1,1274.75,765
2024-05-16 13:15:00+05:30,1274.75,1275.0,1261.65,1267.0,358
2024-05-16 14:15:00+05:30,1267.0,1280.0,1267.0,1278.8,556
2024-05-16 15:15:00+05:30,1278.8,1280.0,1277.15,1277.2,122
2024-05-17 09:15:00+05:30,1277.4,1325.95,1272.0,1302.85,1845
2024-05-17 10:15:00+05:30,1303.0,1317.0,1303.0,1314.6,1412
2024-05-17 11:15:00+05:30,1314.6,1314.6,1305.0,1312.0,447
2024-05-17 12:15:00+05:30,1312.0,1315.15,1308.25,1310.65,210
2024-05-17 13:15:00+05:30,1310.65,1319.0,1310.0,1310.85,414
2024-05-17 14:15:00+05:30,1310.85,1319.7,1310.85,1316.35,327
2024-05-17 15:15:00+05:30,1316.35,1321.95,1303.55,1303.55,476
2024-05-18 09:15:00+05:30,1328.0,1330.0,1305.0,1318.0,348
2024-05-18 11:15:00+05:30,1318.0,1327.9,1315.0,1318.55,130
2024-05-18 12:15:00+05:30,1318.55,1325.0,1318.1,1318.1,71
2024-05-21 09:15:00+05:30,1330.0,1330.0,1303.3,1303.3,614
2024-05-21 10:15:00+05:30,1303.3,1457.85,1303.3,1438.95,15873
2024-05-21 11:15:00+05:30,1438.95,1498.4,1415.25,1445.0,27282
2024-05-21 12:15:00+05:30,1445.05,1489.0,1430.15,1465.6,10105
2024-05-21 13:15:00+05:30,1465.6,1493.2,1458.9,1459.65,5185
2024-05-21 14:15:00+05:30,1459.65,1484.25,1445.35,1473.0,7847
2024-05-21 15:15:00+05:30,1473.0,1487.9,1458.15,1480.0,5081
2024-05-22 09:15:00+05:30,1503.85,1534.45,1491.35,1505.0,11456
2024-05-22 10:15:00+05:30,1505.0,1510.0,1498.2,1505.85,3879
2024-05-22 11:15:00+05:30,1505.85,1510.0,1505.0,1509.0,986
2024-05-22 12:15:00+05:30,1509.0,1510.0,1504.75,1509.95,1963
2024-05-22 13:15:00+05:30,1509.95,1509.95,1504.4,1507.95,979
2024-05-22 14:15:00+05:30,1507.95,1508.5,1495.25,1501.35,3650
2024-05-22 15:15:00+05:30,1501.35,1503.0,1498.75,1502.0,720
2024-05-23 09:15:00+05:30,1510.0,1530.0,1490.0,1500.8,6546
2024-05-23 10:15:00+05:30,1499.0,1500.8,1489.6,1497.0,1082
2024-05-23 11:15:00+05:30,1497.0,1525.0,1497.0,1507.55,4038
2024-05-23 12:15:00+05:30,1507.55,1518.1,1507.55,1511.25,785
2024-05-23 13:15:00+05:30,1511.25,1520.0,1500.0,1519.45,2791
2024-05-23 14:15:00+05:30,1519.45,1576.95,1519.1,1556.05,40209
2024-05-23 15:15:00+05:30,1556.05,1561.15,1555.0,1558.0,2826
2024-05-24 09:15:00+05:30,1560.0,1580.0,1560.0,1570.9,8842
2024-05-24 10:15:00+05:30,1570.9,1574.5,1559.9,1562.0,4080
2024-05-24 11:15:00+05:30,1562.0,1567.1,1561.0,1564.9,904
2024-05-24 12:15:00+05:30,1564.9,1565.0,1539.6,1540.0,2198
2024-05-24 13:15:00+05:30,1540.0,1619.0,1470.0,1492.95,50794
2024-05-24 14:15:00+05:30,1492.95,1494.0,1459.1,1460.95,18454
2024-05-24 15:15:00+05:30,1460.95,1466.95,1455.0,1465.0,6447
2024-05-27 09:15:00+05:30,1499.75,1517.0,1474.35,1498.75,12900
2024-05-27 10:15:00+05:30,1498.75,1512.1,1495.4,1497.0,4486
2024-05-27 11:15:00+05:30,1497.0,1509.8,1495.0,1508.0,3028
2024-05-27 12:15:00+05:30,1508.55,1508.6,1502.8,1506.55,1565
2024-05-27 13:15:00+05:30,1506.55,1507.55,1489.95,1501.35,3216
2024-05-27 14:15:00+05:30,1501.35,1503.85,1486.0,1489.95,5432
2024-05-27 15:15:00+05:30,1489.95,1491.0,1485.0,1491.0,2037
2024-05-28 09:15:00+05:30,1508.0,1508.0,1494.0,1501.95,3426
2024-05-28 10:15:00+05:30,1501.95,1502.9,1496.05,1500.0,1354
2024-05-28 11:15:00+05:30,1500.0,1508.0,1492.6,1506.9,2178
2024-05-28 12:15:00+05:30,1506.9,1510.0,1500.0,1507.25,2795
2024-05-28 13:15:00+05:30,1507.3,1510.0,1501.0,1503.0,1370
2024-05-28 14:15:00+05:30,1503.0,1505.5,1499.05,1500.0,1523
2024-05-28 15:15:00+05:30,1500.0,1510.0,1499.05,1508.0,3566
2024-05-29 09:15:00+05:30,1505.0,1509.65,1494.0,1508.6,2441
2024-05-29 10:15:00+05:30,1508.6,1515.0,1502.3,1507.35,4166
2024-05-29 11:15:00+05:30,1507.35,1510.0,1503.05,1509.9,742
2024-05-29 12:15:00+05:30,1509.9,1510.0,1500.0,1501.0,1350
2024-05-29 13:15:00+05:30,1501.0,1512.0,1500.0,1512.0,2027
2024-05-29 14:15:00+05:30,1512.0,1514.85,1508.15,1509.6,1131
2024-05-29 15:15:00+05:30,1509.6,1512.95,1500.05,1504.0,1070
2024-05-30 09:15:00+05:30,1510.0,1517.0,1499.0,1499.55,2406
2024-05-30 10:15:00+05:30,1499.0,1515.0,1498.0,1511.0,1883
2024-05-30 11:15:00+05:30,1511.0,1514.0,1510.05,1512.95,680
2024-05-30 12:15:00+05:30,1512.95,1513.95,1505.0,1509.0,1559
2024-05-30 13:15:00+05:30,1509.1,1509.7,1500.0,1504.0,1629
2024-05-30 14:15:00+05:30,1504.0,1507.95,1495.0,1498.85,1603
2024-05-30 15:15:00+05:30,1498.85,1498.95,1485.65,1495.0,1911
2024-05-31 09:15:00+05:30,1509.95,1509.95,1490.75,1499.65,1860
2024-05-31 10:15:00+05:30,1499.65,1502.0,1498.0,1500.7,711
2024-05-31 11:15:00+05:30,1500.7,1503.85,1491.1,1499.95,1098
2024-05-31 12:15:00+05:30,1499.95,1502.45,1494.0,1499.0,648
2024-05-31 13:15:00+05:30,1499.0,1502.95,1494.05,1500.2,573
2024-05-31 14:15:00+05:30,1500.25,1504.2,1493.0,1500.0,1361
2024-05-31 15:15:00+05:30,1500.0,1503.95,1495.0,1501.0,950
2024-06-03 09:15:00+05:30,1516.0,1519.9,1500.0,1505.0,3139
2024-06-03 10:15:00+05:30,1505.0,1506.5,1499.1,1503.2,1746
2024-06-03 11:15:00+05:30,1501.1,1505.0,1499.25,1504.0,2984
2024-06-03 12:15:00+05:30,1504.0,1504.95,1499.1,1503.8,716
2024-06-03 13:15:00+05:30,1503.8,1509.2,1502.0,1507.7,707
2024-06-03 14:15:00+05:30,1507.7,1508.0,1475.55,1488.0,3872
2024-06-03 15:15:00+05:30,1488.0,1499.0,1486.15,1490.0,890
2024-06-04 09:15:00+05:30,1504.9,1504.9,1475.75,1494.5,1958
2024-06-04 10:15:00+05:30,1494.5,1498.95,1465.0,1468.25,1179
2024-06-04 11:15:00+05:30,1468.25,1468.45,1355.25,1406.9,11906
2024-06-04 12:15:00+05:30,1400.05,1422.0,1338.05,1417.45,8413
2024-06-04 13:15:00+05:30,1417.45,1468.35,1413.0,1467.95,4857
2024-06-04 14:15:00+05:30,1468.0,1468.0,1442.95,1444.9,1893
2024-06-04 15:15:00+05:30,1444.9,1448.0,1425.0,1428.0,1137
2024-06-05 09:15:00+05:30,1465.0,1468.95,1434.75,1457.55,2822
2024-06-05 10:15:00+05:30,1457.55,1467.95,1453.0,1467.75,1850
2024-06-05 11:15:00+05:30,1467.75,1468.8,1461.3,1465.0,1340
2024-06-05 12:15:00+05:30,1465.0,1476.8,1462.1,1476.8,1052
2024-06-05 13:15:00+05:30,1476.8,1477.95,1468.85,1470.9,489
2024-06-05 14:15:00+05:30,1470.8,1472.65,1462.0,1464.0,895
2024-06-05 15:15:00+05:30,1464.95,1472.95,1462.3,1472.0,550
2024-06-06 09:15:00+05:30,1487.45,1499.8,1478.3,1498.9,1243
2024-06-06 10:15:00+05:30,1498.9,1504.95,1495.0,1502.0,1363
2024-06-06 11:15:00+05:30,1502.0,1502.95,1493.7,1500.0,1257
2024-06-06 12:15:00+05:30,1500.0,1500.0,1494.85,1497.9,435
2024-06-06 13:15:00+05:30,1497.95,1506.7,1494.35,1494.6,3688
2024-06-06 14:15:00+05:30,1495.0,1502.55,1494.6,1500.0,2559
2024-06-06 15:15:00+05:30,1500.0,1502.5,1498.5,1502.0,954
2024-06-07 09:15:00+05:30,1509.0,1524.0,1501.35,1521.0,2394
2024-06-07 10:15:00+05:30,1521.0,1521.7,1515.0,1518.5,1044
2024-06-07 11:15:00+05:30,1518.5,1519.45,1514.8,1517.9,574
2024-06-07 12:15:00+05:30,1517.95,1519.4,1513.95,1518.0,439
2024-06-07 13:15:00+05:30,1518.0,1519.0,1511.2,1516.0,748
2024-06-07 14:15:00+05:30,1516.0,1516.9,1512.0,1515.0,874
2024-06-07 15:15:00+05:30,1515.0,1515.0,1511.2,1512.0,531
2024-06-10 09:15:00+05:30,1529.9,1534.95,1520.0,1530.0,2096
2024-06-10 10:15:00+05:30,1530.0,1540.0,1528.5,1540.0,3357
2024-06-10 11:15:00+05:30,1540.0,1545.0,1537.0,1542.0,1167
2024-06-10 12:15:00+05:30,1542.0,1542.0,1538.0,1540.7,929
2024-06-10 13:15:00+05:30,1540.7,1540.9,1535.0,1537.75,1105
2024-06-10 14:15:00+05:30,1537.75,1539.0,1534.3,1538.95,1296
2024-06-10 15:15:00+05:30,1538.95,1541.0,1537.2,1539.1,801
2024-06-11 09:15:00+05:30,1548.0,1550.0,1536.2,1548.9,2178
2024-06-11 10:15:00+05:30,1548.9,1549.9,1545.1,1547.25,934
2024-06-11 11:15:00+05:30,1547.25,1560.0,1542.0,1545.55,2684
2024-06-11 12:15:00+05:30,1545.55,1549.85,1543.0,1547.45,964
2024-06-11 13:15:00+05:30,1549.1,1549.9,1523.05,1540.0,4055
2024-06-11 14:15:00+05:30,1540.0,1545.9,1522.65,1534.9,4587
2024-06-11 15:15:00+05:30,1534.9,1540.0,1531.55,1539.85,1176
2024-06-12 09:15:00+05:30,1550.0,1550.0,1530.0,1541.8,2274
2024-06-12 10:15:00+05:30,1541.8,1550.0,1533.0,1549.55,2017
2024-06-12 11:15:00+05:30,1549.55,1550.0,1538.0,1539.85,2274
2024-06-12 12:15:00+05:30,1539.85,1540.0,1523.0,1530.15,3481
2024-06-12 13:15:00+05:30,1530.15,1534.2,1515.0,1524.9,4214
2024-06-12 14:15:00+05:30,1524.9,1525.0,1517.1,1519.95,3341
2024-06-12 15:15:00+05:30,1520.0,1526.7,1515.0,1526.0,2892
2024-06-13 09:15:00+05:30,1541.2,1549.0,1533.65,1549.0,5240
2024-06-13 10:15:00+05:30,1549.0,1550.75,1535.9,1542.0,4906
2024-06-13 11:15:00+05:30,1542.0,1550.75,1540.8,1550.0,3422
2024-06-13 12:15:00+05:30,1550.0,1557.0,1546.95,1556.85,2608
2024-06-13 13:15:00+05:30,1555.3,1566.15,1553.4,1559.5,3997
2024-06-13 14:15:00+05:30,1559.5,1565.0,1557.15,1564.65,3987
2024-06-13 15:15:00+05:30,1564.0,1574.0,1562.8,1574.0,4962
2024-06-14 09:15:00+05:30,1535.25,1540.3,1515.25,1525.0,2997
2024-06-14 10:15:00+05:30,1525.0,1530.95,1521.55,1529.0,1104
2024-06-14 11:15:00+05:30,1529.0,1530.85,1515.0,1522.0,1398
2024-06-14 12:15:00+05:30,1522.0,1523.55,1519.5,1522.0,346
2024-06-14 13:15:00+05:30,1522.0,1526.75,1517.05,1517.65,419
2024-06-14 14:15:00+05:30,1517.65,1521.15,1508.25,1510.55,1696
2024-06-14 15:15:00+05:30,1510.55,1524.0,1505.65,1520.7,2308
2024-06-18 09:15:00+05:30,1500.1,1513.0,1491.0,1502.0,2747
2024-06-18 10:15:00+05:30,1502.0,1502.0,1495.95,1497.9,411
2024-06-18 11:15:00+05:30,1497.85,1507.65,1497.85,1507.65,552
2024-06-18 12:15:00+05:30,1507.65,1507.65,1500.75,1506.95,331
2024-06-18 13:15:00+05:30,1506.95,1507.45,1505.6,1505.6,155
2024-06-18 14:15:00+05:30,1505.6,1509.7,1505.5,1505.5,1348
2024-06-18 15:15:00+05:30,1505.5,1507.5,1501.5,1507.5,383
2024-06-19 09:15:00+05:30,1506.2,1508.75,1492.0,1501.55,284
2024-06-19 10:15:00+05:30,1501.55,1505.0,1493.0,1499.4,679
2024-06-19 11:15:00+05:30,1499.4,1499.55,1493.0,1498.0,569
2024-06-19 12:15:00+05:30,1498.0,1498.0,1493.0,1493.8,166
2024-06-19 13:15:00+05:30,1493.8,1497.3,1493.0,1496.7,70
2024-06-19 14:15:00+05:30,1497.0,1498.0,1493.0,1495.85,767
2024-06-19 15:15:00+05:30,1495.85,1496.0,1493.55,1496.0,271
2024-06-20 09:15:00+05:30,1501.5,1513.8,1495.05,1498.85,879
2024-06-20 10:15:00+05:30,1498.85,1504.0,1496.6,1504.0,488
2024-06-20 11:15:00+05:30,1504.0,1510.25,1500.0,1505.5,1066
2024-06-20 12:15:00+05:30,1505.5,1508.75,1501.0,1504.55,376
2024-06-20 13:15:00+05:30,1504.55,1534.95,1504.55,1534.8,2412
2024-06-20 14:15:00+05:30,1534.8,1534.8,1523.0,1524.0,1824
2024-06-20 15:15:00+05:30,1524.0,1529.0,1522.15,1522.15,384
2024-06-21 09:15:00+05:30,1524.2,1566.0,1523.8,1554.95,5166
2024-06-21 10:15:00+05:30,1554.95,1574.0,1553.15,1554.05,2295
2024-06-21 11:15:00+05:30,1555.0,1573.7,1545.0,1567.95,5162
2024-06-21 12:15:00+05:30,1567.95,1580.0,1560.95,1573.9,3353
2024-06-21 13:15:00+05:30,1573.9,1574.45,1568.3,1572.1,1211
2024-06-21 14:15:00+05:30,1572.1,1576.9,1557.35,1571.3,1907
2024-06-21 15:15:00+05:30,1571.3,1580.0,1558.35,1562.05,2142
2024-06-24 09:15:00+05:30,1569.0,1600.0,1561.55,1566.3,4538
2024-06-24 10:15:00+05:30,1566.3,1571.7,1545.1,1546.55,1962
2024-06-24 11:15:00+05:30,1546.55,1548.7,1531.55,1536.25,917
2024-06-24 12:15:00+05:30,1536.15,1543.25,1535.45,1543.25,680
2024-06-24 13:15:00+05:30,1543.25,1552.75,1536.0,1539.8,1264
2024-06-24 14:15:00+05:30,1539.8,1543.4,1530.55,1532.9,806
2024-06-24 15:15:00+05:30,1532.9,1539.8,1528.05,1539.8,757
2024-06-25 09:15:00+05:30,1534.35,1562.25,1534.35,1550.45,2316
2024-06-25 10:15:00+05:30,1550.45,1558.6,1546.25,1550.8,607
2024-06-25 11:15:00+05:30,1550.8,1551.6,1544.0,1548.25,300
2024-06-25 12:15:00+05:30,1548.25,1557.95,1535.25,1536.3,1845
2024-06-25 13:15:00+05:30,1536.3,1538.6,1501.75,1506.5,2102
2024-06-25 14:15:00+05:30,1506.5,1506.5,1496.8,1500.0,1137
2024-06-25 15:15:00+05:30,1500.0,1505.6,1495.0,1495.0,1259
2024-06-26 09:15:00+05:30,1499.8,1515.7,1484.9,1492.15,6472
2024-06-26 10:15:00+05:30,1494.75,1502.35,1493.1,1496.55,483
2024-06-26 11:15:00+05:30,1496.55,1499.9,1485.0,1485.0,1391
2024-06-26 12:15:00+05:30,1485.0,1487.95,1481.0,1484.3,530
2024-06-26 13:15:00+05:30,1484.3,1488.0,1482.7,1482.8,165
2024-06-26 14:15:00+05:30,1481.0,1485.1,1459.6,1466.7,2406
2024-06-26 15:15:00+05:30,1465.0,1467.5,1461.05,1462.0,979
2024-06-27 09:15:00+05:30,1454.0,1478.0,1454.0,1461.1,1191
2024-06-27 10:15:00+05:30,1461.1,1461.95,1451.0,1453.85,1160
2024-06-27 11:15:00+05:30,1453.85,1458.2,1451.55,1454.4,271
2024-06-27 12:15:00+05:30,1454.4,1455.9,1440.1,1441.0,996
2024-06-27 13:15:00+05:30,1442.55,1444.35,1425.0,1427.0,2318
2024-06-27 14:15:00+05:30,1427.0,1428.9,1420.25,1423.1,641
2024-06-27 15:15:00+05:30,1423.1,1430.0,1421.1,1421.5,524
2024-06-28 09:15:00+05:30,1426.2,1439.95,1426.2,1437.0,443
2024-06-28 10:15:00+05:30,1437.0,1450.45,1432.05,1448.45,1040
2024-06-28 11:15:00+05:30,1448.45,1452.0,1444.0,1444.0,256
2024-06-28 12:15:00+05:30,1444.0,1445.2,1438.55,1440.0,83
2024-06-28 13:15:00+05:30,1440.0,1448.3,1439.6,1444.25,568
2024-06-28 14:15:00+05:30,1444.25,1447.6,1437.9,1447.55,385
2024-06-28 15:15:00+05:30,1447.55,1455.0,1439.65,1450.0,394
2024-07-01 09:15:00+05:30,1469.95,1480.9,1449.95,1472.25,2812
2024-07-01 10:15:00+05:30,1472.25,1476.95,1460.1,1460.1,881
2024-07-01 11:15:00+05:30,1463.0,1463.0,1456.0,1456.1,537
2024-07-01 12:15:00+05:30,1456.1,1459.85,1456.0,1457.0,370
2024-07-01 13:15:00+05:30,1457.1,1458.6,1455.0,1455.7,427
2024-07-01 14:15:00+05:30,1455.7,1457.15,1451.3,1452.3,322
2024-07-01 15:15:00+05:30,1452.3,1457.2,1452.25,1457.1,486
2024-07-02 09:15:00+05:30,1445.1,1449.0,1411.2,1418.05,4810
2024-07-02 10:15:00+05:30,1418.05,1425.0,1416.0,1421.55,2652
2024-07-02 11:15:00+05:30,1421.55,1426.0,1416.45,1416.45,1525
2024-07-02 12:15:00+05:30,1416.45,1426.0,1415.05,1416.65,1417
2024-07-02 13:15:00+05:30,1416.65,1422.0,1416.05,1418.65,808
2024-07-02 14:15:00+05:30,1418.65,1420.3,1414.0,1416.05,1622
2024-07-02 15:15:00+05:30,1416.05,1419.8,1414.2,1415.1,1015
2024-07-03 09:15:00+05:30,1410.05,1423.95,1410.05,1414.9,1741
2024-07-03 10:15:00+05:30,1412.7,1423.75,1412.5,1417.1,811
2024-07-03 11:15:00+05:30,1417.1,1421.0,1411.1,1412.4,1635
2024-07-03 12:15:00+05:30,1412.4,1418.9,1411.0,1412.0,426
2024-07-03 13:15:00+05:30,1412.0,1416.9,1407.8,1412.5,1019
2024-07-03 14:15:00+05:30,1412.5,1415.4,1409.0,1410.0,1269
2024-07-03 15:15:00+05:30,1410.0,1418.0,1410.0,1415.25,544
2024-07-04 09:15:00+05:30,1411.9,1418.65,1405.45,1410.0,1033
2024-07-04 10:15:00+05:30,1410.15,1418.1,1405.0,1405.75,1282
2024-07-04 11:15:00+05:30,1405.75,1412.4,1405.75,1407.3,671
2024-07-04 12:15:00+05:30,1407.3,1412.9,1407.0,1409.75,723
2024-07-04 13:15:00+05:30,1409.75,1409.75,1394.45,1395.0,1879
2024-07-04 14:15:00+05:30,1395.0,1396.8,1391.0,1393.4,1144
2024-07-04 15:15:00+05:30,1390.0,1398.4,1390.0,1396.0,764
2024-07-05 09:15:00+05:30,1390.0,1396.0,1385.0,1388.95,934
2024-07-05 10:15:00+05:30,1388.95,1409.0,1388.0,1401.05,1852
2024-07-05 11:15:00+05:30,1401.05,1401.05,1387.05,1391.5,1231
2024-07-05 12:15:00+05:30,1391.5,1393.0,1388.0,1388.9,929
2024-07-05 13:15:00+05:30,1388.9,1389.95,1386.7,1388.0,294
2024-07-05 14:15:00+05:30,1388.0,1399.0,1388.0,1397.65,2049
2024-07-05 15:15:00+05:30,1397.65,1399.0,1396.15,1399.0,943
2024-07-08 09:15:00+05:30,1398.7,1398.7,1382.05,1386.55,700
2024-07-08 10:15:00+05:30,1386.55,1393.05,1386.0,1387.3,903
2024-07-08 11:15:00+05:30,1387.3,1390.85,1386.05,1387.15,217
2024-07-08 12:15:00+05:30,1387.15,1389.05,1386.0,1386.05,203
2024-07-08 13:15:00+05:30,1386.05,1389.95,1386.0,1389.95,188
2024-07-08 14:15:00+05:30,1389.95,1390.0,1386.05,1386.05,570
2024-07-08 15:15:00+05:30,1386.05,1395.1,1386.0,1394.95,494
2024-07-09 09:15:00+05:30,1396.45,1396.45,1379.65,1384.0,1381
2024-07-09 10:15:00+05:30,1384.0,1407.9,1384.0,1400.5,2526
2024-07-09 11:15:00+05:30,1400.5,1409.0,1384.1,1408.95,3483
2024-07-09 12:15:00+05:30,1408.95,1408.95,1397.45,1398.0,708
2024-07-09 13:15:00+05:30,1398.0,1400.0,1395.05,1399.85,259
2024-07-09 14:15:00+05:30,1399.85,1405.95,1396.0,1402.2,1083
2024-07-09 15:15:00+05:30,1402.2,1404.0,1398.0,1398.0,824
2024-07-10 09:15:00+05:30,1404.0,1409.8,1388.0,1390.0,1212
2024-07-10 10:15:00+05:30,1390.0,1390.6,1380.0,1382.35,1329
2024-07-10 11:15:00+05:30,1382.35,1390.5,1382.0,1389.75,328
2024-07-10 12:15:00+05:30,1389.75,1389.75,1381.9,1382.6,589
2024-07-10 13:15:00+05:30,1382.6,1388.8,1382.5,1388.0,407
2024-07-10 14:15:00+05:30,1386.95,1393.95,1386.15,1388.2,733
2024-07-10 15:15:00+05:30,1388.2,1393.95,1387.0,1387.0,210
2024-07-11 09:15:00+05:30,1381.0,1411.0,1381.0,1409.75,1959
2024-07-11 10:15:00+05:30,1409.75,1428.25,1404.0,1425.25,2476
2024-07-11 11:15:00+05:30,1425.25,1426.9,1397.35,1403.05,2572
2024-07-11 12:15:00+05:30,1403.05,1408.85,1399.1,1402.25,1918
2024-07-11 13:15:00+05:30,1402.25,1402.35,1391.0,1391.0,549
2024-07-11 14:15:00+05:30,1391.0,1403.6,1388.0,1397.65,1088
2024-07-11 15:15:00+05:30,1394.9,1400.3,1390.0,1400.3,411
2024-07-12 09:15:00+05:30,1398.75,1420.0,1395.0,1397.0,1436
2024-07-12 10:15:00+05:30,1397.0,1400.0,1389.95,1394.75,1388
2024-07-12 11:15:00+05:30,1394.75,1394.9,1386.2,1389.25,606
2024-07-12 12:15:00+05:30,1389.5,1397.75,1382.6,1392.9,746
2024-07-12 13:15:00+05:30,1392.9,1393.95,1390.0,1391.1,104
2024-07-12 14:15:00+05:30,1391.1,1399.7,1390.15,1390.25,1227
2024-07-12 15:15:00+05:30,1390.25,1397.0,1390.2,1396.8,123
2024-07-15 09:15:00+05:30,1395.0,1403.9,1375.0,1383.9,1417
2024-07-15 10:15:00+05:30,1383.9,1390.65,1383.9,1385.05,407
2024-07-15 11:15:00+05:30,1385.05,1387.3,1384.0,1384.0,188
2024-07-15 12:15:00+05:30,1384.0,1385.95,1382.0,1384.2,125
2024-07-15 13:15:00+05:30,1384.2,1394.0,1380.1,1394.0,975
2024-07-15 14:15:00+05:30,1394.0,1406.05,1388.95,1397.0,1564
2024-07-15 15:15:00+05:30,1397.0,1399.25,1395.6,1396.0,289
2024-07-16 09:15:00+05:30,1388.0,1410.95,1388.0,1395.1,929
2024-07-16 10:15:00+05:30,1395.1,1399.0,1389.05,1392.55,623
2024-07-16 11:15:00+05:30,1392.55,1395.95,1389.6,1390.0,306
2024-07-16 12:15:00+05:30,1390.0,1399.0,1390.0,1395.5,672
2024-07-16 13:15:00+05:30,1395.5,1395.8,1390.0,1393.75,323
2024-07-16 14:15:00+05:30,1393.75,1397.9,1390.0,1394.95,695
2024-07-16 15:15:00+05:30,1394.95,1404.0,1389.6,1393.2,757
2024-07-18 09:15:00+05:30,1397.6,1415.0,1386.0,1393.5,1218
2024-07-18 10:15:00+05:30,1393.5,1393.5,1382.0,1384.0,939
2024-07-18 11:15:00+05:30,1384.0,1397.9,1382.55,1396.35,1041
2024-07-18 12:15:00+05:30,1400.0,1404.0,1387.0,1394.5,605
2024-07-18 13:15:00+05:30,1394.5,1398.9,1390.05,1395.65,213
2024-07-18 14:15:00+05:30,1395.65,1397.1,1390.0,1394.6,268
2024-07-18 15:15:00+05:30,1395.0,1396.1,1390.1,1390.1,177
2024-07-19 09:15:00+05:30,1385.55,1388.65,1380.0,1380.0,1310
2024-07-19 10:15:00+05:30,1380.0,1387.1,1380.0,1380.5,443
2024-07-19 11:15:00+05:30,1380.5,1385.0,1380.25,1384.05,367
2024-07-19 12:15:00+05:30,1384.05,1386.6,1382.05,1384.15,206
2024-07-19 13:15:00+05:30,1384.15,1396.05,1384.15,1393.0,453
2024-07-19 14:15:00+05:30,1393.0,1395.85,1384.15,1388.7,833
2024-07-19 15:15:00+05:30,1388.7,1390.0,1375.0,1378.0,591
2024-07-22 09:15:00+05:30,1376.1,1385.75,1374.05,1381.45,337
2024-07-22 10:15:00+05:30,1381.45,1385.9,1378.05,1380.1,291
2024-07-22 11:15:00+05:30,1380.1,1383.2,1378.45,1378.65,98
2024-07-22 12:15:00+05:30,1378.65,1384.45,1378.0,1378.5,216
2024-07-22 13:15:00+05:30,1378.5,1381.95,1378.35,1378.65,108
2024-07-22 14:15:00+05:30,1378.65,1389.15,1375.0,1375.0,508
2024-07-22 15:15:00+05:30,1375.0,1384.95,1373.15,1384.95,344
2024-07-23 09:15:00+05:30,1378.1,1394.95,1372.95,1380.0,696
2024-07-23 10:15:00+05:30,1380.0,1382.1,1372.0,1380.7,395
2024-07-23 11:15:00+05:30,1380.7,1381.7,1375.0,1379.45,451
2024-07-23 12:15:00+05:30,1379.45,1389.95,1369.95,1377.7,993
2024-07-23 13:15:00+05:30,1377.7,1385.3,1377.0,1380.05,253
2024-07-23 14:15:00+05:30,1380.05,1385.9,1376.7,1377.35,243
2024-07-23 15:15:00+05:30,1377.35,1381.6,1375.0,1377.1,210
2024-07-24 09:15:00+05:30,1375.5,1388.35,1375.0,1380.75,680
2024-07-24 10:15:00+05:30,1381.3,1383.85,1375.4,1382.5,389
2024-07-24 11:15:00+05:30,1382.5,1387.4,1380.0,1380.0,343
2024-07-24 12:15:00+05:30,1380.0,1383.75,1375.0,1379.7,584
2024-07-24 13:15:00+05:30,1379.7,1381.35,1375.0,1379.0,158
2024-07-24 14:15:00+05:30,1379.0,1388.0,1375.05,1383.25,336
2024-07-24 15:15:00+05:30,1383.25,1390.0,1379.05,1390.0,358
2024-07-25 09:15:00+05:30,1379.9,1386.65,1374.85,1378.3,398
2024-07-25 10:15:00+05:30,1378.3,1381.15,1376.4,1379.8,81
2024-07-25 11:15:00+05:30,1379.8,1382.1,1377.5,1380.05,144
2024-07-25 12:15:00+05:30,1380.05,1381.45,1379.05,1379.45,68
2024-07-25 13:15:00+05:30,1379.45,1381.25,1376.05,1379.45,542
2024-07-25 14:15:00+05:30,1379.45,1380.0,1370.5,1373.0,549
2024-07-25 15:15:00+05:30,1373.0,1375.0,1371.0,1372.0,386
2024-07-26 09:15:00+05:30,1372.0,1391.35,1372.0,1380.2,805
2024-07-26 10:15:00+05:30,1380.2,1389.0,1380.05,1381.05,350
2024-07-26 11:15:00+05:30,1381.05,1385.0,1375.0,1385.0,646
2024-07-26 12:15:00+05:30,1385.0,1389.0,1379.1,1381.0,540
2024-07-26 13:15:00+05:30,1381.0,1384.15,1378.5,1380.0,1160
2024-07-26 14:15:00+05:30,1380.0,1391.0,1378.5,1380.0,883
2024-07-26 15:15:00+05:30,1380.0,1391.0,1380.0,1380.0,355
2024-07-29 09:15:00+05:30,1396.0,1397.95,1378.1,1380.6,444
2024-07-29 10:15:00+05:30,1380.6,1419.05,1380.1,1407.6,2298
2024-07-29 11:15:00+05:30,1407.6,1413.25,1401.05,1402.3,554
2024-07-29 12:15:00+05:30,1402.3,1407.0,1391.05,1400.0,1338
2024-07-29 13:15:00+05:30,1400.0,1407.45,1399.2,1403.35,416
2024-07-29 14:15:00+05:30,1403.35,1405.0,1394.0,1395.7,1003
2024-07-29 15:15:00+05:30,1395.7,1398.1,1393.3,1394.5,141
2024-07-30 09:15:00+05:30,1410.0,1450.0,1391.1,1435.0,4284
2024-07-30 10:15:00+05:30,1435.0,1439.85,1420.0,1425.0,3859
2024-07-30 11:15:00+05:30,1425.0,1428.65,1417.7,1419.1,609
2024-07-30 12:15:00+05:30,1419.1,1423.95,1408.3,1410.4,2828
2024-07-30 13:15:00+05:30,1410.4,1414.0,1408.05,1412.05,1318
2024-07-30 14:15:00+05:30,1412.05,1413.9,1409.1,1411.85,287
2024-07-30 15:15:00+05:30,1411.85,1415.0,1410.0,1414.4,552
2024-07-31 09:15:00+05:30,1420.0,1420.0,1398.05,1403.0,1533
2024-07-31 10:15:00+05:30,1403.0,1404.5,1396.5,1401.0,357
2024-07-31 11:15:00+05:30,1401.0,1406.0,1398.0,1405.0,558
2024-07-31 12:15:00+05:30,1405.0,1414.6,1397.85,1411.1,1999
2024-07-31 13:15:00+05:30,1411.1,1415.0,1400.0,1402.0,803
2024-07-31 14:15:00+05:30,1402.0,1425.0,1401.1,1417.0,3530
2024-07-31 15:15:00+05:30,1417.0,1418.85,1411.05,1417.0,448
2024-08-01 09:15:00+05:30,1427.8,1427.8,1406.8,1410.0,1009
2024-08-01 10:15:00+05:30,1410.0,1412.3,1396.15,1405.0,864
2024-08-01 11:15:00+05:30,1405.0,1406.9,1396.45,1396.45,4782
2024-08-01 12:15:00+05:30,1396.45,1400.5,1396.45,1398.0,161
2024-08-01 13:15:00+05:30,1398.0,1399.5,1397.0,1397.25,213
2024-08-01 14:15:00+05:30,1397.25,1407.0,1395.0,1403.5,614
2024-08-01 15:15:00+05:30,1403.5,1406.95,1400.15,1401.0,279
2024-08-02 09:15:00+05:30,1424.0,1424.0,1385.5,1389.05,1413
2024-08-02 10:15:00+05:30,1389.05,1397.9,1386.05,1395.0,168
2024-08-02 11:15:00+05:30,1395.0,1395.95,1390.7,1391.1,326
2024-08-02 12:15:00+05:30,1391.1,1394.25,1388.0,1388.3,166
2024-08-02 13:15:00+05:30,1388.3,1391.55,1388.05,1391.5,22
2024-08-02 14:15:00+05:30,1391.5,1394.35,1388.0,1390.1,198
2024-08-02 15:15:00+05:30,1390.1,1400.0,1386.0,1400.0,792
2024-08-05 09:15:00+05:30,1360.05,1449.0,1342.05,1365.3,3385
2024-08-05 10:15:00+05:30,1365.3,1370.0,1352.9,1355.9,700
2024-08-05 11:15:00+05:30,1355.9,1356.9,1346.55,1353.0,564
2024-08-05 12:15:00+05:30,1353.0,1361.8,1346.05,1353.5,670
2024-08-05 13:15:00+05:30,1353.5,1365.0,1351.25,1361.25,502
2024-08-05 14:15:00+05:30,1361.25,1363.7,1351.0,1361.2,773
2024-08-05 15:15:00+05:30,1361.2,1363.5,1351.4,1363.5,131
2024-08-06 09:15:00+05:30,1370.0,1449.95,1355.15,1436.3,7030
2024-08-06 10:15:00+05:30,1436.3,1502.95,1434.15,1474.35,26841
2024-08-06 11:15:00+05:30,1474.35,1490.0,1460.0,1479.35,8206
2024-08-06 12:15:00+05:30,1479.35,1515.0,1461.35,1484.95,20739
2024-08-06 13:15:00+05:30,1484.25,1494.35,1452.0,1456.1,8369
2024-08-06 14:15:00+05:30,1456.1,1473.35,1446.05,1462.0,6019
2024-08-06 15:15:00+05:30,1462.0,1500.0,1448.15,1460.0,6095
2024-08-07 09:15:00+05:30,1494.95,1539.95,1484.2,1484.4,10787
2024-08-07 10:15:00+05:30,1484.4,1484.4,1464.0,1464.0,1855
2024-08-07 11:15:00+05:30,1464.0,1513.45,1460.05,1500.0,7413
2024-08-07 12:15:00+05:30,1500.0,1501.7,1470.85,1474.85,2507
2024-08-07 13:15:00+05:30,1474.85,1481.4,1470.0,1470.0,989
2024-08-07 14:15:00+05:30,1471.95,1477.45,1451.5,1455.05,2378
2024-08-07 15:15:00+05:30,1455.05,1470.0,1451.35,1470.0,1302
2024-08-08 09:15:00+05:30,1455.0,1473.35,1450.0,1460.85,2711
2024-08-08 10:15:00+05:30,1460.85,1465.45,1425.0,1425.05,2497
2024-08-08 11:15:00+05:30,1425.05,1570.25,1425.05,1516.0,49090
2024-08-08 12:15:00+05:30,1516.0,1549.0,1482.1,1485.0,18646
2024-08-08 13:15:00+05:30,1485.0,1498.15,1479.95,1479.95,4440
2024-08-08 14:15:00+05:30,1479.95,1490.0,1475.0,1485.2,2389
2024-08-08 15:15:00+05:30,1485.6,1493.7,1481.1,1488.0,1441
2024-08-09 09:15:00+05:30,1515.0,1515.0,1467.05,1471.35,3758
2024-08-09 10:15:00+05:30,1471.35,1471.35,1441.6,1447.5,2939
2024-08-09 11:15:00+05:30,1447.5,1450.65,1441.3,1450.0,1521
2024-08-09 12:15:00+05:30,1450.0,1452.25,1438.0,1438.0,1336
2024-08-09 13:15:00+05:30,1438.0,1455.0,1438.0,1443.8,1256
2024-08-09 14:15:00+05:30,1443.8,1453.2,1438.0,1449.9,1930
2024-08-09 15:15:00+05:30,1449.9,1452.6,1437.0,1437.0,937
2024-08-12 09:15:00+05:30,1436.0,1440.0,1396.75,1408.0,3310
2024-08-12 10:15:00+05:30,1408.0,1418.0,1405.5,1417.95,961
2024-08-12 11:15:00+05:30,1417.95,1424.95,1414.65,1417.15,814
2024-08-12 12:15:00+05:30,1417.15,1428.95,1417.15,1425.3,781
2024-08-12 13:15:00+05:30,1425.3,1425.95,1421.6,1422.65,216
2024-08-12 14:15:00+05:30,1422.65,1423.6,1415.3,1418.95,1038
2024-08-12 15:15:00+05:30,1418.95,1420.75,1410.1,1417.6,847
2024-08-13 09:15:00+05:30,1426.0,1426.0,1410.25,1420.7,672
2024-08-13 10:15:00+05:30,1420.7,1424.95,1417.0,1420.95,319
2024-08-13 11:15:00+05:30,1420.95,1421.35,1411.05,1416.95,668
2024-08-13 12:15:00+05:30,1416.95,1417.95,1403.05,1408.05,1243
2024-08-13 13:15:00+05:30,1408.05,1412.7,1405.0,1411.45,194
2024-08-13 14:15:00+05:30,1411.45,1411.45,1401.0,1401.0,710
2024-08-13 15:15:00+05:30,1401.0,1415.5,1401.0,1415.5,649
2024-08-14 09:15:00+05:30,1407.7,1415.95,1397.05,1404.3,774
2024-08-14 10:15:00+05:30,1404.3,1413.0,1398.0,1404.95,1217
2024-08-14 11:15:00+05:30,1404.95,1408.7,1396.05,1399.1,530
2024-08-14 12:15:00+05:30,1399.1,1416.6,1399.1,1413.45,1540
2024-08-14 13:15:00+05:30,1413.45,1417.5,1408.8,1415.0,116
2024-08-14 14:15:00+05:30,1415.0,1416.85,1400.15,1416.85,766
2024-08-14 15:15:00+05:30,1416.85,1430.0,1403.1,1420.0,690
2024-08-16 09:15:00+05:30,1414.75,1426.2,1395.0,1401.0,1230
2024-08-16 10:15:00+05:30,1401.0,1402.3,1385.0,1386.05,1557
2024-08-16 11:15:00+05:30,1386.5,1405.45,1386.0,1401.25,1739
2024-08-16 12:15:00+05:30,1401.25,1416.1,1400.5,1415.55,823
2024-08-16 13:15:00+05:30,1415.55,1427.6,1400.5,1424.0,3090
2024-08-16 14:15:00+05:30,1424.0,1447.0,1424.0,1434.6,1870
2024-08-16 15:15:00+05:30,1434.6,1445.0,1432.0,1445.0,751
2024-08-19 09:15:00+05:30,1480.0,1500.0,1471.55,1482.6,14337
2024-08-19 10:15:00+05:30,1482.6,1485.9,1471.5,1472.25,1710
2024-08-19 11:15:00+05:30,1472.25,1483.0,1466.85,1477.85,2675
2024-08-19 12:15:00+05:30,1477.85,1482.0,1472.8,1476.9,1047
2024-08-19 13:15:00+05:30,1476.9,1515.0,1475.25,1515.0,8309
2024-08-19 14:15:00+05:30,1511.05,1519.95,1501.0,1507.4,8136
2024-08-19 15:15:00+05:30,1507.4,1515.95,1495.0,1510.0,3866
2024-08-20 09:15:00+05:30,1524.0,1526.0,1498.05,1506.45,5880
2024-08-20 10:15:00+05:30,1506.45,1508.5,1492.0,1505.1,1794
2024-08-20 11:15:00+05:30,1505.1,1510.9,1497.7,1501.9,1442
2024-08-20 12:15:00+05:30,1500.05,1505.0,1491.1,1498.65,1845
2024-08-20 13:15:00+05:30,1498.65,1501.15,1490.0,1495.45,1197
2024-08-20 14:15:00+05:30,1495.45,1496.95,1490.0,1494.4,840
2024-08-20 15:15:00+05:30,1494.4,1494.4,1481.0,1489.0,1121
2024-08-21 09:15:00+05:30,1490.5,1511.15,1490.5,1497.0,1933
2024-08-21 10:15:00+05:30,1497.0,1501.15,1491.2,1491.2,411
2024-08-21 11:15:00+05:30,1491.2,1495.4,1489.6,1492.4,329
2024-08-21 12:15:00+05:30,1492.4,1494.35,1485.0,1489.9,401
2024-08-21 13:15:00+05:30,1489.9,1490.55,1480.05,1487.95,948
2024-08-21 14:15:00+05:30,1487.95,1498.0,1481.15,1494.5,1129
2024-08-21 15:15:00+05:30,1494.5,1497.4,1490.2,1496.5,345
2024-08-22 09:15:00+05:30,1495.1,1516.0,1490.0,1495.6,2380
2024-08-22 10:15:00+05:30,1495.6,1504.65,1494.4,1494.55,455
2024-08-22 11:15:00+05:30,1494.45,1512.85,1494.4,1499.0,1529
2024-08-22 12:15:00+05:30,1499.0,1505.65,1491.0,1491.0,1923
2024-08-22 13:15:00+05:30,1491.0,1500.35,1490.25,1494.2,649
2024-08-22 14:15:00+05:30,1494.2,1505.0,1491.0,1497.1,1404
2024-08-22 15:15:00+05:30,1497.1,1504.95,1491.2,1492.5,982
2024-08-23 09:15:00+05:30,1505.0,1507.2,1491.3,1494.95,693
2024-08-23 10:15:00+05:30,1494.95,1495.9,1490.0,1490.0,2551
2024-08-23 11:15:00+05:30,1490.0,1493.85,1485.0,1485.0,577
2024-08-23 12:15:00+05:30,1485.0,1492.0,1483.0,1485.0,901
2024-08-23 13:15:00+05:30,1485.0,1487.35,1481.0,1484.8,219
2024-08-23 14:15:00+05:30,1484.8,1489.8,1482.0,1485.9,407
2024-08-23 15:15:00+05:30,1485.9,1486.05,1480.05,1480.05,614
2024-08-26 09:15:00+05:30,1497.9,1499.95,1475.5,1475.5,1570
2024-08-26 10:15:00+05:30,1475.5,1477.7,1466.5,1471.1,917
2024-08-26 11:15:00+05:30,1471.1,1481.85,1470.25,1481.0,698
2024-08-26 12:15:00+05:30,1481.0,1481.0,1471.0,1474.25,222
2024-08-26 13:15:00+05:30,1474.25,1478.9,1470.0,1471.0,656
2024-08-26 14:15:00+05:30,1471.0,1474.0,1465.45,1467.35,691
2024-08-26 15:15:00+05:30,1465.35,1465.35,1451.35,1462.0,1556
2024-08-27 09:15:00+05:30,1472.0,1472.0,1458.0,1459.3,830
2024-08-27 10:15:00+05:30,1459.3,1461.3,1455.05,1458.95,898
2024-08-27 11:15:00+05:30,1458.95,1460.0,1456.0,1459.4,422
2024-08-27 12:15:00+05:30,1459.9,1460.0,1455.5,1459.0,200
2024-08-27 13:15:00+05:30,1460.0,1460.0,1454.05,1456.0,294
2024-08-27 14:15:00+05:30,1456.0,1459.5,1455.05,1456.5,397
2024-08-27 15:15:00+05:30,1456.5,1458.0,1450.05,1453.2,867
2024-08-28 09:15:00+05:30,1478.05,1478.05,1452.05,1462.05,646
2024-08-28 10:15:00+05:30,1462.05,1466.6,1461.3,1466.2,165
2024-08-28 11:15:00+05:30,1466.2,1466.25,1458.9,1463.2,293
2024-08-28 12:15:00+05:30,1463.2,1478.7,1459.1,1471.05,1366
2024-08-28 13:15:00+05:30,1471.05,1639.95,1471.05,1623.0,53499
2024-08-28 14:15:00+05:30,1623.05,1653.4,1536.0,1557.05,83207
2024-08-28 15:15:00+05:30,1557.05,1586.75,1551.1,1560.0,10225
2024-08-29 09:15:00+05:30,1560.05,1649.0,1560.05,1576.4,24728
2024-08-29 10:15:00+05:30,1575.0,1576.05,1542.05,1545.35,3507
2024-08-29 11:15:00+05:30,1545.35,1549.4,1538.0,1542.0,1341
2024-08-29 12:15:00+05:30,1542.0,1554.35,1542.0,1544.5,722
2024-08-29 13:15:00+05:30,1544.5,1548.95,1530.15,1532.95,952
2024-08-29 14:15:00+05:30,1532.95,1544.4,1528.0,1541.9,2937
2024-08-29 15:15:00+05:30,1541.9,1557.0,1528.05,1557.0,2365
2024-08-30 09:15:00+05:30,1540.0,1608.0,1540.0,1571.3,9309
2024-08-30 10:15:00+05:30,1571.3,1573.95,1560.0,1569.95,1346
2024-08-30 11:15:00+05:30,1569.95,1590.0,1567.45,1580.0,2578
2024-08-30 12:15:00+05:30,1580.0,1582.2,1565.65,1567.45,887
2024-08-30 13:15:00+05:30,1567.45,1583.05,1564.05,1566.6,2076
2024-08-30 14:15:00+05:30,1566.6,1567.5,1558.45,1558.45,1594
2024-08-30 15:15:00+05:30,1558.45,1560.0,1551.2,1560.0,852
2024-09-02 09:15:00+05:30,1536.0,1551.05,1523.65,1527.85,3718
2024-09-02 10:15:00+05:30,1527.85,1528.0,1515.65,1519.25,1427
2024-09-02 11:15:00+05:30,1519.25,1520.0,1492.55,1503.2,5433
2024-09-02 12:15:00+05:30,1503.2,1503.2,1488.9,1492.0,2035
2024-09-02 13:15:00+05:30,1492.0,1498.05,1489.0,1498.05,660
2024-09-02 14:15:00+05:30,1498.05,1510.05,1495.55,1495.55,1245
2024-09-02 15:15:00+05:30,1495.55,1499.7,1495.55,1499.5,783
2024-09-03 09:15:00+05:30,1497.7,1514.9,1497.7,1503.65,2044
2024-09-03 10:15:00+05:30,1503.65,1505.0,1491.3,1499.05,679
2024-09-03 11:15:00+05:30,1499.05,1499.45,1495.05,1495.65,162
2024-09-03 12:15:00+05:30,1495.65,1500.0,1495.65,1496.1,423
2024-09-03 13:15:00+05:30,1496.1,1496.1,1489.0,1489.0,820
2024-09-03 14:15:00+05:30,1489.0,1493.75,1481.1,1481.1,1328
2024-09-03 15:15:00+05:30,1481.15,1481.75,1461.0,1470.0,3915
2024-09-04 09:15:00+05:30,1465.65,1479.9,1462.0,1468.05,1173
2024-09-04 10:15:00+05:30,1468.05,1470.4,1463.05,1467.95,1209
2024-09-04 11:15:00+05:30,1467.95,1472.0,1463.0,1465.0,731
2024-09-04 12:15:00+05:30,1465.0,1465.0,1454.95,1462.45,1075
2024-09-04 13:15:00+05:30,1462.45,1465.0,1459.65,1460.0,496
2024-09-04 14:15:00+05:30,1458.45,1462.9,1451.0,1455.1,1828
2024-09-04 15:15:00+05:30,1455.1,1459.9,1451.0,1453.4,582
2024-09-05 09:15:00+05:30,1454.0,1483.9,1454.0,1483.9,2443
2024-09-05 10:15:00+05:30,1483.9,1483.9,1467.1,1474.3,876
2024-09-05 11:15:00+05:30,1474.3,1479.65,1473.1,1473.1,861
2024-09-05 12:15:00+05:30,1473.1,1474.95,1465.4,1471.6,431
2024-09-05 13:15:00+05:30,1471.6,1489.0,1469.6,1483.55,991
2024-09-05 14:15:00+05:30,1483.55,1489.0,1480.85,1487.0,379
2024-09-05 15:15:00+05:30,1487.0,1487.9,1470.05,1485.0,579
2024-09-06 09:15:00+05:30,1494.75,1494.75,1469.8,1470.6,2566
2024-09-06 10:15:00+05:30,1470.6,1476.8,1470.5,1474.05,466
2024-09-06 11:15:00+05:30,1474.05,1505.2,1472.65,1498.55,2161
2024-09-06 12:15:00+05:30,1499.3,1519.95,1487.0,1487.25,2214
2024-09-06 13:15:00+05:30,1487.25,1489.05,1462.4,1472.2,2323
2024-09-06 14:15:00+05:30,1472.2,1473.05,1464.35,1467.0,446
2024-09-06 15:15:00+05:30,1468.2,1480.0,1460.05,1480.0,1280
2024-09-09 09:15:00+05:30,1468.7,1475.0,1450.8,1469.7,1906
2024-09-09 10:15:00+05:30,1469.7,1474.2,1465.5,1471.15,296
2024-09-09 11:15:00+05:30,1471.15,1471.8,1467.9,1471.8,248
2024-09-09 12:15:00+05:30,1471.8,1473.0,1468.0,1469.0,260
2024-09-09 13:15:00+05:30,1469.0,1472.5,1468.0,1470.6,209
2024-09-09 14:15:00+05:30,1470.6,1471.9,1468.0,1471.1,184
2024-09-09 15:15:00+05:30,1471.1,1474.0,1467.0,1474.0,257
2024-09-10 09:15:00+05:30,1470.55,1499.95,1470.55,1486.7,1459
2024-09-10 10:15:00+05:30,1486.7,1486.7,1481.0,1481.0,56
2024-09-10 11:15:00+05:30,1481.0,1493.5,1481.0,1489.6,397
2024-09-10 12:15:00+05:30,1489.6,1489.6,1483.0,1489.0,164
2024-09-10 13:15:00+05:30,1489.0,1490.85,1484.4,1484.4,267
2024-09-10 14:15:00+05:30,1484.4,1491.2,1482.0,1487.35,283
2024-09-10 15:15:00+05:30,1487.35,1493.55,1480.0,1489.95,522
2024-09-11 09:15:00+05:30,1487.9,1490.95,1472.5,1484.65,565
2024-09-11 10:15:00+05:30,1484.65,1495.0,1484.0,1491.1,499
2024-09-11 11:15:00+05:30,1491.1,1492.75,1486.9,1488.05,92
2024-09-11 12:15:00+05:30,1488.05,1490.0,1482.0,1485.0,423
2024-09-11 13:15:00+05:30,1485.0,1485.5,1481.5,1481.5,326
2024-09-11 14:15:00+05:30,1481.5,1485.0,1476.2,1480.0,624
2024-09-11 15:15:00+05:30,1480.0,1485.0,1470.0,1485.0,649
2024-09-12 09:15:00+05:30,1479.8,1487.75,1479.0,1479.0,667
2024-09-12 10:15:00+05:30,1479.0,1479.0,1448.0,1448.05,3118
2024-09-12 11:15:00+05:30,1448.05,1458.55,1445.5,1458.35,476
2024-09-12 12:15:00+05:30,1458.35,1459.45,1450.0,1454.9,685
2024-09-12 13:15:00+05:30,1454.9,1455.6,1449.0,1452.0,171
2024-09-12 14:15:00+05:30,1452.0,1452.0,1444.7,1451.1,1130
2024-09-12 15:15:00+05:30,1451.1,1452.0,1441.45,1452.0,595
2024-09-13 09:15:00+05:30,1457.0,1469.9,1452.05,1456.55,2337
2024-09-13 10:15:00+05:30,1456.55,1466.95,1456.55,1465.55,1477
2024-09-13 11:15:00+05:30,1465.55,1472.8,1461.6,1464.35,498
2024-09-13 12:15:00+05:30,1464.35,1472.4,1464.35,1466.0,137
2024-09-13 13:15:00+05:30,1466.0,1467.8,1463.05,1463.05,215
2024-09-13 14:15:00+05:30,1463.05,1467.7,1457.9,1457.9,341
2024-09-13 15:15:00+05:30,1457.9,1460.05,1457.1,1457.1,229
2024-09-16 09:15:00+05:30,1463.0,1479.1,1449.65,1450.5,1185
2024-09-16 10:15:00+05:30,1450.5,1462.7,1437.45,1450.0,2609
2024-09-16 11:15:00+05:30,1450.0,1450.0,1443.0,1443.7,412
2024-09-16 12:15:00+05:30,1443.7,1453.35,1443.55,1453.35,183
2024-09-16 13:15:00+05:30,1453.35,1453.35,1445.05,1447.1,83
2024-09-16 14:15:00+05:30,1447.1,1455.0,1443.0,1447.0,1030
2024-09-16 15:15:00+05:30,1447.0,1451.95,1443.05,1444.5,241
2024-09-17 09:15:00+05:30,1446.2,1450.85,1439.0,1439.95,1094
2024-09-17 10:15:00+05:30,1439.95,1444.35,1438.55,1442.5,366
2024-09-17 11:15:00+05:30,1442.5,1443.05,1436.4,1436.4,188
2024-09-17 12:15:00+05:30,1436.4,1441.35,1436.4,1439.1,156
2024-09-17 13:15:00+05:30,1439.1,1445.9,1438.75,1442.0,270
2024-09-17 14:15:00+05:30,1442.0,1447.35,1436.15,1447.35,257
2024-09-17 15:15:00+05:30,1447.35,1450.0,1436.0,1438.0,114
2024-09-18 09:15:00+05:30,1435.2,1445.95,1431.35,1433.7,896
2024-09-18 10:15:00+05:30,1433.7,1451.0,1433.5,1437.85,1004
2024-09-18 11:15:00+05:30,1437.85,1442.05,1433.7,1436.7,207
2024-09-18 12:15:00+05:30,1436.7,1437.9,1425.0,1425.0,995
2024-09-18 13:15:00+05:30,1425.0,1432.1,1424.0,1425.15,407
2024-09-18 14:15:00+05:30,1425.15,1428.75,1424.45,1428.75,331
2024-09-18 15:15:00+05:30,1428.75,1433.95,1425.0,1425.0,381
2024-09-19 09:15:00+05:30,1429.2,1443.0,1422.0,1425.0,679
2024-09-19 10:15:00+05:30,1425.0,1425.0,1410.0,1414.3,712
2024-09-19 11:15:00+05:30,1414.3,1414.3,1401.0,1407.0,496
2024-09-19 12:15:00+05:30,1407.0,1424.95,1407.0,1417.1,473
2024-09-19 13:15:00+05:30,1417.1,1428.0,1408.1,1423.9,773
2024-09-19 14:15:00+05:30,1423.9,1425.55,1411.0,1417.4,476
2024-09-19 15:15:00+05:30,1417.4,1417.4,1402.1,1417.0,506
2024-09-20 09:15:00+05:30,1420.0,1429.0,1413.05,1419.4,262
2024-09-20 10:15:00+05:30,1419.4,1425.2,1400.0,1423.5,1917
2024-09-20 11:15:00+05:30,1423.5,1426.4,1417.25,1422.5,303
2024-09-20 12:15:00+05:30,1422.5,1428.15,1416.8,1423.6,275
2024-09-20 13:15:00+05:30,1423.6,1429.6,1412.95,1419.0,675
2024-09-20 14:15:00+05:30,1419.0,1425.65,1410.25,1419.6,351
2024-09-20 15:15:00+05:30,1419.6,1421.0,1404.35,1405.0,352
2024-09-23 09:15:00+05:30,1420.0,1430.95,1415.85,1416.15,376
2024-09-23 10:15:00+05:30,1416.15,1424.85,1416.15,1420.4,127
2024-09-23 11:15:00+05:30,1420.4,1421.95,1417.6,1421.95,122
2024-09-23 12:15:00+05:30,1421.95,1429.0,1420.55,1426.5,304
2024-09-23 13:15:00+05:30,1426.5,1433.35,1417.3,1430.9,548
2024-09-23 14:15:00+05:30,1430.9,1430.9,1420.5,1420.5,289
2024-09-23 15:15:00+05:30,1420.5,1428.0,1419.0,1419.2,287
2024-09-24 09:15:00+05:30,1430.0,1430.6,1417.8,1430.0,827
2024-09-24 10:15:00+05:30,1431.6,1433.0,1426.65,1429.9,299
2024-09-24 11:15:00+05:30,1429.9,1433.0,1425.0,1426.7,275
2024-09-24 12:15:00+05:30,1426.7,1433.0,1426.1,1430.0,131
2024-09-24 13:15:00+05:30,1428.9,1431.5,1405.15,1420.9,555
2024-09-24 14:15:00+05:30,1420.9,1420.9,1413.5,1420.05,249
2024-09-24 15:15:00+05:30,1420.05,1425.0,1402.9,1414.0,415
2024-09-25 09:15:00+05:30,1426.0,1429.2,1413.7,1414.05,383
2024-09-25 10:15:00+05:30,1414.05,1424.65,1414.05,1419.1,117
2024-09-25 11:15:00+05:30,1419.1,1423.5,1418.3,1418.3,52
2024-09-25 12:15:00+05:30,1418.3,1466.9,1417.5,1425.65,1668
2024-09-25 13:15:00+05:30,1425.65,1435.0,1418.05,1422.3,363
2024-09-25 14:15:00+05:30,1422.3,1433.9,1417.5,1419.0,397
2024-09-25 15:15:00+05:30,1419.0,1425.75,1417.9,1417.9,253
2024-09-26 09:15:00+05:30,1425.0,1426.4,1413.6,1421.75,244
2024-09-26 10:15:00+05:30,1421.75,1424.1,1416.7,1420.45,65
2024-09-26 11:15:00+05:30,1420.45,1425.0,1416.1,1422.8,64
2024-09-26 12:15:00+05:30,1422.8,1422.8,1413.0,1417.0,130
2024-09-26 13:15:00+05:30,1417.0,1417.0,1413.1,1414.0,51
2024-09-26 14:15:00+05:30,1413.55,1417.0,1401.0,1411.0,1133
2024-09-26 15:15:00+05:30,1411.0,1411.0,1407.0,1407.0,135
2024-09-27 09:15:00+05:30,1402.6,1418.35,1402.0,1411.9,698
2024-09-27 10:15:00+05:30,1411.9,1420.0,1411.55,1416.35,285
2024-09-27 11:15:00+05:30,1416.45,1417.85,1399.5,1406.0,1091
2024-09-27 12:15:00+05:30,1406.0,1410.4,1406.0,1407.4,111
2024-09-27 13:15:00+05:30,1407.4,1409.55,1400.0,1409.55,273
2024-09-27 14:15:00+05:30,1409.55,1409.75,1399.5,1402.85,1049
2024-09-27 15:15:00+05:30,1402.85,1404.45,1391.05,1393.0,467
2024-09-30 09:15:00+05:30,1419.0,1434.75,1408.85,1408.9,1418
2024-09-30 10:15:00+05:30,1408.9,1415.9,1401.8,1405.4,708
2024-09-30 11:15:00+05:30,1405.4,1411.9,1405.4,1409.9,104
2024-09-30 12:15:00+05:30,1409.9,1411.5,1407.0,1407.7,180
2024-09-30 13:15:00+05:30,1407.7,1411.25,1403.6,1405.95,328
2024-09-30 14:15:00+05:30,1405.95,1419.0,1405.05,1406.0,671
2024-09-30 15:15:00+05:30,1406.0,1423.0,1402.15,1414.2,350
2024-10-01 09:15:00+05:30,1416.0,1427.95,1404.05,1415.0,857
2024-10-01 10:15:00+05:30,1415.0,1415.0,1405.0,1406.0,123
2024-10-01 11:15:00+05:30,1406.0,1415.95,1406.0,1411.6,457
2024-10-01 12:15:00+05:30,1411.6,1415.65,1407.0,1407.0,125
2024-10-01 13:15:00+05:30,1407.0,1411.3,1407.0,1409.2,248
2024-10-01 14:15:00+05:30,1409.2,1412.9,1404.0,1405.15,371
2024-10-01 15:15:00+05:30,1405.15,1409.9,1404.0,1409.0,149
2024-10-03 09:15:00+05:30,1405.0,1405.0,1381.55,1394.0,971
2024-10-03 10:15:00+05:30,1394.0,1394.0,1390.9,1394.0,690
2024-10-03 11:15:00+05:30,1394.0,1394.0,1385.0,1387.4,382
2024-10-03 12:15:00+05:30,1387.4,1394.0,1387.4,1390.0,64
2024-10-03 13:15:00+05:30,1387.0,1403.95,1385.1,1398.0,816
2024-10-03 14:15:00+05:30,1398.0,1403.0,1391.25,1395.1,170
2024-10-03 15:15:00+05:30,1395.1,1398.95,1390.0,1394.0,213
2024-10-04 09:15:00+05:30,1393.9,1394.0,1383.05,1393.0,701
2024-10-04 10:15:00+05:30,1393.0,1401.9,1387.55,1393.8,310
2024-10-04 11:15:00+05:30,1393.8,1396.0,1390.0,1396.0,299
2024-10-04 12:15:00+05:30,1396.0,1396.5,1385.0,1385.0,227
2024-10-04 13:15:00+05:30,1385.0,1393.95,1375.0,1380.4,707
2024-10-04 14:15:00+05:30,1380.4,1380.75,1354.25,1368.75,1861
2024-10-04 15:15:00+05:30,1367.5,1367.5,1350.55,1356.0,793
2024-10-07 09:15:00+05:30,1355.0,1376.95,1341.0,1345.4,1936
2024-10-07 10:15:00+05:30,1345.4,1345.65,1332.0,1339.9,471
2024-10-07 11:15:00+05:30,1339.9,1348.2,1339.9,1346.0,317
2024-10-07 12:15:00+05:30,1346.0,1349.8,1318.6,1320.0,569
2024-10-07 13:15:00+05:30,1320.0,1320.0,1281.1,1309.95,1768
2024-10-07 14:15:00+05:30,1309.95,1320.4,1303.5,1315.0,1470
2024-10-07 15:15:00+05:30,1315.0,1319.85,1295.55,1318.45,169
2024-10-08 09:15:00+05:30,1286.0,1315.0,1286.0,1310.1,831
2024-10-08 10:15:00+05:30,1310.1,1323.7,1307.7,1321.95,353
2024-10-08 11:15:00+05:30,1321.95,1321.95,1311.05,1312.05,397
2024-10-08 12:15:00+05:30,1318.25,1320.9,1310.0,1313.75,565
2024-10-08 13:15:00+05:30,1313.75,1316.9,1302.1,1316.45,207
2024-10-08 14:15:00+05:30,1316.45,1324.0,1313.0,1324.0,420
2024-10-08 15:15:00+05:30,1324.0,1324.0,1316.0,1321.0,147
2024-10-09 09:15:00+05:30,1331.0,1344.85,1329.0,1344.85,526
2024-10-09 10:15:00+05:30,1344.85,1368.7,1342.0,1368.7,401
2024-10-09 11:15:00+05:30,1368.7,1368.7,1344.0,1344.05,228
2024-10-09 12:15:00+05:30,1344.05,1345.8,1340.05,1340.05,74
2024-10-09 13:15:00+05:30,1340.05,1347.95,1331.05,1335.6,237
2024-10-09 14:15:00+05:30,1335.6,1339.0,1330.05,1330.1,196
2024-10-09 15:15:00+05:30,1330.1,1338.5,1330.05,1331.0,133
2024-10-10 09:15:00+05:30,1342.0,1347.0,1336.6,1340.05,278
2024-10-10 10:15:00+05:30,1340.05,1343.3,1335.0,1336.0,386
2024-10-10 11:15:00+05:30,1336.0,1337.95,1330.05,1330.75,208
2024-10-10 12:15:00+05:30,1330.75,1339.9,1330.75,1338.1,59
2024-10-10 13:15:00+05:30,1338.1,1340.0,1334.85,1340.0,176
2024-10-10 14:15:00+05:30,1340.0,1340.8,1328.85,1335.95,870
2024-10-10 15:15:00+05:30,1335.95,1340.75,1334.9,1334.9,40
2024-10-11 09:15:00+05:30,1339.0,1339.0,1323.1,1331.95,275
2024-10-11 10:15:00+05:30,1331.95,1331.95,1324.0,1327.0,715
2024-10-11 11:15:00+05:30,1327.0,1331.05,1320.5,1320.5,409
2024-10-11 12:15:00+05:30,1320.5,1325.0,1320.0,1320.0,254
2024-10-11 13:15:00+05:30,1320.0,1322.95,1310.0,1310.0,859
2024-10-11 14:15:00+05:30,1310.0,1323.85,1306.5,1314.05,756
2024-10-11 15:15:00+05:30,1314.05,1315.65,1308.25,1315.65,305
2024-10-14 09:15:00+05:30,1325.0,1327.15,1311.95,1320.55,431
2024-10-14 10:15:00+05:30,1320.55,1321.4,1317.0,1319.0,156
2024-10-14 11:15:00+05:30,1319.0,1323.2,1311.95,1318.55,481
2024-10-14 12:15:00+05:30,1318.55,1322.0,1315.05,1320.1,257
2024-10-14 13:15:00+05:30,1321.0,1321.0,1314.0,1314.6,126
2024-10-14 14:15:00+05:30,1314.6,1318.0,1312.5,1313.95,94
2024-10-14 15:15:00+05:30,1313.95,1318.0,1312.75,1312.75,341
2024-10-15 09:15:00+05:30,1325.0,1325.0,1312.0,1313.15,206
2024-10-15 10:15:00+05:30,1313.15,1318.15,1311.0,1316.1,505
2024-10-15 11:15:00+05:30,1316.1,1316.5,1311.1,1316.5,180
2024-10-15 12:15:00+05:30,1316.5,1316.5,1303.3,1305.95,528
2024-10-15 13:15:00+05:30,1305.95,1310.9,1305.95,1310.85,305
2024-10-15 14:15:00+05:30,1310.85,1312.0,1305.0,1308.35,1253
2024-10-15 15:15:00+05:30,1308.35,1312.0,1306.0,1310.0,489
2024-10-16 09:15:00+05:30,1316.95,1316.95,1305.05,1307.95,584
2024-10-16 10:15:00+05:30,1307.95,1308.0,1301.15,1303.7,523
2024-10-16 11:15:00+05:30,1303.7,1305.05,1301.25,1305.0,421
2024-10-16 12:15:00+05:30,1305.0,1306.5,1302.15,1305.0,219
2024-10-16 13:15:00+05:30,1305.0,1314.55,1302.0,1310.0,340
2024-10-16 14:15:00+05:30,1310.0,1314.6,1287.95,1305.35,2156
2024-10-16 15:15:00+05:30,1305.35,1307.75,1304.1,1305.0,279
2024-10-17 09:15:00+05:30,1314.0,1314.0,1296.0,1296.0,1086
2024-10-17 10:15:00+05:30,1296.0,1305.0,1296.0,1299.25,536
2024-10-17 11:15:00+05:30,1299.25,1299.85,1291.05,1297.55,364
2024-10-17 12:15:00+05:30,1297.55,1305.0,1297.55,1300.95,559
2024-10-17 13:15:00+05:30,1300.95,1301.0,1299.5,1299.5,191
2024-10-17 14:15:00+05:30,1299.5,1299.5,1287.65,1298.95,1095
2024-10-17 15:15:00+05:30,1298.95,1298.95,1290.25,1298.0,250
2024-10-18 09:15:00+05:30,1307.0,1307.0,1271.9,1285.8,898
2024-10-18 10:15:00+05:30,1285.8,1290.05,1282.9,1290.05,316
2024-10-18 11:15:00+05:30,1290.05,1291.5,1286.35,1289.0,352
2024-10-18 12:15:00+05:30,1289.0,1290.95,1287.9,1289.0,430
2024-10-18 13:15:00+05:30,1289.0,1294.0,1287.05,1288.05,323
2024-10-18 14:15:00+05:30,1288.05,1299.95,1288.05,1294.0,363
2024-10-18 15:15:00+05:30,1293.0,1294.0,1285.0,1285.95,250
2024-10-21 09:15:00+05:30,1286.0,1296.25,1274.1,1280.45,740
2024-10-21 10:15:00+05:30,1280.45,1282.3,1272.6,1282.3,381
2024-10-21 11:15:00+05:30,1282.3,1286.95,1280.05,1283.65,252
2024-10-21 12:15:00+05:30,1283.65,1285.05,1277.1,1279.0,226
2024-10-21 13:15:00+05:30,1279.0,1283.25,1277.1,1280.1,88
2024-10-21 14:15:00+05:30,1280.1,1280.3,1274.05,1274.35,499
2024-10-21 15:15:00+05:30,1274.35,1277.0,1272.55,1273.0,329
2024-10-22 09:15:00+05:30,1277.0,1277.0,1266.65,1268.05,415
2024-10-22 10:15:00+05:30,1268.05,1268.9,1260.0,1264.35,380
2024-10-22 11:15:00+05:30,1264.35,1283.55,1251.1,1278.85,1154
2024-10-22 12:15:00+05:30,1278.85,1278.85,1258.1,1260.0,105
2024-10-22 13:15:00+05:30,1260.0,1267.2,1257.0,1264.0,202
2024-10-22 14:15:00+05:30,1264.0,1277.0,1249.0,1249.35,1283
2024-10-22 15:15:00+05:30,1249.35,1249.35,1238.0,1238.0,540
2024-10-23 09:15:00+05:30,1249.65,1249.65,1219.0,1245.0,1315
2024-10-23 10:15:00+05:30,1245.0,1248.45,1238.05,1247.95,339
2024-10-23 11:15:00+05:30,1247.95,1247.95,1244.8,1247.25,26
2024-10-23 12:15:00+05:30,1247.25,1252.5,1239.3,1252.5,503
2024-10-23 13:15:00+05:30,1252.5,1270.05,1246.65,1251.05,498
2024-10-23 14:15:00+05:30,1251.05,1268.9,1244.3,1247.7,618
2024-10-23 15:15:00+05:30,1247.7,1250.0,1242.35,1249.5,85
2024-10-24 09:15:00+05:30,1256.75,1256.85,1239.2,1256.85,111
2024-10-24 10:15:00+05:30,1256.85,1265.0,1252.1,1261.45,539
2024-10-24 11:15:00+05:30,1261.45,1261.5,1251.45,1251.45,300
2024-10-24 12:15:00+05:30,1251.45,1261.0,1240.0,1252.45,423
2024-10-24 13:15:00+05:30,1252.45,1252.45,1245.9,1248.8,43
2024-10-24 14:15:00+05:30,1248.8,1252.2,1233.05,1245.0,685
2024-10-24 15:15:00+05:30,1245.0,1246.0,1241.05,1241.05,154
2024-10-25 09:15:00+05:30,1250.0,1252.0,1238.0,1239.3,460
2024-10-25 10:15:00+05:30,1239.3,1245.6,1233.9,1236.05,180
2024-10-25 11:15:00+05:30,1236.05,1239.95,1236.0,1236.0,107
2024-10-25 12:15:00+05:30,1236.0,1236.0,1208.95,1215.75,1412
2024-10-25 13:15:00+05:30,1215.75,1219.0,1205.25,1207.1,423
2024-10-25 14:15:00+05:30,1207.1,1218.9,1207.0,1218.8,235
2024-10-25 15:15:00+05:30,1218.8,1226.0,1215.0,1226.0,829
2024-10-28 09:15:00+05:30,1226.0,1236.15,1201.0,1220.0,805
2024-10-28 10:15:00+05:30,1220.0,1243.4,1220.0,1228.55,369
2024-10-28 11:15:00+05:30,1228.55,1240.4,1224.6,1231.0,888
2024-10-28 12:15:00+05:30,1231.0,1249.0,1231.0,1239.95,923
2024-10-28 13:15:00+05:30,1239.95,1245.0,1235.0,1240.0,278
2024-10-28 14:15:00+05:30,1240.0,1418.7,1240.0,1270.6,13554
2024-10-28 15:15:00+05:30,1270.6,1273.05,1252.2,1260.0,1874
2024-10-29 09:15:00+05:30,1274.5,1275.0,1252.0,1256.15,568
2024-10-29 10:15:00+05:30,1256.15,1261.2,1252.1,1252.1,147
2024-10-29 11:15:00+05:30,1252.1,1265.95,1252.0,1261.55,121
2024-10-29 12:15:00+05:30,1261.55,1275.0,1258.25,1271.7,562
2024-10-29 13:15:00+05:30,1271.7,1271.7,1258.15,1264.95,95
2024-10-29 14:15:00+05:30,1264.95,1275.75,1255.15,1256.0,919
2024-10-29 15:15:00+05:30,1256.0,1269.9,1256.0,1268.0,160
2024-10-30 09:15:00+05:30,1268.0,1284.0,1262.7,1278.0,756
2024-10-30 10:15:00+05:30,1278.0,1299.9,1278.0,1286.05,674
2024-10-30 11:15:00+05:30,1286.05,1298.95,1284.1,1291.7,273
2024-10-30 12:15:00+05:30,1291.7,1295.55,1286.7,1294.0,160
2024-10-30 13:15:00+05:30,1294.0,1294.0,1290.0,1290.0,131
2024-10-30 14:15:00+05:30,1290.0,1294.0,1289.25,1292.05,70
2024-10-30 15:15:00+05:30,1292.05,1292.05,1272.0,1290.8,237
2024-10-31 09:15:00+05:30,1286.75,1316.7,1286.75,1299.2,512
2024-10-31 10:15:00+05:30,1299.2,1304.0,1291.35,1291.35,192
2024-10-31 11:15:00+05:30,1291.35,1291.4,1290.05,1291.4,81
2024-10-31 12:15:00+05:30,1291.4,1295.95,1290.3,1293.3,28
2024-10-31 13:15:00+05:30,1293.3,1297.8,1293.05,1293.55,21
2024-10-31 14:15:00+05:30,1293.55,1298.0,1257.5,1266.0,3000
2024-10-31 15:15:00+05:30,1266.0,1275.5,1266.0,1271.2,451
2024-11-01 18:00:00+05:30,1275.0,1295.0,1275.0,1295.0,992
2024-11-04 09:15:00+05:30,1289.65,1295.5,1269.1,1269.1,472
2024-11-04 10:15:00+05:30,1269.1,1271.0,1260.0,1267.2,341
2024-11-04 11:15:00+05:30,1267.2,1275.0,1267.2,1274.0,59
2024-11-04 12:15:00+05:30,1274.0,1291.45,1274.0,1291.45,366
2024-11-04 13:15:00+05:30,1291.45,1291.45,1285.0,1285.0,717
2024-11-04 14:15:00+05:30,1285.0,1307.95,1278.1,1286.6,941
2024-11-04 15:15:00+05:30,1286.6,1290.0,1281.15,1290.0,270
2024-11-05 09:15:00+05:30,1281.1,1309.6,1280.15,1303.0,315
2024-11-05 10:15:00+05:30,1303.0,1305.6,1294.1,1298.05,122
2024-11-05 11:15:00+05:30,1298.05,1299.4,1295.9,1297.0,88
2024-11-05 12:15:00+05:30,1297.0,1300.0,1295.0,1296.6,87
2024-11-05 13:15:00+05:30,1296.6,1307.9,1295.0,1296.05,179
2024-11-05 14:15:00+05:30,1296.05,1299.55,1291.15,1293.4,133
2024-11-05 15:15:00+05:30,1293.4,1300.0,1293.4,1300.0,198
2024-11-06 09:15:00+05:30,1298.0,1307.15,1291.2,1301.4,291
2024-11-06 10:15:00+05:30,1301.4,1307.5,1296.1,1300.45,180
2024-11-06 11:15:00+05:30,1300.45,1307.45,1296.0,1306.15,545
2024-11-06 12:15:00+05:30,1306.15,1310.0,1305.0,1305.85,152
2024-11-06 13:15:00+05:30,1305.85,1307.0,1300.0,1303.4,286
2024-11-06 14:15:00+05:30,1303.4,1306.0,1300.0,1303.0,242
2024-11-06 15:15:00+05:30,1303.0,1315.0,1299.1,1315.0,686
2024-11-07 09:15:00+05:30,1308.0,1328.0,1308.0,1315.75,943
2024-11-07 10:15:00+05:30,1315.75,1315.75,1309.5,1314.0,207
2024-11-07 11:15:00+05:30,1314.0,1317.4,1309.3,1310.0,235
2024-11-07 12:15:00+05:30,1310.0,1321.0,1310.0,1319.95,150
2024-11-07 13:15:00+05:30,1319.95,1319.95,1313.2,1317.0,219
2024-11-07 14:15:00+05:30,1317.0,1317.0,1313.0,1313.0,55
2024-11-07 15:15:00+05:30,1313.0,1316.1,1313.0,1313.0,201
2024-11-08 09:15:00+05:30,1318.05,1319.0,1301.1,1303.4,637
2024-11-08 10:15:00+05:30,1303.4,1304.4,1300.0,1300.0,284
2024-11-08 11:15:00+05:30,1300.0,1312.0,1299.2,1301.0,454
2024-11-08 12:15:00+05:30,1301.0,1327.05,1263.0,1300.0,4302
2024-11-08 13:15:00+05:30,1300.0,1302.0,1275.0,1293.25,706
2024-11-08 14:15:00+05:30,1293.25,1299.0,1279.75,1282.0,1401
2024-11-08 15:15:00+05:30,1282.0,1289.3,1282.0,1282.25,377
2024-11-11 09:15:00+05:30,1265.8,1285.05,1260.1,1269.1,793
2024-11-11 10:15:00+05:30,1269.1,1269.95,1244.3,1265.9,1440
2024-11-11 11:15:00+05:30,1265.9,1269.95,1257.1,1265.65,509
2024-11-11 12:15:00+05:30,1265.65,1271.05,1262.0,1262.0,313
2024-11-11 13:15:00+05:30,1262.0,1265.75,1259.55,1259.55,218
2024-11-11 14:15:00+05:30,1259.55,1264.0,1250.0,1257.95,578
2024-11-11 15:15:00+05:30,1257.95,1259.0,1251.0,1253.0,803
2024-11-12 09:15:00+05:30,1265.9,1271.95,1251.9,1251.9,305
2024-11-12 10:15:00+05:30,1251.9,1258.1,1251.9,1258.05,234
2024-11-12 11:15:00+05:30,1255.5,1265.0,1250.0,1257.9,868
2024-11-12 12:15:00+05:30,1257.9,1262.15,1250.0,1250.0,248
2024-11-12 13:15:00+05:30,1250.0,1252.25,1242.0,1250.0,428
2024-11-12 14:15:00+05:30,1250.0,1256.65,1241.0,1243.0,850
2024-11-12 15:15:00+05:30,1243.0,1256.55,1243.0,1255.0,125
2024-11-13 09:15:00+05:30,1246.6,1248.75,1229.1,1236.05,681
2024-11-13 10:15:00+05:30,1236.05,1241.9,1220.0,1235.1,468
2024-11-13 11:15:00+05:30,1235.1,1235.1,1227.2,1228.0,247
2024-11-13 12:15:00+05:30,1228.0,1242.0,1228.0,1233.25,99
2024-11-13 13:15:00+05:30,1233.25,1237.95,1230.05,1230.8,53
2024-11-13 14:15:00+05:30,1230.8,1237.9,1212.0,1221.85,994
2024-11-13 15:15:00+05:30,1221.85,1224.0,1212.0,1220.0,220
2024-11-14 09:15:00+05:30,1223.0,1258.0,1223.0,1258.0,514
2024-11-14 10:15:00+05:30,1258.0,1258.0,1245.05,1245.05,570
2024-11-14 11:15:00+05:30,1245.05,1245.05,1226.15,1232.0,213
2024-11-14 12:15:00+05:30,1236.0,1236.0,1214.2,1231.0,475
2024-11-14 13:15:00+05:30,1231.0,1231.0,1227.35,1231.0,39
2024-11-14 14:15:00+05:30,1231.0,1241.45,1230.1,1239.0,221
2024-11-14 15:15:00+05:30,1239.0,1239.0,1225.2,1225.2,63
2024-11-18 09:15:00+05:30,1231.15,1243.95,1227.4,1242.65,430
2024-11-18 10:15:00+05:30,1242.65,1242.65,1228.65,1238.0,622
2024-11-18 11:15:00+05:30,1238.0,1242.8,1234.0,1241.1,195
2024-11-18 12:15:00+05:30,1241.1,1242.8,1236.1,1236.1,108
2024-11-18 13:15:00+05:30,1236.1,1248.45,1236.1,1238.15,422
2024-11-18 14:15:00+05:30,1232.05,1234.5,1230.0,1234.0,107
2024-11-18 15:15:00+05:30,1234.0,1235.95,1225.0,1225.0,291
2024-11-19 09:15:00+05:30,1235.25,1250.15,1228.85,1249.2,574
2024-11-19 10:15:00+05:30,1249.2,1251.95,1242.0,1248.0,248
2024-11-19 11:15:00+05:30,1245.55,1250.0,1240.55,1247.55,391
2024-11-19 12:15:00+05:30,1247.55,1247.55,1239.7,1239.7,139
2024-11-19 13:15:00+05:30,1239.7,1247.85,1239.7,1246.05,294
2024-11-19 14:15:00+05:30,1245.55,1245.55,1235.65,1238.2,268
2024-11-19 15:15:00+05:30,1238.2,1240.0,1231.0,1240.0,424
2024-11-21 09:15:00+05:30,1249.95,1259.0,1225.0,1226.85,1401
2024-11-21 10:15:00+05:30,1226.85,1241.0,1226.85,1235.15,1153
2024-11-21 11:15:00+05:30,1235.15,1245.0,1235.0,1240.85,431
2024-11-21 12:15:00+05:30,1250.0,1270.0,1244.0,1245.0,2693
2024-11-21 13:15:00+05:30,1240.0,1251.95,1238.0,1239.2,615
2024-11-21 14:15:00+05:30,1239.2,1245.5,1237.5,1239.75,144
2024-11-21 15:15:00+05:30,1239.75,1246.75,1233.0,1246.75,467
2024-11-22 09:15:00+05:30,1251.5,1251.5,1232.55,1245.0,832
2024-11-22 10:15:00+05:30,1245.0,1249.0,1240.15,1240.15,186
2024-11-22 11:15:00+05:30,1240.15,1243.75,1238.25,1239.75,357
2024-11-22 12:15:00+05:30,1239.75,1246.0,1239.15,1239.15,107
2024-11-22 13:15:00+05:30,1239.15,1244.0,1239.15,1244.0,93
2024-11-22 14:15:00+05:30,1244.0,1244.0,1231.05,1236.0,585
2024-11-22 15:15:00+05:30,1236.0,1244.9,1232.0,1232.0,500
2024-11-25 09:15:00+05:30,1251.0,1255.8,1233.0,1234.7,1026
2024-11-25 10:15:00+05:30,1234.7,1235.0,1228.65,1232.1,1121
2024-11-25 11:15:00+05:30,1232.1,1235.0,1228.0,1235.0,336
2024-11-25 12:15:00+05:30,1235.0,1238.2,1233.4,1237.0,260
2024-11-25 13:15:00+05:30,1237.0,1237.0,1234.0,1237.0,37
2024-11-25 14:15:00+05:30,1237.0,1237.0,1231.65,1231.85,194
2024-11-25 15:15:00+05:30,1231.85,1237.7,1231.85,1233.4,620
2024-11-26 09:15:00+05:30,1240.0,1242.8,1233.75,1240.8,242
2024-11-26 10:15:00+05:30,1240.8,1240.8,1236.2,1239.1,61
2024-11-26 11:15:00+05:30,1239.1,1239.1,1236.15,1239.0,66
2024-11-26 12:15:00+05:30,1239.0,1239.0,1236.25,1236.25,32
2024-11-26 13:15:00+05:30,1236.25,1241.0,1236.0,1240.0,220
2024-11-26 14:15:00+05:30,1240.0,1241.0,1236.15,1236.6,120
2024-11-26 15:15:00+05:30,1236.6,1253.0,1236.6,1253.0,273
2024-11-27 09:15:00+05:30,1236.2,1252.75,1236.2,1240.0,332
2024-11-27 10:15:00+05:30,1240.0,1247.4,1235.0,1238.2,256
2024-11-27 11:15:00+05:30,1238.2,1245.0,1237.0,1245.0,196
2024-11-27 12:15:00+05:30,1245.0,1248.7,1240.0,1240.0,189
2024-11-27 13:15:00+05:30,1240.0,1245.0,1240.0,1245.0,100
2024-11-27 14:15:00+05:30,1245.0,1251.85,1243.2,1250.0,429
2024-11-27 15:15:00+05:30,1250.0,1251.7,1246.7,1246.75,201
2024-11-28 09:15:00+05:30,1258.0,1270.0,1250.05,1261.45,763
2024-11-28 10:15:00+05:30,1261.45,1270.0,1250.0,1251.45,370
2024-11-28 11:15:00+05:30,1251.45,1254.8,1248.15,1254.3,75
2024-11-28 12:15:00+05:30,1254.3,1258.45,1251.0,1251.0,141
2024-11-28 13:15:00+05:30,1251.0,1259.1,1251.0,1259.1,41
2024-11-28 14:15:00+05:30,1259.1,1262.1,1255.3,1255.3,99
2024-11-28 15:15:00+05:30,1255.3,1263.75,1251.5,1251.5,182
2024-11-29 09:15:00+05:30,1257.55,1273.45,1257.55,1265.0,460
2024-11-29 10:15:00+05:30,1265.0,1265.0,1260.05,1264.35,95
2024-11-29 11:15:00+05:30,1264.35,1268.0,1260.0,1266.3,238
2024-11-29 12:15:00+05:30,1266.0,1266.0,1261.05,1262.05,78
2024-11-29 13:15:00+05:30,1270.0,1281.0,1270.0,1270.55,1035
2024-11-29 14:15:00+05:30,1270.55,1275.8,1266.2,1268.25,148
2024-11-29 15:15:00+05:30,1268.25,1271.0,1268.0,1270.0,98
2024-12-02 09:15:00+05:30,1266.0,1276.2,1262.0,1267.1,700
2024-12-02 10:15:00+05:30,1267.1,1270.95,1260.1,1270.25,606
2024-12-02 11:15:00+05:30,1270.25,1277.0,1265.0,1270.85,181
2024-12-02 12:15:00+05:30,1270.85,1271.9,1262.1,1265.0,61
2024-12-02 13:15:00+05:30,1265.0,1267.15,1260.0,1260.75,136
2024-12-02 14:15:00+05:30,1260.75,1267.85,1260.75,1266.5,204
2024-12-02 15:15:00+05:30,1266.5,1266.5,1262.0,1262.0,212
2024-12-03 09:15:00+05:30,1268.7,1283.85,1268.7,1279.05,297
2024-12-03 10:15:00+05:30,1279.05,1282.0,1277.25,1282.0,226
2024-12-03 11:15:00+05:30,1282.0,1284.95,1280.0,1280.0,85
2024-12-03 12:15:00+05:30,1280.0,1289.0,1280.0,1287.95,125
2024-12-03 13:15:00+05:30,1287.95,1287.95,1280.05,1281.0,161
2024-12-03 14:15:00+05:30,1281.0,1281.0,1269.75,1274.95,760
2024-12-03 15:15:00+05:30,1274.95,1283.9,1271.1,1271.1,151
2024-12-04 09:15:00+05:30,1282.0,1296.0,1278.1,1290.05,753
2024-12-04 10:15:00+05:30,1290.05,1298.5,1288.0,1290.0,623
2024-12-04 11:15:00+05:30,1306.4,1319.8,1285.95,1290.9,1655
2024-12-04 12:15:00+05:30,1290.9,1294.75,1290.05,1294.75,58
2024-12-04 13:15:00+05:30,1294.75,1296.0,1290.6,1295.95,122
2024-12-04 14:15:00+05:30,1295.95,1297.0,1288.0,1293.8,317
2024-12-04 15:15:00+05:30,1293.8,1294.95,1290.1,1294.95,211
2024-12-05 09:15:00+05:30,1285.6,1312.0,1285.6,1310.0,1368
2024-12-05 10:15:00+05:30,1310.0,1310.0,1298.0,1298.0,268
2024-12-05 11:15:00+05:30,1298.0,1310.85,1283.8,1310.85,1824
2024-12-05 12:15:00+05:30,1310.85,1310.85,1299.4,1302.95,202
2024-12-05 13:15:00+05:30,1302.95,1308.0,1300.0,1300.0,98
2024-12-05 14:15:00+05:30,1300.0,1307.95,1296.1,1307.65,363
2024-12-05 15:15:00+05:30,1307.65,1307.65,1304.55,1304.9,251
2024-12-06 09:15:00+05:30,1310.0,1312.4,1288.0,1310.0,340
2024-12-06 10:15:00+05:30,1310.0,1310.0,1300.55,1300.55,55
2024-12-06 11:15:00+05:30,1300.55,1307.85,1297.6,1302.25,153
2024-12-06 12:15:00+05:30,1302.25,1309.4,1302.05,1304.0,62
2024-12-06 13:15:00+05:30,1304.0,1312.95,1302.05,1312.95,274
2024-12-06 14:15:00+05:30,1312.95,1312.95,1290.45,1303.55,440
2024-12-06 15:15:00+05:30,1303.55,1309.9,1299.0,1309.8,256
2024-12-09 09:15:00+05:30,1325.0,1357.0,1322.05,1328.95,1873
2024-12-09 10:15:00+05:30,1328.95,1345.1,1324.05,1343.0,922
2024-12-09 11:15:00+05:30,1343.0,1345.0,1331.75,1337.1,501
2024-12-09 12:15:00+05:30,1335.95,1337.95,1330.65,1330.65,165
2024-12-09 13:15:00+05:30,1330.65,1331.9,1325.0,1325.2,333
2024-12-09 14:15:00+05:30,1325.2,1331.1,1325.2,1326.2,154
2024-12-09 15:15:00+05:30,1326.2,1338.0,1325.0,1334.0,750
2024-12-10 09:15:00+05:30,1323.0,1348.85,1319.05,1327.6,480
2024-12-10 10:15:00+05:30,1327.6,1335.9,1327.6,1331.0,156
2024-12-10 11:15:00+05:30,1331.0,1331.8,1329.1,1329.1,79
2024-12-10 12:15:00+05:30,1329.1,1331.8,1320.05,1329.0,333
2024-12-10 13:15:00+05:30,1329.0,1329.0,1322.0,1328.8,291
2024-12-10 14:15:00+05:30,1328.8,1329.3,1322.35,1324.3,125
2024-12-10 15:15:00+05:30,1324.3,1327.35,1324.3,1327.35,306
2024-12-11 09:15:00+05:30,1368.0,1443.0,1361.2,1418.0,26973
2024-12-11 10:15:00+05:30,1418.0,1424.95,1403.0,1414.15,3271
2024-12-11 11:15:00+05:30,1414.15,1430.0,1408.05,1412.55,4099
2024-12-11 12:15:00+05:30,1412.55,1414.75,1404.0,1409.0,1836
2024-12-11 13:15:00+05:30,1409.05,1413.7,1404.2,1411.25,1453
2024-12-11 14:15:00+05:30,1411.25,1411.25,1381.5,1389.0,3917
2024-12-11 15:15:00+05:30,1389.0,1394.95,1378.0,1393.9,3739
2024-12-12 09:15:00+05:30,1385.4,1420.0,1385.4,1393.9,2874
2024-12-12 10:15:00+05:30,1391.75,1404.3,1390.0,1399.6,438
2024-12-12 11:15:00+05:30,1399.6,1399.6,1380.0,1380.25,982
2024-12-12 12:15:00+05:30,1380.25,1387.9,1375.55,1382.2,385
2024-12-12 13:15:00+05:30,1382.2,1391.65,1379.95,1379.95,567
2024-12-12 14:15:00+05:30,1379.95,1386.75,1378.25,1381.55,429
2024-12-12 15:15:00+05:30,1381.55,1386.0,1381.55,1385.0,400
2024-12-13 09:15:00+05:30,1383.0,1432.0,1372.1,1422.5,4446
2024-12-13 10:15:00+05:30,1422.5,1429.0,1403.5,1409.9,3280
2024-12-13 11:15:00+05:30,1409.9,1415.0,1405.0,1410.0,1642
2024-12-13 12:15:00+05:30,1410.0,1412.65,1400.05,1411.9,690
2024-12-13 13:15:00+05:30,1410.6,1414.8,1400.05,1406.75,585
2024-12-13 14:15:00+05:30,1406.75,1406.75,1401.0,1404.6,1040
2024-12-13 15:15:00+05:30,1404.5,1404.6,1401.7,1401.7,992
2024-12-16 09:15:00+05:30,1415.0,1439.95,1404.05,1417.55,3780
2024-12-16 10:15:00+05:30,1417.55,1443.5,1416.05,1417.3,1912
2024-12-16 11:15:00+05:30,1417.3,1424.95,1417.3,1419.1,147
2024-12-16 12:15:00+05:30,1419.1,1424.5,1419.1,1424.3,339
2024-12-16 13:15:00+05:30,1424.3,1424.35,1420.45,1422.0,193
2024-12-16 14:15:00+05:30,1422.0,1422.75,1419.15,1420.6,524
2024-12-16 15:15:00+05:30,1420.6,1421.0,1394.3,1400.2,1924
2024-12-17 09:15:00+05:30,1413.5,1440.0,1413.45,1420.85,3572
2024-12-17 10:15:00+05:30,1420.85,1423.0,1417.0,1417.0,683
2024-12-17 11:15:00+05:30,1417.0,1422.0,1415.15,1415.15,291
2024-12-17 12:15:00+05:30,1415.7,1415.7,1405.3,1411.8,314
2024-12-17 13:15:00+05:30,1411.8,1412.95,1401.0,1404.35,620
2024-12-17 14:15:00+05:30,1404.35,1412.4,1400.0,1404.1,952
2024-12-17 15:15:00+05:30,1404.1,1415.0,1400.0,1415.0,365
2024-12-18 09:15:00+05:30,1410.0,1414.95,1385.0,1389.1,1238
2024-12-18 10:15:00+05:30,1390.95,1390.95,1380.0,1382.05,782
2024-12-18 11:15:00+05:30,1382.05,1386.95,1378.0,1381.0,408
2024-12-18 12:15:00+05:30,1381.0,1383.95,1378.0,1382.5,390
2024-12-18 13:15:00+05:30,1382.5,1383.0,1378.0,1383.0,130
2024-12-18 14:15:00+05:30,1383.0,1386.95,1380.0,1386.95,526
2024-12-18 15:15:00+05:30,1386.95,1386.95,1380.7,1381.0,304
2024-12-19 09:15:00+05:30,1376.0,1376.0,1356.05,1365.6,1272
2024-12-19 10:15:00+05:30,1365.6,1373.8,1365.6,1368.0,118
2024-12-19 11:15:00+05:30,1368.0,1370.45,1360.2,1367.95,375
2024-12-19 12:15:00+05:30,1367.95,1367.95,1355.05,1359.65,540
2024-12-19 13:15:00+05:30,1359.65,1360.45,1345.0,1355.0,737
2024-12-19 14:15:00+05:30,1355.0,1355.0,1345.0,1355.0,643
2024-12-19 15:15:00+05:30,1355.0,1359.3,1351.0,1359.0,322
2024-12-20 09:15:00+05:30,1352.9,1374.4,1351.0,1355.1,354
2024-12-20 10:15:00+05:30,1355.1,1365.0,1350.0,1350.0,355
2024-12-20 11:15:00+05:30,1350.0,1355.95,1334.25,1339.25,964
2024-12-20 12:15:00+05:30,1339.25,1340.0,1328.0,1328.0,738
2024-12-20 13:15:00+05:30,1328.0,1331.95,1318.5,1320.0,854
2024-12-20 14:15:00+05:30,1320.0,1328.95,1318.4,1323.8,929
2024-12-20 15:15:00+05:30,1323.8,1323.8,1310.0,1318.0,667
2024-12-23 09:15:00+05:30,1316.35,1330.0,1316.35,1325.2,642
2024-12-23 10:15:00+05:30,1325.2,1326.75,1317.1,1320.2,216
2024-12-23 11:15:00+05:30,1320.2,1330.0,1320.2,1323.5,318
2024-12-23 12:15:00+05:30,1323.5,1327.0,1315.0,1317.65,1555
2024-12-23 13:15:00+05:30,1317.65,1318.45,1307.7,1315.0,130
2024-12-23 14:15:00+05:30,1315.0,1317.3,1310.0,1311.25,420
2024-12-23 15:15:00+05:30,1311.25,1313.0,1307.5,1307.5,414
2024-12-24 09:15:00+05:30,1317.15,1333.95,1309.75,1319.95,737
2024-12-24 10:15:00+05:30,1319.95,1324.8,1315.5,1320.0,232
2024-12-24 11:15:00+05:30,1320.0,1320.0,1314.2,1314.2,61
2024-12-24 12:15:00+05:30,1314.2,1318.9,1306.65,1314.0,384
2024-12-24 13:15:00+05:30,1314.0,1315.45,1311.3,1311.3,59
2024-12-24 14:15:00+05:30,1311.3,1315.45,1305.2,1315.45,604
2024-12-24 15:15:00+05:30,1315.45,1324.95,1313.9,1324.95,260
2024-12-26 09:15:00+05:30,1319.6,1325.3,1310.15,1313.35,258
2024-12-26 10:15:00+05:30,1313.35,1318.5,1313.0,1315.3,81
2024-12-26 11:15:00+05:30,1315.4,1321.1,1315.35,1317.05,88
2024-12-26 12:15:00+05:30,1317.05,1323.0,1317.05,1317.6,77
2024-12-26 13:15:00+05:30,1317.6,1321.0,1314.2,1319.7,42
2024-12-26 14:15:00+05:30,1316.45,1319.9,1313.3,1318.95,1124
2024-12-26 15:15:00+05:30,1318.95,1321.0,1313.0,1314.0,494
2024-12-27 09:15:00+05:30,1322.2,1324.2,1311.1,1324.2,255
2024-12-27 10:15:00+05:30,1324.2,1324.65,1309.3,1310.0,394
2024-12-27 11:15:00+05:30,1310.0,1310.0,1307.9,1307.9,142
2024-12-27 12:15:00+05:30,1307.9,1310.8,1307.9,1308.65,279
2024-12-27 13:15:00+05:30,1308.65,1327.9,1308.65,1322.55,395
2024-12-27 14:15:00+05:30,1322.55,1324.4,1319.05,1324.4,81
2024-12-27 15:15:00+05:30,1324.4,1325.0,1315.05,1324.9,212
2024-12-30 09:15:00+05:30,1301.15,1339.0,1301.15,1310.3,816
2024-12-30 10:15:00+05:30,1310.3,1313.95,1310.3,1313.1,41
2024-12-30 11:15:00+05:30,1313.1,1316.6,1312.6,1312.6,37
2024-12-30 12:15:00+05:30,1312.6,1312.6,1300.0,1305.3,1212
2024-12-30 13:15:00+05:30,1305.3,1305.9,1293.0,1295.05,821
2024-12-30 14:15:00+05:30,1295.05,1297.45,1275.0,1277.8,1779
2024-12-30 15:15:00+05:30,1277.8,1281.25,1270.0,1279.9,414
2024-12-31 09:15:00+05:30,1284.6,1285.15,1271.6,1276.4,245
2024-12-31 10:15:00+05:30,1276.4,1294.45,1276.4,1289.45,195
2024-12-31 11:15:00+05:30,1289.45,1292.7,1281.8,1284.95,116
2024-12-31 12:15:00+05:30,1284.95,1288.45,1283.0,1283.0,74
2024-12-31 13:15:00+05:30,1283.0,1290.0,1283.0,1290.0,103
2024-12-31 14:15:00+05:30,1290.0,1290.0,1285.55,1287.4,383
2024-12-31 15:15:00+05:30,1287.4,1287.5,1286.05,1287.5,297
2025-01-01 09:15:00+05:30,1294.1,1297.5,1291.1,1294.45,147
2025-01-01 10:15:00+05:30,1294.45,1299.45,1289.5,1297.0,254
2025-01-01 11:15:00+05:30,1297.0,1306.0,1290.7,1300.3,398
2025-01-01 12:15:00+05:30,1300.3,1300.3,1298.0,1298.0,25
2025-01-01 13:15:00+05:30,1298.0,1301.0,1298.0,1301.0,152
2025-01-01 14:15:00+05:30,1301.0,1302.0,1295.2,1296.45,66
2025-01-01 15:15:00+05:30,1296.45,1300.4,1295.2,1296.3,174
2025-01-02 09:15:00+05:30,1303.0,1316.5,1299.55,1310.3,420
2025-01-02 10:15:00+05:30,1310.3,1314.0,1307.5,1311.05,40
2025-01-02 11:15:00+05:30,1311.05,1311.05,1306.4,1307.65,308
2025-01-02 12:15:00+05:30,1307.65,1308.0,1293.55,1299.45,321
2025-01-02 13:15:00+05:30,1299.45,1305.95,1295.55,1302.45,182
2025-01-02 14:15:00+05:30,1303.35,1310.7,1300.6,1301.0,420
2025-01-02 15:15:00+05:30,1301.0,1305.75,1297.2,1304.4,235
2025-01-03 09:15:00+05:30,1304.4,1313.05,1303.0,1303.25,286
2025-01-03 10:15:00+05:30,1303.6,1313.0,1303.6,1313.0,199
2025-01-03 11:15:00+05:30,1313.0,1324.85,1313.0,1316.4,262
2025-01-03 12:15:00+05:30,1316.4,1325.0,1316.1,1319.65,449
2025-01-03 13:15:00+05:30,1319.65,1321.2,1316.0,1316.6,128
2025-01-03 14:15:00+05:30,1316.6,1317.6,1299.1,1313.0,1376
2025-01-03 15:15:00+05:30,1313.0,1319.7,1310.8,1319.7,188
2025-01-06 09:15:00+05:30,1315.0,1315.0,1289.9,1304.1,487
2025-01-06 10:15:00+05:30,1304.1,1304.1,1284.0,1288.4,418
2025-01-06 11:15:00+05:30,1288.4,1290.0,1279.9,1280.75,446
2025-01-06 12:15:00+05:30,1280.75,1289.95,1280.0,1280.0,346
2025-01-06 13:15:00+05:30,1280.0,1284.3,1275.0,1279.0,403
2025-01-06 14:15:00+05:30,1279.0,1279.05,1257.1,1261.1,605
2025-01-06 15:15:00+05:30,1261.1,1282.8,1261.1,1262.05,274
2025-01-07 09:15:00+05:30,1298.8,1298.8,1272.6,1277.0,370
2025-01-07 10:15:00+05:30,1277.0,1302.6,1277.0,1300.0,538
2025-01-07 11:15:00+05:30,1300.0,1309.0,1300.0,1307.0,389
2025-01-07 12:15:00+05:30,1307.0,1309.95,1294.6,1298.4,218
2025-01-07 13:15:00+05:30,1298.4,1300.0,1291.3,1294.1,267
2025-01-07 14:15:00+05:30,1294.1,1297.65,1291.2,1296.9,152
2025-01-07 15:15:00+05:30,1296.9,1299.75,1295.05,1295.65,53
2025-01-08 09:15:00+05:30,1301.15,1301.15,1277.3,1282.4,667
2025-01-08 10:15:00+05:30,1282.4,1284.25,1277.55,1281.2,178
2025-01-08 11:15:00+05:30,1280.0,1283.8,1275.4,1275.4,191
2025-01-08 12:15:00+05:30,1275.4,1278.0,1275.0,1275.0,92
2025-01-08 13:15:00+05:30,1275.0,1278.0,1275.0,1278.0,174
2025-01-08 14:15:00+05:30,1278.0,1283.4,1277.2,1280.7,164
2025-01-08 15:15:00+05:30,1280.7,1283.25,1274.7,1274.7,238
2025-01-09 09:15:00+05:30,1278.65,1288.2,1278.65,1288.0,84
2025-01-09 10:15:00+05:30,1288.0,1288.0,1270.2,1279.5,277
2025-01-09 11:15:00+05:30,1279.5,1282.45,1279.45,1282.45,91
2025-01-09 12:15:00+05:30,1282.45,1282.75,1279.6,1282.75,126
2025-01-09 13:15:00+05:30,1282.75,1282.8,1279.6,1279.6,142
2025-01-09 14:15:00+05:30,1279.6,1284.0,1279.6,1279.6,74
2025-01-09 15:15:00+05:30,1279.6,1290.1,1276.05,1290.1,367
2025-01-10 09:15:00+05:30,1270.0,1280.05,1262.0,1267.5,550
2025-01-10 10:15:00+05:30,1267.5,1270.7,1260.05,1266.0,164
2025-01-10 11:15:00+05:30,1266.0,1275.6,1265.1,1275.6,141
2025-01-10 12:15:00+05:30,1275.6,1275.6,1265.1,1265.1,160
2025-01-10 13:15:00+05:30,1265.1,1270.0,1265.1,1270.0,103
2025-01-10 14:15:00+05:30,1270.0,1270.0,1250.0,1250.0,548
2025-01-10 15:15:00+05:30,1250.0,1259.5,1247.0,1250.0,378
2025-01-13 09:15:00+05:30,1254.1,1259.95,1230.0,1237.05,976
2025-01-13 10:15:00+05:30,1237.05,1239.9,1231.0,1239.15,142
2025-01-13 11:15:00+05:30,1239.15,1244.55,1236.45,1244.55,84
2025-01-13 12:15:00+05:30,1244.55,1244.55,1225.0,1230.75,207
2025-01-13 13:15:00+05:30,1230.75,1235.95,1213.45,1223.0,638
2025-01-13 14:15:00+05:30,1223.0,1223.0,1209.95,1220.5,952
2025-01-13 15:15:00+05:30,1220.5,1233.8,1207.0,1233.8,405
2025-01-14 09:15:00+05:30,1222.1,1241.95,1218.0,1225.45,953
2025-01-14 10:15:00+05:30,1225.45,1225.45,1212.05,1225.0,609
2025-01-14 11:15:00+05:30,1225.0,1234.2,1220.65,1228.5,264
2025-01-14 12:15:00+05:30,1228.5,1230.05,1220.75,1230.05,61
2025-01-14 13:15:00+05:30,1230.05,1236.0,1225.5,1236.0,364
2025-01-14 14:15:00+05:30,1236.0,1236.0,1225.6,1233.95,73
2025-01-14 15:15:00+05:30,1233.95,1233.95,1212.3,1224.4,433
2025-01-15 09:15:00+05:30,1224.0,1260.0,1224.0,1225.9,591
2025-01-15 10:15:00+05:30,1225.9,1230.0,1225.9,1229.95,148
2025-01-15 11:15:00+05:30,1229.95,1230.0,1218.5,1222.0,778
2025-01-15 12:15:00+05:30,1222.0,1229.2,1222.0,1228.0,66
2025-01-15 13:15:00+05:30,1228.0,1228.0,1222.6,1227.0,187
2025-01-15 14:15:00+05:30,1226.95,1229.0,1224.4,1228.45,218
2025-01-15 15:15:00+05:30,1228.45,1228.85,1200.0,1224.95,1654
2025-01-16 09:15:00+05:30,1218.0,1235.0,1218.0,1229.85,388
2025-01-16 10:15:00+05:30,1229.85,1233.4,1229.85,1229.85,59
2025-01-16 11:15:00+05:30,1229.85,1235.25,1225.0,1232.8,185
2025-01-16 12:15:00+05:30,1232.8,1232.8,1201.0,1211.95,2614
2025-01-16 13:15:00+05:30,1211.95,1220.95,1210.0,1216.9,212
2025-01-16 14:15:00+05:30,1216.9,1223.0,1214.0,1215.55,279
2025-01-16 15:15:00+05:30,1215.55,1222.15,1213.0,1213.5,217
2025-01-17 09:15:00+05:30,1213.0,1231.85,1205.6,1224.65,613
2025-01-17 10:15:00+05:30,1224.65,1224.65,1203.0,1204.0,480
2025-01-17 11:15:00+05:30,1204.0,1214.85,1204.0,1214.1,201
2025-01-17 12:15:00+05:30,1214.1,1217.0,1210.2,1217.0,97
2025-01-17 13:15:00+05:30,1217.0,1234.0,1216.0,1230.0,371
2025-01-17 14:15:00+05:30,1230.0,1231.35,1211.65,1223.8,276
2025-01-17 15:15:00+05:30,1223.8,1226.0,1212.55,1215.0,210
2025-01-20 09:15:00+05:30,1221.95,1243.4,1216.55,1237.75,967
2025-01-20 10:15:00+05:30,1237.75,1273.45,1232.6,1255.5,1249
2025-01-20 11:15:00+05:30,1255.5,1288.0,1255.5,1285.5,1800
2025-01-20 12:15:00+05:30,1285.5,1288.0,1275.0,1275.6,381
2025-01-20 13:15:00+05:30,1275.6,1278.0,1275.0,1275.1,118
2025-01-20 14:15:00+05:30,1275.1,1288.1,1275.0,1285.0,748
2025-01-20 15:15:00+05:30,1285.0,1288.0,1283.0,1285.1,647
2025-01-21 09:15:00+05:30,1267.0,1287.25,1258.9,1262.6,158
2025-01-21 10:15:00+05:30,1262.6,1265.8,1260.0,1262.25,139
2025-01-21 11:15:00+05:30,1262.25,1266.3,1262.25,1263.5,45
2025-01-21 12:15:00+05:30,1260.0,1265.15,1260.0,1264.35,80
2025-01-21 13:15:00+05:30,1264.35,1264.35,1260.1,1261.8,60
2025-01-21 14:15:00+05:30,1261.8,1261.8,1254.05,1254.05,232
2025-01-21 15:15:00+05:30,1254.05,1259.9,1236.45,1255.0,507
2025-01-22 09:15:00+05:30,1245.7,1251.05,1222.55,1241.9,571
2025-01-22 10:15:00+05:30,1241.9,1307.9,1241.9,1285.0,7825
2025-01-22 11:15:00+05:30,1285.0,1298.0,1240.4,1246.0,2879
2025-01-22 12:15:00+05:30,1246.0,1250.85,1240.0,1249.6,749
2025-01-22 13:15:00+05:30,1249.6,1265.0,1248.05,1250.0,346
2025-01-22 14:15:00+05:30,1254.0,1299.0,1235.65,1263.0,2470
2025-01-22 15:15:00+05:30,1263.0,1274.0,1260.3,1274.0,189
2025-01-23 09:15:00+05:30,1266.1,1266.3,1249.55,1256.9,223
2025-01-23 10:15:00+05:30,1256.9,1260.0,1256.5,1260.0,262
2025-01-23 11:15:00+05:30,1260.0,1264.9,1258.65,1258.65,233
2025-01-23 12:15:00+05:30,1258.65,1259.0,1258.0,1258.0,149
2025-01-23 13:15:00+05:30,1258.0,1260.0,1254.5,1259.9,336
2025-01-23 14:15:00+05:30,1259.9,1259.9,1243.45,1244.15,673
2025-01-23 15:15:00+05:30,1244.15,1264.0,1244.0,1264.0,148
2025-01-24 09:15:00+05:30,1252.0,1259.9,1225.85,1234.75,570
2025-01-24 10:15:00+05:30,1234.75,1240.0,1220.0,1229.0,612
2025-01-24 11:15:00+05:30,1229.0,1229.65,1222.2,1229.5,88
2025-01-24 12:15:00+05:30,1229.5,1240.4,1228.0,1238.3,154
2025-01-24 13:15:00+05:30,1238.3,1238.3,1228.0,1230.15,101
2025-01-24 14:15:00+05:30,1230.15,1260.0,1230.0,1238.25,877
2025-01-24 15:15:00+05:30,1238.25,1249.5,1229.0,1229.0,148
2025-01-27 09:15:00+05:30,1244.95,1244.95,1225.0,1226.0,424
2025-01-27 10:15:00+05:30,1226.0,1226.0,1213.0,1218.05,408
2025-01-27 11:15:00+05:30,1218.05,1221.0,1194.1,1215.85,738
2025-01-27 12:15:00+05:30,1209.75,1215.95,1204.55,1215.25,166
2025-01-27 13:15:00+05:30,1215.25,1215.25,1209.0,1213.9,326
2025-01-27 14:15:00+05:30,1213.9,1214.5,1206.1,1211.65,377
2025-01-27 15:15:00+05:30,1211.65,1211.65,1204.0,1211.65,80
2025-01-28 09:15:00+05:30,1213.9,1219.8,1187.55,1199.95,1049
2025-01-28 10:15:00+05:30,1199.95,1199.95,1193.0,1199.95,62
2025-01-28 11:15:00+05:30,1199.95,1205.0,1193.35,1203.7,135
2025-01-28 12:15:00+05:30,1203.7,1217.0,1203.7,1215.0,57
2025-01-28 13:15:00+05:30,1215.0,1217.0,1212.0,1214.95,152
2025-01-28 14:15:00+05:30,1214.95,1216.3,1204.6,1212.0,195
2025-01-28 15:15:00+05:30,1212.0,1214.5,1207.4,1214.5,220
2025-01-29 09:15:00+05:30,1211.1,1224.9,1201.6,1218.05,281
2025-01-29 10:15:00+05:30,1218.05,1219.7,1213.9,1219.4,79
2025-01-29 11:15:00+05:30,1215.8,1219.45,1211.95,1215.2,168
2025-01-29 12:15:00+05:30,1215.2,1215.2,1187.95,1202.9,1128
2025-01-29 13:15:00+05:30,1202.9,1210.35,1195.6,1199.0,517
2025-01-29 14:15:00+05:30,1199.0,1200.0,1188.0,1189.95,1228
2025-01-29 15:15:00+05:30,1189.95,1192.25,1182.05,1187.05,803
2025-01-30 09:15:00+05:30,1194.1,1209.6,1194.1,1204.8,280
2025-01-30 10:15:00+05:30,1204.8,1210.0,1201.55,1201.55,351
2025-01-30 11:15:00+05:30,1201.55,1205.9,1201.2,1201.4,72
2025-01-30 12:15:00+05:30,1201.4,1205.9,1201.05,1203.05,69
2025-01-30 13:15:00+05:30,1203.05,1204.05,1199.0,1199.9,215
2025-01-30 14:15:00+05:30,1199.9,1200.9,1198.0,1198.0,444
2025-01-30 15:15:00+05:30,1198.0,1199.8,1182.1,1185.0,1062
2025-01-31 09:15:00+05:30,1196.3,1196.3,1180.0,1182.9,1660
2025-01-31 10:15:00+05:30,1182.9,1192.0,1180.0,1188.0,330
2025-01-31 11:15:00+05:30,1188.0,1193.0,1188.0,1192.75,282
2025-01-31 12:15:00+05:30,1192.75,1196.0,1190.5,1195.5,160
2025-01-31 13:15:00+05:30,1195.5,1196.0,1193.25,1193.3,61
2025-01-31 14:15:00+05:30,1193.3,1199.95,1193.3,1197.0,290
2025-01-31 15:15:00+05:30,1197.0,1199.4,1190.5,1195.05,207
2025-02-01 09:15:00+05:30,1194.8,1203.0,1192.25,1203.0,226
2025-02-01 10:15:00+05:30,1203.0,1203.0,1197.0,1202.0,328
2025-02-01 11:15:00+05:30,1202.0,1202.0,1190.0,1192.9,607
2025-02-01 12:15:00+05:30,1192.9,1196.85,1192.9,1196.85,221
2025-02-01 13:15:00+05:30,1196.85,1196.85,1192.0,1192.0,155
2025-02-01 14:15:00+05:30,1192.0,1192.0,1185.0,1188.0,358
2025-02-01 15:15:00+05:30,1188.0,1195.0,1188.0,1195.0,132
2025-02-03 09:15:00+05:30,1187.0,1193.2,1185.1,1191.2,170
2025-02-03 10:15:00+05:30,1191.2,1193.45,1185.1,1189.05,284
2025-02-03 11:15:00+05:30,1189.05,1189.5,1185.0,1185.0,85
2025-02-03 12:15:00+05:30,1185.0,1187.4,1185.0,1187.4,40
2025-02-03 13:15:00+05:30,1187.4,1188.25,1186.0,1188.0,101
2025-02-03 14:15:00+05:30,1188.0,1189.2,1184.0,1185.0,424
2025-02-03 15:15:00+05:30,1185.0,1185.0,1184.0,1185.0,171
2025-02-04 09:15:00+05:30,1192.4,1198.95,1186.05,1187.0,299
2025-02-04 10:15:00+05:30,1187.0,1193.5,1187.0,1192.0,47
2025-02-04 11:15:00+05:30,1192.0,1196.9,1189.0,1191.55,143
2025-02-04 12:15:00+05:30,1191.55,1194.95,1191.3,1191.4,224
2025-02-04 13:15:00+05:30,1191.4,1192.3,1189.0,1191.4,30
2025-02-04 14:15:00+05:30,1191.4,1194.95,1190.9,1193.05,189
2025-02-04 15:15:00+05:30,1193.05,1194.95,1189.15,1194.65,154
2025-02-05 09:15:00+05:30,1210.0,1210.0,1195.0,1203.05,410
2025-02-05 10:15:00+05:30,1203.05,1204.4,1191.05,1194.65,235
2025-02-05 11:15:00+05:30,1194.65,1200.05,1191.0,1195.6,260
2025-02-05 12:15:00+05:30,1191.0,1195.7,1190.0,1194.5,87
2025-02-05 13:15:00+05:30,1194.5,1200.0,1194.5,1200.0,18
2025-02-05 14:15:00+05:30,1200.0,1205.0,1199.3,1199.55,503
2025-02-05 15:15:00+05:30,1199.55,1199.7,1194.5,1195.35,107
2025-02-06 09:15:00+05:30,1203.45,1221.75,1202.45,1221.75,803
2025-02-06 10:15:00+05:30,1223.75,1223.95,1219.55,1223.95,113
2025-02-06 11:15:00+05:30,1223.95,1223.95,1212.0,1212.0,347
2025-02-06 12:15:00+05:30,1212.0,1214.9,1210.0,1210.0,78
2025-02-06 13:15:00+05:30,1210.0,1216.4,1210.0,1216.15,98
2025-02-06 14:15:00+05:30,1216.15,1223.95,1210.0,1212.75,179
2025-02-06 15:15:00+05:30,1212.75,1223.95,1211.0,1212.1,62
2025-02-07 09:15:00+05:30,1223.95,1224.0,1189.9,1195.0,838
2025-02-07 10:15:00+05:30,1195.0,1208.95,1194.45,1199.85,149
2025-02-07 11:15:00+05:30,1199.85,1203.0,1199.05,1203.0,49
2025-02-07 12:15:00+05:30,1203.0,1203.0,1199.5,1199.5,166
2025-02-07 13:15:00+05:30,1199.5,1215.0,1199.5,1209.1,338
2025-02-07 14:15:00+05:30,1209.1,1209.1,1199.9,1199.9,9
2025-02-07 15:15:00+05:30,1199.9,1204.6,1197.0,1197.1,198
2025-02-10 09:15:00+05:30,1208.0,1212.7,1194.0,1202.7,208
2025-02-10 10:15:00+05:30,1202.7,1202.7,1198.4,1202.25,156
2025-02-10 11:15:00+05:30,1202.25,1202.25,1191.95,1191.95,298
2025-02-10 12:15:00+05:30,1191.95,1197.75,1191.2,1195.15,240
2025-02-10 13:15:00+05:30,1195.15,1196.95,1189.0,1190.0,344
2025-02-10 14:15:00+05:30,1190.0,1190.0,1186.0,1187.0,275
2025-02-10 15:15:00+05:30,1187.0,1195.0,1187.0,1192.0,131
2025-02-11 09:15:00+05:30,1195.0,1203.2,1181.0,1182.65,387
2025-02-11 10:15:00+05:30,1182.65,1183.35,1178.05,1178.15,117
2025-02-11 11:15:00+05:30,1178.15,1179.9,1178.0,1178.7,84
2025-02-11 12:15:00+05:30,1178.7,1179.95,1171.95,1172.0,425
2025-02-11 13:15:00+05:30,1172.0,1177.55,1170.15,1177.55,146
2025-02-11 14:15:00+05:30,1177.55,1182.0,1171.0,1178.0,305
2025-02-11 15:15:00+05:30,1178.0,1180.0,1173.0,1178.0,285
2025-02-12 09:15:00+05:30,1170.1,1177.7,1145.05,1149.7,665
2025-02-12 10:15:00+05:30,1149.7,1165.2,1145.6,1164.4,247
2025-02-12 11:15:00+05:30,1164.4,1165.3,1155.0,1160.95,259
2025-02-12 12:15:00+05:30,1160.95,1166.0,1160.95,1163.15,125
2025-02-12 13:15:00+05:30,1163.15,1166.85,1163.15,1163.4,53
2025-02-12 14:15:00+05:30,1163.4,1163.4,1160.0,1162.6,77
2025-02-12 15:15:00+05:30,1162.6,1166.85,1162.6,1162.65,154
2025-02-13 09:15:00+05:30,1165.05,1172.0,1165.0,1170.0,175
2025-02-13 10:15:00+05:30,1172.0,1181.0,1170.0,1179.8,294
2025-02-13 11:15:00+05:30,1179.8,1180.0,1173.6,1179.45,76
2025-02-13 12:15:00+05:30,1179.45,1207.0,1174.0,1204.0,334
2025-02-13 13:15:00+05:30,1204.0,1204.0,1190.0,1190.0,68
2025-02-13 14:15:00+05:30,1190.0,1203.95,1170.0,1171.15,595
2025-02-13 15:15:00+05:30,1171.15,1183.55,1171.15,1172.0,55
2025-02-14 09:15:00+05:30,1129.0,1129.0,1049.6,1095.1,6437
2025-02-14 10:15:00+05:30,1095.1,1113.25,1082.2,1095.0,1133
2025-02-14 11:15:00+05:30,1095.0,1095.0,1087.3,1091.15,459
2025-02-14 12:15:00+05:30,1091.15,1093.45,1075.0,1075.0,672
2025-02-14 13:15:00+05:30,1075.0,1088.9,1065.6,1075.55,782
2025-02-14 14:15:00+05:30,1075.55,1080.05,1067.65,1075.0,710
2025-02-14 15:15:00+05:30,1075.0,1075.0,1061.0,1061.0,459
2025-02-17 09:15:00+05:30,1050.0,1075.0,1026.6,1056.15,567
2025-02-17 10:15:00+05:30,1056.15,1069.8,1056.15,1062.0,625
2025-02-17 11:15:00+05:30,1062.0,1073.1,1062.0,1064.85,391
2025-02-17 12:15:00+05:30,1064.85,1070.95,1064.0,1070.95,264
2025-02-17 13:15:00+05:30,1070.95,1072.15,1065.3,1070.0,67
2025-02-17 14:15:00+05:30,1070.0,1070.0,1064.0,1064.0,336
2025-02-17 15:15:00+05:30,1064.0,1069.85,1064.0,1065.0,131
2025-02-18 09:15:00+05:30,1052.0,1061.9,1051.95,1052.0,395
2025-02-18 10:15:00+05:30,1052.35,1052.4,1048.05,1052.0,329
2025-02-18 11:15:00+05:30,1052.0,1055.0,1050.0,1055.0,172
2025-02-18 12:15:00+05:30,1055.0,1056.0,1031.0,1056.0,1271
2025-02-18 13:15:00+05:30,1056.0,1059.0,1046.0,1049.6,508
2025-02-18 14:15:00+05:30,1049.6,1069.95,1039.95,1039.95,667
2025-02-18 15:15:00+05:30,1039.95,1040.7,1030.0,1032.15,661
2025-02-19 09:15:00+05:30,1025.4,1104.9,1025.4,1090.1,931
2025-02-19 10:15:00+05:30,1090.1,1092.6,1072.1,1090.0,1987
2025-02-19 11:15:00+05:30,1087.35,1088.4,1063.6,1079.65,178
2025-02-19 12:15:00+05:30,1079.65,1080.95,1073.15,1075.95,59
2025-02-19 13:15:00+05:30,1075.95,1078.0,1063.55,1070.55,261
2025-02-19 14:15:00+05:30,1070.55,1080.0,1069.0,1080.0,141
2025-02-19 15:15:00+05:30,1080.0,1083.7,1075.9,1082.95,157
2025-02-20 09:15:00+05:30,1079.8,1094.05,1071.9,1091.0,311
2025-02-20 10:15:00+05:30,1091.0,1091.0,1072.5,1087.0,269
2025-02-20 11:15:00+05:30,1087.0,1088.9,1084.15,1088.9,186
2025-02-20 12:15:00+05:30,1088.9,1100.9,1087.95,1099.2,634
2025-02-20 13:15:00+05:30,1099.2,1101.9,1094.0,1099.95,349
2025-02-20 14:15:00+05:30,1099.95,1111.0,1094.0,1094.0,398
2025-02-20 15:15:00+05:30,1094.0,1104.0,1088.0,1088.0,335
2025-02-21 09:15:00+05:30,1110.0,1111.0,1084.6,1085.1,586
2025-02-21 10:15:00+05:30,1085.1,1093.25,1077.5,1077.8,170
2025-02-21 11:15:00+05:30,1077.8,1094.85,1077.8,1094.85,338
2025-02-21 12:15:00+05:30,1094.85,1100.1,1092.2,1100.1,652
2025-02-21 13:15:00+05:30,1100.1,1105.0,1098.0,1102.6,416
2025-02-21 14:15:00+05:30,1102.6,1102.95,1098.0,1100.9,318
2025-02-21 15:15:00+05:30,1100.9,1100.9,1091.1,1097.85,285
2025-02-24 09:15:00+05:30,1081.55,1095.0,1080.0,1091.85,323
2025-02-24 10:15:00+05:30,1091.85,1091.85,1082.95,1085.0,148
2025-02-24 11:15:00+05:30,1085.0,1094.0,1085.0,1090.25,140
2025-02-24 12:15:00+05:30,1090.25,1097.85,1086.6,1097.1,82
2025-02-24 13:15:00+05:30,1097.1,1100.0,1085.0,1091.6,329
2025-02-24 14:15:00+05:30,1091.6,1102.45,1091.6,1100.45,134
2025-02-24 15:15:00+05:30,1100.45,1100.5,1091.95,1100.5,88
2025-02-25 09:15:00+05:30,1096.4,1103.95,1089.55,1092.2,183
2025-02-25 10:15:00+05:30,1092.2,1103.85,1090.05,1101.0,64
2025-02-25 11:15:00+05:30,1101.0,1101.0,1091.0,1095.3,77
2025-02-25 12:15:00+05:30,1095.3,1100.0,1092.35,1096.6,50
2025-02-25 13:15:00+05:30,1096.6,1099.35,1092.1,1094.8,97
2025-02-25 14:15:00+05:30,1094.8,1094.8,1072.75,1088.0,545
2025-02-25 15:15:00+05:30,1088.0,1091.65,1078.65,1091.65,92
2025-02-27 09:15:00+05:30,1099.85,1099.85,1054.95,1066.0,727
2025-02-27 10:15:00+05:30,1066.0,1073.4,1064.9,1073.4,151
2025-02-27 11:15:00+05:30,1073.4,1075.6,1067.1,1067.1,48
2025-02-27 12:15:00+05:30,1067.1,1067.1,1052.3,1054.5,216
2025-02-27 13:15:00+05:30,1054.5,1060.0,1054.5,1055.95,120
2025-02-27 14:15:00+05:30,1055.95,1068.5,1054.5,1063.0,662
2025-02-27 15:15:00+05:30,1063.0,1066.0,1055.05,1063.0,275
2025-02-28 09:15:00+05:30,1055.15,1061.9,1028.0,1034.65,665
2025-02-28 10:15:00+05:30,1034.65,1034.65,1021.0,1030.95,971
2025-02-28 11:15:00+05:30,1030.0,1049.95,1024.05,1040.0,1162
2025-02-28 12:15:00+05:30,1040.0,1049.95,1027.9,1049.1,4485
2025-02-28 13:15:00+05:30,1049.1,1051.85,1022.05,1049.95,1783
2025-02-28 14:15:00+05:30,1049.95,1050.95,1042.45,1050.0,928
2025-02-28 15:15:00+05:30,1050.0,1052.0,1022.9,1042.5,719
2025-03-03 09:15:00+05:30,1054.85,1074.2,996.1,1014.0,2163
2025-03-03 10:15:00+05:30,1016.95,1039.5,1012.65,1012.65,1715
2025-03-03 11:15:00+05:30,1012.65,1024.9,1005.0,1011.65,2571
2025-03-03 12:15:00+05:30,1011.65,1020.0,1011.0,1019.1,353
2025-03-03 13:15:00+05:30,1019.1,1020.0,1016.75,1019.6,103
2025-03-03 14:15:00+05:30,1019.6,1024.7,1011.0,1011.0,280
2025-03-03 15:15:00+05:30,1011.0,1013.25,1000.0,1000.0,419
2025-03-04 09:15:00+05:30,1002.65,1040.1,999.15,1035.0,459
2025-03-04 10:15:00+05:30,1035.0,1036.8,1024.25,1029.25,456
2025-03-04 11:15:00+05:30,1029.25,1036.85,1019.9,1036.35,264
2025-03-04 12:15:00+05:30,1036.35,1036.35,1029.7,1029.9,254
2025-03-04 13:15:00+05:30,1029.9,1029.9,1015.5,1016.25,194
2025-03-04 14:15:00+05:30,1016.25,1022.1,1016.25,1017.3,255
2025-03-04 15:15:00+05:30,1017.3,1025.4,1015.0,1025.4,564
2025-03-05 09:15:00+05:30,1008.1,1039.4,1008.1,1036.0,1716
2025-03-05 10:15:00+05:30,1033.0,1043.0,1030.0,1035.0,2607
2025-03-05 11:15:00+05:30,1035.0,1038.5,1032.45,1034.9,1019
2025-03-05 12:15:00+05:30,1034.9,1036.05,1021.75,1025.0,2510
2025-03-05 13:15:00+05:30,1025.0,1035.0,1022.0,1035.0,958
2025-03-05 14:15:00+05:30,1035.0,1039.0,1030.05,1038.35,495
2025-03-05 15:15:00+05:30,1038.35,1038.35,1018.95,1037.9,1074
2025-03-06 09:15:00+05:30,1026.2,1052.95,1026.2,1050.05,1250
2025-03-06 10:15:00+05:30,1050.05,1051.0,1046.0,1049.15,443
2025-03-06 11:15:00+05:30,1049.15,1050.1,1047.5,1050.0,490
2025-03-06 12:15:00+05:30,1050.0,1050.15,1048.95,1048.95,42
2025-03-06 13:15:00+05:30,1048.95,1050.65,1048.0,1048.0,293
2025-03-06 14:15:00+05:30,1048.0,1051.0,1047.5,1050.0,931
2025-03-06 15:15:00+05:30,1050.0,1051.95,1048.55,1051.95,166
2025-03-07 09:15:00+05:30,1066.55,1066.55,1050.1,1065.0,491
2025-03-07 10:15:00+05:30,1065.0,1066.5,1062.35,1066.5,1083
2025-03-07 11:15:00+05:30,1066.5,1066.5,1063.2,1063.2,408
2025-03-07 12:15:00+05:30,1063.0,1064.95,1056.4,1056.4,190
2025-03-07 13:15:00+05:30,1056.35,1060.7,1055.2,1058.6,126
2025-03-07 14:15:00+05:30,1058.6,1064.3,1058.55,1061.7,349
2025-03-07 15:15:00+05:30,1061.7,1066.5,1058.0,1065.0,325
2025-03-10 09:15:00+05:30,1062.9,1074.95,1057.0,1061.95,602
2025-03-10 10:15:00+05:30,1061.95,1061.95,1040.0,1042.0,983
2025-03-10 11:15:00+05:30,1042.0,1044.8,1037.85,1039.15,271
2025-03-10 12:15:00+05:30,1039.15,1039.15,1036.0,1038.95,91
2025-03-10 13:15:00+05:30,1038.95,1038.95,1029.6,1030.15,568
2025-03-10 14:15:00+05:30,1030.15,1034.6,1015.0,1015.0,1623
2025-03-10 15:15:00+05:30,1015.0,1021.85,1014.5,1014.5,1648
2025-03-11 09:15:00+05:30,1025.0,1030.75,1015.0,1020.9,570
2025-03-11 10:15:00+05:30,1020.9,1060.0,1020.9,1048.0,2256
2025-03-11 11:15:00+05:30,1048.0,1055.0,1045.15,1047.0,1339
2025-03-11 12:15:00+05:30,1047.0,1047.0,1042.05,1042.05,28
2025-03-11 13:15:00+05:30,1042.05,1049.95,1041.5,1048.15,294
2025-03-11 14:15:00+05:30,1051.45,1053.95,1040.0,1040.95,627
2025-03-11 15:15:00+05:30,1040.95,1040.95,1040.0,1040.95,261
2025-03-12 09:15:00+05:30,1057.15,1057.15,1047.4,1050.0,124
2025-03-12 10:15:00+05:30,1050.0,1059.95,1050.0,1050.0,798
2025-03-12 11:15:00+05:30,1050.0,1050.0,1032.3,1039.95,463
2025-03-12 12:15:00+05:30,1039.95,1040.0,1033.55,1033.55,203
2025-03-12 13:15:00+05:30,1033.55,1043.75,1033.55,1035.0,1257
2025-03-12 14:15:00+05:30,1035.0,1041.0,1034.05,1039.95,696
2025-03-12 15:15:00+05:30,1039.95,1039.95,1031.0,1039.5,575
2025-03-13 09:15:00+05:30,1045.0,1050.05,1027.55,1042.3,449
2025-03-13 10:15:00+05:30,1042.3,1042.55,1026.1,1032.0,289
2025-03-13 11:15:00+05:30,1032.0,1033.35,1025.0,1033.35,333
2025-03-13 12:15:00+05:30,1033.35,1037.95,1026.35,1033.15,365
2025-03-13 13:15:00+05:30,1033.15,1037.95,1026.35,1034.7,296
2025-03-13 14:15:00+05:30,1034.7,1046.95,1032.25,1045.0,353
2025-03-13 15:15:00+05:30,1045.0,1045.0,1030.05,1030.05,111
2025-03-17 09:15:00+05:30,1030.0,1041.1,1027.0,1033.65,10385
2025-03-17 10:15:00+05:30,1033.65,1044.75,1033.65,1041.4,332
2025-03-17 11:15:00+05:30,1041.4,1041.4,1035.35,1039.0,555
2025-03-17 12:15:00+05:30,1039.0,1041.4,1030.0,1039.9,849
2025-03-17 13:15:00+05:30,1039.9,1039.9,1033.55,1037.0,336
2025-03-17 14:15:00+05:30,1037.0,1040.0,1031.0,1039.0,1009
2025-03-17 15:15:00+05:30,1039.0,1039.0,1031.0,1031.0,642
2025-03-18 09:15:00+05:30,1027.05,1048.1,1027.05,1041.95,1001
2025-03-18 10:15:00+05:30,1041.95,1048.8,1041.15,1042.05,4202
2025-03-18 11:15:00+05:30,1042.05,1050.0,1042.05,1045.0,487
2025-03-18 12:15:00+05:30,1045.0,1047.55,1040.0,1040.0,662
2025-03-18 13:15:00+05:30,1040.0,1040.3,1039.0,1039.15,216
2025-03-18 14:15:00+05:30,1039.15,1044.05,1031.0,1036.1,750
2025-03-18 15:15:00+05:30,1036.1,1038.85,1032.05,1033.25,361
2025-03-19 09:15:00+05:30,1050.55,1050.55,1041.0,1041.0,256
2025-03-19 10:15:00+05:30,1041.0,1050.05,1040.0,1050.05,953
2025-03-19 11:15:00+05:30,1050.05,1050.05,1038.0,1043.9,766
2025-03-19 12:15:00+05:30,1041.7,1049.6,1041.65,1046.0,345
2025-03-19 13:15:00+05:30,1046.0,1046.45,1041.65,1042.0,150
2025-03-19 14:15:00+05:30,1042.0,1045.6,1040.0,1044.55,392
2025-03-19 15:15:00+05:30,1044.55,1044.55,1038.9,1043.3,1451
2025-03-20 09:15:00+05:30,1050.0,1058.0,1049.0,1054.0,456
2025-03-20 10:15:00+05:30,1054.0,1056.8,1054.0,1054.2,75
2025-03-20 11:15:00+05:30,1054.2,1054.25,1040.0,1042.0,750
2025-03-20 12:15:00+05:30,1042.0,1045.0,1041.7,1045.0,688
2025-03-20 13:15:00+05:30,1045.0,1045.0,1038.1,1041.9,347
2025-03-20 14:15:00+05:30,1041.9,1045.0,1041.9,1044.0,251
2025-03-20 15:15:00+05:30,1044.0,1044.0,1041.2,1043.85,432
2025-03-21 09:15:00+05:30,1041.75,1054.0,1041.75,1050.0,612
2025-03-21 10:15:00+05:30,1050.0,1050.5,1045.05,1050.0,444
2025-03-21 11:15:00+05:30,1050.0,1050.0,1034.05,1042.65,1211
2025-03-21 12:15:00+05:30,1042.65,1044.45,1037.55,1041.5,320
2025-03-21 13:15:00+05:30,1041.5,1041.5,1035.15,1037.35,381
2025-03-21 14:15:00+05:30,1037.35,1044.45,1035.75,1040.0,587
2025-03-21 15:15:00+05:30,1040.0,1043.9,1040.0,1040.0,407
2025-03-24 09:15:00+05:30,1043.95,1053.9,1040.0,1046.85,724
2025-03-24 10:15:00+05:30,1046.85,1050.0,1034.05,1040.5,2236
2025-03-24 11:15:00+05:30,1040.5,1047.9,1040.5,1044.05,179
2025-03-24 12:15:00+05:30,1044.05,1044.9,1040.5,1041.9,269
2025-03-24 13:15:00+05:30,1041.9,1047.7,1040.5,1044.45,462
2025-03-24 14:15:00+05:30,1044.45,1044.45,1040.5,1040.5,536
2025-03-24 15:15:00+05:30,1040.5,1043.0,1034.6,1042.0,872
2025-03-25 09:15:00+05:30,1041.0,1069.95,1040.0,1062.0,1765
2025-03-25 10:15:00+05:30,1062.0,1071.95,1048.35,1048.35,1713
2025-03-25 11:15:00+05:30,1048.35,1048.35,1040.0,1041.25,408
2025-03-25 12:15:00+05:30,1042.9,1045.0,1040.0,1043.3,169
2025-03-25 13:15:00+05:30,1043.3,1045.0,1037.0,1044.0,583
2025-03-25 14:15:00+05:30,1044.0,1044.0,1030.0,1038.4,579
2025-03-25 15:15:00+05:30,1038.4,1038.4,1032.65,1032.65,355
2025-03-26 09:15:00+05:30,1030.0,1041.0,1030.0,1037.55,374
2025-03-26 10:15:00+05:30,1037.55,1038.0,1030.05,1030.55,405
2025-03-26 11:15:00+05:30,1030.55,1037.55,1023.75,1025.4,1665
2025-03-26 12:15:00+05:30,1025.4,1027.95,1020.0,1021.25,468
2025-03-26 13:15:00+05:30,1021.25,1022.8,1020.9,1020.9,308
2025-03-26 14:15:00+05:30,1021.6,1025.0,1020.05,1023.4,1434
2025-03-26 15:15:00+05:30,1023.4,1024.8,1020.0,1020.05,523
2025-03-27 09:15:00+05:30,1020.4,1045.0,1020.05,1020.05,2815
2025-03-27 10:15:00+05:30,1020.05,1029.95,1012.65,1029.3,1490
2025-03-27 11:15:00+05:30,1029.3,1029.3,1024.0,1025.0,117
2025-03-27 12:15:00+05:30,1025.0,1028.0,1025.0,1025.5,126
2025-03-27 13:15:00+05:30,1025.5,1026.65,1023.15,1025.0,111
2025-03-27 14:15:00+05:30,1025.0,1026.0,1012.0,1018.25,11167
2025-03-27 15:15:00+05:30,1018.25,1020.0,1003.0,1020.0,1056
2025-03-28 09:15:00+05:30,1034.0,1034.0,1017.7,1017.7,869
2025-03-28 10:15:00+05:30,1017.7,1025.0,1017.7,1022.25,162
2025-03-28 11:15:00+05:30,1022.25,1024.95,1017.05,1019.15,326
2025-03-28 12:15:00+05:30,1019.15,1019.15,1017.0,1019.15,299
2025-03-28 13:15:00+05:30,1019.15,1020.0,1015.85,1019.2,338
2025-03-28 14:15:00+05:30,1019.2,1019.2,1015.0,1015.6,863
2025-03-28 15:15:00+05:30,1015.65,1017.0,1010.0,1012.0,725
2025-04-01 09:15:00+05:30,1028.15,1028.15,1017.1,1023.3,405
2025-04-01 10:15:00+05:30,1023.3,1023.3,1020.25,1023.05,21
2025-04-01 11:15:00+05:30,1023.05,1027.5,1021.05,1021.65,154
2025-04-01 12:15:00+05:30,1021.65,1025.95,1021.65,1025.0,27
2025-04-01 13:15:00+05:30,1025.0,1026.9,1025.0,1026.9,100
2025-04-01 14:15:00+05:30,1026.9,1030.0,1026.9,1030.0,125
2025-04-01 15:15:00+05:30,1030.0,1031.4,1028.55,1031.4,65
2025-04-02 09:15:00+05:30,1039.0,1039.0,1028.0,1034.0,324
2025-04-02 10:15:00+05:30,1034.0,1034.0,1030.4,1032.45,16
2025-04-02 11:15:00+05:30,1032.45,1035.9,1031.7,1031.7,64
2025-04-02 12:15:00+05:30,1031.7,1034.05,1031.7,1034.05,47
2025-04-02 13:15:00+05:30,1034.05,1034.05,1028.15,1028.55,149
2025-04-02 14:15:00+05:30,1028.55,1035.9,1028.55,1034.65,81
2025-04-02 15:15:00+05:30,1034.65,1040.0,1029.55,1038.5,123
2025-04-03 09:15:00+05:30,1020.05,1046.05,1020.05,1044.55,459
2025-04-03 10:15:00+05:30,1044.55,1046.95,1039.15,1046.95,794
2025-04-03 11:15:00+05:30,1046.95,1048.0,1043.7,1045.5,133
2025-04-03 12:15:00+05:30,1045.5,1049.0,1045.5,1049.0,136
2025-04-03 13:15:00+05:30,1049.0,1050.05,1045.0,1049.1,216
2025-04-03 14:15:00+05:30,1045.2,1048.5,1041.1,1041.1,162
2025-04-03 15:15:00+05:30,1041.1,1048.0,1041.1,1048.0,134
2025-04-04 09:15:00+05:30,1044.85,1045.0,1028.15,1028.15,354
2025-04-04 10:15:00+05:30,1028.15,1033.65,1028.15,1033.65,141
2025-04-04 11:15:00+05:30,1033.65,1037.0,1031.0,1037.0,101
2025-04-04 12:15:00+05:30,1037.0,1037.0,1028.7,1032.45,65
2025-04-04 13:15:00+05:30,1032.45,1033.5,1028.5,1028.5,78
2025-04-04 14:15:00+05:30,1028.5,1032.7,1028.5,1030.0,105
2025-04-04 15:15:00+05:30,1030.0,1030.0,1026.0,1026.0,139
2025-04-07 09:15:00+05:30,1017.5,1018.0,974.75,1000.6,1080
2025-04-07 10:15:00+05:30,1000.6,1016.0,994.85,1008.1,417
2025-04-07 11:15:00+05:30,1008.1,1015.0,1000.0,1007.0,150
2025-04-07 12:15:00+05:30,1007.0,1007.0,1001.25,1002.0,142
2025-04-07 13:15:00+05:30,1002.0,1007.0,999.0,1006.75,216
2025-04-07 14:15:00+05:30,1006.75,1007.0,1002.2,1007.0,158
2025-04-07 15:15:00+05:30,1007.0,1007.0,1002.15,1002.15,260
2025-04-08 09:15:00+05:30,1024.95,1025.45,1014.2,1015.5,119
2025-04-08 10:15:00+05:30,1015.5,1017.0,1010.2,1015.05,170
2025-04-08 11:15:00+05:30,1015.05,1015.7,1010.0,1010.0,312
2025-04-08 12:15:00+05:30,1010.0,1017.45,1010.0,1017.45,30
2025-04-08 13:15:00+05:30,1017.45,1018.95,1016.05,1017.5,63
2025-04-08 14:15:00+05:30,1017.5,1018.5,1017.5,1018.3,17
2025-04-08 15:15:00+05:30,1018.3,1018.3,1015.05,1016.0,261
2025-04-09 09:15:00+05:30,1024.55,1025.1,1012.2,1012.2,96
2025-04-09 10:15:00+05:30,1012.2,1018.4,1012.2,1018.4,7
2025-04-09 11:15:00+05:30,1018.4,1018.4,1016.95,1016.95,4
2025-04-09 12:15:00+05:30,1016.95,1018.75,1008.1,1013.65,90
2025-04-09 13:15:00+05:30,1013.65,1020.0,1010.05,1015.3,606
2025-04-09 14:15:00+05:30,1015.3,1022.0,1015.3,1022.0,22
2025-04-09 15:15:00+05:30,1022.0,1039.8,1022.0,1034.0,138
2025-04-11 09:15:00+05:30,1029.95,1048.7,1026.7,1031.6,696
2025-04-11 10:15:00+05:30,1031.6,1033.35,1030.0,1033.35,75
2025-04-11 11:15:00+05:30,1033.35,1033.35,1030.0,1030.0,62
2025-04-11 12:15:00+05:30,1030.0,1034.85,1030.0,1030.75,55
2025-04-11 13:15:00+05:30,1030.75,1034.0,1030.0,1030.0,50
2025-04-11 14:15:00+05:30,1030.0,1030.0,1006.95,1016.7,1298
2025-04-11 15:15:00+05:30,1016.7,1021.9,1011.5,1020.0,474
2025-04-15 09:15:00+05:30,1029.9,1033.2,1029.1,1031.8,264
2025-04-15 10:15:00+05:30,1031.8,1033.0,1030.1,1031.9,178
2025-04-15 11:15:00+05:30,1031.9,1033.0,1030.1,1032.1,115
2025-04-15 12:15:00+05:30,1032.1,1036.3,1032.0,1036.0,289
2025-04-15 13:15:00+05:30,1036.0,1039.7,1033.5,1036.8,49
2025-04-15 14:15:00+05:30,1036.8,1037.0,1030.0,1035.0,149
2025-04-15 15:15:00+05:30,1035.0,1035.0,1031.0,1031.0,131
2025-04-16 09:15:00+05:30,1033.5,1038.4,1028.2,1034.1,470
2025-04-16 10:15:00+05:30,1034.1,1038.4,1033.9,1038.4,105
2025-04-16 11:15:00+05:30,1038.4,1061.9,1038.4,1051.3,263
2025-04-16 12:15:00+05:30,1051.3,1058.0,1049.8,1049.8,172
2025-04-16 13:15:00+05:30,1049.8,1051.8,1043.2,1043.3,123
2025-04-16 14:15:00+05:30,1043.3,1046.0,1043.3,1045.1,69
2025-04-16 15:15:00+05:30,1045.1,1060.0,1045.0,1060.0,453
2025-04-17 09:15:00+05:30,1055.5,1078.0,1048.9,1067.0,267
2025-04-17 10:15:00+05:30,1067.0,1067.0,1057.1,1057.3,105
2025-04-17 11:15:00+05:30,1057.3,1066.8,1057.3,1059.7,49
2025-04-17 12:15:00+05:30,1059.7,1062.9,1059.1,1060.0,93
2025-04-17 13:15:00+05:30,1060.9,1066.8,1060.9,1066.8,266
2025-04-17 14:15:00+05:30,1066.8,1069.7,1063.1,1064.5,93
2025-04-17 15:15:00+05:30,1064.5,1072.0,1064.5,1072.0,213
2025-04-21 09:15:00+05:30,1073.0,1087.0,1069.2,1082.9,741
2025-04-21 10:15:00+05:30,1082.9,1085.8,1065.0,1077.5,786
2025-04-21 11:15:00+05:30,1077.5,1087.0,1074.5,1081.1,933
2025-04-21 12:15:00+05:30,1081.1,1086.0,1080.3,1080.3,33
2025-04-21 13:15:00+05:30,1080.3,1084.9,1075.0,1077.4,484
2025-04-21 14:15:00+05:30,1077.4,1085.0,1077.4,1080.0,179
2025-04-21 15:15:00+05:30,1080.0,1084.5,1079.4,1084.5,312
2025-04-22 09:15:00+05:30,1085.5,1090.0,1064.8,1088.9,799
2025-04-22 10:15:00+05:30,1088.9,1089.9,1085.1,1088.9,25
2025-04-22 11:15:00+05:30,1088.9,1091.5,1082.4,1085.4,231
2025-04-22 12:15:00+05:30,1085.4,1087.8,1085.0,1085.3,37
2025-04-22 13:15:00+05:30,1085.3,1090.4,1085.3,1087.0,17
2025-04-22 14:15:00+05:30,1087.0,1090.0,1086.0,1088.7,165
2025-04-22 15:15:00+05:30,1088.7,1088.9,1082.3,1088.9,215
2025-04-23 09:15:00+05:30,1092.0,1092.0,1070.0,1085.5,651
2025-04-23 10:15:00+05:30,1085.5,1085.5,1071.0,1076.6,527
2025-04-23 11:15:00+05:30,1076.6,1081.6,1076.0,1076.0,88
2025-04-23 12:15:00+05:30,1076.0,1087.0,1076.0,1081.8,111
2025-04-23 13:15:00+05:30,1081.8,1081.8,1081.7,1081.7,2
2025-04-23 14:15:00+05:30,1081.7,1082.4,1065.0,1072.6,304
2025-04-23 15:15:00+05:30,1060.0,1080.0,1059.2,1079.3,557
2025-04-24 09:15:00+05:30,1085.4,1085.4,1069.4,1076.0,166
2025-04-24 10:15:00+05:30,1076.0,1080.9,1076.0,1080.4,49
2025-04-24 11:15:00+05:30,1080.4,1081.6,1080.0,1080.0,463
2025-04-24 12:15:00+05:30,1080.0,1085.0,1080.0,1084.0,175
2025-04-24 13:15:00+05:30,1084.0,1084.0,1080.0,1080.0,45
2025-04-24 14:15:00+05:30,1080.0,1085.3,1080.0,1084.0,180
2025-04-24 15:15:00+05:30,1084.0,1085.3,1082.9,1082.9,38
2025-04-25 09:15:00+05:30,1075.7,1084.1,1050.0,1056.2,362
2025-04-25 10:15:00+05:30,1056.2,1080.0,1051.3,1053.5,161
2025-04-25 11:15:00+05:30,1053.5,1056.5,1050.0,1050.0,162
2025-04-25 12:15:00+05:30,1050.0,1055.3,1050.0,1055.3,28
2025-04-25 13:15:00+05:30,1055.3,1063.2,1052.5,1058.0,79
2025-04-25 14:15:00+05:30,1058.0,1064.9,1057.9,1062.0,44
2025-04-25 15:15:00+05:30,1061.2,1062.9,1055.2,1055.2,55
2025-04-28 09:15:00+05:30,1046.0,1062.0,1032.1,1060.0,240
2025-04-28 10:15:00+05:30,1060.0,1063.4,1059.6,1063.4,142
2025-04-28 11:15:00+05:30,1063.4,1067.8,1061.0,1067.8,88
2025-04-28 12:15:00+05:30,1067.8,1067.8,1054.9,1061.7,587
2025-04-28 13:15:00+05:30,1061.7,1061.7,1043.0,1054.9,56
2025-04-28 14:15:00+05:30,1054.9,1055.0,1045.0,1045.0,77
2025-04-28 15:15:00+05:30,1045.0,1055.0,1045.0,1045.0,201
2025-04-29 09:15:00+05:30,1055.8,1064.0,1049.1,1052.3,107
2025-04-29 10:15:00+05:30,1052.3,1064.1,1052.3,1064.0,29
2025-04-29 11:15:00+05:30,1064.0,1064.0,1053.1,1058.0,107
2025-04-29 12:15:00+05:30,1058.0,1058.9,1055.7,1056.1,46
2025-04-29 13:15:00+05:30,1056.1,1059.0,1055.0,1059.0,16
2025-04-29 14:15:00+05:30,1059.0,1059.0,1056.1,1057.0,45
2025-04-29 15:15:00+05:30,1057.0,1060.0,1056.0,1056.0,85
2025-04-30 09:15:00+05:30,1055.1,1059.9,1052.8,1057.1,26
2025-04-30 10:15:00+05:30,1057.1,1062.0,1054.7,1055.0,61
2025-04-30 11:15:00+05:30,1055.0,1059.7,1055.0,1056.5,23
2025-04-30 12:15:00+05:30,1056.5,1056.5,1046.3,1050.3,284
2025-04-30 13:15:00+05:30,1050.3,1050.3,1046.2,1049.3,41
2025-04-30 14:15:00+05:30,1049.3,1049.5,1044.9,1045.6,100
2025-04-30 15:15:00+05:30,1045.6,1047.0,1045.0,1045.0,53
2025-05-02 09:15:00+05:30,1051.2,1051.2,1034.0,1043.3,170
2025-05-02 10:15:00+05:30,1043.3,1044.9,1039.7,1040.4,328
2025-05-02 11:15:00+05:30,1040.4,1042.9,1037.1,1037.1,218
2025-05-02 12:15:00+05:30,1037.1,1040.0,1037.1,1040.0,2
2025-05-02 13:15:00+05:30,1040.0,1040.0,1037.6,1040.0,88
2025-05-02 14:15:00+05:30,1040.0,1042.9,1037.8,1040.0,112
2025-05-02 15:15:00+05:30,1040.0,1068.0,1040.0,1042.0,138
2025-05-05 09:15:00+05:30,1051.0,1061.0,1040.2,1052.1,521
2025-05-05 10:15:00+05:30,1052.1,1052.3,1041.1,1041.1,136
2025-05-05 11:15:00+05:30,1041.1,1048.9,1041.1,1048.9,5
2025-05-05 12:15:00+05:30,1048.9,1055.8,1044.5,1049.9,47
2025-05-05 13:15:00+05:30,1049.9,1056.8,1047.2,1055.8,129
2025-05-05 14:15:00+05:30,1055.8,1055.8,1045.4,1051.7,168
2025-05-05 15:15:00+05:30,1051.7,1051.7,1045.0,1045.5,104
2025-05-06 09:15:00+05:30,1060.0,1060.0,1046.0,1050.3,137
2025-05-06 10:15:00+05:30,1050.3,1051.0,1050.3,1051.0,138
2025-05-06 11:15:00+05:30,1051.0,1051.1,1045.1,1047.8,123
2025-05-06 12:15:00+05:30,1047.8,1059.0,1047.0,1047.0,245
2025-05-06 13:15:00+05:30,1047.0,1055.3,1034.0,1041.9,755
2025-05-06 14:15:00+05:30,1041.9,1044.0,1034.0,1034.0,188
2025-05-06 15:15:00+05:30,1034.0,1035.0,1031.0,1031.0,79
2025-05-07 09:15:00+05:30,1034.4,1046.4,1033.8,1038.9,176
2025-05-07 10:15:00+05:30,1038.9,1043.8,1035.1,1035.1,56
2025-05-07 11:15:00+05:30,1035.1,1058.0,1035.1,1045.6,326
2025-05-07 12:15:00+05:30,1045.6,1048.9,1044.2,1048.9,130
2025-05-07 13:15:00+05:30,1048.9,1049.0,1048.9,1048.9,32
2025-05-07 14:15:00+05:30,1048.9,1057.9,1048.7,1054.3,213
2025-05-07 15:15:00+05:30,1054.3,1057.6,1035.0,1039.1,260
2025-05-08 09:15:00+05:30,1050.1,1053.5,1050.0,1053.0,37
2025-05-08 10:15:00+05:30,1053.0,1068.0,1048.1,1060.0,454
2025-05-08 11:15:00+05:30,1060.0,1062.8,1052.5,1056.4,370
2025-05-08 12:15:00+05:30,1056.4,1056.4,1053.5,1053.5,9
2025-05-08 13:15:00+05:30,1053.5,1063.6,1053.5,1055.4,112
2025-05-08 14:15:00+05:30,1055.4,1055.4,1050.3,1050.3,168
2025-05-08 15:15:00+05:30,1050.3,1053.1,1048.0,1048.0,61
2025-05-09 09:15:00+05:30,1030.3,1043.9,1019.3,1035.3,520
2025-05-09 10:15:00+05:30,1035.3,1039.9,1024.5,1039.9,21
2025-05-09 11:15:00+05:30,1039.9,1041.9,1030.1,1041.0,28
2025-05-09 12:15:00+05:30,1041.0,1041.0,1041.0,1041.0,0
2025-05-09 13:15:00+05:30,1041.0,1041.0,1037.0,1037.0,21
2025-05-09 14:15:00+05:30,1037.0,1040.0,1033.1,1034.2,101
2025-05-09 15:15:00+05:30,1034.2,1042.8,1030.5,1039.8,98
2025-05-12 09:15:00+05:30,1048.9,1068.0,1044.2,1058.9,480
2025-05-12 10:15:00+05:30,1058.9,1069.7,1057.5,1064.7,156
2025-05-12 11:15:00+05:30,1064.7,1064.7,1055.2,1062.6,183
2025-05-12 12:15:00+05:30,1062.6,1064.1,1059.7,1064.1,380
2025-05-12 13:15:00+05:30,1064.1,1064.1,1061.0,1061.0,68
2025-05-12 14:15:00+05:30,1061.0,1061.8,1057.0,1057.0,227
2025-05-12 15:15:00+05:30,1057.0,1060.9,1057.0,1060.0,257
2025-05-13 09:15:00+05:30,1050.1,1067.6,1050.1,1065.1,348
2025-05-13 10:15:00+05:30,1065.1,1066.9,1064.0,1064.0,66
2025-05-13 11:15:00+05:30,1064.0,1067.9,1063.1,1067.8,697
2025-05-13 12:15:00+05:30,1067.8,1071.0,1067.8,1070.0,245
2025-05-13 13:15:00+05:30,1070.0,1075.0,1065.1,1069.6,118
2025-05-13 14:15:00+05:30,1069.6,1085.0,1065.2,1074.4,423
2025-05-13 15:15:00+05:30,1074.4,1079.8,1069.8,1079.8,154
2025-05-14 09:15:00+05:30,1080.0,1089.9,1074.2,1087.1,183
2025-05-14 10:15:00+05:30,1087.1,1091.9,1087.1,1087.2,246
2025-05-14 11:15:00+05:30,1087.2,1090.9,1087.2,1090.1,442
2025-05-14 12:15:00+05:30,1090.0,1090.1,1081.1,1081.1,277
2025-05-14 13:15:00+05:30,1081.1,1087.8,1081.1,1085.0,87
2025-05-14 14:15:00+05:30,1085.0,1089.5,1083.1,1085.0,151
2025-05-14 15:15:00+05:30,1087.8,1088.4,1083.6,1085.0,45
2025-05-15 09:15:00+05:30,1087.3,1090.0,1085.0,1085.8,720
2025-05-15 10:15:00+05:30,1085.8,1090.0,1082.0,1083.9,452
2025-05-15 11:15:00+05:30,1083.1,1084.9,1075.0,1076.1,204
2025-05-15 12:15:00+05:30,1076.1,1078.8,1072.2,1078.1,362
2025-05-15 13:15:00+05:30,1078.1,1085.0,1073.4,1075.0,195
2025-05-15 14:15:00+05:30,1075.0,1085.0,1075.0,1082.8,405
2025-05-15 15:15:00+05:30,1076.0,1084.5,1076.0,1084.5,318
2025-05-16 09:15:00+05:30,1075.0,1085.1,1073.2,1083.9,605
2025-05-16 10:15:00+05:30,1083.9,1085.0,1082.1,1085.0,414
2025-05-16 11:15:00+05:30,1085.0,1085.0,1081.3,1082.2,227
2025-05-16 12:15:00+05:30,1082.2,1085.0,1079.3,1080.2,188
2025-05-16 13:15:00+05:30,1080.2,1084.9,1080.2,1080.9,275
2025-05-16 14:15:00+05:30,1080.9,1080.9,1078.8,1078.8,387
2025-05-16 15:15:00+05:30,1078.8,1085.0,1078.8,1080.5,773
2025-05-19 09:15:00+05:30,1090.0,1090.0,1082.0,1082.1,469
2025-05-19 10:15:00+05:30,1082.1,1085.0,1082.0,1082.0,500
2025-05-19 11:15:00+05:30,1082.0,1085.0,1080.0,1084.9,307
2025-05-19 12:15:00+05:30,1084.9,1084.9,1080.1,1080.4,347
2025-05-19 13:15:00+05:30,1080.1,1084.9,1080.1,1080.2,200
2025-05-19 14:15:00+05:30,1080.2,1085.0,1080.2,1081.3,1408
2025-05-19 15:15:00+05:30,1081.3,1085.0,1081.2,1084.8,335
2025-05-20 09:15:00+05:30,1089.0,1089.0,1068.7,1084.7,81
2025-05-20 10:15:00+05:30,1084.7,1085.0,1076.7,1084.9,1438
2025-05-20 11:15:00+05:30,1084.9,1085.0,1079.4,1079.5,604
2025-05-20 12:15:00+05:30,1079.2,1080.4,1078.0,1078.0,43
2025-05-20 13:15:00+05:30,1078.0,1079.0,1075.3,1078.8,49
2025-05-20 14:15:00+05:30,1078.8,1080.1,1072.3,1080.1,259
2025-05-20 15:15:00+05:30,1080.1,1080.1,1074.0,1074.6,50
2025-05-21 09:15:00+05:30,1084.9,1084.9,1076.2,1077.7,118
2025-05-21 10:15:00+05:30,1077.7,1084.9,1077.7,1081.9,247
2025-05-21 11:15:00+05:30,1081.9,1081.9,1079.1,1080.5,52
2025-05-21 12:15:00+05:30,1080.5,1080.8,1078.0,1080.8,325
2025-05-21 13:15:00+05:30,1080.8,1080.9,1078.0,1078.0,235
2025-05-21 14:15:00+05:30,1078.0,1084.9,1078.0,1082.5,113
2025-05-21 15:15:00+05:30,1082.5,1084.7,1082.5,1082.6,15
2025-05-22 09:15:00+05:30,1085.0,1086.0,1076.0,1085.0,281
2025-05-22 10:15:00+05:30,1085.0,1085.0,1081.0,1081.1,99
2025-05-22 11:15:00+05:30,1081.1,1082.2,1081.1,1082.2,1
2025-05-22 12:15:00+05:30,1084.8,1084.8,1077.0,1077.0,256
2025-05-22 13:15:00+05:30,1077.0,1084.9,1076.6,1079.3,362
2025-05-22 14:15:00+05:30,1079.3,1084.9,1079.3,1080.6,450
2025-05-22 15:15:00+05:30,1080.4,1084.9,1078.9,1084.9,150
2025-05-23 09:15:00+05:30,1085.0,1085.0,1064.9,1080.0,1734
2025-05-23 10:15:00+05:30,1080.0,1084.8,1076.0,1082.0,1021
2025-05-23 11:15:00+05:30,1082.0,1084.9,1082.0,1084.9,175
2025-05-23 12:15:00+05:30,1084.9,1084.9,1083.0,1084.8,319
2025-05-23 13:15:00+05:30,1084.8,1087.8,1082.9,1082.9,2012
2025-05-23 14:15:00+05:30,1082.9,1086.9,1080.1,1084.8,359
2025-05-23 15:15:00+05:30,1084.8,1085.0,1080.1,1084.8,369
2025-05-26 09:15:00+05:30,1084.7,1095.0,1080.1,1085.0,5003
2025-05-26 10:15:00+05:30,1084.9,1085.0,1084.7,1084.9,1361
2025-05-26 11:15:00+05:30,1084.9,1085.0,1084.8,1084.9,2316
2025-05-26 12:15:00+05:30,1084.9,1085.0,1079.9,1080.0,4728
2025-05-26 13:15:00+05:30,1080.0,1083.9,1079.5,1083.6,818
2025-05-26 14:15:00+05:30,1083.6,1085.0,1078.7,1084.9,2171
2025-05-26 15:15:00+05:30,1084.9,1084.9,1078.3,1078.3,726
2025-05-27 09:15:00+05:30,1115.0,1115.1,1085.3,1104.0,5915
2025-05-27 10:15:00+05:30,1104.0,1104.0,1088.2,1090.0,763
2025-05-27 11:15:00+05:30,1090.0,1099.9,1090.0,1097.0,462
2025-05-27 12:15:00+05:30,1097.0,1097.0,1087.0,1087.4,713
2025-05-27 13:15:00+05:30,1085.8,1096.9,1084.2,1089.9,516
2025-05-27 14:15:00+05:30,1089.9,1099.9,1084.3,1085.7,657
2025-05-27 15:15:00+05:30,1085.7,1097.2,1085.6,1086.9,156
2025-05-28 09:15:00+05:30,1092.8,1099.9,1086.2,1087.1,641
2025-05-28 10:15:00+05:30,1087.1,1090.0,1086.2,1087.8,578
2025-05-28 11:15:00+05:30,1085.1,1087.3,1085.1,1085.2,489
2025-05-28 12:15:00+05:30,1085.2,1089.0,1085.1,1085.1,128
2025-05-28 13:15:00+05:30,1085.1,1085.1,1083.7,1084.9,1310
2025-05-28 14:15:00+05:30,1084.9,1086.0,1084.0,1086.0,340
2025-05-28 15:15:00+05:30,1086.0,1086.0,1058.8,1065.0,1553
2025-05-29 09:15:00+05:30,1082.7,1083.8,1072.6,1077.5,1058
2025-05-29 10:15:00+05:30,1079.8,1079.8,1074.1,1074.3,345
2025-05-29 11:15:00+05:30,1074.3,1077.6,1073.5,1077.5,233
2025-05-29 12:15:00+05:30,1077.5,1077.5,1073.4,1077.1,278
2025-05-29 13:15:00+05:30,1077.1,1078.3,1075.0,1075.2,5
2025-05-29 14:15:00+05:30,1075.2,1079.4,1073.2,1073.3,288
2025-05-29 15:15:00+05:30,1073.3,1078.6,1073.0,1078.0,193
2025-05-30 09:15:00+05:30,1076.5,1077.7,1071.7,1075.2,53
2025-05-30 10:15:00+05:30,1075.2,1078.0,1075.2,1078.0,161
2025-05-30 11:15:00+05:30,1078.0,1081.4,1075.3,1080.0,200
2025-05-30 12:15:00+05:30,1080.0,1081.0,1080.0,1081.0,76
2025-05-30 13:15:00+05:30,1083.0,1090.1,1081.1,1086.6,377
2025-05-30 14:15:00+05:30,1086.6,1090.0,1085.3,1085.3,307
2025-05-30 15:15:00+05:30,1085.3,1090.0,1085.3,1090.0,84
2025-06-02 09:15:00+05:30,1091.0,1098.7,1081.9,1094.1,488
2025-06-02 10:15:00+05:30,1094.1,1096.5,1092.2,1096.5,362
2025-06-02 11:15:00+05:30,1096.5,1096.5,1093.3,1093.4,128
2025-06-02 12:15:00+05:30,1093.4,1095.9,1093.4,1094.0,378
2025-06-02 13:15:00+05:30,1094.0,1095.9,1094.0,1094.0,136
2025-06-02 14:15:00+05:30,1094.0,1106.0,1094.0,1097.3,1492
2025-06-02 15:15:00+05:30,1097.3,1097.4,1086.0,1086.0,622
2025-06-03 09:15:00+05:30,1095.8,1105.9,1095.6,1100.7,300
2025-06-03 10:15:00+05:30,1100.7,1102.7,1081.2,1088.8,1294
2025-06-03 11:15:00+05:30,1088.8,1095.0,1085.2,1092.8,52
2025-06-03 12:15:00+05:30,1096.6,1097.0,1085.0,1090.0,707
2025-06-03 13:15:00+05:30,1090.0,1097.8,1090.0,1095.3,255
2025-06-03 14:15:00+05:30,1095.3,1096.8,1090.1,1090.1,153
2025-06-03 15:15:00+05:30,1090.1,1092.4,1087.8,1087.8,245
2025-06-04 09:15:00+05:30,1097.8,1100.5,1090.8,1096.9,993
2025-06-04 10:15:00+05:30,1096.9,1096.9,1085.9,1093.9,654
2025-06-04 11:15:00+05:30,1089.5,1091.9,1089.0,1091.9,163
2025-06-04 12:15:00+05:30,1091.9,1096.5,1091.9,1096.5,354
2025-06-04 13:15:00+05:30,1096.5,1096.5,1091.9,1094.7,424
2025-06-04 14:15:00+05:30,1094.7,1094.8,1089.0,1094.7,260
2025-06-04 15:15:00+05:30,1094.7,1095.0,1089.5,1089.5,184
2025-06-05 09:15:00+05:30,1096.0,1097.8,1086.0,1088.5,760
2025-06-05 10:15:00+05:30,1088.5,1090.9,1082.2,1083.5,463
2025-06-05 11:15:00+05:30,1083.5,1087.4,1081.0,1086.3,556
2025-06-05 12:15:00+05:30,1086.3,1086.3,1080.0,1080.3,877
2025-06-05 13:15:00+05:30,1080.3,1082.9,1078.8,1080.6,293
2025-06-05 14:15:00+05:30,1080.6,1082.9,1075.1,1081.5,716
2025-06-05 15:15:00+05:30,1081.5,1082.1,1078.1,1080.0,370
2025-06-06 09:15:00+05:30,1085.8,1092.0,1073.1,1089.1,464
2025-06-06 10:15:00+05:30,1089.1,1103.3,1089.1,1099.8,886
2025-06-06 11:15:00+05:30,1099.8,1114.0,1095.0,1114.0,1779
2025-06-06 12:15:00+05:30,1114.0,1117.9,1099.6,1099.6,1137
2025-06-06 13:15:00+05:30,1099.6,1102.7,1096.0,1102.7,190
2025-06-06 14:15:00+05:30,1102.7,1103.4,1096.0,1096.0,430
2025-06-06 15:15:00+05:30,1096.0,1101.9,1096.0,1101.1,253
2025-06-09 09:15:00+05:30,1109.4,1114.3,1100.0,1102.6,959
2025-06-09 10:15:00+05:30,1102.6,1113.9,1102.6,1113.9,1039
2025-06-09 11:15:00+05:30,1113.9,1113.9,1111.0,1111.3,286
2025-06-09 12:15:00+05:30,1111.3,1114.0,1110.0,1110.0,218
2025-06-09 13:15:00+05:30,1110.0,1111.5,1109.0,1109.0,132
2025-06-09 14:15:00+05:30,1109.0,1112.3,1109.0,1111.9,274
2025-06-09 15:15:00+05:30,1111.9,1111.9,1105.0,1105.0,292
2025-06-10 09:15:00+05:30,1123.0,1123.0,1110.4,1110.4,131
2025-06-10 10:15:00+05:30,1110.4,1117.5,1110.4,1117.5,335
2025-06-10 11:15:00+05:30,1117.5,1117.5,1116.0,1117.1,118
2025-06-10 12:15:00+05:30,1117.4,1119.1,1113.7,1113.8,539
2025-06-10 13:15:00+05:30,1113.8,1119.7,1113.8,1119.4,105
2025-06-10 14:15:00+05:30,1119.4,1119.4,1113.5,1113.6,142
2025-06-10 15:15:00+05:30,1112.0,1114.1,1112.0,1112.0,179
2025-06-11 09:15:00+05:30,1117.3,1122.9,1114.2,1122.9,510
2025-06-11 10:15:00+05:30,1122.9,1139.0,1120.1,1139.0,1228
2025-06-11 11:15:00+05:30,1139.0,1143.9,1121.0,1126.2,2466
2025-06-11 12:15:00+05:30,1129.5,1139.9,1128.6,1129.1,383
2025-06-11 13:15:00+05:30,1129.1,1132.9,1113.1,1118.8,951
2025-06-11 14:15:00+05:30,1118.8,1126.0,1115.0,1124.9,644
2025-06-11 15:15:00+05:30,1124.9,1124.9,1116.1,1118.0,272
2025-06-12 09:15:00+05:30,1122.6,1125.4,1116.7,1122.9,178
2025-06-12 10:15:00+05:30,1122.9,1126.5,1120.6,1122.2,264
2025-06-12 11:15:00+05:30,1122.2,1125.0,1120.6,1123.0,557
2025-06-12 12:15:00+05:30,1123.0,1130.7,1123.0,1128.1,299
2025-06-12 13:15:00+05:30,1128.1,1132.0,1115.0,1115.1,533
2025-06-12 14:15:00+05:30,1115.1,1122.2,1115.1,1122.2,200
2025-06-12 15:15:00+05:30,1122.2,1123.8,1115.0,1116.0,275
2025-06-13 09:15:00+05:30,1100.0,1110.1,1091.1,1100.0,1825
2025-06-13 10:15:00+05:30,1100.0,1105.0,1099.9,1102.5,711
2025-06-13 11:15:00+05:30,1102.5,1102.5,1099.0,1099.1,63
2025-06-13 12:15:00+05:30,1099.1,1099.9,1090.0,1091.9,203
2025-06-13 13:15:00+05:30,1091.9,1096.0,1085.1,1094.3,483
2025-06-13 14:15:00+05:30,1094.3,1094.3,1078.1,1091.1,859
2025-06-13 15:15:00+05:30,1091.1,1094.0,1081.8,1094.0,449
2025-06-16 09:15:00+05:30,1080.7,1093.0,1080.7,1081.2,521
2025-06-16 10:15:00+05:30,1081.2,1087.6,1081.2,1083.4,63
2025-06-16 11:15:00+05:30,1083.4,1086.1,1080.0,1080.4,150
2025-06-16 12:15:00+05:30,1080.4,1089.9,1080.4,1089.9,109
2025-06-16 13:15:00+05:30,1089.9,1097.1,1089.1,1092.1,312
2025-06-16 14:15:00+05:30,1092.1,1092.8,1087.6,1087.6,252
2025-06-16 15:15:00+05:30,1087.6,1087.6,1087.0,1087.0,165
2025-06-17 09:15:00+05:30,1088.3,1094.2,1083.7,1090.7,214
2025-06-17 10:15:00+05:30,1090.7,1096.6,1086.1,1096.3,48
2025-06-17 11:15:00+05:30,1096.3,1099.9,1091.2,1091.2,266
2025-06-17 12:15:00+05:30,1091.2,1095.0,1086.4,1086.9,126
2025-06-17 13:15:00+05:30,1086.9,1093.5,1086.9,1093.5,60
2025-06-17 14:15:00+05:30,1093.5,1101.4,1091.1,1097.4,605
2025-06-17 15:15:00+05:30,1097.4,1107.0,1096.0,1100.0,240
2025-06-18 09:15:00+05:30,1098.5,1098.5,1086.0,1086.1,217
2025-06-18 10:15:00+05:30,1086.1,1094.8,1086.1,1094.4,272
2025-06-18 11:15:00+05:30,1094.4,1100.1,1092.3,1100.1,270
2025-06-18 12:15:00+05:30,1100.1,1100.1,1093.1,1093.3,167
2025-06-18 13:15:00+05:30,1093.3,1099.9,1093.1,1099.9,195
2025-06-18 14:15:00+05:30,1099.9,1101.9,1095.0,1095.0,180
2025-06-18 15:15:00+05:30,1095.0,1097.0,1094.5,1094.5,37
2025-06-19 09:15:00+05:30,1094.5,1105.9,1094.5,1098.9,953
2025-06-19 10:15:00+05:30,1100.2,1103.4,1094.3,1097.7,392
2025-06-19 11:15:00+05:30,1097.7,1097.7,1090.1,1091.2,149
2025-06-19 12:15:00+05:30,1091.2,1102.6,1085.3,1090.0,1133
2025-06-19 13:15:00+05:30,1090.0,1091.4,1078.5,1087.1,418
2025-06-19 14:15:00+05:30,1087.0,1089.9,1087.0,1087.0,139
2025-06-19 15:15:00+05:30,1087.0,1090.0,1087.0,1087.0,138
2025-06-20 09:15:00+05:30,1087.3,1092.1,1076.2,1089.6,331
2025-06-20 10:15:00+05:30,1089.6,1089.9,1089.6,1089.9,23
2025-06-20 11:15:00+05:30,1089.9,1090.0,1089.7,1090.0,104
2025-06-20 12:15:00+05:30,1090.0,1092.7,1089.6,1089.7,88
2025-06-20 13:15:00+05:30,1089.7,1091.0,1089.7,1089.8,168
2025-06-20 14:15:00+05:30,1089.8,1092.2,1089.8,1089.8,157
2025-06-20 15:15:00+05:30,1089.8,1092.9,1088.1,1088.1,495
2025-06-23 09:15:00+05:30,1089.4,1089.4,1071.9,1084.0,510
2025-06-23 10:15:00+05:30,1084.0,1089.9,1081.7,1083.8,72
2025-06-23 11:15:00+05:30,1083.8,1083.8,1082.3,1083.8,26
2025-06-23 12:15:00+05:30,1083.8,1088.1,1083.8,1085.5,137
2025-06-23 13:15:00+05:30,1086.2,1086.5,1085.5,1085.5,66
2025-06-23 14:15:00+05:30,1085.5,1086.9,1080.1,1080.1,316
2025-06-23 15:15:00+05:30,1080.1,1085.6,1080.1,1080.3,163
2025-06-24 09:15:00+05:30,1081.4,1095.9,1081.4,1094.5,329
2025-06-24 10:15:00+05:30,1094.5,1096.4,1094.3,1095.3,157
2025-06-24 11:15:00+05:30,1095.3,1095.5,1092.2,1093.1,72
2025-06-24 12:15:00+05:30,1093.1,1093.2,1092.3,1093.0,8
2025-06-24 13:15:00+05:30,1093.0,1093.0,1087.3,1087.3,170
2025-06-24 14:15:00+05:30,1087.3,1093.2,1085.0,1093.2,214
2025-06-24 15:15:00+05:30,1093.2,1099.9,1093.2,1094.7,242
2025-06-25 09:15:00+05:30,1100.0,1109.5,1090.2,1097.9,889
2025-06-25 10:15:00+05:30,1097.9,1098.9,1094.1,1094.5,94
2025-06-25 11:15:00+05:30,1094.5,1095.1,1094.5,1095.1,15
2025-06-25 12:15:00+05:30,1095.1,1101.1,1095.1,1101.1,80
2025-06-25 13:15:00+05:30,1101.1,1103.3,1099.9,1103.3,77
2025-06-25 14:15:00+05:30,1103.3,1103.9,1100.1,1102.8,281
2025-06-25 15:15:00+05:30,1102.8,1103.8,1100.0,1100.0,343
2025-06-26 09:15:00+05:30,1100.3,1110.0,1100.0,1101.0,300
2025-06-26 10:15:00+05:30,1101.0,1102.9,1099.3,1100.9,66
2025-06-26 11:15:00+05:30,1100.9,1101.0,1099.6,1100.8,32
2025-06-26 12:15:00+05:30,1100.8,1100.8,1098.5,1098.5,17
2025-06-26 13:15:00+05:30,1098.5,1100.4,1095.1,1097.7,40
2025-06-26 14:15:00+05:30,1097.7,1099.8,1093.1,1098.5,281
2025-06-26 15:15:00+05:30,1098.5,1100.0,1094.4,1095.0,198
2025-06-27 09:15:00+05:30,1098.0,1110.0,1098.0,1106.9,313
2025-06-27 10:15:00+05:30,1106.9,1109.9,1105.0,1109.0,158
2025-06-27 11:15:00+05:30,1109.0,1109.0,1105.4,1106.0,96
2025-06-27 12:15:00+05:30,1106.0,1108.8,1105.0,1108.2,130
2025-06-27 13:15:00+05:30,1108.2,1160.1,1078.0,1140.2,8356
2025-06-27 14:15:00+05:30,1140.2,1145.0,1134.4,1135.0,533
2025-06-27 15:15:00+05:30,1135.0,1165.0,1128.3,1150.0,1417
2025-06-30 09:15:00+05:30,1167.3,1265.0,1160.0,1216.5,15467
2025-06-30 10:15:00+05:30,1214.0,1225.0,1210.2,1222.2,1683
2025-06-30 11:15:00+05:30,1222.2,1232.0,1221.5,1222.0,2102
2025-06-30 12:15:00+05:30,1223.0,1226.9,1220.0,1220.0,537
2025-06-30 13:15:00+05:30,1220.0,1228.0,1213.2,1213.2,675
2025-06-30 14:15:00+05:30,1213.2,1220.8,1213.2,1217.0,1160
2025-06-30 15:15:00+05:30,1217.0,1219.9,1204.2,1219.9,1924
2025-07-01 09:15:00+05:30,1213.0,1260.0,1207.3,1227.1,3871
2025-07-01 10:15:00+05:30,1227.1,1228.8,1221.0,1226.9,414
2025-07-01 11:15:00+05:30,1226.9,1226.9,1221.0,1222.6,207
2025-07-01 12:15:00+05:30,1222.6,1230.0,1222.6,1227.9,295
2025-07-01 13:15:00+05:30,1227.9,1227.9,1221.0,1225.9,218
2025-07-01 14:15:00+05:30,1225.9,1227.6,1224.0,1225.7,362
2025-07-01 15:15:00+05:30,1225.9,1230.0,1220.5,1230.0,420
2025-07-02 09:15:00+05:30,1230.0,1236.1,1203.6,1207.0,1469
2025-07-02 10:15:00+05:30,1207.0,1239.0,1191.3,1225.3,2786
2025-07-02 11:15:00+05:30,1225.3,1231.6,1213.4,1218.4,406
2025-07-02 12:15:00+05:30,1218.4,1219.3,1208.1,1211.8,128
2025-07-02 13:15:00+05:30,1211.8,1216.8,1211.4,1211.8,121
2025-07-02 14:15:00+05:30,1211.8,1230.0,1208.8,1212.2,756
2025-07-02 15:15:00+05:30,1213.6,1216.2,1208.3,1210.1,264
2025-07-03 09:15:00+05:30,1224.4,1227.1,1203.1,1208.3,435
2025-07-03 10:15:00+05:30,1208.3,1210.0,1205.9,1209.0,392
2025-07-03 11:15:00+05:30,1209.0,1209.0,1205.0,1206.3,85
2025-07-03 12:15:00+05:30,1206.3,1208.2,1191.5,1197.7,674
2025-07-03 13:15:00+05:30,1197.7,1200.0,1168.0,1184.0,2074
2025-07-03 14:15:00+05:30,1183.8,1190.0,1181.0,1183.3,807
2025-07-03 15:15:00+05:30,1183.3,1187.5,1181.0,1187.4,244
2025-07-04 09:15:00+05:30,1180.2,1193.4,1173.1,1175.7,1202
2025-07-04 10:15:00+05:30,1175.7,1178.8,1172.2,1174.5,318
2025-07-04 11:15:00+05:30,1174.5,1177.4,1171.7,1177.4,190
2025-07-04 12:15:00+05:30,1177.4,1177.4,1170.4,1175.0,169
2025-07-04 13:15:00+05:30,1175.0,1181.9,1170.1,1178.8,246
2025-07-04 14:15:00+05:30,1178.8,1180.0,1174.2,1175.0,353
2025-07-04 15:15:00+05:30,1175.0,1178.1,1173.3,1174.0,125
2025-07-07 09:15:00+05:30,1180.0,1183.5,1165.5,1172.8,453
2025-07-07 10:15:00+05:30,1172.8,1178.0,1165.7,1168.5,246
2025-07-07 11:15:00+05:30,1168.5,1173.0,1168.0,1168.1,166
2025-07-07 12:15:00+05:30,1168.1,1172.9,1168.0,1170.1,158
2025-07-07 13:15:00+05:30,1170.1,1173.0,1170.1,1170.1,206
2025-07-07 14:15:00+05:30,1170.0,1170.2,1165.4,1170.1,298
2025-07-07 15:15:00+05:30,1170.1,1170.1,1165.4,1165.4,158
2025-07-08 09:15:00+05:30,1168.1,1188.0,1168.1,1185.0,571
2025-07-08 10:15:00+05:30,1185.0,1185.1,1179.9,1181.2,363
2025-07-08 11:15:00+05:30,1181.2,1184.0,1181.2,1184.0,182
2025-07-08 12:15:00+05:30,1183.5,1191.0,1181.0,1191.0,589
2025-07-08 13:15:00+05:30,1191.0,1191.0,1181.1,1185.4,390
2025-07-08 14:15:00+05:30,1185.4,1185.4,1180.2,1183.9,179
2025-07-08 15:15:00+05:30,1183.9,1185.3,1180.5,1180.5,232
2025-07-09 09:15:00+05:30,1177.8,1201.9,1177.8,1195.5,498
2025-07-09 10:15:00+05:30,1195.5,1198.6,1193.0,1198.0,272
2025-07-09 11:15:00+05:30,1198.0,1199.7,1189.1,1199.4,492
2025-07-09 12:15:00+05:30,1199.4,1199.4,1193.9,1197.0,93
2025-07-09 13:15:00+05:30,1197.0,1199.0,1193.2,1197.0,221
2025-07-09 14:15:00+05:30,1197.0,1197.0,1190.0,1190.7,169
2025-07-09 15:15:00+05:30,1190.7,1192.7,1180.0,1192.7,450
2025-07-10 09:15:00+05:30,1194.1,1194.1,1185.1,1187.2,166
2025-07-10 10:15:00+05:30,1187.2,1187.2,1181.1,1181.5,140
2025-07-10 11:15:00+05:30,1181.5,1191.8,1181.2,1185.6,315
2025-07-10 12:15:00+05:30,1185.6,1186.6,1181.3,1186.6,121
2025-07-10 13:15:00+05:30,1186.6,1186.6,1182.1,1182.1,148
2025-07-10 14:15:00+05:30,1182.1,1184.9,1182.1,1182.1,288
2025-07-10 15:15:00+05:30,1182.1,1194.0,1182.1,1182.1,141
2025-07-11 09:15:00+05:30,1185.9,1187.1,1179.1,1185.8,292
2025-07-11 10:15:00+05:30,1185.8,1190.0,1183.6,1189.0,409
2025-07-11 11:15:00+05:30,1189.0,1193.9,1186.2,1191.9,459
2025-07-11 12:15:00+05:30,1191.9,1191.9,1186.0,1186.0,224
2025-07-11 13:15:00+05:30,1186.0,1188.0,1183.6,1188.0,410
2025-07-11 14:15:00+05:30,1186.1,1188.0,1183.6,1184.5,257
2025-07-11 15:15:00+05:30,1184.5,1188.0,1180.3,1188.0,391
2025-07-14 09:15:00+05:30,1185.8,1186.0,1171.9,1186.0,201
2025-07-14 10:15:00+05:30,1186.0,1199.3,1186.0,1195.9,362
2025-07-14 11:15:00+05:30,1195.9,1197.7,1191.4,1193.9,28
2025-07-14 12:15:00+05:30,1193.9,1193.9,1186.3,1191.5,175
2025-07-14 13:15:00+05:30,1191.5,1193.1,1187.2,1192.1,226
2025-07-14 14:15:00+05:30,1192.1,1192.7,1192.1,1192.7,56
2025-07-14 15:15:00+05:30,1192.7,1196.6,1192.7,1196.6,85
2025-07-15 09:15:00+05:30,1200.0,1200.0,1175.1,1186.5,619
2025-07-15 10:15:00+05:30,1186.5,1187.2,1182.3,1186.1,150
2025-07-15 11:15:00+05:30,1186.1,1190.0,1184.1,1184.2,1739
2025-07-15 12:15:00+05:30,1184.2,1186.3,1178.2,1178.2,117
2025-07-15 13:15:00+05:30,1178.2,1181.5,1174.3,1175.0,384
2025-07-15 14:15:00+05:30,1175.0,1175.9,1173.0,1174.0,355
2025-07-15 15:15:00+05:30,1174.0,1179.9,1172.2,1175.0,306
2025-07-16 09:15:00+05:30,1189.9,1189.9,1174.1,1178.0,162
2025-07-16 10:15:00+05:30,1178.0,1185.0,1178.0,1184.9,96
2025-07-16 11:15:00+05:30,1184.9,1185.0,1182.4,1182.7,111
2025-07-16 12:15:00+05:30,1182.7,1182.7,1179.2,1179.2,264
2025-07-16 13:15:00+05:30,1179.2,1182.6,1176.9,1176.9,93
2025-07-16 14:15:00+05:30,1176.9,1176.9,1160.0,1168.7,324
2025-07-16 15:15:00+05:30,1168.7,1172.0,1167.0,1172.0,103
2025-07-17 09:15:00+05:30,1179.6,1179.6,1170.8,1175.1,458
2025-07-17 10:15:00+05:30,1175.1,1182.9,1161.5,1182.0,672
2025-07-17 11:15:00+05:30,1182.0,1182.0,1178.0,1178.0,69
2025-07-17 12:15:00+05:30,1178.0,1180.0,1178.0,1178.5,128
2025-07-17 13:15:00+05:30,1178.5,1181.9,1178.0,1181.9,24
2025-07-17 14:15:00+05:30,1178.0,1180.9,1174.6,1175.0,160
2025-07-17 15:15:00+05:30,1175.0,1178.0,1175.0,1175.0,395
2025-07-18 09:15:00+05:30,1179.9,1184.4,1175.0,1175.1,507
2025-07-18 10:15:00+05:30,1175.1,1177.3,1175.1,1177.3,145
2025-07-18 11:15:00+05:30,1177.3,1180.0,1176.0,1176.0,33
2025-07-18 12:15:00+05:30,1176.0,1180.0,1175.8,1178.0,108
2025-07-18 13:15:00+05:30,1178.0,1180.0,1172.1,1172.1,62
2025-07-18 14:15:00+05:30,1172.1,1182.9,1172.1,1172.3,165
2025-07-18 15:15:00+05:30,1172.3,1178.7,1172.3,1178.7,109
2025-07-21 09:15:00+05:30,1178.7,1181.0,1164.1,1181.0,520
2025-07-21 10:15:00+05:30,1181.0,1189.0,1173.0,1176.7,411
2025-07-21 11:15:00+05:30,1176.7,1179.8,1170.2,1175.0,238
2025-07-21 12:15:00+05:30,1175.0,1178.8,1173.3,1176.5,11
2025-07-21 13:15:00+05:30,1176.5,1178.3,1170.2,1170.2,407
2025-07-21 14:15:00+05:30,1177.9,1177.9,1170.3,1176.7,368
2025-07-21 15:15:00+05:30,1176.7,1176.7,1170.1,1171.0,179
2025-07-22 09:15:00+05:30,1187.0,1187.0,1173.3,1183.5,117
2025-07-22 10:15:00+05:30,1183.5,1183.5,1176.9,1176.9,273
2025-07-22 11:15:00+05:30,1176.9,1178.0,1174.9,1175.1,6
2025-07-22 12:15:00+05:30,1175.1,1177.9,1175.1,1175.2,4
2025-07-22 13:15:00+05:30,1175.2,1176.0,1175.1,1176.0,54
2025-07-22 14:15:00+05:30,1176.0,1176.0,1174.6,1175.0,32
2025-07-22 15:15:00+05:30,1175.0,1178.0,1175.0,1178.0,135
2025-07-23 09:15:00+05:30,1151.0,1183.8,1151.0,1177.2,185
2025-07-23 10:15:00+05:30,1177.2,1177.2,1170.2,1170.2,321
2025-07-23 11:15:00+05:30,1170.2,1180.9,1170.2,1180.5,701
2025-07-23 12:15:00+05:30,1180.5,1184.1,1179.9,1179.9,197
2025-07-23 13:15:00+05:30,1179.9,1180.0,1174.3,1178.8,135
2025-07-23 14:15:00+05:30,1175.4,1180.7,1175.2,1176.2,101
2025-07-23 15:15:00+05:30,1176.2,1180.7,1176.1,1180.7,543
2025-07-24 09:15:00+05:30,1170.0,1178.9,1170.0,1177.0,128
2025-07-24 10:15:00+05:30,1174.5,1177.4,1174.5,1176.6,14
2025-07-24 11:15:00+05:30,1176.6,1177.1,1173.9,1173.9,7
2025-07-24 12:15:00+05:30,1173.9,1176.7,1172.3,1175.0,39
2025-07-24 13:15:00+05:30,1175.0,1175.0,1164.2,1166.0,1635
2025-07-24 14:15:00+05:30,1166.0,1168.5,1160.2,1167.6,760
2025-07-24 15:15:00+05:30,1167.6,1167.6,1156.7,1156.7,238
2025-07-25 09:15:00+05:30,1157.0,1220.2,1157.0,1185.0,2363
2025-07-25 10:15:00+05:30,1185.0,1196.3,1184.0,1193.4,777
2025-07-25 11:15:00+05:30,1193.4,1194.0,1177.0,1179.6,998
2025-07-25 12:15:00+05:30,1179.6,1182.5,1178.0,1182.5,21
2025-07-25 13:15:00+05:30,1182.5,1183.0,1179.0,1179.0,193
2025-07-25 14:15:00+05:30,1179.0,1182.9,1178.1,1178.5,188
2025-07-25 15:15:00+05:30,1178.5,1190.0,1178.5,1182.0,521
2025-07-28 09:15:00+05:30,1185.0,1188.4,1180.2,1183.2,651
2025-07-28 10:15:00+05:30,1183.2,1187.9,1180.0,1186.9,484
2025-07-28 11:15:00+05:30,1186.9,1195.0,1186.8,1192.0,516
2025-07-28 12:15:00+05:30,1192.0,1195.0,1187.0,1189.0,570
2025-07-28 13:15:00+05:30,1189.0,1189.0,1185.0,1185.0,442
2025-07-28 14:15:00+05:30,1185.0,1189.0,1185.0,1186.9,121
2025-07-28 15:15:00+05:30,1186.9,1187.0,1180.5,1180.5,376
2025-07-29 09:15:00+05:30,1184.0,1186.0,1175.1,1175.1,102
2025-07-29 10:15:00+05:30,1175.1,1188.9,1175.0,1184.0,354
2025-07-29 11:15:00+05:30,1184.0,1192.1,1184.0,1188.1,196
2025-07-29 12:15:00+05:30,1188.1,1191.3,1184.1,1184.1,160
2025-07-29 13:15:00+05:30,1184.1,1190.0,1184.1,1189.0,108
2025-07-29 14:15:00+05:30,1189.0,1191.8,1186.3,1188.6,445
2025-07-29 15:15:00+05:30,1188.6,1188.6,1186.0,1188.6,75
2025-07-30 09:15:00+05:30,1198.7,1198.8,1178.2,1186.1,1370
2025-07-30 10:15:00+05:30,1186.1,1189.6,1182.3,1187.9,638
2025-07-30 11:15:00+05:30,1187.9,1187.9,1181.0,1183.6,646
2025-07-30 12:15:00+05:30,1183.6,1185.5,1181.4,1181.4,5
2025-07-30 13:15:00+05:30,1181.4,1186.8,1179.1,1179.1,364
2025-07-30 14:15:00+05:30,1179.1,1181.5,1179.1,1179.9,9
2025-07-30 15:15:00+05:30,1179.9,1179.9,1176.0,1176.0,146
2025-07-31 09:15:00+05:30,1176.0,1176.0,1152.0,1169.7,263
2025-07-31 10:15:00+05:30,1169.7,1188.0,1169.7,1183.9,342
2025-07-31 11:15:00+05:30,1183.9,1183.9,1178.6,1183.3,187
2025-07-31 12:15:00+05:30,1183.3,1188.0,1180.0,1185.1,217
2025-07-31 13:15:00+05:30,1185.0,1195.0,1185.0,1195.0,1011
2025-07-31 14:15:00+05:30,1195.0,1197.9,1185.2,1188.5,591
2025-07-31 15:15:00+05:30,1188.5,1189.1,1185.0,1188.0,233
2025-08-01 09:15:00+05:30,1186.8,1196.9,1180.8,1186.3,416
2025-08-01 10:15:00+05:30,1186.3,1189.9,1185.3,1189.9,192
2025-08-01 11:15:00+05:30,1189.9,1194.0,1185.1,1189.8,398
2025-08-01 12:15:00+05:30,1189.8,1200.0,1185.3,1194.2,553
2025-08-01 13:15:00+05:30,1194.2,1198.9,1193.9,1195.3,73
2025-08-01 14:15:00+05:30,1195.3,1195.3,1188.0,1188.0,421
2025-08-01 15:15:00+05:30,1188.0,1205.0,1184.1,1184.1,947
2025-08-04 09:15:00+05:30,1190.0,1203.9,1190.0,1199.7,357
2025-08-04 10:15:00+05:30,1199.7,1203.0,1195.8,1203.0,309
2025-08-04 11:15:00+05:30,1198.4,1203.0,1195.1,1203.0,124
2025-08-04 12:15:00+05:30,1203.0,1203.0,1196.4,1200.0,203
2025-08-04 13:15:00+05:30,1200.0,1202.8,1194.1,1196.6,185
2025-08-04 14:15:00+05:30,1196.6,1197.2,1196.0,1197.2,57
2025-08-04 15:15:00+05:30,1197.2,1199.8,1196.4,1199.8,233
2025-08-05 09:15:00+05:30,1199.8,1201.9,1186.4,1196.6,254
2025-08-05 10:15:00+05:30,1196.6,1201.0,1191.4,1195.0,206
2025-08-05 11:15:00+05:30,1195.0,1195.0,1193.1,1194.0,46
2025-08-05 12:15:00+05:30,1194.0,1199.9,1192.9,1195.8,438
2025-08-05 13:15:00+05:30,1195.8,1195.8,1195.0,1195.3,12
2025-08-05 14:15:00+05:30,1195.3,1198.8,1192.4,1198.6,82
2025-08-05 15:15:00+05:30,1198.6,1199.0,1195.4,1198.9,64
2025-08-06 09:15:00+05:30,1208.7,1215.4,1181.1,1200.8,537
2025-08-06 10:15:00+05:30,1200.8,1206.3,1198.6,1206.3,527
2025-08-06 11:15:00+05:30,1206.3,1208.5,1195.0,1195.0,263
2025-08-06 12:15:00+05:30,1195.0,1300.0,1195.0,1257.0,12751
2025-08-06 13:15:00+05:30,1257.0,1278.0,1212.1,1225.0,10708
2025-08-06 14:15:00+05:30,1225.0,1229.0,1215.7,1226.3,1362
2025-08-06 15:15:00+05:30,1226.3,1227.5,1215.2,1220.0,1650
2025-08-07 09:15:00+05:30,1229.0,1246.8,1213.5,1215.5,2657
2025-08-07 10:15:00+05:30,1217.5,1217.9,1210.0,1214.6,384
2025-08-07 11:15:00+05:30,1214.6,1215.5,1204.2,1206.5,307
2025-08-07 12:15:00+05:30,1206.5,1210.0,1202.0,1205.0,520
2025-08-07 13:15:00+05:30,1205.0,1207.1,1178.3,1184.2,1466
2025-08-07 14:15:00+05:30,1184.2,1197.8,1184.2,1190.4,835
2025-08-07 15:15:00+05:30,1190.4,1194.9,1186.0,1188.0,292
2025-08-08 09:15:00+05:30,1206.8,1206.8,1177.1,1183.6,867
2025-08-08 10:15:00+05:30,1183.6,1183.6,1179.1,1179.5,209
2025-08-08 11:15:00+05:30,1179.5,1183.9,1177.2,1177.2,151
2025-08-08 12:15:00+05:30,1177.2,1180.0,1177.2,1177.2,37
2025-08-08 13:15:00+05:30,1177.2,1177.2,1171.2,1173.1,183
2025-08-08 14:15:00+05:30,1173.1,1181.2,1171.2,1171.6,1186
2025-08-08 15:15:00+05:30,1171.6,1182.1,1171.2,1172.2,188
2025-08-11 09:15:00+05:30,1190.0,1190.0,1147.7,1162.5,1627
2025-08-11 10:15:00+05:30,1162.5,1167.0,1161.6,1165.9,293
2025-08-11 11:15:00+05:30,1165.9,1166.4,1155.1,1164.5,221
2025-08-11 12:15:00+05:30,1164.5,1172.5,1163.1,1169.5,80
2025-08-11 13:15:00+05:30,1169.5,1171.8,1162.9,1164.6,67
2025-08-11 14:15:00+05:30,1164.6,1174.3,1155.1,1174.3,341
2025-08-11 15:15:00+05:30,1170.3,1184.9,1155.4,1184.9,418
2025-08-12 09:15:00+05:30,1181.0,1199.9,1181.0,1193.0,986
2025-08-12 10:15:00+05:30,1193.0,1197.5,1190.0,1195.0,252
2025-08-12 11:15:00+05:30,1195.0,1195.0,1192.5,1192.5,265
2025-08-12 12:15:00+05:30,1192.5,1192.5,1192.5,1192.5,24
2025-08-12 13:15:00+05:30,1192.5,1200.0,1185.4,1195.0,847
2025-08-12 14:15:00+05:30,1195.0,1200.0,1188.5,1196.0,677
2025-08-12 15:15:00+05:30,1196.0,1196.0,1188.4,1195.6,499
2025-08-13 09:15:00+05:30,1190.7,1230.5,1190.0,1209.8,2163
2025-08-13 10:15:00+05:30,1209.8,1217.0,1209.0,1214.8,381
2025-08-13 11:15:00+05:30,1214.8,1214.8,1206.0,1209.8,232
2025-08-13 12:15:00+05:30,1209.8,1209.8,1190.2,1191.8,750
2025-08-13 13:15:00+05:30,1191.8,1195.0,1164.5,1181.6,3622
2025-08-13 14:15:00+05:30,1181.6,1185.0,1180.0,1180.0,99
2025-08-13 15:15:00+05:30,1180.0,1182.9,1173.0,1182.0,277
2025-08-14 09:15:00+05:30,1178.6,1212.0,1178.6,1197.9,1732
2025-08-14 10:15:00+05:30,1197.9,1204.9,1197.9,1203.7,327
2025-08-14 11:15:00+05:30,1203.7,1203.7,1196.4,1198.6,212
2025-08-14 12:15:00+05:30,1198.6,1199.3,1194.3,1199.3,173
2025-08-14 13:15:00+05:30,1199.3,1200.0,1191.1,1191.1,333
2025-08-14 14:15:00+05:30,1191.1,1198.3,1183.5,1183.5,383
2025-08-14 15:15:00+05:30,1184.7,1197.8,1184.7,1186.5,218
2025-08-18 09:15:00+05:30,1208.0,1218.8,1195.0,1204.7,1220
2025-08-18 10:15:00+05:30,1204.5,1208.0,1204.5,1205.0,812
2025-08-18 11:15:00+05:30,1205.0,1205.0,1189.0,1196.4,1365
2025-08-18 12:15:00+05:30,1196.4,1203.0,1196.4,1196.5,360
2025-08-18 13:15:00+05:30,1196.5,1207.6,1196.5,1202.0,589
2025-08-18 14:15:00+05:30,1202.0,1203.6,1200.7,1201.3,79
2025-08-18 15:15:00+05:30,1201.3,1209.0,1201.3,1203.0,329
2025-08-19 09:15:00+05:30,1177.1,1211.0,1177.1,1202.4,435
2025-08-19 10:15:00+05:30,1202.4,1208.9,1202.4,1205.4,231
2025-08-19 11:15:00+05:30,1205.4,1209.0,1205.4,1209.0,87
2025-08-19 12:15:00+05:30,1209.0,1209.0,1195.5,1203.1,212
2025-08-19 13:15:00+05:30,1203.1,1204.2,1200.1,1200.1,35
2025-08-19 14:15:00+05:30,1200.1,1205.0,1196.1,1203.6,236
2025-08-19 15:15:00+05:30,1199.8,1208.7,1197.3,1207.0,173
2025-08-20 09:15:00+05:30,1209.0,1209.8,1195.7,1199.1,285
2025-08-20 10:15:00+05:30,1199.7,1200.0,1196.9,1199.6,385
2025-08-20 11:15:00+05:30,1199.6,1206.8,1195.7,1204.7,709
2025-08-20 12:15:00+05:30,1204.7,1208.6,1203.9,1208.5,178
2025-08-20 13:15:00+05:30,1208.5,1208.5,1204.4,1206.0,18
2025-08-20 14:15:00+05:30,1206.0,1206.0,1204.1,1204.1,324
2025-08-20 15:15:00+05:30,1204.1,1209.0,1204.1,1209.0,251
2025-08-21 09:15:00+05:30,1209.0,1209.0,1198.2,1202.8,146
2025-08-21 10:15:00+05:30,1202.8,1203.5,1202.8,1203.0,200
2025-08-21 11:15:00+05:30,1203.0,1206.0,1202.9,1206.0,213
2025-08-21 12:15:00+05:30,1203.0,1208.7,1202.2,1203.4,373
2025-08-21 13:15:00+05:30,1207.7,1215.0,1204.1,1210.3,396
2025-08-21 14:15:00+05:30,1210.3,1214.1,1205.2,1213.4,249
2025-08-21 15:15:00+05:30,1213.4,1215.0,1202.7,1215.0,488
2025-08-22 09:15:00+05:30,1215.3,1217.0,1201.5,1204.4,274
2025-08-22 10:15:00+05:30,1204.4,1210.6,1203.1,1204.3,116
2025-08-22 11:15:00+05:30,1204.3,1205.0,1204.3,1205.0,34
2025-08-22 12:15:00+05:30,1205.0,1205.0,1203.9,1203.9,50
2025-08-22 13:15:00+05:30,1203.9,1206.0,1203.8,1204.6,67
2025-08-22 14:15:00+05:30,1204.4,1209.9,1204.4,1204.4,99
2025-08-22 15:15:00+05:30,1204.4,1204.7,1204.0,1204.0,91
2025-08-25 09:15:00+05:30,1217.5,1224.0,1206.3,1221.0,778
2025-08-25 10:15:00+05:30,1221.0,1227.5,1218.1,1218.1,708
2025-08-25 11:15:00+05:30,1218.1,1218.1,1215.0,1215.0,84
2025-08-25 12:15:00+05:30,1215.0,1222.9,1213.0,1222.9,356
2025-08-25 13:15:00+05:30,1222.9,1222.9,1217.1,1217.1,36
2025-08-25 14:15:00+05:30,1217.1,1222.6,1210.2,1210.3,240
2025-08-25 15:15:00+05:30,1210.3,1213.8,1210.2,1210.2,285
2025-08-26 09:15:00+05:30,1221.9,1221.9,1200.0,1213.8,500
2025-08-26 10:15:00+05:30,1213.8,1219.0,1206.2,1219.0,272
2025-08-26 11:15:00+05:30,1219.0,1219.0,1203.0,1210.3,223
2025-08-26 12:15:00+05:30,1210.3,1216.0,1204.2,1212.1,287
2025-08-26 13:15:00+05:30,1212.1,1237.9,1212.1,1229.5,1510
2025-08-26 14:15:00+05:30,1229.5,1278.0,1224.2,1238.0,5502
2025-08-26 15:15:00+05:30,1238.0,1239.8,1213.0,1230.0,962
2025-08-28 09:15:00+05:30,1242.7,1242.7,1204.4,1223.0,855
2025-08-28 10:15:00+05:30,1223.0,1227.6,1220.0,1225.3,372
2025-08-28 11:15:00+05:30,1221.2,1221.2,1216.4,1216.4,213
2025-08-28 12:15:00+05:30,1216.4,1218.5,1209.9,1209.9,136
2025-08-28 13:15:00+05:30,1209.9,1209.9,1200.9,1203.8,765
2025-08-28 14:15:00+05:30,1203.8,1204.0,1200.8,1201.7,182
2025-08-28 15:15:00+05:30,1201.7,1202.0,1196.0,1196.0,269
2025-08-29 09:15:00+05:30,1196.0,1204.5,1192.2,1197.0,339
2025-08-29 10:15:00+05:30,1197.0,1204.9,1192.1,1201.3,311
2025-08-29 11:15:00+05:30,1201.3,1203.9,1196.2,1196.2,69
2025-08-29 12:15:00+05:30,1196.2,1198.3,1196.2,1198.1,2
2025-08-29 13:15:00+05:30,1198.1,1198.1,1195.6,1197.1,51
2025-08-29 14:15:00+05:30,1197.1,1198.1,1195.6,1198.1,103
2025-08-29 15:15:00+05:30,1198.1,1198.1,1179.5,1190.0,817
2025-09-01 09:15:00+05:30,1198.7,1201.8,1192.3,1197.3,438
2025-09-01 10:15:00+05:30,1197.3,1206.9,1196.3,1206.2,293
2025-09-01 11:15:00+05:30,1206.2,1221.8,1202.7,1218.0,237
2025-09-01 12:15:00+05:30,1218.0,1222.0,1218.0,1218.2,262
2025-09-01 13:15:00+05:30,1218.2,1223.7,1218.0,1219.8,494
2025-09-01 14:15:00+05:30,1219.8,1220.0,1217.1,1220.0,237
2025-09-01 15:15:00+05:30,1220.0,1230.0,1220.0,1230.0,986
2025-09-02 09:15:00+05:30,1239.0,1239.0,1219.5,1225.0,766
2025-09-02 10:15:00+05:30,1225.0,1231.2,1215.0,1230.1,711
2025-09-02 11:15:00+05:30,1230.1,1230.1,1221.5,1224.1,612
2025-09-02 12:15:00+05:30,1224.1,1230.0,1221.6,1225.3,299
2025-09-02 13:15:00+05:30,1225.3,1228.0,1224.7,1224.7,198
2025-09-02 14:15:00+05:30,1224.7,1224.8,1220.0,1224.4,74
2025-09-02 15:15:00+05:30,1224.4,1230.0,1224.0,1230.0,264
2025-09-03 09:15:00+05:30,1220.0,1233.9,1220.0,1227.4,125
2025-09-03 10:15:00+05:30,1227.4,1240.0,1227.4,1235.6,267
2025-09-03 11:15:00+05:30,1235.6,1238.1,1234.8,1235.6,125
2025-09-03 12:15:00+05:30,1235.6,1238.3,1235.1,1238.3,118
2025-09-03 13:15:00+05:30,1238.3,1240.0,1230.0,1230.0,179
2025-09-03 14:15:00+05:30,1230.0,1233.0,1228.8,1232.0,53
2025-09-03 15:15:00+05:30,1232.0,1242.0,1227.6,1240.0,252
2025-09-04 09:15:00+05:30,1231.6,1250.0,1231.6,1237.3,584
2025-09-04 10:15:00+05:30,1237.3,1238.0,1229.6,1229.6,494
2025-09-04 11:15:00+05:30,1229.6,1233.2,1229.6,1233.1,34
2025-09-04 12:15:00+05:30,1233.1,1238.9,1229.0,1230.0,278
2025-09-04 13:15:00+05:30,1230.0,1232.8,1218.0,1220.0,715
2025-09-04 14:15:00+05:30,1220.0,1220.0,1202.6,1207.0,1770
2025-09-04 15:15:00+05:30,1207.0,1207.0,1200.0,1200.0,486
2025-09-05 09:15:00+05:30,1200.0,1200.0,1184.0,1194.6,1883
2025-09-05 10:15:00+05:30,1194.6,1194.9,1191.0,1194.9,436
2025-09-05 11:15:00+05:30,1194.9,1194.9,1191.5,1192.3,104
2025-09-05 12:15:00+05:30,1192.3,1194.9,1191.5,1194.0,254
2025-09-05 13:15:00+05:30,1194.0,1194.0,1191.2,1193.8,360
2025-09-05 14:15:00+05:30,1193.8,1193.9,1190.0,1190.0,463
2025-09-05 15:15:00+05:30,1190.0,1191.2,1185.0,1190.0,203
2025-09-08 09:15:00+05:30,1189.6,1229.5,1189.6,1205.5,822
2025-09-08 10:15:00+05:30,1205.5,1209.9,1197.3,1197.3,743
2025-09-08 11:15:00+05:30,1197.3,1202.7,1195.0,1195.0,147
2025-09-08 12:15:00+05:30,1195.0,1199.4,1195.0,1196.9,82
2025-09-08 13:15:00+05:30,1196.9,1200.0,1195.0,1200.0,668
2025-09-08 14:15:00+05:30,1200.0,1210.5,1195.0,1203.8,552
2025-09-08 15:15:00+05:30,1203.8,1203.8,1199.0,1199.0,108
2025-09-09 09:15:00+05:30,1203.0,1203.0,1194.0,1199.9,79
2025-09-09 10:15:00+05:30,1199.9,1200.1,1198.0,1200.0,28
2025-09-09 11:15:00+05:30,1200.0,1200.0,1190.0,1190.3,740
2025-09-09 12:15:00+05:30,1190.3,1193.7,1185.0,1189.9,143
2025-09-09 13:15:00+05:30,1187.2,1190.4,1185.2,1188.5,89
2025-09-09 14:15:00+05:30,1188.5,1189.4,1182.1,1187.0,121
2025-09-09 15:15:00+05:30,1187.0,1187.0,1181.0,1181.0,280
2025-09-10 09:15:00+05:30,1203.0,1209.0,1190.6,1202.9,920
2025-09-10 10:15:00+05:30,1202.9,1229.8,1202.9,1215.9,1627
2025-09-10 11:15:00+05:30,1215.9,1225.8,1211.8,1218.3,522
2025-09-10 12:15:00+05:30,1218.3,1226.5,1217.5,1219.1,162
2025-09-10 13:15:00+05:30,1217.2,1221.0,1215.2,1220.0,388
2025-09-10 14:15:00+05:30,1220.0,1220.0,1210.1,1213.0,224
2025-09-10 15:15:00+05:30,1213.0,1219.9,1211.9,1219.9,146
2025-09-11 09:15:00+05:30,1217.0,1227.8,1216.0,1224.1,317
2025-09-11 10:15:00+05:30,1224.1,1224.1,1221.4,1221.4,93
2025-09-11 11:15:00+05:30,1221.4,1221.5,1220.6,1220.7,51
2025-09-11 12:15:00+05:30,1220.7,1221.6,1219.5,1219.5,53
2025-09-11 13:15:00+05:30,1219.5,1220.7,1219.1,1219.2,121
2025-09-11 14:15:00+05:30,1219.2,1219.2,1215.0,1215.0,127
2025-09-11 15:15:00+05:30,1214.2,1221.0,1212.2,1213.5,464
2025-09-12 09:15:00+05:30,1211.0,1234.9,1206.1,1211.6,232
2025-09-12 10:15:00+05:30,1211.6,1211.7,1197.0,1208.1,330
2025-09-12 11:15:00+05:30,1208.1,1213.4,1208.1,1209.3,130
2025-09-12 12:15:00+05:30,1209.4,1209.4,1193.0,1195.7,451
2025-09-12 13:15:00+05:30,1195.7,1204.4,1195.7,1200.3,124
2025-09-12 14:15:00+05:30,1200.3,1209.7,1195.0,1195.0,704
2025-09-12 15:15:00+05:30,1196.1,1210.0,1193.0,1210.0,301
2025-09-15 09:15:00+05:30,1191.4,1215.0,1191.4,1214.9,357
2025-09-15 10:15:00+05:30,1214.9,1214.9,1190.1,1197.0,891
2025-09-15 11:15:00+05:30,1196.8,1196.8,1191.0,1196.7,130
2025-09-15 12:15:00+05:30,1196.7,1197.0,1193.6,1194.0,52
2025-09-15 13:15:00+05:30,1194.0,1195.7,1193.0,1195.4,80
2025-09-15 14:15:00+05:30,1195.4,1195.7,1190.1,1191.6,122
2025-09-15 15:15:00+05:30,1191.6,1197.0,1190.0,1197.0,255
2025-09-16 09:15:00+05:30,1196.6,1210.1,1196.5,1208.0,240
2025-09-16 10:15:00+05:30,1208.0,1208.0,1197.0,1201.5,299
2025-09-16 11:15:00+05:30,1201.5,1201.5,1196.2,1201.0,32
2025-09-16 12:15:00+05:30,1201.0,1206.3,1200.0,1203.9,110
2025-09-16 13:15:00+05:30,1203.9,1220.0,1203.1,1206.0,549
2025-09-16 14:15:00+05:30,1206.0,1210.0,1206.0,1206.6,42
2025-09-16 15:15:00+05:30,1206.6,1220.0,1205.0,1205.5,207
2025-09-17 09:15:00+05:30,1199.3,1234.0,1199.3,1217.0,959
2025-09-17 10:15:00+05:30,1217.0,1228.3,1214.3,1217.7,108
2025-09-17 11:15:00+05:30,1215.8,1219.7,1208.9,1210.5,211
2025-09-17 12:15:00+05:30,1210.5,1216.9,1210.5,1210.8,57
2025-09-17 13:15:00+05:30,1210.8,1216.8,1210.0,1213.1,79
2025-09-17 14:15:00+05:30,1213.1,1213.1,1206.2,1208.0,538
2025-09-17 15:15:00+05:30,1208.0,1208.0,1197.0,1197.1,674
2025-09-18 09:15:00+05:30,1208.2,1218.9,1192.2,1201.0,252
2025-09-18 10:15:00+05:30,1201.0,1205.8,1200.8,1205.8,200
2025-09-18 11:15:00+05:30,1205.8,1205.8,1201.5,1201.5,393
2025-09-18 12:15:00+05:30,1201.5,1207.9,1199.2,1203.3,129
2025-09-18 13:15:00+05:30,1203.3,1203.7,1203.0,1203.0,16
2025-09-18 14:15:00+05:30,1203.0,1204.8,1201.4,1201.5,104
2025-09-18 15:15:00+05:30,1201.5,1205.0,1197.3,1205.0,109
2025-09-19 09:15:00+05:30,1194.0,1213.3,1194.0,1201.1,171
2025-09-19 10:15:00+05:30,1201.1,1207.6,1200.7,1207.6,18
2025-09-19 11:15:00+05:30,1207.6,1207.6,1204.8,1207.6,78
2025-09-19 12:15:00+05:30,1207.6,1209.4,1206.1,1207.6,340
2025-09-19 13:15:00+05:30,1206.1,1208.1,1206.1,1208.1,194
2025-09-19 14:15:00+05:30,1208.1,1208.1,1206.5,1206.9,37
2025-09-19 15:15:00+05:30,1206.9,1211.9,1206.5,1211.9,117
2025-09-22 09:15:00+05:30,1207.2,1207.2,1185.9,1200.2,959
2025-09-22 10:15:00+05:30,1200.2,1200.2,1190.2,1192.0,184
2025-09-22 11:15:00+05:30,1192.0,1197.0,1192.0,1197.0,61
2025-09-22 12:15:00+05:30,1197.0,1197.0,1195.1,1195.1,95
2025-09-22 13:15:00+05:30,1195.1,1199.4,1195.1,1199.4,95
2025-09-22 14:15:00+05:30,1199.4,1200.4,1195.1,1198.0,119
2025-09-22 15:15:00+05:30,1198.0,1198.0,1187.0,1187.0,310
2025-09-23 09:15:00+05:30,1192.0,1196.1,1180.0,1186.3,454
2025-09-23 10:15:00+05:30,1186.3,1189.4,1185.1,1188.7,145
2025-09-23 11:15:00+05:30,1188.7,1189.8,1185.1,1189.8,48
2025-09-23 12:15:00+05:30,1189.8,1190.0,1188.2,1189.3,43
2025-09-23 13:15:00+05:30,1189.3,1189.3,1187.4,1188.9,90
2025-09-23 14:15:00+05:30,1188.9,1189.3,1172.2,1180.0,456
2025-09-23 15:15:00+05:30,1180.0,1180.1,1175.0,1175.0,137
2025-09-24 09:15:00+05:30,1185.0,1185.0,1180.0,1180.7,169
2025-09-24 10:15:00+05:30,1180.7,1185.0,1180.7,1185.0,130
2025-09-24 11:15:00+05:30,1185.0,1186.0,1180.0,1180.0,147
2025-09-24 12:15:00+05:30,1180.0,1180.0,1174.0,1174.0,139
2025-09-24 13:15:00+05:30,1174.0,1180.0,1170.2,1180.0,272
2025-09-24 14:15:00+05:30,1180.0,1180.0,1172.0,1172.0,55
2025-09-24 15:15:00+05:30,1172.0,1175.0,1170.1,1170.1,155
2025-09-25 09:15:00+05:30,1175.1,1177.1,1169.9,1169.9,215
2025-09-25 10:15:00+05:30,1169.9,1177.8,1168.2,1175.2,84
2025-09-25 11:15:00+05:30,1175.2,1186.8,1163.1,1163.4,498
2025-09-25 12:15:00+05:30,1163.4,1170.9,1163.4,1170.9,30
2025-09-25 13:15:00+05:30,1171.0,1171.8,1150.0,1155.5,1367
2025-09-25 14:15:00+05:30,1155.5,1156.1,1145.9,1150.0,667
2025-09-25 15:15:00+05:30,1150.0,1150.0,1146.3,1146.4,258
2025-09-26 09:15:00+05:30,1149.5,1149.5,1140.3,1142.0,137
2025-09-26 10:15:00+05:30,1142.0,1149.0,1142.0,1149.0,76
2025-09-26 11:15:00+05:30,1149.0,1158.8,1145.0,1150.3,326
2025-09-26 12:15:00+05:30,1150.3,1150.3,1146.6,1149.9,47
2025-09-26 13:15:00+05:30,1149.9,1156.0,1140.0,1145.6,206
2025-09-26 14:15:00+05:30,1145.6,1145.6,1132.2,1133.2,288
2025-09-26 15:15:00+05:30,1133.2,1133.2,1125.0,1125.5,300
2025-09-29 09:15:00+05:30,1135.6,1139.8,1120.1,1135.0,403
2025-09-29 10:15:00+05:30,1135.0,1142.5,1130.7,1136.8,456
2025-09-29 11:15:00+05:30,1136.8,1138.2,1136.8,1137.3,96
2025-09-29 12:15:00+05:30,1137.3,1137.3,1137.3,1137.3,52
2025-09-29 13:15:00+05:30,1137.3,1137.6,1136.3,1136.3,22
2025-09-29 14:15:00+05:30,1136.3,1136.3,1129.8,1134.8,151
2025-09-29 15:15:00+05:30,1134.8,1134.8,1127.4,1127.4,72
2025-09-30 09:15:00+05:30,1150.0,1150.0,1131.9,1136.1,86
2025-09-30 10:15:00+05:30,1136.1,1144.9,1132.1,1143.3,251
2025-09-30 11:15:00+05:30,1143.3,1144.7,1143.0,1144.6,13
2025-09-30 12:15:00+05:30,1144.6,1144.6,1142.3,1142.3,12
2025-09-30 13:15:00+05:30,1142.3,1142.7,1142.1,1142.2,28
2025-09-30 14:15:00+05:30,1142.2,1142.2,1141.0,1141.5,128
2025-09-30 15:15:00+05:30,1141.5,1143.7,1138.2,1138.2,134
2025-10-01 09:15:00+05:30,1138.0,1147.6,1138.0,1142.8,94
2025-10-01 10:15:00+05:30,1142.8,1142.8,1142.3,1142.8,37
2025-10-01 11:15:00+05:30,1142.8,1147.3,1142.8,1145.2,15
2025-10-01 12:15:00+05:30,1145.2,1146.4,1143.0,1143.0,98
2025-10-01 13:15:00+05:30,1143.0,1144.1,1143.0,1144.1,21
2025-10-01 14:15:00+05:30,1144.1,1147.6,1144.1,1145.1,59
2025-10-01 15:15:00+05:30,1145.1,1145.5,1142.8,1142.8,42
2025-10-03 09:15:00+05:30,1144.0,1167.9,1142.0,1167.0,104
2025-10-03 10:15:00+05:30,1167.0,1167.0,1155.1,1156.3,153
2025-10-03 11:15:00+05:30,1156.3,1160.4,1149.2,1149.8,848
2025-10-03 12:15:00+05:30,1149.8,1149.8,1130.0,1142.8,739
2025-10-03 13:15:00+05:30,1142.8,1142.8,1136.1,1136.1,25
2025-10-03 14:15:00+05:30,1136.1,1139.9,1130.1,1139.3,105
2025-10-03 15:15:00+05:30,1136.7,1144.0,1132.0,1144.0,211
2025-10-06 09:15:00+05:30,1162.5,1162.5,1145.0,1148.0,233
2025-10-06 10:15:00+05:30,1148.0,1156.3,1146.2,1148.3,510
2025-10-06 11:15:00+05:30,1148.3,1155.1,1148.2,1154.0,95
2025-10-06 12:15:00+05:30,1154.0,1154.0,1149.4,1150.0,161
2025-10-06 13:15:00+05:30,1150.0,1156.0,1150.0,1152.0,205
2025-10-06 14:15:00+05:30,1155.1,1159.0,1151.2,1152.1,159
2025-10-06 15:15:00+05:30,1152.1,1161.6,1152.1,1160.0,62
2025-10-07 09:15:00+05:30,1160.1,1160.1,1141.0,1145.3,135
2025-10-07 10:15:00+05:30,1145.3,1150.8,1142.2,1146.6,58
2025-10-07 11:15:00+05:30,1146.6,1148.9,1142.0,1148.9,32
2025-10-07 12:15:00+05:30,1148.9,1148.9,1145.6,1145.6,2
2025-10-07 13:15:00+05:30,1145.6,1148.9,1145.1,1145.1,31
2025-10-07 14:15:00+05:30,1145.1,1146.1,1145.1,1145.1,147
2025-10-07 15:15:00+05:30,1145.1,1154.5,1145.0,1145.0,36
2025-10-08 09:15:00+05:30,1145.3,1151.3,1144.9,1145.7,14
2025-10-08 10:15:00+05:30,1145.7,1146.3,1145.0,1145.0,18
2025-10-08 11:15:00+05:30,1145.0,1145.1,1145.0,1145.1,10
2025-10-08 12:15:00+05:30,1145.1,1146.6,1145.1,1146.6,13
2025-10-08 13:15:00+05:30,1146.6,1146.9,1146.1,1146.9,94
2025-10-08 14:15:00+05:30,1146.9,1156.9,1146.9,1147.4,116
2025-10-08 15:15:00+05:30,1147.4,1158.0,1147.4,1158.0,84
2025-10-09 09:15:00+05:30,1152.0,1152.0,1141.1,1142.0,56
2025-10-09 10:15:00+05:30,1142.0,1152.0,1142.0,1152.0,365
2025-10-09 11:15:00+05:30,1152.0,1154.4,1152.0,1154.4,1147
2025-10-09 12:15:00+05:30,1154.4,1154.4,1150.0,1150.0,132
2025-10-09 13:15:00+05:30,1150.0,1150.0,1149.9,1149.9,459
2025-10-09 14:15:00+05:30,1149.9,1150.0,1145.0,1148.0,42
2025-10-09 15:15:00+05:30,1148.0,1150.0,1144.5,1144.5,39
2025-10-10 09:15:00+05:30,1153.1,1164.3,1147.3,1151.0,447
2025-10-10 10:15:00+05:30,1151.0,1151.0,1147.4,1147.4,11
2025-10-10 11:15:00+05:30,1147.4,1148.2,1147.4,1147.5,68
2025-10-10 12:15:00+05:30,1148.0,1148.9,1148.0,1148.1,118
2025-10-10 13:15:00+05:30,1148.1,1148.1,1147.5,1148.0,140
2025-10-10 14:15:00+05:30,1148.0,1150.0,1147.5,1150.0,25
2025-10-10 15:15:00+05:30,1150.0,1157.7,1150.0,1152.0,52
2025-10-13 09:15:00+05:30,1152.8,1156.9,1142.7,1147.6,262
2025-10-13 10:15:00+05:30,1147.6,1156.8,1146.1,1146.1,174
2025-10-13 11:15:00+05:30,1146.1,1151.8,1145.2,1151.8,80
2025-10-13 12:15:00+05:30,1151.8,1151.8,1151.8,1151.8,0
2025-10-13 13:15:00+05:30,1148.3,1151.9,1148.3,1151.9,21
2025-10-13 14:15:00+05:30,1151.9,1151.9,1142.6,1146.7,206
2025-10-13 15:15:00+05:30,1146.7,1146.7,1141.5,1141.5,83
2025-10-14 09:15:00+05:30,1144.1,1145.1,1142.0,1142.2,35
2025-10-14 10:15:00+05:30,1142.2,1143.0,1142.2,1143.0,67
2025-10-14 11:15:00+05:30,1143.0,1144.0,1142.3,1142.3,107
2025-10-14 12:15:00+05:30,1142.3,1142.3,1142.2,1142.3,30
2025-10-14 13:15:00+05:30,1142.3,1143.0,1140.2,1140.2,125
2025-10-14 14:15:00+05:30,1140.2,1141.2,1140.2,1141.2,261
2025-10-14 15:15:00+05:30,1141.2,1141.5,1140.1,1140.1,63
2025-10-15 09:15:00+05:30,1144.8,1144.8,1122.2,1136.5,425
2025-10-15 10:15:00+05:30,1136.5,1138.4,1134.0,1138.2,29
2025-10-15 11:15:00+05:30,1138.2,1138.3,1134.1,1134.3,102
2025-10-15 12:15:00+05:30,1134.3,1140.2,1134.3,1140.0,158
2025-10-15 13:15:00+05:30,1140.0,1141.9,1138.2,1139.0,146
2025-10-15 14:15:00+05:30,1139.0,1143.7,1138.1,1138.1,263
2025-10-15 15:15:00+05:30,1138.1,1144.0,1135.0,1135.0,123
2025-10-16 09:15:00+05:30,1144.3,1144.3,1136.4,1136.4,68
2025-10-16 10:15:00+05:30,1136.4,1140.3,1136.4,1138.3,105
2025-10-16 11:15:00+05:30,1138.3,1139.5,1135.4,1135.4,154
2025-10-16 12:15:00+05:30,1135.4,1139.6,1135.4,1139.6,33
2025-10-16 13:15:00+05:30,1139.6,1139.6,1136.4,1136.4,61
2025-10-16 14:15:00+05:30,1136.4,1137.0,1130.0,1134.0,424
2025-10-16 15:15:00+05:30,1134.0,1137.7,1125.1,1137.0,94
2025-10-17 09:15:00+05:30,1122.1,1129.8,1122.1,1127.0,53
2025-10-17 10:15:00+05:30,1127.0,1133.6,1125.1,1130.4,184
2025-10-17 11:15:00+05:30,1130.4,1130.4,1125.5,1127.5,23
2025-10-17 12:15:00+05:30,1127.5,1133.3,1100.0,1106.2,1605
2025-10-17 13:15:00+05:30,1106.2,1113.7,1106.2,1107.0,203
2025-10-17 14:15:00+05:30,1107.0,1109.9,1105.4,1107.0,627
2025-10-17 15:15:00+05:30,1107.0,1109.6,1105.5,1106.0,375
2025-10-20 09:15:00+05:30,1107.0,1112.8,1084.1,1101.8,568
2025-10-20 10:15:00+05:30,1101.8,1103.6,1100.0,1102.0,40
2025-10-20 11:15:00+05:30,1102.0,1118.2,1102.0,1116.8,314
2025-10-20 12:15:00+05:30,1116.8,1138.9,1110.9,1125.5,297
2025-10-20 13:15:00+05:30,1125.5,1138.5,1124.1,1138.5,176
2025-10-20 14:15:00+05:30,1138.5,1138.5,1124.4,1124.9,116
2025-10-20 15:15:00+05:30,1124.9,1135.0,1124.4,1135.0,112
2025-10-21 13:45:00+05:30,1121.1,1164.0,1121.1,1153.8,1816
2025-10-23 09:15:00+05:30,1154.9,1171.9,1152.8,1160.8,525
2025-10-23 10:15:00+05:30,1160.8,1160.8,1154.1,1157.0,95
2025-10-23 11:15:00+05:30,1157.0,1164.6,1156.1,1161.8,454
2025-10-23 12:15:00+05:30,1161.8,1164.0,1160.6,1163.3,84
2025-10-23 13:15:00+05:30,1163.3,1163.3,1157.2,1158.0,128
2025-10-23 14:15:00+05:30,1158.0,1160.0,1152.8,1155.9,347
2025-10-23 15:15:00+05:30,1155.9,1155.9,1144.1,1155.9,101
2025-10-24 09:15:00+05:30,1152.6,1152.6,1147.9,1148.0,27
2025-10-24 10:15:00+05:30,1148.0,1153.8,1148.0,1148.1,229
2025-10-24 11:15:00+05:30,1148.1,1156.8,1148.1,1155.0,67
2025-10-24 12:15:00+05:30,1155.0,1155.0,1150.4,1150.5,33
2025-10-24 13:15:00+05:30,1150.5,1154.7,1150.2,1154.7,36
2025-10-24 14:15:00+05:30,1154.7,1154.7,1147.3,1147.3,221
2025-10-24 15:15:00+05:30,1147.3,1154.0,1147.3,1154.0,82
2025-10-27 09:15:00+05:30,1155.7,1166.8,1154.6,1160.2,264
2025-10-27 10:15:00+05:30,1162.9,1170.9,1161.0,1164.7,299
2025-10-27 11:15:00+05:30,1164.7,1170.0,1162.2,1163.1,238
2025-10-27 12:15:00+05:30,1163.1,1166.0,1161.7,1162.0,172
2025-10-27 13:15:00+05:30,1162.0,1163.5,1160.1,1163.5,194
2025-10-27 14:15:00+05:30,1163.5,1166.1,1160.1,1160.5,207
2025-10-27 15:15:00+05:30,1160.5,1166.8,1160.0,1166.7,196
2025-10-28 09:15:00+05:30,1151.6,1166.8,1151.6,1160.2,109
2025-10-28 10:15:00+05:30,1160.2,1160.2,1152.3,1158.5,175
2025-10-28 11:15:00+05:30,1158.5,1158.5,1154.1,1157.8,75
2025-10-28 12:15:00+05:30,1157.8,1158.8,1156.3,1156.3,60
2025-10-28 13:15:00+05:30,1156.3,1160.7,1156.3,1160.7,135
2025-10-28 14:15:00+05:30,1160.7,1160.7,1151.0,1151.0,15
2025-10-28 15:15:00+05:30,1151.0,1159.2,1150.2,1152.0,58
2025-10-29 09:15:00+05:30,1150.1,1156.5,1133.2,1146.2,410
2025-10-29 10:15:00+05:30,1146.2,1146.2,1139.3,1140.1,131
2025-10-29 11:15:00+05:30,1140.1,1147.4,1139.1,1146.0,76
2025-10-29 12:15:00+05:30,1146.0,1148.9,1145.0,1145.0,91
2025-10-29 13:15:00+05:30,1145.0,1145.0,1142.7,1142.8,17
2025-10-29 14:15:00+05:30,1142.8,1147.5,1142.6,1142.6,85
2025-10-29 15:15:00+05:30,1142.6,1142.6,1132.3,1135.5,403
2025-10-30 09:15:00+05:30,1128.8,1143.9,1128.8,1143.9,66
2025-10-30 10:15:00+05:30,1143.9,1164.7,1139.2,1163.4,1120
2025-10-30 11:15:00+05:30,1163.4,1167.7,1159.5,1162.3,308
2025-10-30 12:15:00+05:30,1162.3,1162.3,1156.5,1156.5,12
2025-10-30 13:15:00+05:30,1156.5,1157.3,1156.5,1157.0,11
2025-10-30 14:15:00+05:30,1157.0,1158.9,1154.5,1158.9,101
2025-10-30 15:15:00+05:30,1158.9,1166.8,1154.3,1165.0,278
2025-10-31 09:15:00+05:30,1149.1,1156.8,1149.1,1154.1,44
2025-10-31 10:15:00+05:30,1154.1,1154.1,1150.2,1150.2,37
2025-10-31 11:15:00+05:30,1150.2,1150.4,1141.1,1142.2,785
2025-10-31 12:15:00+05:30,1142.2,1149.0,1142.2,1146.1,44
2025-10-31 13:15:00+05:30,1146.1,1146.1,1141.0,1145.9,187
2025-10-31 14:15:00+05:30,1145.9,1145.9,1131.3,1133.3,333
2025-10-31 15:15:00+05:30,1133.3,1147.1,1130.1,1130.3,188
2025-11-03 09:15:00+05:30,1125.1,1145.6,1125.1,1145.0,155
2025-11-03 10:15:00+05:30,1145.0,1151.8,1145.0,1146.9,214
2025-11-03 11:15:00+05:30,1146.9,1149.1,1144.6,1146.6,216
2025-11-03 12:15:00+05:30,1146.6,1152.1,1143.8,1152.1,1790
2025-11-03 13:15:00+05:30,1152.1,1152.1,1140.6,1148.0,381
2025-11-03 14:15:00+05:30,1148.0,1148.0,1140.0,1144.4,53
2025-11-03 15:15:00+05:30,1144.4,1145.9,1140.0,1140.0,31
2025-11-04 09:15:00+05:30,1132.6,1145.7,1131.0,1140.0,272
2025-11-04 10:15:00+05:30,1140.0,1150.6,1140.0,1149.0,350
2025-11-04 11:15:00+05:30,1149.0,1149.0,1146.7,1149.0,32
2025-11-04 12:15:00+05:30,1149.0,1149.0,1146.7,1146.8,104
2025-11-04 13:15:00+05:30,1146.8,1146.8,1140.1,1140.2,63
2025-11-04 14:15:00+05:30,1140.2,1143.9,1140.1,1140.2,146
2025-11-04 15:15:00+05:30,1140.0,1140.2,1135.0,1139.4,47
2025-11-06 09:15:00+05:30,1123.0,1123.2,1112.0,1114.1,1182
2025-11-06 10:15:00+05:30,1114.1,1116.0,1112.0,1112.0,319
2025-11-06 11:15:00+05:30,1112.0,1114.3,1112.0,1114.1,150
2025-11-06 12:15:00+05:30,1114.0,1114.9,1112.1,1114.9,193
2025-11-06 13:15:00+05:30,1114.9,1118.2,1114.9,1117.5,103
2025-11-06 14:15:00+05:30,1117.5,1118.2,1112.0,1112.3,306
2025-11-06 15:15:00+05:30,1112.3,1132.0,1112.3,1130.0,691
2025-11-07 09:15:00+05:30,1119.1,1124.7,1115.2,1119.5,253
2025-11-07 10:15:00+05:30,1119.5,1124.7,1111.1,1117.1,380
2025-11-07 11:15:00+05:30,1117.1,1126.3,1117.1,1126.0,195
2025-11-07 12:15:00+05:30,1126.0,1126.4,1119.0,1120.2,281
2025-11-07 13:15:00+05:30,1120.2,1126.0,1112.5,1124.5,291
2025-11-07 14:15:00+05:30,1124.5,1124.5,1111.1,1112.3,71
2025-11-07 15:15:00+05:30,1112.3,1135.0,1112.3,1135.0,534
2025-11-10 09:15:00+05:30,1125.0,1130.5,1125.0,1130.0,67
2025-11-10 10:15:00+05:30,1130.0,1130.0,1122.2,1127.2,171
2025-11-10 11:15:00+05:30,1127.2,1129.9,1123.3,1124.1,138
2025-11-10 12:15:00+05:30,1124.1,1142.6,1124.1,1142.4,420
2025-11-10 13:15:00+05:30,1142.4,1145.6,1142.4,1142.6,63
2025-11-10 14:15:00+05:30,1142.6,1145.0,1133.1,1136.2,280
2025-11-10 15:15:00+05:30,1136.2,1141.3,1136.0,1141.2,82
2025-11-11 09:15:00+05:30,1134.6,1148.8,1122.5,1135.1,295
2025-11-11 10:15:00+05:30,1135.1,1142.8,1135.1,1142.7,254
2025-11-11 11:15:00+05:30,1142.7,1142.8,1132.4,1140.1,70
2025-11-11 12:15:00+05:30,1140.1,1170.1,1082.3,1128.3,6863
2025-11-11 13:15:00+05:30,1128.3,1169.9,1128.3,1166.5,1724
2025-11-11 14:15:00+05:30,1168.9,1168.9,1151.2,1160.0,910
2025-11-11 15:15:00+05:30,1160.0,1160.0,1152.3,1159.8,392
2025-11-12 09:15:00+05:30,1153.0,1159.0,1148.5,1148.5,438
2025-11-12 10:15:00+05:30,1148.5,1151.9,1147.5,1148.0,121
2025-11-12 11:15:00+05:30,1148.0,1148.0,1143.5,1143.6,106
2025-11-12 12:15:00+05:30,1143.6,1146.9,1143.6,1145.9,267
2025-11-12 13:15:00+05:30,1145.9,1145.9,1142.3,1143.9,146
2025-11-12 14:15:00+05:30,1143.9,1143.9,1137.3,1137.3,326
2025-11-12 15:15:00+05:30,1137.3,1139.5,1131.0,1139.5,121
2025-11-13 09:15:00+05:30,1138.0,1140.0,1134.0,1136.8,163
2025-11-13 10:15:00+05:30,1136.8,1138.0,1122.6,1137.8,371
2025-11-13 11:15:00+05:30,1137.8,1138.0,1128.0,1129.8,70
2025-11-13 12:15:00+05:30,1129.8,1137.3,1127.7,1132.0,229
2025-11-13 13:15:00+05:30,1132.0,1135.1,1132.0,1132.1,114
2025-11-13 14:15:00+05:30,1132.1,1137.8,1132.0,1132.0,211
2025-11-13 15:15:00+05:30,1132.0,1132.1,1123.8,1125.0,143
2025-11-14 09:15:00+05:30,1122.1,1140.9,1122.1,1134.4,268
2025-11-14 10:15:00+05:30,1134.4,1138.8,1131.2,1135.2,249
2025-11-14 11:15:00+05:30,1135.2,1137.9,1134.7,1135.9,75
2025-11-14 12:15:00+05:30,1135.9,1135.9,1125.3,1132.0,418
2025-11-14 13:15:00+05:30,1132.0,1132.0,1127.8,1127.8,13
2025-11-14 14:15:00+05:30,1130.0,1130.0,1125.1,1127.4,208
2025-11-14 15:15:00+05:30,1127.4,1127.4,1125.1,1127.0,118
2025-11-17 09:15:00+05:30,1118.6,1129.9,1118.2,1120.0,198
2025-11-17 10:15:00+05:30,1120.0,1136.8,1120.0,1128.1,477
2025-11-17 11:15:00+05:30,1128.1,1128.1,1120.2,1120.2,263
2025-11-17 12:15:00+05:30,1120.2,1127.9,1120.2,1120.5,231
2025-11-17 13:15:00+05:30,1120.5,1127.8,1120.1,1127.1,355
2025-11-17 14:15:00+05:30,1127.1,1128.4,1125.1,1127.6,25
2025-11-17 15:15:00+05:30,1127.6,1128.4,1120.1,1120.1,113
2025-11-18 09:15:00+05:30,1118.0,1133.0,1118.0,1125.4,186
2025-11-18 10:15:00+05:30,1125.4,1126.6,1125.4,1126.1,25
2025-11-18 11:15:00+05:30,1126.1,1131.9,1125.2,1125.6,86
2025-11-18 12:15:00+05:30,1125.6,1125.6,1125.2,1125.2,120
2025-11-18 13:15:00+05:30,1125.2,1130.9,1125.1,1125.3,272
2025-11-18 14:15:00+05:30,1125.3,1127.6,1125.1,1127.6,239
2025-11-18 15:15:00+05:30,1127.6,1127.6,1125.1,1125.1,132
