date,open,high,low,close,volume
2015-02-02 09:15:00+05:30,88.0,90.0,88.0,88.1,50
2015-02-02 10:15:00+05:30,88.1,90.0,85.3,90.0,2981
2015-02-02 11:15:00+05:30,90.0,93.0,88.0,92.0,8558
2015-02-02 12:15:00+05:30,92.0,92.0,89.05,89.05,19
2015-02-02 13:15:00+05:30,89.05,91.0,89.05,91.0,335
2015-02-02 14:15:00+05:30,91.0,91.0,90.0,90.0,406
2015-02-02 15:15:00+05:30,90.0,90.0,89.5,90.0,342
2015-02-03 09:15:00+05:30,90.0,94.8,90.0,94.0,7464
2015-02-03 10:15:00+05:30,92.0,92.0,91.65,91.65,1155
2015-02-03 11:15:00+05:30,92.0,92.0,89.5,89.5,1256
2015-02-03 12:15:00+05:30,89.5,91.0,89.5,90.1,243
2015-02-03 13:15:00+05:30,90.5,90.5,86.6,89.0,5959
2015-02-03 14:15:00+05:30,89.0,89.0,85.8,85.8,8745
2015-02-03 15:15:00+05:30,85.8,87.7,85.8,87.7,150
2015-02-04 09:15:00+05:30,87.7,87.7,82.2,84.05,523
2015-02-04 10:15:00+05:30,84.05,85.0,84.05,85.0,12
2015-02-04 11:15:00+05:30,85.0,85.0,84.2,84.2,520
2015-02-04 12:15:00+05:30,84.2,84.2,84.2,84.2,0
2015-02-04 13:15:00+05:30,84.2,84.9,84.2,84.2,102
2015-02-04 14:15:00+05:30,84.2,85.0,81.9,81.9,4993
2015-02-04 15:15:00+05:30,81.9,81.9,81.9,81.9,200
2015-02-05 09:15:00+05:30,81.9,81.9,78.0,81.0,2639
2015-02-05 10:15:00+05:30,81.0,82.5,80.0,82.4,2062
2015-02-05 11:15:00+05:30,82.4,82.4,80.0,82.4,523
2015-02-05 12:15:00+05:30,82.4,82.5,80.0,80.0,740
2015-02-05 13:15:00+05:30,80.0,82.5,80.0,82.5,1184
2015-02-05 14:15:00+05:30,82.5,82.5,80.0,80.55,1306
2015-02-05 15:15:00+05:30,80.5,80.55,80.5,80.5,10
2015-02-06 09:15:00+05:30,80.5,82.5,80.0,80.0,133
2015-02-06 10:15:00+05:30,80.0,82.45,77.0,77.0,347
2015-02-06 11:15:00+05:30,77.0,77.05,77.0,77.05,30
2015-02-06 12:15:00+05:30,78.0,78.9,78.0,78.9,563
2015-02-06 13:15:00+05:30,78.9,78.9,77.05,78.5,556
2015-02-06 14:15:00+05:30,78.5,78.5,77.2,77.2,614
2015-02-06 15:15:00+05:30,77.2,78.5,77.2,78.5,50
2015-02-09 09:15:00+05:30,78.5,83.0,78.5,81.4,522
2015-02-09 10:15:00+05:30,81.4,81.4,79.5,81.4,60
2015-02-09 11:15:00+05:30,81.4,81.5,72.0,74.0,11303
2015-02-09 12:15:00+05:30,74.0,75.0,72.0,75.0,45
2015-02-09 13:15:00+05:30,75.0,80.0,74.5,75.0,4078
2015-02-09 14:15:00+05:30,75.0,78.0,75.0,77.9,232
2015-02-09 15:15:00+05:30,77.9,78.9,77.9,78.9,955
2015-02-10 09:15:00+05:30,75.0,81.4,75.0,79.0,64
2015-02-10 10:15:00+05:30,79.0,80.5,73.0,73.0,8105
2015-02-10 11:15:00+05:30,73.0,75.0,70.2,74.5,6346
2015-02-10 12:15:00+05:30,74.5,75.0,73.5,75.0,222
2015-02-10 13:15:00+05:30,75.0,75.0,72.0,72.0,8311
2015-02-10 14:15:00+05:30,72.0,73.95,72.0,73.0,560
2015-02-10 15:15:00+05:30,73.0,79.0,72.0,72.0,815
2015-02-11 09:15:00+05:30,72.0,76.9,72.0,76.9,609
2015-02-11 10:15:00+05:30,76.9,81.0,76.9,81.0,6482
2015-02-11 11:15:00+05:30,81.0,81.0,75.1,76.0,5793
2015-02-11 12:15:00+05:30,76.0,79.0,76.0,79.0,1156
2015-02-11 13:15:00+05:30,79.0,79.0,77.5,78.45,126
2015-02-11 14:15:00+05:30,77.5,80.0,77.5,78.05,1600
2015-02-11 15:15:00+05:30,80.0,80.0,77.6,79.9,755
2015-02-12 09:15:00+05:30,79.9,86.2,79.9,84.0,19922
2015-02-12 10:15:00+05:30,84.0,85.7,82.2,83.55,830
2015-02-12 11:15:00+05:30,83.55,85.35,83.5,83.5,192
2015-02-12 12:15:00+05:30,83.5,85.15,83.5,85.15,437
2015-02-12 13:15:00+05:30,85.15,85.15,84.5,85.0,138
2015-02-12 14:15:00+05:30,85.0,86.2,84.0,86.2,2728
2015-02-12 15:15:00+05:30,86.2,86.2,86.2,86.2,55
2015-02-13 09:15:00+05:30,92.0,92.0,86.5,88.5,3289
2015-02-13 10:15:00+05:30,88.5,94.4,88.5,94.4,23678
2015-02-13 11:15:00+05:30,94.4,94.4,94.4,94.4,244
2015-02-13 12:15:00+05:30,94.4,94.4,94.4,94.4,246
2015-02-13 13:15:00+05:30,94.4,94.4,94.4,94.4,703
2015-02-13 14:15:00+05:30,94.4,94.4,94.4,94.4,2477
2015-02-13 15:15:00+05:30,94.4,94.4,94.4,94.4,200
2015-02-16 09:15:00+05:30,98.0,102.8,98.0,100.95,14947
2015-02-16 10:15:00+05:30,100.95,101.0,98.0,99.0,6787
2015-02-16 11:15:00+05:30,99.0,100.0,96.6,100.0,6613
2015-02-16 12:15:00+05:30,98.0,100.0,98.0,98.2,1885
2015-02-16 13:15:00+05:30,98.2,99.45,97.0,97.2,762
2015-02-16 14:15:00+05:30,97.2,102.5,97.2,101.0,12419
2015-02-16 15:15:00+05:30,101.0,101.5,98.0,99.0,4574
2015-02-18 09:15:00+05:30,101.0,103.0,97.3,97.5,11986
2015-02-18 10:15:00+05:30,97.5,103.0,97.5,99.0,509
2015-02-18 11:15:00+05:30,99.0,100.95,99.0,99.0,555
2015-02-18 12:15:00+05:30,99.0,99.0,97.3,98.05,2946
2015-02-18 13:15:00+05:30,98.05,99.0,98.0,99.0,2591
2015-02-18 14:15:00+05:30,99.0,101.9,97.75,98.0,13745
2015-02-18 15:15:00+05:30,98.0,100.8,98.0,99.0,757
2015-02-19 09:15:00+05:30,99.0,99.0,97.0,97.0,209
2015-02-19 10:15:00+05:30,97.0,97.0,95.1,96.0,1221
2015-02-19 11:15:00+05:30,96.0,98.2,96.0,97.1,3627
2015-02-19 12:15:00+05:30,97.1,97.2,97.05,97.05,34
2015-02-19 13:15:00+05:30,97.05,98.65,97.05,97.05,310
2015-02-19 14:15:00+05:30,97.05,98.0,97.0,98.0,2331
2015-02-19 15:15:00+05:30,98.0,98.0,97.0,97.0,60
2015-02-20 09:15:00+05:30,97.0,97.75,93.0,97.0,819
2015-02-20 10:15:00+05:30,97.0,97.0,96.95,97.0,1000
2015-02-20 11:15:00+05:30,97.0,97.0,94.15,96.45,1106
2015-02-20 12:15:00+05:30,96.45,96.45,95.6,95.9,101
2015-02-20 13:15:00+05:30,95.9,95.9,94.5,95.35,177
2015-02-20 14:15:00+05:30,95.35,96.35,94.25,95.0,1542
2015-02-20 15:15:00+05:30,95.0,95.9,95.0,95.05,1680
2015-02-23 09:15:00+05:30,95.05,98.0,91.05,94.1,971
2015-02-23 10:15:00+05:30,94.1,94.1,93.5,94.0,251
2015-02-23 11:15:00+05:30,94.0,94.0,93.05,94.0,1010
2015-02-23 12:15:00+05:30,94.0,96.0,94.0,96.0,526
2015-02-23 13:15:00+05:30,96.0,96.8,95.0,95.0,735
2015-02-23 14:15:00+05:30,95.0,95.0,94.0,95.0,998
2015-02-23 15:15:00+05:30,95.0,95.0,93.0,94.0,962
2015-02-24 09:15:00+05:30,94.0,95.9,94.0,95.9,68
2015-02-24 10:15:00+05:30,95.9,95.9,94.0,94.0,352
2015-02-24 11:15:00+05:30,94.0,94.0,89.3,89.3,6035
2015-02-24 12:15:00+05:30,89.3,92.9,89.3,92.0,4228
2015-02-24 13:15:00+05:30,92.0,93.2,90.5,93.0,12
2015-02-24 14:15:00+05:30,90.5,95.9,90.5,95.9,6055
2015-02-24 15:15:00+05:30,95.9,95.9,94.65,95.0,1085
2015-02-25 09:15:00+05:30,95.0,95.0,92.0,92.0,100
2015-02-25 10:15:00+05:30,92.0,94.9,91.05,94.85,764
2015-02-25 11:15:00+05:30,94.85,94.85,94.0,94.0,122
2015-02-25 12:15:00+05:30,94.0,94.0,92.0,92.5,518
2015-02-25 13:15:00+05:30,92.5,92.5,91.0,91.0,526
2015-02-25 14:15:00+05:30,91.0,91.75,90.5,90.5,599
2015-02-25 15:15:00+05:30,90.55,91.0,90.35,90.35,493
2015-02-26 09:15:00+05:30,90.35,92.0,90.35,92.0,30
2015-02-26 10:15:00+05:30,92.0,92.0,90.1,90.1,425
2015-02-26 11:15:00+05:30,90.1,92.35,90.1,92.35,51
2015-02-26 12:15:00+05:30,92.35,93.15,92.35,93.15,1
2015-02-26 13:15:00+05:30,93.15,93.15,93.15,93.15,0
2015-02-26 14:15:00+05:30,93.15,93.15,90.0,90.15,512
2015-02-26 15:15:00+05:30,91.45,91.45,88.0,88.0,887
2015-02-27 09:15:00+05:30,93.95,93.95,90.0,92.0,553
2015-02-27 10:15:00+05:30,92.0,92.15,92.0,92.05,1595
2015-02-27 11:15:00+05:30,92.05,92.05,92.05,92.05,0
2015-02-27 12:15:00+05:30,92.05,93.5,92.0,92.5,1460
2015-02-27 13:15:00+05:30,92.5,92.5,92.5,92.5,1540
2015-02-27 14:15:00+05:30,92.5,92.5,85.15,89.1,6542
2015-02-27 15:15:00+05:30,90.0,92.95,89.5,89.5,285
2015-02-28 09:15:00+05:30,89.5,92.0,88.5,91.0,735
2015-02-28 10:15:00+05:30,89.1,91.9,89.1,91.9,30
2015-02-28 11:15:00+05:30,91.9,91.9,90.0,91.0,273
2015-02-28 12:15:00+05:30,90.0,91.0,90.0,91.0,90
2015-02-28 13:15:00+05:30,91.0,91.0,90.0,90.0,958
2015-02-28 14:15:00+05:30,90.0,94.9,90.0,90.0,2366
2015-02-28 15:15:00+05:30,90.0,94.0,90.0,93.9,580
2015-03-02 09:15:00+05:30,94.8,94.8,90.0,92.0,250
2015-03-02 10:15:00+05:30,92.9,93.9,92.9,93.9,70
2015-03-02 11:15:00+05:30,93.9,93.9,90.0,92.45,7364
2015-03-02 12:15:00+05:30,92.45,92.45,89.05,90.0,2165
2015-03-02 13:15:00+05:30,91.95,91.95,90.0,90.0,0
2015-03-02 14:15:00+05:30,90.0,91.05,90.0,90.0,248
2015-03-02 15:15:00+05:30,91.05,92.0,90.0,92.0,226
2015-03-03 09:15:00+05:30,92.0,94.0,91.0,94.0,220
2015-03-03 10:15:00+05:30,94.0,94.0,91.0,91.0,1
2015-03-03 11:15:00+05:30,91.0,92.0,90.0,92.0,1150
2015-03-03 12:15:00+05:30,90.0,92.0,90.0,92.0,0
2015-03-03 13:15:00+05:30,92.0,92.0,90.0,90.0,525
2015-03-03 14:15:00+05:30,90.0,91.0,88.05,88.05,72
2015-03-03 15:15:00+05:30,88.05,91.0,88.05,91.0,71
2015-03-04 09:15:00+05:30,91.0,91.75,86.65,91.7,927
2015-03-04 10:15:00+05:30,91.7,91.7,88.2,90.85,494
2015-03-04 11:15:00+05:30,90.85,90.85,86.65,90.5,5170
2015-03-04 12:15:00+05:30,90.5,90.5,88.05,88.15,675
2015-03-04 13:15:00+05:30,88.15,88.6,88.15,88.6,171
2015-03-04 14:15:00+05:30,88.6,88.75,88.6,88.7,120
2015-03-04 15:15:00+05:30,88.8,91.8,88.6,88.6,2960
2015-03-05 09:15:00+05:30,88.6,88.6,88.25,88.35,90
2015-03-05 10:15:00+05:30,88.35,92.4,88.35,91.9,3479
2015-03-05 11:15:00+05:30,91.9,91.9,90.45,90.45,1924
2015-03-05 12:15:00+05:30,90.45,91.7,90.1,90.4,3393
2015-03-05 13:15:00+05:30,90.4,91.1,90.3,91.1,1001
2015-03-05 14:15:00+05:30,91.1,92.9,90.2,92.9,10086
2015-03-05 15:15:00+05:30,92.9,93.7,92.05,92.5,2576
2015-03-09 09:15:00+05:30,94.0,94.0,90.4,90.4,10
2015-03-09 10:15:00+05:30,90.4,94.85,90.4,92.35,2065
2015-03-09 11:15:00+05:30,92.35,98.0,91.25,92.25,10041
2015-03-09 12:15:00+05:30,92.25,95.0,92.0,92.0,2302
2015-03-09 13:15:00+05:30,92.0,94.0,91.35,91.4,783
2015-03-09 14:15:00+05:30,91.75,92.0,88.95,88.95,2061
2015-03-09 15:15:00+05:30,88.7,97.95,88.3,92.0,5540
2015-03-10 09:15:00+05:30,92.0,99.0,92.0,95.05,6829
2015-03-10 10:15:00+05:30,95.0,95.05,92.5,93.1,1179
2015-03-10 11:15:00+05:30,93.1,94.0,91.35,91.35,1265
2015-03-10 12:15:00+05:30,91.35,96.0,91.35,92.1,5660
2015-03-10 13:15:00+05:30,92.1,92.1,91.3,91.3,6
2015-03-10 14:15:00+05:30,91.3,94.9,91.3,91.6,5115
2015-03-10 15:15:00+05:30,91.6,94.5,91.6,94.5,69
2015-03-11 09:15:00+05:30,94.5,94.5,90.05,94.5,151
2015-03-11 10:15:00+05:30,94.5,94.5,90.7,90.7,510
2015-03-11 11:15:00+05:30,92.95,93.8,90.7,93.8,960
2015-03-11 12:15:00+05:30,93.8,93.8,85.15,90.0,7182
2015-03-11 13:15:00+05:30,90.0,91.95,89.0,89.0,9606
2015-03-11 14:15:00+05:30,89.0,91.0,86.0,89.0,2879
2015-03-11 15:15:00+05:30,86.6,98.9,86.6,93.35,26755
2015-03-12 09:15:00+05:30,93.35,97.0,90.55,92.05,1070
2015-03-12 10:15:00+05:30,96.9,96.9,92.05,92.35,2252
2015-03-12 11:15:00+05:30,92.35,92.35,92.35,92.35,0
2015-03-12 12:15:00+05:30,92.35,94.8,92.35,92.5,22
2015-03-12 13:15:00+05:30,92.5,94.75,92.05,94.7,1791
2015-03-12 14:15:00+05:30,94.7,94.7,92.1,94.7,410
2015-03-12 15:15:00+05:30,94.7,94.7,92.2,92.2,24
2015-03-13 09:15:00+05:30,92.2,96.0,90.3,90.3,1050
2015-03-13 10:15:00+05:30,90.3,90.5,90.3,90.5,200
2015-03-13 11:15:00+05:30,90.5,93.4,87.0,88.8,34190
2015-03-13 12:15:00+05:30,88.95,91.5,88.2,89.05,1297
2015-03-13 13:15:00+05:30,89.05,90.5,87.1,89.8,15102
2015-03-13 14:15:00+05:30,89.8,89.8,88.5,89.7,932
2015-03-13 15:15:00+05:30,89.7,96.5,88.1,92.0,16688
2015-03-16 09:15:00+05:30,90.5,91.05,90.5,91.05,3
2015-03-16 10:15:00+05:30,91.05,91.05,87.55,88.35,3442
2015-03-16 11:15:00+05:30,88.35,89.95,88.25,89.95,6289
2015-03-16 12:15:00+05:30,89.95,97.0,89.0,92.0,22306
2015-03-16 13:15:00+05:30,92.0,93.0,92.0,92.7,266
2015-03-16 14:15:00+05:30,92.7,95.0,92.3,93.0,1569
2015-03-16 15:15:00+05:30,93.0,97.0,91.65,97.0,10970
2015-03-17 09:15:00+05:30,97.0,97.0,91.2,93.95,3200
2015-03-17 10:15:00+05:30,93.95,93.95,91.25,92.1,130
2015-03-17 11:15:00+05:30,92.1,93.4,92.1,93.4,85
2015-03-17 12:15:00+05:30,93.4,93.4,93.4,93.4,0
2015-03-17 13:15:00+05:30,93.4,93.4,92.05,92.05,10
2015-03-17 14:15:00+05:30,92.05,93.95,91.95,91.95,1001
2015-03-17 15:15:00+05:30,91.95,98.0,91.95,92.2,36402
2015-03-18 09:15:00+05:30,92.2,92.2,92.2,92.2,0
2015-03-18 10:15:00+05:30,92.2,92.2,92.2,92.2,0
2015-03-18 11:15:00+05:30,92.2,94.2,92.2,94.2,2355
2015-03-18 12:15:00+05:30,94.0,95.0,94.0,94.0,967
2015-03-18 13:15:00+05:30,94.0,94.0,94.0,94.0,100
2015-03-18 14:15:00+05:30,94.0,97.75,93.85,96.5,14541
2015-03-18 15:15:00+05:30,96.5,96.85,95.95,96.85,1330
2015-03-19 09:15:00+05:30,96.85,96.85,91.0,92.5,10012
2015-03-19 10:15:00+05:30,93.5,93.5,92.5,93.5,0
2015-03-19 11:15:00+05:30,93.5,94.9,93.5,94.9,40
2015-03-19 12:15:00+05:30,94.9,94.9,93.5,93.5,1788
2015-03-19 13:15:00+05:30,93.5,93.5,93.5,93.5,0
2015-03-19 14:15:00+05:30,93.5,94.5,91.0,91.5,19424
2015-03-19 15:15:00+05:30,91.5,94.5,91.5,93.0,3922
2015-03-20 09:15:00+05:30,93.0,99.4,93.0,93.7,18617
2015-03-20 10:15:00+05:30,93.7,96.5,93.7,95.45,624
2015-03-20 11:15:00+05:30,95.45,96.0,94.2,95.0,1526
2015-03-20 12:15:00+05:30,95.0,95.0,94.2,94.2,1405
2015-03-20 13:15:00+05:30,94.2,95.0,94.2,94.25,451
2015-03-20 14:15:00+05:30,94.2,95.0,89.5,91.0,23645
2015-03-20 15:15:00+05:30,93.6,95.8,90.05,91.8,8541
2015-03-23 09:15:00+05:30,91.8,91.8,90.1,91.0,250
2015-03-23 10:15:00+05:30,91.0,91.0,88.0,90.0,11816
2015-03-23 11:15:00+05:30,90.0,91.0,89.15,91.0,495
2015-03-23 12:15:00+05:30,91.0,91.0,89.5,89.5,135
2015-03-23 13:15:00+05:30,89.5,91.5,89.5,91.5,1075
2015-03-23 14:15:00+05:30,91.5,93.25,91.5,92.0,2484
2015-03-23 15:15:00+05:30,92.0,95.0,90.0,94.0,9690
2015-03-24 09:15:00+05:30,94.0,94.75,91.05,94.75,2096
2015-03-24 10:15:00+05:30,94.75,94.75,92.5,93.35,166
2015-03-24 11:15:00+05:30,94.0,94.45,93.05,93.2,249
2015-03-24 12:15:00+05:30,93.2,96.25,92.55,94.0,8211
2015-03-24 13:15:00+05:30,94.0,94.0,92.2,92.2,669
2015-03-24 14:15:00+05:30,92.2,93.0,92.2,93.0,136
2015-03-24 15:15:00+05:30,93.0,94.95,93.0,93.1,2206
2015-03-25 09:15:00+05:30,93.1,93.1,93.1,93.1,0
2015-03-25 10:15:00+05:30,93.1,94.65,93.05,94.65,17
2015-03-25 11:15:00+05:30,93.05,94.65,93.05,94.65,0
2015-03-25 12:15:00+05:30,93.0,93.0,92.35,92.35,289
2015-03-25 13:15:00+05:30,92.35,92.4,92.35,92.4,62
2015-03-25 14:15:00+05:30,92.35,95.0,87.1,91.35,28519
2015-03-25 15:15:00+05:30,91.35,93.0,91.0,93.0,2058
2015-03-26 09:15:00+05:30,93.0,93.0,93.0,93.0,0
2015-03-26 10:15:00+05:30,93.0,93.0,91.0,91.0,1081
2015-03-26 11:15:00+05:30,91.0,91.0,91.0,91.0,0
2015-03-26 12:15:00+05:30,91.1,93.0,91.0,93.0,746
2015-03-26 13:15:00+05:30,93.0,93.0,89.15,90.0,1759
2015-03-26 14:15:00+05:30,90.0,95.0,90.0,92.4,9139
2015-03-26 15:15:00+05:30,92.4,94.0,91.1,93.0,1380
2015-03-27 09:15:00+05:30,93.0,94.5,92.0,94.5,10
2015-03-27 10:15:00+05:30,94.5,94.5,92.0,94.0,3236
2015-03-27 11:15:00+05:30,93.0,94.0,92.6,94.0,1135
2015-03-27 12:15:00+05:30,93.1,94.0,91.05,92.0,992
2015-03-27 13:15:00+05:30,92.0,92.0,92.0,92.0,370
2015-03-27 14:15:00+05:30,92.0,92.5,91.0,92.0,2396
2015-03-27 15:15:00+05:30,92.0,93.95,90.6,93.0,3402
2015-03-30 09:15:00+05:30,93.0,93.0,93.0,93.0,0
2015-03-30 10:15:00+05:30,93.0,94.85,93.0,93.1,1958
2015-03-30 11:15:00+05:30,94.0,94.0,93.0,93.1,100
2015-03-30 12:15:00+05:30,93.0,93.1,93.0,93.0,1
2015-03-30 13:15:00+05:30,93.0,93.0,93.0,93.0,82
2015-03-30 14:15:00+05:30,93.0,93.0,93.0,93.0,0
2015-03-30 15:15:00+05:30,93.0,94.8,93.0,93.0,164
2015-03-31 09:15:00+05:30,93.0,95.0,93.0,93.5,110
2015-03-31 10:15:00+05:30,93.5,94.9,93.5,94.9,300
2015-03-31 11:15:00+05:30,94.9,95.0,92.25,93.35,1135
2015-03-31 12:15:00+05:30,93.35,95.0,90.95,92.3,12534
2015-03-31 13:15:00+05:30,92.3,93.7,91.65,91.65,1006
2015-03-31 14:15:00+05:30,91.7,93.7,85.0,91.25,46111
2015-03-31 15:15:00+05:30,91.25,92.4,90.0,91.4,3385
2015-04-01 09:15:00+05:30,91.4,93.0,90.2,92.9,7
2015-04-01 10:15:00+05:30,92.8,92.85,92.0,92.0,121
2015-04-01 11:15:00+05:30,92.0,92.0,92.0,92.0,13
2015-04-01 12:15:00+05:30,92.0,92.0,92.0,92.0,5
2015-04-01 13:15:00+05:30,92.0,92.0,91.0,91.0,10
2015-04-01 14:15:00+05:30,91.0,92.85,91.0,92.85,64
2015-04-01 15:15:00+05:30,92.85,92.85,91.0,92.85,10
2015-04-06 09:15:00+05:30,94.0,94.0,93.9,93.9,103
2015-04-06 10:15:00+05:30,93.9,93.9,93.9,93.9,150
2015-04-06 11:15:00+05:30,93.9,93.9,90.75,90.75,212
2015-04-06 12:15:00+05:30,90.75,92.1,90.75,92.1,2000
2015-04-06 13:15:00+05:30,92.1,92.1,92.1,92.1,0
2015-04-06 14:15:00+05:30,92.1,92.1,92.1,92.1,716
2015-04-06 15:15:00+05:30,92.1,92.1,91.0,91.0,275
2015-04-07 09:15:00+05:30,91.0,91.25,91.0,91.25,192
2015-04-07 10:15:00+05:30,91.25,91.5,91.25,91.25,435
2015-04-07 11:15:00+05:30,93.0,93.0,93.0,93.0,5
2015-04-07 12:15:00+05:30,93.0,93.0,91.25,91.25,445
2015-04-07 13:15:00+05:30,91.25,92.8,89.9,90.0,3057
2015-04-07 14:15:00+05:30,89.25,91.0,88.1,90.5,10065
2015-04-07 15:15:00+05:30,90.0,90.5,89.15,89.15,1721
2015-04-08 09:15:00+05:30,89.15,91.0,85.3,91.0,2051
2015-04-08 10:15:00+05:30,91.0,91.0,89.0,89.0,12
2015-04-08 11:15:00+05:30,89.0,90.0,89.0,89.0,0
2015-04-08 12:15:00+05:30,89.0,90.0,88.5,89.95,4544
2015-04-08 13:15:00+05:30,89.95,89.95,88.65,88.65,15
2015-04-08 14:15:00+05:30,88.65,91.6,88.65,91.45,215
2015-04-08 15:15:00+05:30,91.45,91.45,89.15,89.15,389
2015-04-09 09:15:00+05:30,89.2,90.0,88.0,89.0,593
2015-04-09 10:15:00+05:30,89.0,89.0,88.05,88.05,100
2015-04-09 11:15:00+05:30,88.05,90.5,88.05,90.5,51
2015-04-09 12:15:00+05:30,90.5,90.5,88.6,88.6,127
2015-04-09 13:15:00+05:30,88.6,88.6,88.5,88.5,1925
2015-04-09 14:15:00+05:30,88.5,89.0,87.6,87.6,4642
2015-04-09 15:15:00+05:30,87.6,87.95,86.1,87.85,3134
2015-04-10 09:15:00+05:30,90.0,90.0,87.55,88.05,3103
2015-04-10 10:15:00+05:30,88.05,88.4,88.05,88.4,1
2015-04-10 11:15:00+05:30,88.4,88.4,88.4,88.4,300
2015-04-10 12:15:00+05:30,88.4,88.4,88.3,88.3,100
2015-04-10 13:15:00+05:30,88.3,89.75,88.2,89.75,110
2015-04-10 14:15:00+05:30,89.75,89.8,88.5,89.8,125
2015-04-10 15:15:00+05:30,89.8,89.8,88.1,88.1,140
2015-04-13 09:15:00+05:30,88.75,88.75,88.0,88.1,355
2015-04-13 10:15:00+05:30,88.1,89.0,88.1,88.6,312
2015-04-13 11:15:00+05:30,88.6,89.0,88.15,88.15,268
2015-04-13 12:15:00+05:30,88.0,89.0,88.0,89.0,215
2015-04-13 13:15:00+05:30,89.0,89.0,88.05,88.05,10
2015-04-13 14:15:00+05:30,88.05,89.0,87.0,87.0,1200
2015-04-13 15:15:00+05:30,87.0,89.95,87.0,89.5,312
2015-04-15 09:15:00+05:30,90.0,93.5,89.0,92.0,6010
2015-04-15 10:15:00+05:30,92.0,92.0,91.05,91.05,12
2015-04-15 11:15:00+05:30,91.05,91.25,91.05,91.25,11
2015-04-15 12:15:00+05:30,91.25,91.25,90.05,90.05,51
2015-04-15 13:15:00+05:30,90.05,91.5,90.05,91.25,295
2015-04-15 14:15:00+05:30,91.5,91.5,90.0,90.05,2131
2015-04-15 15:15:00+05:30,90.05,91.5,90.0,91.5,582
2015-04-16 09:15:00+05:30,91.5,91.5,88.5,88.5,20
2015-04-16 10:15:00+05:30,88.5,88.5,88.5,88.5,0
2015-04-16 11:15:00+05:30,88.5,89.0,88.5,89.0,552
2015-04-16 12:15:00+05:30,88.7,88.7,88.55,88.55,2350
2015-04-16 13:15:00+05:30,88.55,88.55,88.1,88.1,300
2015-04-16 14:15:00+05:30,88.1,89.0,85.6,87.5,10480
2015-04-16 15:15:00+05:30,87.5,87.9,87.0,87.0,986
2015-04-17 09:15:00+05:30,87.0,89.0,87.0,88.5,275
2015-04-17 10:15:00+05:30,88.5,88.5,85.0,87.0,3005
2015-04-17 11:15:00+05:30,87.0,91.4,87.0,91.0,1003
2015-04-17 12:15:00+05:30,91.0,91.2,89.5,89.8,135
2015-04-17 13:15:00+05:30,89.8,89.8,88.4,88.5,66
2015-04-17 14:15:00+05:30,88.5,94.0,86.2,90.0,11592
2015-04-17 15:15:00+05:30,90.0,90.0,86.3,87.5,2379
2015-04-20 09:15:00+05:30,91.8,91.8,89.0,90.0,155
2015-04-20 10:15:00+05:30,90.0,90.0,86.0,86.9,2021
2015-04-20 11:15:00+05:30,86.9,87.1,86.9,86.95,406
2015-04-20 12:15:00+05:30,87.1,87.15,86.9,86.9,3409
2015-04-20 13:15:00+05:30,86.9,87.0,86.5,86.5,235
2015-04-20 14:15:00+05:30,86.5,86.95,86.25,86.95,210
2015-04-20 15:15:00+05:30,86.95,87.0,86.75,86.75,55
2015-04-21 09:15:00+05:30,86.75,88.6,86.75,87.5,1005
2015-04-21 10:15:00+05:30,87.5,88.5,87.5,88.5,101
2015-04-21 11:15:00+05:30,88.5,90.8,86.45,88.9,5236
2015-04-21 12:15:00+05:30,88.9,88.9,87.55,87.55,127
2015-04-21 13:15:00+05:30,87.0,87.9,86.7,87.9,840
2015-04-21 14:15:00+05:30,87.9,87.9,85.2,86.0,6259
2015-04-21 15:15:00+05:30,86.0,89.0,86.0,87.5,5493
2015-04-22 09:15:00+05:30,87.5,88.5,85.55,88.5,304
2015-04-22 10:15:00+05:30,88.5,89.5,88.0,88.0,206
2015-04-22 11:15:00+05:30,88.0,91.0,88.0,88.0,5006
2015-04-22 12:15:00+05:30,88.0,91.0,88.0,89.0,6576
2015-04-22 13:15:00+05:30,89.0,89.0,88.0,88.0,258
2015-04-22 14:15:00+05:30,88.0,88.85,88.0,88.0,184
2015-04-22 15:15:00+05:30,88.0,88.9,87.5,87.5,231
2015-04-23 09:15:00+05:30,87.5,89.5,86.55,87.8,76
2015-04-23 10:15:00+05:30,87.8,89.0,87.0,87.0,402
2015-04-23 11:15:00+05:30,87.0,87.0,87.0,87.0,0
2015-04-23 12:15:00+05:30,87.0,87.0,87.0,87.0,0
2015-04-23 13:15:00+05:30,87.0,87.0,87.0,87.0,0
2015-04-23 14:15:00+05:30,87.0,89.4,87.0,87.55,3015
2015-04-23 15:15:00+05:30,87.55,89.4,87.5,89.4,6
2015-04-24 09:15:00+05:30,89.4,89.4,86.55,89.0,6
2015-04-24 10:15:00+05:30,89.0,89.45,86.6,86.6,138
2015-04-24 11:15:00+05:30,86.6,89.45,86.6,88.5,66
2015-04-24 12:15:00+05:30,86.6,88.5,86.6,86.6,2
2015-04-24 13:15:00+05:30,86.6,88.9,86.6,86.7,4066
2015-04-24 14:15:00+05:30,86.7,93.9,86.7,90.65,17273
2015-04-24 15:15:00+05:30,90.65,92.4,89.0,90.5,2939
2015-04-27 09:15:00+05:30,93.5,93.5,87.1,88.25,1595
2015-04-27 10:15:00+05:30,88.25,88.6,88.2,88.2,220
2015-04-27 11:15:00+05:30,88.2,89.0,88.2,89.0,63
2015-04-27 12:15:00+05:30,89.0,89.0,88.3,88.3,5
2015-04-27 13:15:00+05:30,88.3,89.0,88.3,89.0,25
2015-04-27 14:15:00+05:30,89.0,89.5,89.0,89.25,1697
2015-04-27 15:15:00+05:30,89.25,89.25,89.0,89.0,10
2015-04-28 09:15:00+05:30,89.0,90.0,89.0,89.0,250
2015-04-28 10:15:00+05:30,89.0,90.0,89.0,90.0,50
2015-04-28 11:15:00+05:30,90.0,91.0,89.0,89.0,547
2015-04-28 12:15:00+05:30,89.0,89.0,89.0,89.0,0
2015-04-28 13:15:00+05:30,89.0,89.0,86.25,87.0,5499
2015-04-28 14:15:00+05:30,87.0,87.0,86.25,87.0,6141
2015-04-28 15:15:00+05:30,87.0,90.0,86.2,89.5,11601
2015-04-29 09:15:00+05:30,89.5,89.5,89.5,89.5,0
2015-04-29 10:15:00+05:30,89.5,89.5,88.0,89.5,1050
2015-04-29 11:15:00+05:30,89.5,89.5,87.6,87.6,272
2015-04-29 12:15:00+05:30,87.6,87.6,87.3,87.3,300
2015-04-29 13:15:00+05:30,87.3,87.3,87.15,87.2,20
2015-04-29 14:15:00+05:30,87.2,88.45,87.2,87.6,159
2015-04-29 15:15:00+05:30,88.45,88.45,87.6,87.6,160
2015-04-30 09:15:00+05:30,87.6,87.6,87.6,87.6,0
2015-04-30 10:15:00+05:30,87.6,87.6,87.6,87.6,0
2015-04-30 11:15:00+05:30,87.6,88.0,86.2,88.0,302
2015-04-30 12:15:00+05:30,88.0,89.75,87.9,88.8,613
2015-04-30 13:15:00+05:30,88.8,90.8,88.8,90.0,4631
2015-04-30 14:15:00+05:30,90.0,90.0,88.15,89.7,30
2015-04-30 15:15:00+05:30,89.7,89.7,89.7,89.7,0
2015-05-04 09:15:00+05:30,93.7,96.6,90.0,92.0,13074
2015-05-04 10:15:00+05:30,93.0,93.0,91.0,91.0,1005
2015-05-04 11:15:00+05:30,91.0,92.85,91.0,91.5,128
2015-05-04 12:15:00+05:30,91.5,91.8,91.5,91.8,50
2015-05-04 13:15:00+05:30,91.8,92.9,91.8,92.9,229
2015-05-04 14:15:00+05:30,92.9,93.0,91.8,93.0,535
2015-05-04 15:15:00+05:30,93.0,93.0,92.2,92.2,279
2015-05-05 09:15:00+05:30,92.2,92.5,90.5,90.55,1021
2015-05-05 10:15:00+05:30,90.55,91.35,90.55,90.55,100
2015-05-05 11:15:00+05:30,91.35,91.35,90.55,91.0,71
2015-05-05 12:15:00+05:30,91.0,92.2,91.0,92.2,19
2015-05-05 13:15:00+05:30,92.2,92.2,91.55,91.55,80
2015-05-05 14:15:00+05:30,91.55,93.75,91.55,93.65,8452
2015-05-05 15:15:00+05:30,93.65,93.8,91.75,92.0,3595
2015-05-06 09:15:00+05:30,92.0,92.0,92.0,92.0,0
2015-05-06 10:15:00+05:30,92.0,92.0,88.15,91.3,360
2015-05-06 11:15:00+05:30,89.0,91.3,88.2,90.0,447
2015-05-06 12:15:00+05:30,90.0,90.0,89.0,90.0,248
2015-05-06 13:15:00+05:30,90.0,90.5,88.15,90.0,8011
2015-05-06 14:15:00+05:30,90.5,94.9,90.0,91.7,8561
2015-05-06 15:15:00+05:30,91.7,91.7,90.0,90.0,96
2015-05-07 09:15:00+05:30,90.0,92.0,87.2,90.25,955
2015-05-07 10:15:00+05:30,90.25,91.8,90.1,90.1,226
2015-05-07 11:15:00+05:30,90.1,91.5,90.1,91.5,1
2015-05-07 12:15:00+05:30,91.5,91.5,90.0,91.0,459
2015-05-07 13:15:00+05:30,91.0,91.5,91.0,91.0,182
2015-05-07 14:15:00+05:30,91.0,91.0,88.5,88.5,6721
2015-05-07 15:15:00+05:30,88.5,90.9,88.1,90.9,1500
2015-05-08 09:15:00+05:30,90.9,90.9,90.0,90.0,500
2015-05-08 10:15:00+05:30,90.0,98.0,89.0,92.15,10713
2015-05-08 11:15:00+05:30,92.15,92.45,92.0,92.45,899
2015-05-08 12:15:00+05:30,92.45,92.8,91.9,92.5,383
2015-05-08 13:15:00+05:30,92.5,92.5,91.5,91.5,1733
2015-05-08 14:15:00+05:30,91.5,92.0,90.0,91.25,1703
2015-05-08 15:15:00+05:30,91.0,91.25,90.05,90.05,426
2015-05-11 09:15:00+05:30,90.05,92.0,90.05,92.0,178
2015-05-11 10:15:00+05:30,92.0,93.0,92.0,92.0,346
2015-05-11 11:15:00+05:30,92.8,92.8,92.0,92.0,482
2015-05-11 12:15:00+05:30,92.0,92.4,92.0,92.4,10
2015-05-11 13:15:00+05:30,92.4,92.4,92.0,92.0,10
2015-05-11 14:15:00+05:30,92.0,92.0,91.0,91.0,1002
2015-05-11 15:15:00+05:30,92.0,92.0,90.6,90.6,68
2015-05-12 09:15:00+05:30,90.6,91.0,89.4,91.0,52
2015-05-12 10:15:00+05:30,91.0,91.0,91.0,91.0,0
2015-05-12 11:15:00+05:30,91.0,91.0,91.0,91.0,0
2015-05-12 12:15:00+05:30,91.0,91.0,90.0,90.75,128
2015-05-12 13:15:00+05:30,90.75,90.75,89.1,89.6,2047
2015-05-12 14:15:00+05:30,89.6,89.6,88.7,89.0,6104
2015-05-12 15:15:00+05:30,89.0,90.75,88.5,89.0,8542
2015-05-13 09:15:00+05:30,89.0,91.5,89.0,91.5,6
2015-05-13 10:15:00+05:30,91.5,91.5,90.0,90.0,234
2015-05-13 11:15:00+05:30,90.0,90.0,88.75,89.0,4513
2015-05-13 12:15:00+05:30,89.0,90.0,88.0,88.5,6833
2015-05-13 13:15:00+05:30,88.5,89.0,88.5,89.0,1
2015-05-13 14:15:00+05:30,89.0,90.9,88.65,90.0,1156
2015-05-13 15:15:00+05:30,90.0,90.8,88.65,88.65,630
2015-05-14 09:15:00+05:30,88.0,90.0,88.0,89.25,26
2015-05-14 10:15:00+05:30,89.25,93.9,89.25,90.0,11577
2015-05-14 11:15:00+05:30,90.5,90.5,90.5,90.5,1
2015-05-14 12:15:00+05:30,90.5,93.85,90.3,92.0,10024
2015-05-14 13:15:00+05:30,92.0,92.0,90.55,90.55,500
2015-05-14 14:15:00+05:30,90.55,91.6,90.55,91.6,213
2015-05-14 15:15:00+05:30,91.6,91.7,91.2,91.7,15
2015-05-15 09:15:00+05:30,0.0,0.0,0.0,0.0,0
2015-05-15 10:15:00+05:30,0.0,94.0,0.0,92.0,10300
2015-05-15 11:15:00+05:30,92.0,93.0,92.0,92.0,404
2015-05-15 12:15:00+05:30,92.0,92.0,92.0,92.0,0
2015-05-15 13:15:00+05:30,92.0,92.0,90.35,90.35,4
2015-05-15 14:15:00+05:30,90.35,92.7,90.25,92.7,58
2015-05-15 15:15:00+05:30,92.7,92.7,91.0,91.0,841
2015-05-18 09:15:00+05:30,0.0,92.0,0.0,92.0,506
2015-05-18 10:15:00+05:30,92.0,93.0,92.0,92.0,297
2015-05-18 11:15:00+05:30,92.0,92.0,92.0,92.0,0
2015-05-18 12:15:00+05:30,92.0,92.0,92.0,92.0,2
2015-05-18 13:15:00+05:30,92.0,92.0,92.0,92.0,62
2015-05-18 14:15:00+05:30,92.0,92.0,92.0,92.0,3
2015-05-18 15:15:00+05:30,92.0,92.0,90.6,91.0,147
2015-05-19 09:15:00+05:30,0.0,0.0,0.0,0.0,0
2015-05-19 10:15:00+05:30,0.0,92.5,0.0,92.0,585
2015-05-19 11:15:00+05:30,92.0,92.5,90.35,90.35,878
2015-05-19 12:15:00+05:30,90.35,92.45,90.35,92.45,552
2015-05-19 13:15:00+05:30,92.45,92.45,90.25,91.6,504
2015-05-19 14:15:00+05:30,91.6,91.6,89.0,90.0,10104
2015-05-19 15:15:00+05:30,90.0,90.5,90.0,90.5,306
2015-05-20 09:15:00+05:30,0.0,0.0,0.0,0.0,0
2015-05-20 10:15:00+05:30,0.0,0.0,0.0,0.0,0
2015-05-20 11:15:00+05:30,0.0,91.9,0.0,91.9,100
2015-05-20 12:15:00+05:30,91.9,91.9,90.5,90.5,100
2015-05-20 13:15:00+05:30,90.5,90.55,90.5,90.55,20
2015-05-20 14:15:00+05:30,90.5,90.55,89.25,89.5,6558
2015-05-20 15:15:00+05:30,89.5,90.5,89.5,89.5,601
2015-05-21 09:15:00+05:30,0.0,0.0,0.0,0.0,0
2015-05-21 10:15:00+05:30,0.0,91.45,0.0,91.45,4
2015-05-21 11:15:00+05:30,91.45,91.45,89.15,89.15,500
2015-05-21 12:15:00+05:30,89.15,89.15,89.15,89.15,0
2015-05-21 13:15:00+05:30,89.15,89.5,89.15,89.5,600
2015-05-21 14:15:00+05:30,89.5,89.5,89.25,89.25,1
2015-05-21 15:15:00+05:30,89.25,89.85,89.25,89.85,9
2015-05-22 09:15:00+05:30,0.0,89.15,0.0,89.15,1000
2015-05-22 10:15:00+05:30,89.15,89.3,89.15,89.3,30
2015-05-22 11:15:00+05:30,89.15,89.3,88.5,88.5,5000
2015-05-22 12:15:00+05:30,88.5,89.7,88.5,89.0,1155
2015-05-22 13:15:00+05:30,89.0,89.0,89.0,89.0,5
2015-05-22 14:15:00+05:30,89.0,92.7,89.0,89.2,12224
2015-05-22 15:15:00+05:30,89.2,91.8,89.2,91.75,490
2015-05-25 09:15:00+05:30,0.0,91.9,0.0,89.0,2
2015-05-25 10:15:00+05:30,89.0,89.0,89.0,89.0,0
2015-05-25 11:15:00+05:30,89.0,90.8,88.0,90.8,10404
2015-05-25 12:15:00+05:30,90.8,90.8,89.0,89.0,200
2015-05-25 13:15:00+05:30,89.0,90.7,89.0,90.7,2000
2015-05-25 14:15:00+05:30,90.7,92.55,89.4,90.1,14179
2015-05-25 15:15:00+05:30,90.1,92.55,90.1,92.55,178
2015-05-26 09:15:00+05:30,89.15,91.95,89.15,91.95,1001
2015-05-26 10:15:00+05:30,91.95,93.35,90.3,92.35,10060
2015-05-26 11:15:00+05:30,92.35,92.35,92.35,92.35,0
2015-05-26 12:15:00+05:30,92.35,92.35,92.35,92.35,0
2015-05-26 13:15:00+05:30,92.35,92.35,90.65,91.0,107
2015-05-26 14:15:00+05:30,91.0,91.85,90.9,90.9,199
2015-05-26 15:15:00+05:30,90.9,91.0,90.7,91.0,555
2015-05-27 09:15:00+05:30,0.0,91.95,0.0,91.95,100
2015-05-27 10:15:00+05:30,91.95,91.95,90.15,90.15,7
2015-05-27 11:15:00+05:30,90.15,91.0,90.05,90.05,820
2015-05-27 12:15:00+05:30,90.05,90.5,90.05,90.5,254
2015-05-27 13:15:00+05:30,90.05,90.5,90.05,90.5,0
2015-05-27 14:15:00+05:30,90.0,91.4,90.0,91.4,2404
2015-05-27 15:15:00+05:30,91.4,91.4,90.0,90.85,130
2015-05-28 09:15:00+05:30,0.0,92.5,0.0,92.5,5000
2015-05-28 10:15:00+05:30,92.5,92.5,91.85,91.85,56
2015-05-28 11:15:00+05:30,91.85,91.85,90.35,91.0,501
2015-05-28 12:15:00+05:30,90.85,91.8,90.5,91.8,701
2015-05-28 13:15:00+05:30,91.8,91.8,91.8,91.8,0
2015-05-28 14:15:00+05:30,91.8,93.4,90.55,92.4,10049
2015-05-28 15:15:00+05:30,92.4,92.4,90.65,90.7,1453
2015-05-29 09:15:00+05:30,0.0,92.0,0.0,92.0,402
2015-05-29 10:15:00+05:30,92.0,92.0,91.8,91.8,219
2015-05-29 11:15:00+05:30,91.8,91.8,90.45,90.45,50
2015-05-29 12:15:00+05:30,90.45,92.9,90.45,92.0,5001
2015-05-29 13:15:00+05:30,92.0,92.0,90.65,90.65,105
2015-05-29 14:15:00+05:30,90.65,92.0,90.65,92.0,89
2015-05-29 15:15:00+05:30,92.0,92.0,91.0,91.0,251
2015-06-01 09:15:00+05:30,0.0,91.5,0.0,91.5,200
2015-06-01 10:15:00+05:30,91.5,94.4,91.5,93.7,5160
2015-06-01 11:15:00+05:30,93.7,93.7,92.0,92.0,310
2015-06-01 12:15:00+05:30,92.0,92.0,91.8,91.8,492
2015-06-01 13:15:00+05:30,91.8,91.95,90.75,90.75,54
2015-06-01 14:15:00+05:30,90.75,90.75,90.7,90.7,1
2015-06-01 15:15:00+05:30,90.7,91.85,90.0,90.0,1238
2015-06-02 09:15:00+05:30,93.4,93.4,90.0,90.05,101
2015-06-02 10:15:00+05:30,90.05,90.05,90.0,90.0,550
2015-06-02 11:15:00+05:30,90.0,90.0,90.0,90.0,275
2015-06-02 12:15:00+05:30,90.0,90.0,90.0,90.0,0
2015-06-02 13:15:00+05:30,90.0,90.95,90.0,90.95,27
2015-06-02 14:15:00+05:30,90.95,90.95,90.25,90.25,50
2015-06-02 15:15:00+05:30,90.25,90.6,89.55,90.0,882
2015-06-03 09:15:00+05:30,91.0,92.0,91.0,91.0,12
2015-06-03 10:15:00+05:30,91.0,91.0,91.0,91.0,0
2015-06-03 11:15:00+05:30,91.0,91.0,89.6,89.6,204
2015-06-03 12:15:00+05:30,90.0,90.0,88.0,89.0,8624
2015-06-03 13:15:00+05:30,89.0,89.0,89.0,89.0,0
2015-06-03 14:15:00+05:30,89.0,89.95,88.25,89.8,4007
2015-06-03 15:15:00+05:30,89.8,89.8,89.0,89.0,5375
2015-06-04 09:15:00+05:30,88.4,88.4,88.4,88.4,0
2015-06-04 10:15:00+05:30,88.4,92.0,88.4,92.0,5000
2015-06-04 11:15:00+05:30,92.0,92.0,90.0,91.9,5016
2015-06-04 12:15:00+05:30,91.9,91.9,90.15,90.15,91
2015-06-04 13:15:00+05:30,90.15,91.45,90.15,91.0,721
2015-06-04 14:15:00+05:30,91.0,91.45,91.0,91.45,2
2015-06-04 15:15:00+05:30,91.45,91.5,90.15,91.5,82
2015-06-05 09:15:00+05:30,0.0,0.0,0.0,0.0,0
2015-06-05 10:15:00+05:30,0.0,90.0,0.0,90.0,10
2015-06-05 11:15:00+05:30,90.0,91.0,90.0,91.0,127
2015-06-05 12:15:00+05:30,91.0,91.0,91.0,91.0,0
2015-06-05 13:15:00+05:30,91.0,92.0,91.0,91.75,7101
2015-06-05 14:15:00+05:30,91.75,92.0,90.4,90.4,4153
2015-06-05 15:15:00+05:30,90.4,92.0,90.4,92.0,300
2015-06-08 09:15:00+05:30,91.0,92.0,91.0,92.0,1
2015-06-08 10:15:00+05:30,92.0,92.0,90.5,91.95,82
2015-06-08 11:15:00+05:30,91.95,92.0,91.95,91.95,628
2015-06-08 12:15:00+05:30,91.95,91.95,88.0,90.0,18731
2015-06-08 13:15:00+05:30,90.0,90.5,88.55,88.55,6576
2015-06-08 14:15:00+05:30,88.55,89.9,88.55,89.8,3
2015-06-08 15:15:00+05:30,89.8,89.9,89.0,89.9,251
2015-06-09 09:15:00+05:30,0.0,90.0,0.0,90.0,172
2015-06-09 10:15:00+05:30,90.0,90.0,90.0,90.0,539
2015-06-09 11:15:00+05:30,90.0,90.0,90.0,90.0,0
2015-06-09 12:15:00+05:30,90.0,90.8,89.25,89.25,1502
2015-06-09 13:15:00+05:30,89.25,90.5,89.25,90.5,250
2015-06-09 14:15:00+05:30,90.5,90.5,89.5,90.5,154
2015-06-09 15:15:00+05:30,90.5,90.5,89.0,89.0,2150
2015-06-10 09:15:00+05:30,81.1,91.0,81.1,89.25,242
2015-06-10 10:15:00+05:30,89.25,89.5,89.25,89.5,96
2015-06-10 11:15:00+05:30,89.5,90.8,89.5,90.25,814
2015-06-10 12:15:00+05:30,90.25,90.5,90.25,90.25,200
2015-06-10 13:15:00+05:30,90.5,90.5,89.75,89.75,89
2015-06-10 14:15:00+05:30,89.75,90.75,89.75,90.75,60
2015-06-10 15:15:00+05:30,90.5,91.0,90.5,91.0,250
2015-06-11 09:15:00+05:30,0.0,91.45,0.0,90.0,1788
2015-06-11 10:15:00+05:30,90.0,91.0,90.0,91.0,100
2015-06-11 11:15:00+05:30,91.0,91.0,89.25,89.25,252
2015-06-11 12:15:00+05:30,89.25,89.25,89.25,89.25,0
2015-06-11 13:15:00+05:30,89.25,90.0,89.25,90.0,15
2015-06-11 14:15:00+05:30,90.0,92.35,89.2,91.9,5104
2015-06-11 15:15:00+05:30,91.9,91.9,89.3,91.7,670
2015-06-12 09:15:00+05:30,0.0,0.0,0.0,0.0,0
2015-06-12 10:15:00+05:30,0.0,90.05,0.0,90.0,400
2015-06-12 11:15:00+05:30,90.0,90.0,90.0,90.0,0
2015-06-12 12:15:00+05:30,90.0,90.0,90.0,90.0,0
2015-06-12 13:15:00+05:30,90.0,94.0,90.0,92.8,26082
2015-06-12 14:15:00+05:30,92.8,92.8,91.5,92.0,517
2015-06-12 15:15:00+05:30,92.0,92.4,91.0,92.0,1220
2015-06-15 09:15:00+05:30,0.0,92.0,0.0,92.0,1
2015-06-15 10:15:00+05:30,92.0,92.3,91.95,92.25,6103
2015-06-15 11:15:00+05:30,92.25,92.25,90.5,90.5,1652
2015-06-15 12:15:00+05:30,90.5,90.5,90.0,90.0,7481
2015-06-15 13:15:00+05:30,90.0,90.45,89.3,90.0,7875
2015-06-15 14:15:00+05:30,90.9,90.9,88.6,89.8,4272
2015-06-15 15:15:00+05:30,89.8,89.95,88.8,88.8,815
2015-06-16 09:15:00+05:30,0.0,0.0,0.0,0.0,0
2015-06-16 10:15:00+05:30,0.0,90.5,0.0,90.5,25
2015-06-16 11:15:00+05:30,0.0,90.5,0.0,87.9,8002
2015-06-16 12:15:00+05:30,87.9,88.8,87.7,88.8,1007
2015-06-16 13:15:00+05:30,88.0,88.8,88.0,88.8,1073
2015-06-16 14:15:00+05:30,88.8,88.8,88.8,88.8,5
2015-06-16 15:15:00+05:30,88.8,88.8,88.0,88.1,189
2015-06-17 09:15:00+05:30,0.0,88.1,0.0,87.15,201
2015-06-17 10:15:00+05:30,87.15,88.05,87.0,88.05,3201
2015-06-17 11:15:00+05:30,88.05,88.05,88.0,88.0,152
2015-06-17 12:15:00+05:30,88.0,89.25,88.0,88.0,202
2015-06-17 13:15:00+05:30,88.15,88.15,88.0,88.0,1
2015-06-17 14:15:00+05:30,88.0,88.15,88.0,88.1,1065
2015-06-17 15:15:00+05:30,88.1,88.1,88.05,88.05,96
2015-06-18 09:15:00+05:30,0.0,87.0,0.0,87.0,30
2015-06-18 10:15:00+05:30,87.0,90.0,87.0,90.0,1
2015-06-18 11:15:00+05:30,90.0,90.0,90.0,90.0,0
2015-06-18 12:15:00+05:30,90.0,90.0,88.5,88.5,600
2015-06-18 13:15:00+05:30,88.5,88.5,88.4,88.5,140
2015-06-18 14:15:00+05:30,88.4,89.0,88.05,88.05,140
2015-06-18 15:15:00+05:30,88.05,88.1,88.0,88.0,100
2015-06-19 09:15:00+05:30,0.0,87.3,0.0,87.3,48
2015-06-19 10:15:00+05:30,87.3,87.4,87.3,87.4,10
2015-06-19 11:15:00+05:30,87.4,88.0,87.4,88.0,1200
2015-06-19 12:15:00+05:30,88.0,88.0,88.0,88.0,2252
2015-06-19 13:15:00+05:30,88.0,88.0,87.5,87.5,3210
2015-06-19 14:15:00+05:30,87.5,90.4,86.0,89.0,20083
2015-06-19 15:15:00+05:30,89.0,92.25,87.65,90.0,10414
2015-06-22 09:15:00+05:30,88.15,90.25,88.15,90.25,100
2015-06-22 10:15:00+05:30,90.25,90.5,88.3,88.3,600
2015-06-22 11:15:00+05:30,88.3,88.3,88.3,88.3,0
2015-06-22 12:15:00+05:30,88.3,90.4,88.3,89.5,6
2015-06-22 13:15:00+05:30,89.5,89.5,89.5,89.5,0
2015-06-22 14:15:00+05:30,89.5,91.0,89.5,91.0,2194
2015-06-22 15:15:00+05:30,91.0,92.0,90.0,90.1,35360
2015-06-23 09:15:00+05:30,0.0,89.5,0.0,89.5,1
2015-06-23 10:15:00+05:30,89.5,91.45,89.5,91.45,7
2015-06-23 11:15:00+05:30,91.45,91.45,90.05,91.15,197
2015-06-23 12:15:00+05:30,91.15,91.15,91.15,91.15,0
2015-06-23 13:15:00+05:30,91.15,91.5,90.15,91.15,580
2015-06-23 14:15:00+05:30,90.15,92.0,87.6,88.0,36492
2015-06-23 15:15:00+05:30,88.0,89.8,87.7,89.0,4029
2015-06-24 09:15:00+05:30,0.0,92.0,0.0,90.25,15480
2015-06-24 10:15:00+05:30,90.25,90.95,88.25,89.0,5208
2015-06-24 11:15:00+05:30,89.0,89.0,88.2,89.0,1188
2015-06-24 12:15:00+05:30,89.0,89.0,89.0,89.0,225
2015-06-24 13:15:00+05:30,89.0,89.0,88.25,88.25,11130
2015-06-24 14:15:00+05:30,88.25,91.8,88.25,90.0,15090
2015-06-24 15:15:00+05:30,90.0,90.0,90.0,90.0,171
2015-06-25 09:15:00+05:30,0.0,91.5,0.0,88.65,15050
2015-06-25 10:15:00+05:30,88.65,88.65,88.65,88.65,0
2015-06-25 11:15:00+05:30,88.65,90.9,88.65,89.45,20
2015-06-25 12:15:00+05:30,89.45,89.65,89.45,89.65,100
2015-06-25 13:15:00+05:30,89.65,90.7,89.65,90.3,110
2015-06-25 14:15:00+05:30,90.3,90.95,90.2,90.2,241
2015-06-25 15:15:00+05:30,90.2,91.45,88.8,88.85,20281
2015-06-26 09:15:00+05:30,91.5,91.5,91.5,91.5,0
2015-06-26 10:15:00+05:30,91.5,91.5,90.0,90.5,301
2015-06-26 11:15:00+05:30,90.0,90.5,90.0,90.5,2000
2015-06-26 12:15:00+05:30,90.5,90.5,88.7,89.0,4212
2015-06-26 13:15:00+05:30,89.0,89.0,88.05,89.0,21914
2015-06-26 14:15:00+05:30,89.0,89.0,88.8,88.8,299
2015-06-26 15:15:00+05:30,88.8,88.95,88.5,88.6,1401
2015-06-29 14:15:00+05:30,87.65,87.65,87.5,87.5,7492
2015-06-29 15:15:00+05:30,87.5,87.5,87.5,87.5,2408
2015-06-30 09:15:00+05:30,90.0,90.0,89.0,89.0,1
2015-06-30 10:15:00+05:30,89.0,89.0,89.0,89.0,10
2015-06-30 11:15:00+05:30,89.0,89.0,87.35,88.2,2662
2015-06-30 12:15:00+05:30,88.2,88.2,88.0,88.0,3
2015-06-30 13:15:00+05:30,88.0,88.2,88.0,88.2,500
2015-06-30 14:15:00+05:30,88.2,90.0,87.5,87.5,13167
2015-06-30 15:15:00+05:30,87.5,87.5,86.15,87.0,1062
2015-07-01 09:15:00+05:30,88.25,89.0,88.25,89.0,74
2015-07-01 10:15:00+05:30,89.0,89.0,88.35,88.35,744
2015-07-01 11:15:00+05:30,88.35,88.45,88.15,88.2,1341
2015-07-01 12:15:00+05:30,88.2,88.2,88.2,88.2,537
2015-07-01 13:15:00+05:30,88.2,88.2,88.0,88.0,152
2015-07-01 14:15:00+05:30,88.0,88.2,88.0,88.2,90
2015-07-01 15:15:00+05:30,88.2,88.2,87.75,88.0,1703
2015-07-02 09:15:00+05:30,88.0,88.9,88.0,88.9,50
2015-07-02 10:15:00+05:30,88.9,89.0,88.5,88.5,419
2015-07-02 11:15:00+05:30,89.0,89.5,88.0,88.5,5586
2015-07-02 12:15:00+05:30,88.5,90.0,84.5,85.85,49205
2015-07-02 13:15:00+05:30,85.85,86.8,85.8,86.7,783
2015-07-02 14:15:00+05:30,86.7,86.7,86.0,86.0,102
2015-07-02 15:15:00+05:30,86.0,86.0,85.1,85.65,2259
2015-07-03 09:15:00+05:30,0.0,87.45,0.0,87.45,214
2015-07-03 10:15:00+05:30,87.45,89.0,87.0,88.0,15004
2015-07-03 11:15:00+05:30,88.0,88.0,86.5,86.5,2
2015-07-03 12:15:00+05:30,86.5,87.05,86.5,87.05,450
2015-07-03 13:15:00+05:30,87.05,87.05,87.05,87.05,0
2015-07-03 14:15:00+05:30,87.05,87.45,87.05,87.45,109
2015-07-03 15:15:00+05:30,87.45,87.8,85.6,87.8,2160
2015-07-06 09:15:00+05:30,0.0,88.0,0.0,88.0,1773
2015-07-06 10:15:00+05:30,88.0,88.0,87.0,87.0,1453
2015-07-06 11:15:00+05:30,87.0,87.0,86.3,86.95,200
2015-07-06 12:15:00+05:30,86.95,86.95,86.5,86.5,3799
2015-07-06 13:15:00+05:30,86.5,86.5,86.4,86.5,2511
2015-07-06 14:15:00+05:30,86.45,86.5,86.45,86.5,5763
2015-07-06 15:15:00+05:30,86.5,88.0,85.95,88.0,1934
2015-07-07 09:15:00+05:30,0.0,88.0,0.0,88.0,1400
2015-07-07 10:15:00+05:30,88.0,88.0,87.95,87.95,1202
2015-07-07 11:15:00+05:30,87.95,87.95,87.35,87.35,300
2015-07-07 12:15:00+05:30,87.35,87.35,86.5,87.0,1712
2015-07-07 13:15:00+05:30,87.0,87.9,87.0,87.85,1373
2015-07-07 14:15:00+05:30,87.85,87.85,85.2,85.2,3751
2015-07-07 15:15:00+05:30,86.0,87.5,84.5,85.75,6518
2015-07-08 09:15:00+05:30,0.0,86.95,0.0,86.9,360
2015-07-08 10:15:00+05:30,86.9,86.9,85.2,86.6,51
2015-07-08 11:15:00+05:30,86.6,86.6,84.0,85.95,301
2015-07-08 12:15:00+05:30,85.95,85.95,84.0,85.85,860
2015-07-08 13:15:00+05:30,85.5,85.85,83.0,84.8,2991
2015-07-08 14:15:00+05:30,84.8,84.8,82.9,84.0,3876
2015-07-08 15:15:00+05:30,84.0,84.5,82.75,83.5,2152
2015-07-09 09:15:00+05:30,83.4,86.95,83.4,85.5,572
2015-07-09 10:15:00+05:30,86.95,87.35,85.5,87.3,3354
2015-07-09 11:15:00+05:30,87.3,87.35,87.0,87.0,452
2015-07-09 12:15:00+05:30,87.0,87.35,87.0,87.35,513
2015-07-09 13:15:00+05:30,87.35,87.35,86.25,86.3,125
2015-07-09 14:15:00+05:30,86.3,87.35,86.3,87.35,300
2015-07-09 15:15:00+05:30,87.35,87.5,84.95,86.8,21477
2015-07-10 09:15:00+05:30,0.0,87.45,0.0,87.45,25
2015-07-10 10:15:00+05:30,87.45,87.45,87.45,87.45,0
2015-07-10 11:15:00+05:30,87.45,87.45,87.0,87.15,450
2015-07-10 12:15:00+05:30,87.15,87.15,87.1,87.1,200
2015-07-10 13:15:00+05:30,87.1,87.15,86.95,87.15,131
2015-07-10 14:15:00+05:30,86.0,86.95,83.0,83.8,11853
2015-07-10 15:15:00+05:30,83.8,83.8,82.5,82.5,1826
2015-07-13 09:15:00+05:30,0.0,86.0,0.0,83.7,924
2015-07-13 10:15:00+05:30,83.5,84.7,83.5,84.0,1441
2015-07-13 11:15:00+05:30,84.0,84.0,84.0,84.0,200
2015-07-13 12:15:00+05:30,84.0,84.3,84.0,84.3,700
2015-07-13 13:15:00+05:30,84.3,84.3,83.95,84.3,550
2015-07-13 14:15:00+05:30,84.3,84.3,83.95,84.0,205
2015-07-13 15:15:00+05:30,84.0,84.95,84.0,84.95,2766
2015-07-14 09:15:00+05:30,0.0,85.7,0.0,85.5,728
2015-07-14 10:15:00+05:30,85.5,85.5,85.5,85.5,0
2015-07-14 11:15:00+05:30,85.5,85.5,84.55,84.55,878
2015-07-14 12:15:00+05:30,84.55,85.65,84.55,85.65,151
2015-07-14 13:15:00+05:30,85.65,85.65,83.25,84.0,9465
2015-07-14 14:15:00+05:30,84.0,84.45,83.5,83.5,812
2015-07-14 15:15:00+05:30,83.5,84.35,83.5,83.55,700
2015-07-15 09:15:00+05:30,0.0,85.85,0.0,85.6,801
2015-07-15 10:15:00+05:30,85.6,85.6,84.5,85.5,578
2015-07-15 11:15:00+05:30,85.5,85.5,84.55,85.35,200
2015-07-15 12:15:00+05:30,85.35,85.35,84.0,84.0,729
2015-07-15 13:15:00+05:30,84.1,84.5,84.0,84.5,88
2015-07-15 14:15:00+05:30,84.5,84.5,84.5,84.5,1
2015-07-15 15:15:00+05:30,84.5,85.4,84.5,85.4,180
2015-07-16 09:15:00+05:30,83.0,85.0,83.0,84.85,1306
2015-07-16 10:15:00+05:30,84.85,84.85,84.85,84.85,200
2015-07-16 11:15:00+05:30,84.85,84.85,83.0,84.2,1001
2015-07-16 12:15:00+05:30,84.2,84.2,83.0,83.95,2340
2015-07-16 13:15:00+05:30,83.85,83.95,82.0,83.55,3591
2015-07-16 14:15:00+05:30,83.55,85.5,82.1,82.55,13888
2015-07-16 15:15:00+05:30,82.55,83.8,82.55,83.35,333
2015-07-17 09:15:00+05:30,0.0,83.9,0.0,83.9,100
2015-07-17 10:15:00+05:30,83.9,84.0,82.65,83.1,2140
2015-07-17 11:15:00+05:30,83.9,83.95,83.1,83.95,146
2015-07-17 12:15:00+05:30,83.4,83.9,83.1,83.1,197
2015-07-17 13:15:00+05:30,83.1,83.6,83.1,83.6,1601
2015-07-17 14:15:00+05:30,83.6,83.6,82.65,82.65,408
2015-07-17 15:15:00+05:30,82.65,83.6,82.65,82.8,500
2015-07-20 09:15:00+05:30,85.0,85.45,83.55,85.0,697
2015-07-20 10:15:00+05:30,85.0,85.0,84.0,84.0,8
2015-07-20 11:15:00+05:30,84.0,84.0,82.5,83.95,581
2015-07-20 12:15:00+05:30,83.95,83.95,83.95,83.95,0
2015-07-20 13:15:00+05:30,83.95,84.0,83.95,84.0,220
2015-07-20 14:15:00+05:30,84.0,84.9,83.15,84.5,1258
2015-07-20 15:15:00+05:30,84.5,84.95,84.5,84.6,3420
2015-07-21 09:15:00+05:30,0.0,84.9,0.0,84.9,560
2015-07-21 10:15:00+05:30,84.95,85.0,84.95,85.0,161
2015-07-21 11:15:00+05:30,85.0,85.0,83.7,84.8,745
2015-07-21 12:15:00+05:30,84.9,84.95,84.8,84.95,50
2015-07-21 13:15:00+05:30,84.95,84.95,84.9,84.9,10
2015-07-21 14:15:00+05:30,84.9,84.9,84.0,84.5,230
2015-07-21 15:15:00+05:30,84.5,84.85,84.5,84.5,156
2015-07-22 09:15:00+05:30,87.0,87.0,84.25,84.95,1854
2015-07-22 10:15:00+05:30,84.95,86.5,84.95,85.05,316
2015-07-22 11:15:00+05:30,85.05,86.0,85.05,85.05,172
2015-07-22 12:15:00+05:30,85.05,85.25,84.8,84.85,546
2015-07-22 13:15:00+05:30,85.25,85.8,84.85,85.8,170
2015-07-22 14:15:00+05:30,85.8,86.35,85.8,86.35,542
2015-07-22 15:15:00+05:30,86.35,86.35,86.0,86.35,740
2015-07-23 09:15:00+05:30,87.0,87.0,86.45,86.45,382
2015-07-23 10:15:00+05:30,86.45,86.5,86.0,86.5,622
2015-07-23 11:15:00+05:30,86.5,87.0,86.0,87.0,814
2015-07-23 12:15:00+05:30,87.0,87.0,86.6,87.0,4100
2015-07-23 13:15:00+05:30,87.0,87.0,87.0,87.0,1227
2015-07-23 14:15:00+05:30,87.0,87.95,86.0,87.0,684
2015-07-23 15:15:00+05:30,87.0,87.8,87.0,87.8,604
2015-07-24 09:15:00+05:30,90.0,90.0,80.05,88.4,1601
2015-07-24 10:15:00+05:30,88.4,88.4,86.6,87.0,816
2015-07-24 11:15:00+05:30,87.0,87.5,87.0,87.5,1201
2015-07-24 12:15:00+05:30,87.5,87.9,87.5,87.5,1610
2015-07-24 13:15:00+05:30,87.5,88.2,87.1,87.7,857
2015-07-24 14:15:00+05:30,87.1,88.2,86.65,87.75,1492
2015-07-24 15:15:00+05:30,87.75,87.8,87.0,87.8,415
2015-07-27 09:15:00+05:30,92.0,92.0,86.3,89.0,20565
2015-07-27 10:15:00+05:30,89.0,89.0,85.95,85.95,3914
2015-07-27 11:15:00+05:30,85.95,86.0,85.95,86.0,284
2015-07-27 12:15:00+05:30,86.0,86.0,85.0,85.0,2635
2015-07-27 13:15:00+05:30,85.0,87.0,84.6,86.9,5605
2015-07-27 14:15:00+05:30,86.9,86.95,86.9,86.95,1
2015-07-27 15:15:00+05:30,86.95,86.95,85.9,85.9,2150
2015-07-28 09:15:00+05:30,84.0,88.95,82.0,82.55,41897
2015-07-28 10:15:00+05:30,82.55,88.0,82.55,84.25,52835
2015-07-28 11:15:00+05:30,84.25,84.9,74.1,75.5,53700
2015-07-28 12:15:00+05:30,75.5,77.6,74.5,74.5,29446
2015-07-28 13:15:00+05:30,74.5,76.7,72.35,76.55,51559
2015-07-28 14:15:00+05:30,76.55,76.9,74.8,74.8,24255
2015-07-28 15:15:00+05:30,74.8,76.75,74.8,75.2,19042
2015-07-29 09:15:00+05:30,78.8,79.4,75.8,78.0,92802
2015-07-29 10:15:00+05:30,78.0,78.4,76.65,76.9,24114
2015-07-29 11:15:00+05:30,76.9,77.8,76.65,77.5,23280
2015-07-29 12:15:00+05:30,77.5,79.5,77.5,78.5,24326
2015-07-29 13:15:00+05:30,78.6,78.9,77.5,77.8,8462
2015-07-29 14:15:00+05:30,77.8,78.0,76.85,77.2,10508
2015-07-29 15:15:00+05:30,77.4,77.8,76.6,77.3,17114
2015-07-30 09:15:00+05:30,78.0,78.7,77.2,77.8,11087
2015-07-30 10:15:00+05:30,77.8,78.45,77.5,77.6,7490
2015-07-30 11:15:00+05:30,77.6,78.0,77.6,77.85,6853
2015-07-30 12:15:00+05:30,77.85,77.85,77.5,77.5,3519
2015-07-30 13:15:00+05:30,77.5,77.95,77.5,77.8,4687
2015-07-30 14:15:00+05:30,77.8,77.85,76.1,76.45,9486
2015-07-30 15:15:00+05:30,76.45,76.5,76.05,76.5,7379
2015-07-31 09:15:00+05:30,76.8,77.9,76.2,76.35,4328
2015-07-31 10:15:00+05:30,76.2,76.2,75.35,75.9,3413
2015-07-31 11:15:00+05:30,75.9,77.0,75.6,76.15,6775
2015-07-31 12:15:00+05:30,76.15,76.55,75.4,75.6,6374
2015-07-31 13:15:00+05:30,75.6,76.7,75.6,76.05,2007
2015-07-31 14:15:00+05:30,76.05,77.0,74.85,75.7,17295
2015-07-31 15:15:00+05:30,75.7,75.75,75.0,75.55,4282
2015-08-03 09:15:00+05:30,76.7,76.85,74.05,75.95,9152
2015-08-03 10:15:00+05:30,75.95,75.95,74.2,75.55,10725
2015-08-03 11:15:00+05:30,75.55,75.55,74.5,74.8,4546
2015-08-03 12:15:00+05:30,74.8,75.0,74.4,74.4,9677
2015-08-03 13:15:00+05:30,74.4,74.5,73.2,74.45,17746
2015-08-03 14:15:00+05:30,74.45,74.45,73.5,73.55,4606
2015-08-03 15:15:00+05:30,73.75,74.0,73.5,74.0,5098
2015-08-04 09:15:00+05:30,74.85,75.6,73.6,73.6,6486
2015-08-04 10:15:00+05:30,73.6,74.0,72.6,74.0,3707
2015-08-04 11:15:00+05:30,74.0,74.0,73.65,74.0,22999
2015-08-04 12:15:00+05:30,74.0,74.15,73.35,73.6,12565
2015-08-04 13:15:00+05:30,73.8,74.0,73.6,73.7,3659
2015-08-04 14:15:00+05:30,73.7,74.0,73.5,73.95,7307
2015-08-04 15:15:00+05:30,73.95,73.95,73.25,73.8,2702
2015-08-05 09:15:00+05:30,74.85,74.85,73.25,73.9,3571
2015-08-05 10:15:00+05:30,73.9,73.95,73.0,73.0,10786
2015-08-05 11:15:00+05:30,73.0,73.4,71.55,73.4,4716
2015-08-05 12:15:00+05:30,73.4,73.55,73.3,73.5,5353
2015-08-05 13:15:00+05:30,73.5,73.85,73.2,73.2,8323
2015-08-05 14:15:00+05:30,73.2,73.5,73.0,73.0,2403
2015-08-05 15:15:00+05:30,73.35,73.35,73.1,73.1,2216
2015-08-06 09:15:00+05:30,75.3,75.3,73.7,74.0,3943
2015-08-06 10:15:00+05:30,74.0,74.0,73.4,73.5,3743
2015-08-06 11:15:00+05:30,73.5,73.9,73.4,73.5,2316
2015-08-06 12:15:00+05:30,73.5,73.8,73.0,73.65,3101
2015-08-06 13:15:00+05:30,73.65,73.75,73.4,73.55,4382
2015-08-06 14:15:00+05:30,73.55,73.8,72.2,72.2,47795
2015-08-06 15:15:00+05:30,72.2,72.8,72.0,72.15,10543
2015-08-07 09:15:00+05:30,78.0,83.15,75.5,78.9,569325
2015-08-07 10:15:00+05:30,78.85,82.6,78.5,81.8,135110
2015-08-07 11:15:00+05:30,81.7,82.5,80.8,82.0,74812
2015-08-07 12:15:00+05:30,82.0,86.4,81.95,86.3,256151
2015-08-07 13:15:00+05:30,86.3,86.4,83.65,85.15,121485
2015-08-07 14:15:00+05:30,85.15,86.85,83.6,83.7,266872
2015-08-07 15:15:00+05:30,83.7,84.35,83.5,84.0,44670
2015-08-10 09:15:00+05:30,84.4,85.5,80.6,83.5,82544
2015-08-10 10:15:00+05:30,83.5,84.75,83.0,84.0,16203
2015-08-10 11:15:00+05:30,84.0,84.05,82.2,82.2,17077
2015-08-10 12:15:00+05:30,82.2,82.7,81.0,82.0,12130
2015-08-10 13:15:00+05:30,82.0,82.5,81.15,81.95,6058
2015-08-10 14:15:00+05:30,81.95,82.0,80.5,80.5,10069
2015-08-10 15:15:00+05:30,80.5,85.0,80.5,82.0,25810
2015-08-11 09:15:00+05:30,82.8,82.8,78.85,80.5,27567
2015-08-11 10:15:00+05:30,80.5,83.3,79.5,81.5,28530
2015-08-11 11:15:00+05:30,81.5,82.25,80.55,80.8,13110
2015-08-11 12:15:00+05:30,80.8,81.7,80.5,80.75,1777
2015-08-11 13:15:00+05:30,80.75,80.8,79.9,79.9,3897
2015-08-11 14:15:00+05:30,79.9,80.25,79.8,79.95,7712
2015-08-11 15:15:00+05:30,79.95,80.75,79.4,79.4,6147
2015-08-12 09:15:00+05:30,80.4,80.4,78.1,79.2,11626
2015-08-12 10:15:00+05:30,78.75,78.75,77.7,78.45,3680
2015-08-12 11:15:00+05:30,78.45,78.45,77.8,77.8,1721
2015-08-12 12:15:00+05:30,77.8,78.2,77.6,78.0,4197
2015-08-12 13:15:00+05:30,78.0,78.3,77.75,77.75,3178
2015-08-12 14:15:00+05:30,77.75,77.75,76.65,76.9,4466
2015-08-12 15:15:00+05:30,76.9,78.5,76.65,78.5,4439
2015-08-13 09:15:00+05:30,78.45,79.0,76.05,77.7,5465
2015-08-13 10:15:00+05:30,77.7,77.9,76.7,77.8,2224
2015-08-13 11:15:00+05:30,77.8,77.8,77.05,77.2,1384
2015-08-13 12:15:00+05:30,77.2,77.8,77.05,77.25,1656
2015-08-13 13:15:00+05:30,77.3,77.7,77.3,77.65,2267
2015-08-13 14:15:00+05:30,77.65,77.7,76.6,76.85,5881
2015-08-13 15:15:00+05:30,76.85,77.0,75.5,75.5,7457
2015-08-14 09:15:00+05:30,79.8,79.8,74.1,76.4,4221
2015-08-14 10:15:00+05:30,76.4,77.2,76.35,77.15,1898
2015-08-14 11:15:00+05:30,77.15,77.85,76.8,77.55,1882
2015-08-14 12:15:00+05:30,77.55,77.7,77.25,77.7,1779
2015-08-14 13:15:00+05:30,77.7,77.7,77.4,77.4,507
2015-08-14 14:15:00+05:30,77.4,77.6,75.7,76.25,4996
2015-08-14 15:15:00+05:30,76.25,76.8,75.05,76.05,2551
2015-08-17 09:15:00+05:30,77.65,77.65,75.6,76.5,5389
2015-08-17 10:15:00+05:30,76.5,76.5,76.0,76.5,166
2015-08-17 11:15:00+05:30,76.5,76.5,75.55,75.55,1284
2015-08-17 12:15:00+05:30,75.55,76.0,75.5,76.0,608
2015-08-17 13:15:00+05:30,76.0,76.0,75.6,75.8,245
2015-08-17 14:15:00+05:30,75.8,75.95,75.1,75.75,1366
2015-08-17 15:15:00+05:30,75.75,76.0,75.45,75.6,2266
2015-08-18 09:15:00+05:30,76.25,78.1,76.1,77.6,10548
2015-08-18 10:15:00+05:30,77.6,77.6,76.3,76.3,5265
2015-08-18 11:15:00+05:30,76.3,76.5,76.3,76.45,6048
2015-08-18 12:15:00+05:30,76.45,78.0,76.1,78.0,11450
2015-08-18 13:15:00+05:30,78.0,78.25,77.35,77.85,3674
2015-08-18 14:15:00+05:30,77.85,86.45,77.55,83.4,68966
2015-08-18 15:15:00+05:30,83.4,83.95,82.65,83.0,17023
2015-08-19 09:15:00+05:30,83.35,85.9,83.0,84.1,20847
2015-08-19 10:15:00+05:30,84.1,88.25,84.0,87.0,73170
2015-08-19 11:15:00+05:30,87.0,87.0,85.5,86.0,14924
2015-08-19 12:15:00+05:30,86.0,86.0,84.2,85.2,7715
2015-08-19 13:15:00+05:30,85.05,85.1,83.4,84.0,9699
2015-08-19 14:15:00+05:30,84.0,84.9,83.3,83.8,6958
2015-08-19 15:15:00+05:30,84.0,84.35,82.0,82.7,13233
2015-08-20 09:15:00+05:30,84.8,84.8,82.6,83.15,16105
2015-08-20 10:15:00+05:30,83.5,84.0,82.1,83.85,4153
2015-08-20 11:15:00+05:30,83.85,83.95,82.35,83.0,2977
2015-08-20 12:15:00+05:30,83.0,83.0,80.3,81.4,4261
2015-08-20 13:15:00+05:30,81.9,81.9,80.65,80.8,5635
2015-08-20 14:15:00+05:30,81.0,81.0,79.1,79.7,13363
2015-08-20 15:15:00+05:30,79.7,80.55,79.05,79.85,11635
2015-08-21 09:15:00+05:30,79.0,79.0,76.0,77.9,6407
2015-08-21 10:15:00+05:30,77.9,77.9,77.0,77.65,3416
2015-08-21 11:15:00+05:30,77.65,78.0,77.55,77.9,2559
2015-08-21 12:15:00+05:30,77.9,77.9,77.5,77.6,1797
2015-08-21 13:15:00+05:30,77.9,78.05,77.55,77.65,4847
2015-08-21 14:15:00+05:30,77.65,78.0,77.6,77.9,2651
2015-08-21 15:15:00+05:30,77.9,81.5,77.9,80.0,9217
2015-08-24 09:15:00+05:30,75.0,77.45,75.0,76.25,11330
2015-08-24 10:15:00+05:30,76.25,76.9,74.15,75.05,11429
2015-08-24 11:15:00+05:30,75.05,76.4,75.05,76.1,1880
2015-08-24 12:15:00+05:30,76.1,76.1,74.3,75.3,12120
2015-08-24 13:15:00+05:30,75.3,75.8,72.5,72.55,14096
2015-08-24 14:15:00+05:30,72.55,72.8,71.1,72.6,18394
2015-08-24 15:15:00+05:30,72.1,72.9,65.1,71.2,9762
2015-08-25 09:15:00+05:30,72.0,74.45,70.05,70.05,6773
2015-08-25 10:15:00+05:30,70.05,71.0,69.75,69.95,4416
2015-08-25 11:15:00+05:30,69.75,73.0,68.0,69.4,20932
2015-08-25 12:15:00+05:30,69.65,71.0,69.1,71.0,2820
2015-08-25 13:15:00+05:30,71.0,73.0,71.0,72.0,5892
2015-08-25 14:15:00+05:30,72.0,73.65,69.75,72.0,17376
2015-08-25 15:15:00+05:30,72.0,72.4,71.6,72.25,2010
2015-08-26 09:15:00+05:30,75.9,75.9,70.2,72.3,3049
2015-08-26 10:15:00+05:30,72.3,73.85,72.05,73.15,5182
2015-08-26 11:15:00+05:30,73.15,74.9,73.15,73.25,3717
2015-08-26 12:15:00+05:30,73.25,73.85,72.95,73.35,313
2015-08-26 13:15:00+05:30,73.35,73.9,73.3,73.3,154
2015-08-26 14:15:00+05:30,73.3,73.9,71.55,73.0,5202
2015-08-26 15:15:00+05:30,73.0,73.3,72.2,73.3,429
2015-08-27 09:15:00+05:30,75.5,75.5,73.4,73.6,2161
2015-08-27 10:15:00+05:30,73.6,74.35,73.6,73.65,193
2015-08-27 11:15:00+05:30,73.65,75.3,73.65,75.0,6505
2015-08-27 12:15:00+05:30,75.0,75.25,74.0,74.7,3505
2015-08-27 13:15:00+05:30,74.7,74.95,74.0,74.65,935
2015-08-27 14:15:00+05:30,74.0,74.85,72.65,72.75,10063
2015-08-27 15:15:00+05:30,72.75,73.65,72.7,72.75,1318
2015-08-28 09:15:00+05:30,75.0,76.2,73.4,74.4,9835
2015-08-28 10:15:00+05:30,74.4,75.5,73.8,74.25,3122
2015-08-28 11:15:00+05:30,74.25,74.8,74.25,74.8,251
2015-08-28 12:15:00+05:30,74.8,75.0,73.5,73.5,1940
2015-08-28 13:15:00+05:30,73.5,74.0,73.4,73.4,1262
2015-08-28 14:15:00+05:30,73.4,74.35,73.4,74.35,1011
2015-08-28 15:15:00+05:30,74.35,74.35,73.4,73.95,685
2015-08-31 09:15:00+05:30,73.05,73.55,72.5,73.0,2353
2015-08-31 10:15:00+05:30,73.0,74.0,73.0,73.05,3193
2015-08-31 11:15:00+05:30,73.05,73.9,73.0,73.9,3212
2015-08-31 12:15:00+05:30,73.9,73.9,73.0,73.05,635
2015-08-31 13:15:00+05:30,73.05,73.75,72.2,72.2,1407
2015-08-31 14:15:00+05:30,72.2,73.8,72.2,73.7,5520
2015-08-31 15:15:00+05:30,73.7,74.5,73.4,74.5,1576
2015-09-01 09:15:00+05:30,74.0,74.0,72.3,72.55,2527
2015-09-01 10:15:00+05:30,72.55,73.35,72.55,72.9,1142
2015-09-01 11:15:00+05:30,72.9,73.35,72.6,72.6,311
2015-09-01 12:15:00+05:30,72.6,72.95,72.0,72.0,5029
2015-09-01 13:15:00+05:30,72.0,72.0,71.5,71.85,2413
2015-09-01 14:15:00+05:30,71.85,71.85,71.0,71.35,1495
2015-09-01 15:15:00+05:30,71.95,72.0,71.9,71.9,515
2015-09-02 09:15:00+05:30,74.5,74.5,70.7,71.8,2862
2015-09-02 10:15:00+05:30,71.8,72.2,71.55,72.15,391
2015-09-02 11:15:00+05:30,72.15,73.0,71.7,72.95,978
2015-09-02 12:15:00+05:30,72.95,73.0,72.35,72.35,334
2015-09-02 13:15:00+05:30,72.35,72.8,72.05,72.25,319
2015-09-02 14:15:00+05:30,72.25,72.8,72.0,72.45,1715
2015-09-02 15:15:00+05:30,72.45,72.9,72.05,72.9,931
2015-09-03 09:15:00+05:30,71.75,73.5,71.75,73.0,1914
2015-09-03 10:15:00+05:30,73.0,76.2,73.0,74.35,4452
2015-09-03 11:15:00+05:30,74.35,74.4,73.7,73.7,248
2015-09-03 12:15:00+05:30,73.7,74.2,73.5,74.0,130
2015-09-03 13:15:00+05:30,74.0,74.2,73.3,73.45,3933
2015-09-03 14:15:00+05:30,73.45,73.7,72.55,73.6,4644
2015-09-03 15:15:00+05:30,73.6,73.6,72.6,72.6,2429
2015-09-04 09:15:00+05:30,72.0,72.95,70.55,72.0,5668
2015-09-04 10:15:00+05:30,72.0,72.0,69.75,70.4,5140
2015-09-04 11:15:00+05:30,70.4,70.8,69.7,69.7,1444
2015-09-04 12:15:00+05:30,69.7,70.4,69.3,70.0,1639
2015-09-04 13:15:00+05:30,70.0,70.9,70.0,70.55,1204
2015-09-04 14:15:00+05:30,70.55,71.7,70.1,71.25,1267
2015-09-04 15:15:00+05:30,71.25,72.0,71.0,71.5,1212
2015-09-07 09:15:00+05:30,71.0,71.75,69.65,71.7,667
2015-09-07 10:15:00+05:30,71.7,71.95,71.5,71.5,351
2015-09-07 11:15:00+05:30,71.5,72.0,71.5,71.5,218
2015-09-07 12:15:00+05:30,71.5,71.8,71.15,71.45,1444
2015-09-07 13:15:00+05:30,71.45,71.95,71.35,71.5,1472
2015-09-07 14:15:00+05:30,71.5,71.5,70.15,70.5,2636
2015-09-07 15:15:00+05:30,70.6,70.9,70.0,70.0,820
2015-09-08 09:15:00+05:30,74.8,74.8,69.8,69.85,2820
2015-09-08 10:15:00+05:30,69.85,70.5,68.75,69.0,3150
2015-09-08 11:15:00+05:30,69.0,70.75,68.9,70.6,1340
2015-09-08 12:15:00+05:30,70.6,73.05,70.4,70.4,7247
2015-09-08 13:15:00+05:30,70.4,71.7,70.4,71.65,727
2015-09-08 14:15:00+05:30,71.5,72.5,71.5,71.95,827
2015-09-08 15:15:00+05:30,71.95,72.35,71.8,72.35,161
2015-09-09 09:15:00+05:30,74.95,74.95,72.5,73.6,597
2015-09-09 10:15:00+05:30,73.6,73.6,72.9,73.0,234
2015-09-09 11:15:00+05:30,73.0,73.5,72.9,73.3,1078
2015-09-09 12:15:00+05:30,73.3,73.3,72.5,73.3,582
2015-09-09 13:15:00+05:30,73.3,73.3,72.75,72.75,1187
2015-09-09 14:15:00+05:30,72.75,73.3,71.6,72.05,3406
2015-09-09 15:15:00+05:30,72.05,72.65,71.55,72.65,594
2015-09-10 09:15:00+05:30,73.2,73.2,70.75,70.75,108
2015-09-10 10:15:00+05:30,70.75,72.0,70.75,72.0,1065
2015-09-10 11:15:00+05:30,72.0,72.5,71.5,72.5,315
2015-09-10 12:15:00+05:30,72.5,72.5,71.25,71.45,380
2015-09-10 13:15:00+05:30,71.45,72.9,71.2,72.9,5572
2015-09-10 14:15:00+05:30,72.9,73.5,72.9,73.0,5146
2015-09-10 15:15:00+05:30,73.0,73.45,73.0,73.45,1323
2015-09-11 09:15:00+05:30,71.55,75.85,71.55,74.45,7311
2015-09-11 10:15:00+05:30,74.45,74.95,74.1,74.2,1004
2015-09-11 11:15:00+05:30,74.2,74.45,72.15,73.75,5711
2015-09-11 12:15:00+05:30,73.75,73.75,73.0,73.0,119
2015-09-11 13:15:00+05:30,73.0,73.95,73.0,73.5,2698
2015-09-11 14:15:00+05:30,73.5,74.9,72.7,74.1,698
2015-09-11 15:15:00+05:30,74.1,74.8,73.85,74.7,608
2015-09-14 09:15:00+05:30,76.2,76.2,73.2,73.2,250
2015-09-14 10:15:00+05:30,73.2,75.25,73.2,75.0,752
2015-09-14 11:15:00+05:30,75.0,75.6,75.0,75.1,901
2015-09-14 12:15:00+05:30,75.1,75.3,75.0,75.0,447
2015-09-14 13:15:00+05:30,75.0,75.25,75.0,75.0,5130
2015-09-14 14:15:00+05:30,75.0,75.85,74.15,74.15,11217
2015-09-14 15:15:00+05:30,74.15,74.15,73.1,73.25,748
2015-09-15 09:15:00+05:30,74.5,74.9,71.3,72.4,20382
2015-09-15 10:15:00+05:30,72.4,72.5,71.6,72.45,13127
2015-09-15 11:15:00+05:30,72.5,72.85,71.65,72.35,2157
2015-09-15 12:15:00+05:30,72.35,72.8,71.7,72.45,3304
2015-09-15 13:15:00+05:30,72.45,72.6,71.95,72.0,3735
2015-09-15 14:15:00+05:30,72.0,72.2,71.6,72.05,5599
2015-09-15 15:15:00+05:30,72.05,72.15,71.6,71.6,2507
2015-09-16 09:15:00+05:30,72.65,81.2,71.05,76.7,103509
2015-09-16 10:15:00+05:30,76.45,76.9,76.0,76.75,19595
2015-09-16 11:15:00+05:30,76.5,76.5,74.8,75.35,16721
2015-09-16 12:15:00+05:30,75.35,75.95,75.0,75.15,6801
2015-09-16 13:15:00+05:30,75.15,75.6,74.7,75.1,6753
2015-09-16 14:15:00+05:30,75.1,75.1,74.0,74.5,9660
2015-09-16 15:15:00+05:30,74.65,74.9,74.0,74.0,10500
2015-09-18 09:15:00+05:30,75.8,76.5,73.95,76.5,3624
2015-09-18 10:15:00+05:30,76.5,76.5,74.0,74.95,1290
2015-09-18 11:15:00+05:30,74.95,75.15,73.8,74.9,2088
2015-09-18 12:15:00+05:30,74.9,74.9,74.25,74.65,583
2015-09-18 13:15:00+05:30,74.65,75.0,74.0,74.0,3815
2015-09-18 14:15:00+05:30,74.0,74.55,73.5,73.5,803
2015-09-18 15:15:00+05:30,73.5,74.0,73.15,74.0,954
2015-09-21 09:15:00+05:30,75.0,76.6,72.5,75.05,3961
2015-09-21 10:15:00+05:30,75.05,75.05,74.15,74.9,489
2015-09-21 11:15:00+05:30,74.9,74.9,73.85,73.9,374
2015-09-21 12:15:00+05:30,73.9,77.15,73.7,77.0,5121
2015-09-21 13:15:00+05:30,77.0,77.4,75.65,77.25,7128
2015-09-21 14:15:00+05:30,77.25,77.5,76.85,77.0,4803
2015-09-21 15:15:00+05:30,77.0,77.5,77.0,77.5,1486
2015-09-22 09:15:00+05:30,78.65,78.65,75.3,76.0,2219
2015-09-22 10:15:00+05:30,76.0,76.9,74.7,75.85,1055
2015-09-22 11:15:00+05:30,75.85,75.85,75.05,75.45,489
2015-09-22 12:15:00+05:30,75.45,75.75,75.25,75.3,160
2015-09-22 13:15:00+05:30,75.3,76.1,74.5,75.0,2929
2015-09-22 14:15:00+05:30,75.0,77.0,74.0,74.5,3185
2015-09-22 15:15:00+05:30,74.5,74.85,74.5,74.5,554
2015-09-23 09:15:00+05:30,73.5,76.0,73.5,74.4,4931
2015-09-23 10:15:00+05:30,74.4,74.65,74.0,74.3,5646
2015-09-23 11:15:00+05:30,74.3,74.6,74.0,74.6,451
2015-09-23 12:15:00+05:30,74.6,75.25,74.1,74.85,1682
2015-09-23 13:15:00+05:30,74.85,75.2,74.35,75.15,1712
2015-09-23 14:15:00+05:30,75.15,75.15,74.35,74.5,2206
2015-09-23 15:15:00+05:30,74.5,75.15,74.45,74.5,2569
2015-09-24 09:15:00+05:30,75.75,75.95,73.05,74.9,5292
2015-09-24 10:15:00+05:30,74.9,75.8,74.1,74.75,1631
2015-09-24 11:15:00+05:30,74.75,75.0,74.35,74.95,454
2015-09-24 12:15:00+05:30,74.95,74.95,74.95,74.95,102
2015-09-24 13:15:00+05:30,74.95,74.95,74.0,74.95,4002
2015-09-24 14:15:00+05:30,74.95,74.95,74.3,74.3,1217
2015-09-24 15:15:00+05:30,74.3,74.45,74.3,74.4,629
2015-09-28 09:15:00+05:30,75.75,75.75,74.0,74.35,3815
2015-09-28 10:15:00+05:30,74.35,74.35,74.3,74.3,263
2015-09-28 11:15:00+05:30,74.3,74.3,74.3,74.3,795
2015-09-28 12:15:00+05:30,74.3,75.3,74.3,75.3,1088
2015-09-28 13:15:00+05:30,75.3,75.3,74.4,74.7,257
2015-09-28 14:15:00+05:30,74.45,74.8,73.75,73.8,2886
2015-09-28 15:15:00+05:30,73.8,74.6,73.75,74.0,956
2015-09-29 09:15:00+05:30,73.0,73.95,71.3,72.5,10370
2015-09-29 10:15:00+05:30,72.5,73.4,71.2,72.4,15150
2015-09-29 11:15:00+05:30,72.4,72.45,71.75,71.95,1224
2015-09-29 12:15:00+05:30,71.95,72.5,71.95,72.5,12936
2015-09-29 13:15:00+05:30,72.5,72.7,71.6,72.0,3067
2015-09-29 14:15:00+05:30,72.0,72.75,71.6,72.4,1959
2015-09-29 15:15:00+05:30,72.4,72.45,71.6,71.6,1755
2015-09-30 09:15:00+05:30,72.85,72.85,72.05,72.75,1263
2015-09-30 10:15:00+05:30,72.75,73.0,72.2,72.2,46
2015-09-30 11:15:00+05:30,72.2,72.75,71.55,72.65,870
2015-09-30 12:15:00+05:30,72.65,72.7,72.15,72.7,8
2015-09-30 13:15:00+05:30,72.7,72.7,72.1,72.5,92
2015-09-30 14:15:00+05:30,72.5,72.5,71.6,72.3,1949
2015-09-30 15:15:00+05:30,72.3,72.5,71.6,72.5,203
2015-10-01 09:15:00+05:30,73.5,73.5,72.35,72.8,996
2015-10-01 10:15:00+05:30,72.8,72.8,71.7,72.5,477
2015-10-01 11:15:00+05:30,72.3,72.9,72.3,72.9,600
2015-10-01 12:15:00+05:30,72.9,72.9,72.65,72.75,30
2015-10-01 13:15:00+05:30,72.65,72.8,72.25,72.35,917
2015-10-01 14:15:00+05:30,72.35,72.75,72.25,72.25,1189
2015-10-01 15:15:00+05:30,72.25,72.5,72.25,72.25,220
2015-10-05 09:15:00+05:30,73.05,73.85,73.0,73.6,3028
2015-10-05 10:15:00+05:30,73.6,73.7,73.0,73.5,1263
2015-10-05 11:15:00+05:30,73.5,73.8,73.2,73.4,213
2015-10-05 12:15:00+05:30,73.4,73.5,72.65,73.0,1216
2015-10-05 13:15:00+05:30,73.0,73.0,72.25,72.8,763
2015-10-05 14:15:00+05:30,72.8,72.9,72.4,72.5,1811
2015-10-05 15:15:00+05:30,72.5,72.75,72.3,72.45,1804
2015-10-06 09:15:00+05:30,73.7,73.7,72.2,72.2,3642
2015-10-06 10:15:00+05:30,72.2,72.7,71.75,72.55,2213
2015-10-06 11:15:00+05:30,72.55,72.7,72.5,72.5,1730
2015-10-06 12:15:00+05:30,72.6,72.95,72.6,72.95,271
2015-10-06 13:15:00+05:30,72.65,72.95,72.5,72.65,890
2015-10-06 14:15:00+05:30,72.65,72.9,72.5,72.6,2241
2015-10-06 15:15:00+05:30,72.6,72.8,72.0,72.4,2806
2015-10-07 09:15:00+05:30,73.45,73.45,72.45,72.95,1084
2015-10-07 10:15:00+05:30,72.95,73.3,72.05,73.3,2010
2015-10-07 11:15:00+05:30,73.3,73.3,72.6,72.6,2733
2015-10-07 12:15:00+05:30,72.6,72.8,72.35,72.8,215
2015-10-07 13:15:00+05:30,72.7,72.9,72.3,72.4,4151
2015-10-07 14:15:00+05:30,72.4,73.3,72.35,72.65,675
2015-10-07 15:15:00+05:30,72.65,72.85,72.6,72.6,955
2015-10-08 09:15:00+05:30,72.9,74.65,72.6,73.2,3066
2015-10-08 10:15:00+05:30,73.0,73.7,72.8,73.45,6581
2015-10-08 11:15:00+05:30,73.45,73.45,73.0,73.0,1894
2015-10-08 12:15:00+05:30,73.0,73.0,72.65,72.7,849
2015-10-08 13:15:00+05:30,72.7,72.95,72.6,72.95,264
2015-10-08 14:15:00+05:30,72.95,72.95,72.95,72.95,160
2015-10-08 15:15:00+05:30,72.95,72.95,72.7,72.85,964
2015-10-09 09:15:00+05:30,73.3,73.55,72.85,73.0,1094
2015-10-09 10:15:00+05:30,73.0,73.5,72.7,73.15,2756
2015-10-09 11:15:00+05:30,73.15,73.35,73.15,73.15,235
2015-10-09 12:15:00+05:30,73.15,73.25,72.9,73.0,1323
2015-10-09 13:15:00+05:30,73.0,73.2,73.0,73.05,103
2015-10-09 14:15:00+05:30,73.0,73.85,72.9,73.85,2819
2015-10-09 15:15:00+05:30,73.85,73.95,73.2,73.2,2495
2015-10-12 09:15:00+05:30,73.05,73.7,72.0,73.0,3957
2015-10-12 10:15:00+05:30,73.0,73.4,73.0,73.0,2766
2015-10-12 11:15:00+05:30,72.8,73.35,72.4,72.85,3508
2015-10-12 12:15:00+05:30,72.85,73.15,72.6,72.9,2157
2015-10-12 13:15:00+05:30,72.9,72.9,72.5,72.7,362
2015-10-12 14:15:00+05:30,72.7,73.2,72.65,73.05,1286
2015-10-12 15:15:00+05:30,73.05,73.4,72.7,72.75,175
2015-10-13 09:15:00+05:30,74.4,74.4,73.0,73.45,2991
2015-10-13 10:15:00+05:30,73.45,73.6,73.1,73.45,3792
2015-10-13 11:15:00+05:30,73.15,73.15,73.15,73.15,136
2015-10-13 12:15:00+05:30,73.15,73.5,73.15,73.4,191
2015-10-13 13:15:00+05:30,73.5,73.5,72.55,73.15,137
2015-10-13 14:15:00+05:30,73.15,73.3,72.85,73.0,587
2015-10-13 15:15:00+05:30,73.0,73.0,72.7,72.7,665
2015-10-14 09:15:00+05:30,73.0,74.6,72.8,73.75,19349
2015-10-14 10:15:00+05:30,73.9,75.45,73.75,74.9,8457
2015-10-14 11:15:00+05:30,74.9,74.9,74.05,74.25,2912
2015-10-14 12:15:00+05:30,74.25,75.5,74.25,74.7,2444
2015-10-14 13:15:00+05:30,74.7,79.15,74.6,76.5,30693
2015-10-14 14:15:00+05:30,76.5,77.5,76.35,77.2,12078
2015-10-14 15:15:00+05:30,77.2,77.2,75.7,76.0,7887
2015-10-15 09:15:00+05:30,77.65,77.65,75.35,75.6,3053
2015-10-15 10:15:00+05:30,75.6,76.15,75.6,76.05,1200
2015-10-15 11:15:00+05:30,76.15,76.5,76.05,76.4,787
2015-10-15 12:15:00+05:30,76.4,76.5,76.0,76.35,1019
2015-10-15 13:15:00+05:30,76.35,76.45,76.0,76.1,510
2015-10-15 14:15:00+05:30,76.1,76.4,75.8,75.85,1607
2015-10-15 15:15:00+05:30,75.85,76.0,75.35,75.35,206
2015-10-16 09:15:00+05:30,76.75,76.75,74.6,74.75,757
2015-10-16 10:15:00+05:30,74.75,75.0,73.85,75.0,692
2015-10-16 11:15:00+05:30,75.0,76.15,74.8,74.8,1810
2015-10-16 12:15:00+05:30,74.8,75.0,74.8,75.0,388
2015-10-16 13:15:00+05:30,75.0,75.0,75.0,75.0,105
2015-10-16 14:15:00+05:30,75.0,76.0,74.8,75.5,3492
2015-10-16 15:15:00+05:30,75.5,77.45,75.2,76.15,3046
2015-10-19 09:15:00+05:30,77.65,77.65,75.05,75.9,2042
2015-10-19 10:15:00+05:30,75.9,78.2,75.45,78.0,4435
2015-10-19 11:15:00+05:30,78.0,78.0,76.5,77.1,1877
2015-10-19 12:15:00+05:30,77.1,77.5,77.1,77.1,749
2015-10-19 13:15:00+05:30,77.1,78.5,76.2,77.0,5401
2015-10-19 14:15:00+05:30,77.4,77.4,76.6,77.0,2167
2015-10-19 15:15:00+05:30,77.0,77.0,77.0,77.0,1516
2015-10-20 09:15:00+05:30,76.5,77.0,75.1,76.7,3325
2015-10-20 10:15:00+05:30,76.7,76.85,76.2,76.8,779
2015-10-20 11:15:00+05:30,76.8,77.9,76.2,76.6,1903
2015-10-20 12:15:00+05:30,76.6,77.35,76.25,76.85,1702
2015-10-20 13:15:00+05:30,76.85,76.9,76.05,76.6,617
2015-10-20 14:15:00+05:30,76.6,76.85,76.0,76.0,2133
2015-10-20 15:15:00+05:30,76.0,76.85,76.0,76.85,560
2015-10-21 09:15:00+05:30,77.95,77.95,76.25,76.55,2914
2015-10-21 10:15:00+05:30,77.0,77.0,74.15,75.9,5936
2015-10-21 11:15:00+05:30,75.55,75.9,75.0,75.2,869
2015-10-21 12:15:00+05:30,75.2,75.5,75.0,75.0,1119
2015-10-21 13:15:00+05:30,75.0,77.0,74.9,75.85,2369
2015-10-21 14:15:00+05:30,75.85,76.0,75.35,75.6,751
2015-10-21 15:15:00+05:30,75.35,75.7,75.0,75.7,601
2015-10-23 09:15:00+05:30,75.65,76.9,75.0,75.2,4165
2015-10-23 10:15:00+05:30,76.45,76.5,75.5,75.5,2355
2015-10-23 11:15:00+05:30,75.5,76.2,75.1,75.3,1119
2015-10-23 12:15:00+05:30,75.3,76.8,75.3,75.55,580
2015-10-23 13:15:00+05:30,75.55,76.65,75.4,76.05,868
2015-10-23 14:15:00+05:30,76.05,76.5,76.05,76.05,851
2015-10-23 15:15:00+05:30,76.05,76.4,75.6,76.4,504
2015-10-26 09:15:00+05:30,77.95,77.95,75.0,75.95,1004
2015-10-26 10:15:00+05:30,75.95,76.45,75.15,75.75,1009
2015-10-26 11:15:00+05:30,75.75,75.95,75.1,75.95,638
2015-10-26 12:15:00+05:30,75.95,76.0,75.7,75.95,235
2015-10-26 13:15:00+05:30,75.95,76.2,75.6,76.0,763
2015-10-26 14:15:00+05:30,76.0,76.2,75.3,76.15,1764
2015-10-26 15:15:00+05:30,76.15,76.15,75.7,76.0,30
2015-10-27 09:15:00+05:30,77.0,77.0,75.7,75.7,77
2015-10-27 10:15:00+05:30,75.7,76.75,75.1,76.0,1727
2015-10-27 11:15:00+05:30,76.0,76.0,75.55,75.6,42
2015-10-27 12:15:00+05:30,75.6,75.75,75.3,75.75,178
2015-10-27 13:15:00+05:30,75.75,75.75,75.3,75.35,3835
2015-10-27 14:15:00+05:30,75.35,77.0,75.25,76.05,4088
2015-10-27 15:15:00+05:30,76.05,76.5,76.05,76.1,251
2015-10-28 09:15:00+05:30,76.0,76.7,75.75,76.05,539
2015-10-28 10:15:00+05:30,75.75,77.6,75.75,77.0,3650
2015-10-28 11:15:00+05:30,77.0,77.55,76.8,77.05,1338
2015-10-28 12:15:00+05:30,77.05,77.4,76.9,77.0,585
2015-10-28 13:15:00+05:30,77.3,77.3,76.7,77.15,403
2015-10-28 14:15:00+05:30,77.15,77.15,76.1,76.65,1743
2015-10-28 15:15:00+05:30,76.65,76.65,75.95,76.25,2339
2015-10-29 09:15:00+05:30,76.15,77.8,75.1,76.4,2662
2015-10-29 10:15:00+05:30,76.9,76.9,76.0,76.0,689
2015-10-29 11:15:00+05:30,76.8,76.9,76.8,76.9,100
2015-10-29 12:15:00+05:30,76.9,76.9,75.55,76.4,833
2015-10-29 13:15:00+05:30,76.7,76.7,75.6,75.6,180
2015-10-29 14:15:00+05:30,75.6,76.55,75.6,76.4,611
2015-10-29 15:15:00+05:30,76.4,76.65,75.65,75.9,73
2015-10-30 09:15:00+05:30,76.35,76.5,75.6,75.6,272
2015-10-30 10:15:00+05:30,75.6,76.55,75.6,76.45,62
2015-10-30 11:15:00+05:30,76.45,76.45,76.0,76.05,222
2015-10-30 12:15:00+05:30,76.05,76.6,76.0,76.0,471
2015-10-30 13:15:00+05:30,76.0,76.5,76.0,76.5,2580
2015-10-30 14:15:00+05:30,76.5,76.5,76.0,76.4,2778
2015-10-30 15:15:00+05:30,76.4,76.4,75.55,76.2,1076
2015-11-02 09:15:00+05:30,77.0,77.0,75.55,75.55,171
2015-11-02 10:15:00+05:30,75.55,75.55,75.25,75.5,245
2015-11-02 11:15:00+05:30,75.55,75.85,75.25,75.5,1868
2015-11-02 12:15:00+05:30,75.85,76.75,75.5,75.6,1901
2015-11-02 13:15:00+05:30,75.6,76.4,75.0,76.35,4032
2015-11-02 14:15:00+05:30,76.35,76.4,75.4,76.3,1337
2015-11-02 15:15:00+05:30,76.3,76.35,76.3,76.35,142
2015-11-03 09:15:00+05:30,76.5,77.35,75.65,76.75,142
2015-11-03 10:15:00+05:30,76.75,77.0,76.1,77.0,694
2015-11-03 11:15:00+05:30,77.0,77.0,76.25,76.85,1561
2015-11-03 12:15:00+05:30,76.5,77.0,76.5,77.0,4511
2015-11-03 13:15:00+05:30,77.0,77.0,76.45,76.45,190
2015-11-03 14:15:00+05:30,76.45,77.0,76.3,77.0,1858
2015-11-03 15:15:00+05:30,77.0,77.0,76.05,76.6,741
2015-11-04 09:15:00+05:30,78.0,84.3,76.2,81.4,61595
2015-11-04 10:15:00+05:30,81.4,83.5,81.1,82.5,52696
2015-11-04 11:15:00+05:30,82.5,83.35,82.35,82.8,18862
2015-11-04 12:15:00+05:30,82.8,83.9,82.15,83.4,15052
2015-11-04 13:15:00+05:30,83.4,85.1,83.0,84.2,55247
2015-11-04 14:15:00+05:30,84.2,84.2,81.9,81.95,27669
2015-11-04 15:15:00+05:30,81.95,83.0,81.85,82.65,8481
2015-11-05 09:15:00+05:30,86.35,89.9,83.1,84.9,110644
2015-11-05 10:15:00+05:30,84.9,85.0,82.0,82.85,22286
2015-11-05 11:15:00+05:30,82.85,84.95,82.5,83.5,14248
2015-11-05 12:15:00+05:30,83.5,84.75,83.4,83.4,11562
2015-11-05 13:15:00+05:30,83.4,83.95,83.05,83.55,8623
2015-11-05 14:15:00+05:30,83.8,83.95,82.0,82.1,20080
2015-11-05 15:15:00+05:30,82.1,82.1,80.5,80.9,12217
2015-11-06 09:15:00+05:30,82.75,82.75,81.25,81.25,8901
2015-11-06 10:15:00+05:30,81.25,81.8,81.15,81.8,19246
2015-11-06 11:15:00+05:30,81.8,81.8,81.15,81.15,1415
2015-11-06 12:15:00+05:30,81.15,82.0,78.3,79.15,12087
2015-11-06 13:15:00+05:30,79.95,79.95,77.75,78.6,4410
2015-11-06 14:15:00+05:30,78.6,81.95,77.5,77.9,8521
2015-11-06 15:15:00+05:30,77.9,78.4,77.5,77.75,2813
2015-11-09 09:15:00+05:30,77.65,78.75,76.05,78.75,10588
2015-11-09 10:15:00+05:30,78.75,82.35,78.5,81.5,46169
2015-11-09 11:15:00+05:30,81.5,83.2,80.65,82.55,29160
2015-11-09 12:15:00+05:30,82.55,82.95,82.0,82.45,6212
2015-11-09 13:15:00+05:30,82.45,82.95,81.95,82.0,1635
2015-11-09 14:15:00+05:30,82.0,82.0,80.25,81.5,5340
2015-11-09 15:15:00+05:30,81.5,81.5,80.25,81.5,4827
2015-11-10 09:15:00+05:30,84.0,84.9,80.9,82.35,7724
2015-11-10 10:15:00+05:30,82.35,82.95,81.55,81.9,2851
2015-11-10 11:15:00+05:30,81.9,83.0,81.85,82.35,2765
2015-11-10 12:15:00+05:30,82.35,82.95,82.05,82.5,1421
2015-11-10 13:15:00+05:30,82.55,82.85,81.5,82.0,5732
2015-11-10 14:15:00+05:30,82.0,82.0,78.5,80.0,2967
2015-11-10 15:15:00+05:30,80.0,80.0,78.0,79.7,2356
2015-11-11 17:30:00+05:30,82.85,82.85,80.3,81.6,4053
2015-11-11 18:30:00+05:30,81.6,81.7,80.1,81.7,1091
2015-11-13 09:15:00+05:30,84.45,84.45,78.65,79.55,3391
2015-11-13 10:15:00+05:30,79.55,81.9,79.4,81.25,1496
2015-11-13 11:15:00+05:30,81.25,81.25,80.2,80.95,833
2015-11-13 12:15:00+05:30,80.5,80.95,80.0,80.35,3044
2015-11-13 13:15:00+05:30,80.35,80.35,79.05,79.2,1570
2015-11-13 14:15:00+05:30,79.2,79.8,78.3,79.4,2391
2015-11-13 15:15:00+05:30,79.4,79.5,78.55,78.75,1125
2015-11-16 09:15:00+05:30,77.2,81.2,77.2,78.9,1201
2015-11-16 10:15:00+05:30,78.9,79.0,77.4,79.0,2404
2015-11-16 11:15:00+05:30,79.0,79.0,78.4,78.4,1675
2015-11-16 12:15:00+05:30,78.4,79.5,78.4,79.1,400
2015-11-16 13:15:00+05:30,79.1,79.55,78.5,79.2,555
2015-11-16 14:15:00+05:30,79.2,79.85,79.1,79.45,1898
2015-11-16 15:15:00+05:30,79.45,79.45,79.15,79.15,208
2015-11-17 09:15:00+05:30,79.25,80.45,78.25,79.8,3564
2015-11-17 10:15:00+05:30,79.95,80.05,78.6,78.65,2254
2015-11-17 11:15:00+05:30,78.65,79.4,78.65,78.85,542
2015-11-17 12:15:00+05:30,78.85,79.3,78.85,79.0,380
2015-11-17 13:15:00+05:30,79.0,79.45,78.45,79.4,3743
2015-11-17 14:15:00+05:30,79.4,82.15,79.4,81.05,18860
2015-11-17 15:15:00+05:30,81.45,81.45,80.2,81.2,2255
2015-11-18 09:15:00+05:30,81.3,81.9,80.25,81.5,6579
2015-11-18 10:15:00+05:30,81.5,81.5,80.5,81.5,1114
2015-11-18 11:15:00+05:30,81.5,81.5,80.55,80.75,355
2015-11-18 12:15:00+05:30,80.75,81.5,80.75,81.5,1267
2015-11-18 13:15:00+05:30,81.5,81.9,79.2,80.7,25916
2015-11-18 14:15:00+05:30,80.7,82.0,79.35,80.75,25960
2015-11-18 15:15:00+05:30,80.75,81.7,80.6,81.7,752
2015-11-19 09:15:00+05:30,83.95,84.0,79.15,80.85,20055
2015-11-19 10:15:00+05:30,80.85,81.1,79.3,80.75,4912
2015-11-19 11:15:00+05:30,80.75,82.55,80.65,81.7,3777
2015-11-19 12:15:00+05:30,81.7,82.0,81.65,81.65,336
2015-11-19 13:15:00+05:30,81.65,82.0,81.0,81.25,3151
2015-11-19 14:15:00+05:30,81.25,81.5,80.25,80.3,1304
2015-11-19 15:15:00+05:30,80.3,81.45,80.3,81.3,953
2015-11-20 09:15:00+05:30,81.1,82.75,81.0,81.0,3251
2015-11-20 10:15:00+05:30,81.0,82.2,81.0,82.2,1035
2015-11-20 11:15:00+05:30,82.2,82.6,81.7,82.0,769
2015-11-20 12:15:00+05:30,82.0,82.5,82.0,82.15,17985
2015-11-20 13:15:00+05:30,82.15,87.0,82.0,85.15,39448
2015-11-20 14:15:00+05:30,85.15,85.15,83.0,83.2,16659
2015-11-20 15:15:00+05:30,83.2,84.0,82.65,82.9,5293
2015-11-23 09:15:00+05:30,82.95,86.0,82.1,84.65,10444
2015-11-23 10:15:00+05:30,84.65,85.9,84.25,85.1,4342
2015-11-23 11:15:00+05:30,85.1,85.95,83.15,83.5,6144
2015-11-23 12:15:00+05:30,83.5,85.65,83.1,84.55,14329
2015-11-23 13:15:00+05:30,84.55,85.0,84.05,84.2,650
2015-11-23 14:15:00+05:30,84.2,84.2,83.2,83.4,1599
2015-11-23 15:15:00+05:30,83.25,83.3,82.6,83.05,3264
2015-11-24 09:15:00+05:30,84.5,84.95,82.2,83.55,2435
2015-11-24 10:15:00+05:30,83.55,84.5,83.55,83.95,2197
2015-11-24 11:15:00+05:30,83.95,83.95,83.15,83.7,584
2015-11-24 12:15:00+05:30,83.7,83.7,83.0,83.0,594
2015-11-24 13:15:00+05:30,83.0,83.1,82.65,82.8,795
2015-11-24 14:15:00+05:30,82.8,82.95,81.95,82.65,1198
2015-11-24 15:15:00+05:30,82.7,83.75,82.15,82.8,3679
2015-11-26 09:15:00+05:30,83.25,89.9,83.25,87.75,46298
2015-11-26 10:15:00+05:30,87.75,91.5,87.7,89.45,112556
2015-11-26 11:15:00+05:30,89.45,89.8,88.15,88.65,6342
2015-11-26 12:15:00+05:30,88.65,91.0,88.35,89.1,29957
2015-11-26 13:15:00+05:30,89.1,89.7,88.7,89.2,8160
2015-11-26 14:15:00+05:30,89.2,89.25,87.1,87.8,34226
2015-11-26 15:15:00+05:30,87.8,88.9,87.0,87.0,52935
2015-11-27 09:15:00+05:30,86.15,95.7,83.5,94.25,802818
2015-11-27 10:15:00+05:30,94.25,95.0,93.6,93.7,86901
2015-11-27 11:15:00+05:30,93.7,96.4,92.75,93.55,258250
2015-11-27 12:15:00+05:30,93.55,94.3,92.8,93.0,41968
2015-11-27 13:15:00+05:30,93.0,94.1,92.8,93.5,50205
2015-11-27 14:15:00+05:30,93.5,93.8,91.6,92.6,91333
2015-11-27 15:15:00+05:30,92.6,93.05,91.8,92.45,60628
2015-11-30 09:15:00+05:30,93.25,93.9,90.0,91.4,94279
2015-11-30 10:15:00+05:30,91.4,92.65,91.0,92.15,20654
2015-11-30 11:15:00+05:30,92.15,92.7,91.8,92.05,5690
2015-11-30 12:15:00+05:30,92.05,94.9,91.65,92.35,61939
2015-11-30 13:15:00+05:30,92.35,93.9,92.0,92.45,8402
2015-11-30 14:15:00+05:30,92.45,92.85,91.0,91.8,17448
2015-11-30 15:15:00+05:30,91.8,92.25,91.15,91.45,14877
2015-12-01 09:15:00+05:30,91.75,94.2,91.05,92.8,18844
2015-12-01 10:15:00+05:30,92.8,93.25,91.6,92.5,7473
2015-12-01 11:15:00+05:30,92.5,93.3,90.3,92.8,33001
2015-12-01 12:15:00+05:30,92.8,92.8,91.0,92.5,12375
2015-12-01 13:15:00+05:30,92.5,92.5,91.7,92.05,5193
2015-12-01 14:15:00+05:30,92.05,93.3,92.05,93.2,29132
2015-12-01 15:15:00+05:30,93.2,94.9,93.0,93.9,38224
2015-12-02 09:15:00+05:30,95.4,95.4,92.05,93.7,37705
2015-12-02 10:15:00+05:30,93.7,93.7,90.35,92.1,19014
2015-12-02 11:15:00+05:30,92.05,92.5,91.25,91.9,3978
2015-12-02 12:15:00+05:30,91.9,92.85,91.5,92.85,3327
2015-12-02 13:15:00+05:30,92.85,92.85,91.65,92.55,4195
2015-12-02 14:15:00+05:30,92.55,94.7,92.2,93.35,26592
2015-12-02 15:15:00+05:30,93.35,94.25,93.35,94.25,9986
2015-12-03 09:15:00+05:30,93.1,93.6,92.2,93.0,3041
2015-12-03 10:15:00+05:30,93.0,94.45,92.7,93.9,8918
2015-12-03 11:15:00+05:30,93.9,94.35,93.25,93.25,911
2015-12-03 12:15:00+05:30,93.25,93.7,93.0,93.0,2470
2015-12-03 13:15:00+05:30,93.0,94.1,93.0,93.9,5832
2015-12-03 14:15:00+05:30,93.9,94.15,91.5,91.5,16456
2015-12-03 15:15:00+05:30,91.5,92.0,91.4,91.5,3375
2015-12-04 09:15:00+05:30,91.8,92.8,89.05,91.2,22243
2015-12-04 10:15:00+05:30,91.2,91.5,89.2,91.0,10108
2015-12-04 11:15:00+05:30,91.0,91.8,91.0,91.65,8113
2015-12-04 12:15:00+05:30,91.65,91.75,90.7,90.85,3399
2015-12-04 13:15:00+05:30,90.85,91.45,90.6,90.6,3800
2015-12-04 14:15:00+05:30,90.6,91.0,89.0,89.0,13380
2015-12-04 15:15:00+05:30,89.0,89.0,88.5,88.6,3389
2015-12-07 09:15:00+05:30,92.0,92.0,88.25,89.45,11439
2015-12-07 10:15:00+05:30,89.4,89.9,88.3,89.3,4810
2015-12-07 11:15:00+05:30,89.3,89.3,89.0,89.3,1243
2015-12-07 12:15:00+05:30,89.3,89.3,88.5,88.55,1121
2015-12-07 13:15:00+05:30,88.55,88.85,87.25,88.8,7249
2015-12-07 14:15:00+05:30,88.8,89.65,88.05,88.75,21096
2015-12-07 15:15:00+05:30,88.75,89.0,88.0,88.5,4943
2015-12-08 09:15:00+05:30,89.85,93.7,89.1,93.0,106194
2015-12-08 10:15:00+05:30,93.0,93.4,89.05,89.95,46276
2015-12-08 11:15:00+05:30,89.95,91.65,89.1,90.5,32896
2015-12-08 12:15:00+05:30,90.5,91.35,90.2,90.55,16746
2015-12-08 13:15:00+05:30,90.55,91.35,90.4,91.15,11155
2015-12-08 14:15:00+05:30,91.15,91.2,89.5,89.65,27921
2015-12-08 15:15:00+05:30,89.65,89.85,88.15,89.1,18262
2015-12-09 09:15:00+05:30,88.5,93.3,88.5,90.75,165608
2015-12-09 10:15:00+05:30,90.75,91.45,89.0,89.5,39603
2015-12-09 11:15:00+05:30,89.5,90.65,89.5,89.7,6080
2015-12-09 12:15:00+05:30,89.7,90.05,89.5,89.5,6617
2015-12-09 13:15:00+05:30,89.5,90.25,88.95,88.95,13156
2015-12-09 14:15:00+05:30,88.9,89.2,84.1,86.05,71181
2015-12-09 15:15:00+05:30,86.05,86.7,85.3,86.7,10936
2015-12-10 09:15:00+05:30,88.95,90.0,87.2,87.5,22631
2015-12-10 10:15:00+05:30,88.0,89.6,87.55,88.35,11027
2015-12-10 11:15:00+05:30,88.35,90.0,87.65,88.65,15156
2015-12-10 12:15:00+05:30,88.95,89.3,88.65,88.85,6604
2015-12-10 13:15:00+05:30,88.85,89.45,88.55,88.75,7813
2015-12-10 14:15:00+05:30,88.75,90.0,88.65,89.8,17785
2015-12-10 15:15:00+05:30,89.8,90.5,89.05,89.5,24136
2015-12-11 09:15:00+05:30,90.7,92.2,90.0,90.3,27801
2015-12-11 10:15:00+05:30,90.3,91.25,90.0,91.05,7678
2015-12-11 11:15:00+05:30,91.05,91.25,90.05,90.55,8131
2015-12-11 12:15:00+05:30,90.55,90.65,88.0,89.0,18727
2015-12-11 13:15:00+05:30,89.0,90.4,88.55,89.4,8034
2015-12-11 14:15:00+05:30,89.4,89.5,88.1,89.5,8817
2015-12-11 15:15:00+05:30,89.5,89.7,89.0,89.5,9094
2015-12-14 09:15:00+05:30,88.15,91.0,87.95,90.1,5878
2015-12-14 10:15:00+05:30,90.1,91.0,89.8,90.75,17407
2015-12-14 11:15:00+05:30,90.75,90.85,90.35,90.35,4863
2015-12-14 12:15:00+05:30,90.35,90.75,90.1,90.1,2064
2015-12-14 13:15:00+05:30,90.0,90.4,89.95,90.3,2488
2015-12-14 14:15:00+05:30,90.3,90.95,89.0,89.0,13577
2015-12-14 15:15:00+05:30,89.0,90.8,88.0,90.6,28952
2015-12-15 09:15:00+05:30,90.9,90.95,88.1,89.7,6003
2015-12-15 10:15:00+05:30,89.7,90.5,88.95,89.7,12335
2015-12-15 11:15:00+05:30,89.7,95.4,89.7,93.4,237326
2015-12-15 12:15:00+05:30,93.2,93.8,92.6,92.85,32036
2015-12-15 13:15:00+05:30,92.85,93.0,92.35,92.55,17738
2015-12-15 14:15:00+05:30,92.55,92.65,91.3,92.0,35375
2015-12-15 15:15:00+05:30,92.0,92.0,91.35,91.5,30674
2015-12-16 09:15:00+05:30,92.65,92.65,90.0,91.2,40830
2015-12-16 10:15:00+05:30,91.2,91.9,90.95,91.35,8207
2015-12-16 11:15:00+05:30,91.4,91.9,90.35,90.35,11086
2015-12-16 12:15:00+05:30,90.35,90.85,89.1,90.3,11309
2015-12-16 13:15:00+05:30,90.3,90.85,89.1,89.35,15144
2015-12-16 14:15:00+05:30,89.35,92.45,89.35,91.45,36612
2015-12-16 15:15:00+05:30,91.45,91.45,90.5,91.3,17852
2015-12-17 09:15:00+05:30,92.4,93.3,90.25,92.5,57226
2015-12-17 10:15:00+05:30,92.5,92.7,91.5,91.55,12274
2015-12-17 11:15:00+05:30,91.55,92.65,91.5,92.25,11620
2015-12-17 12:15:00+05:30,92.25,92.5,92.0,92.0,4914
2015-12-17 13:15:00+05:30,92.0,92.6,92.0,92.0,5952
2015-12-17 14:15:00+05:30,92.0,92.95,91.6,92.0,28631
2015-12-17 15:15:00+05:30,92.0,92.45,91.6,92.2,21123
2015-12-18 09:15:00+05:30,91.7,92.0,91.0,91.65,8644
2015-12-18 10:15:00+05:30,91.65,91.65,91.2,91.2,8016
2015-12-18 11:15:00+05:30,91.2,91.65,91.2,91.6,3246
2015-12-18 12:15:00+05:30,91.6,91.6,90.65,90.95,3392
2015-12-18 13:15:00+05:30,90.95,91.95,90.65,91.4,3601
2015-12-18 14:15:00+05:30,91.4,92.0,91.0,91.5,25525
2015-12-18 15:15:00+05:30,91.5,91.75,91.2,91.2,12953
2015-12-21 09:15:00+05:30,91.0,92.2,90.7,91.85,28402
2015-12-21 10:15:00+05:30,91.85,92.45,91.6,92.4,14642
2015-12-21 11:15:00+05:30,93.0,93.0,92.0,92.7,16062
2015-12-21 12:15:00+05:30,92.7,92.8,92.0,92.2,4355
2015-12-21 13:15:00+05:30,92.2,92.8,92.0,92.05,5884
2015-12-21 14:15:00+05:30,92.05,92.9,92.05,92.65,33131
2015-12-21 15:15:00+05:30,92.65,92.75,92.3,92.5,14125
2015-12-22 09:15:00+05:30,93.4,94.4,92.15,93.4,55375
2015-12-22 10:15:00+05:30,93.4,93.4,92.55,93.3,64263
2015-12-22 11:15:00+05:30,93.3,93.3,92.35,92.7,16426
2015-12-22 12:15:00+05:30,92.7,93.0,92.6,93.0,23332
2015-12-22 13:15:00+05:30,93.0,93.2,92.2,92.5,22431
2015-12-22 14:15:00+05:30,92.5,92.8,92.0,92.0,8669
2015-12-22 15:15:00+05:30,92.0,92.0,91.5,91.5,14528
2015-12-23 09:15:00+05:30,92.5,93.0,86.0,88.7,302046
2015-12-23 10:15:00+05:30,88.7,88.75,87.0,88.0,44502
2015-12-23 11:15:00+05:30,88.0,88.5,87.6,87.95,34942
2015-12-23 12:15:00+05:30,87.9,88.5,87.8,88.4,35992
2015-12-23 13:15:00+05:30,88.4,89.5,88.15,88.75,49684
2015-12-23 14:15:00+05:30,88.75,89.0,87.85,88.1,68801
2015-12-23 15:15:00+05:30,88.1,89.25,88.0,88.2,51618
2015-12-24 09:15:00+05:30,87.3,89.0,87.3,88.65,32217
2015-12-24 10:15:00+05:30,88.65,89.7,88.65,89.35,11795
2015-12-24 11:15:00+05:30,89.3,91.15,89.15,91.05,42148
2015-12-24 12:15:00+05:30,91.05,91.8,89.7,89.95,34918
2015-12-24 13:15:00+05:30,89.95,90.3,89.1,89.3,12579
2015-12-24 14:15:00+05:30,89.3,90.0,89.3,89.95,13772
2015-12-24 15:15:00+05:30,89.95,90.45,89.9,90.4,19216
2015-12-28 09:15:00+05:30,91.0,91.0,89.1,89.8,43078
2015-12-28 10:15:00+05:30,89.8,90.4,89.1,90.1,10479
2015-12-28 11:15:00+05:30,90.1,90.5,89.65,89.65,6967
2015-12-28 12:15:00+05:30,89.9,90.2,89.5,89.5,4622
2015-12-28 13:15:00+05:30,89.5,90.0,89.5,89.75,13932
2015-12-28 14:15:00+05:30,89.75,90.7,89.55,90.6,46171
2015-12-28 15:15:00+05:30,90.6,90.6,89.1,89.55,16642
2015-12-29 09:15:00+05:30,90.2,91.5,89.6,90.3,16593
2015-12-29 10:15:00+05:30,90.3,90.5,89.6,89.95,7208
2015-12-29 11:15:00+05:30,89.95,89.95,89.1,89.2,10491
2015-12-29 12:15:00+05:30,89.2,89.75,89.2,89.5,10219
2015-12-29 13:15:00+05:30,89.5,89.8,89.25,89.55,4164
2015-12-29 14:15:00+05:30,89.55,89.8,89.15,89.5,23439
2015-12-29 15:15:00+05:30,89.2,89.75,89.2,89.75,8182
2015-12-30 09:15:00+05:30,91.4,91.9,90.6,91.0,105509
2015-12-30 10:15:00+05:30,91.0,93.3,90.9,92.7,151641
2015-12-30 11:15:00+05:30,92.7,93.0,91.5,92.0,35162
2015-12-30 12:15:00+05:30,92.0,92.6,91.65,92.55,24252
2015-12-30 13:15:00+05:30,92.55,92.6,91.7,92.0,24319
2015-12-30 14:15:00+05:30,92.0,92.9,91.75,92.1,57619
2015-12-30 15:15:00+05:30,92.05,93.7,91.9,93.5,67396
2015-12-31 09:15:00+05:30,95.5,97.7,95.15,96.7,389688
2015-12-31 10:15:00+05:30,96.7,96.8,95.7,96.4,50910
2015-12-31 11:15:00+05:30,96.35,96.55,95.7,96.1,32059
2015-12-31 12:15:00+05:30,96.1,96.3,95.7,96.0,25133
2015-12-31 13:15:00+05:30,96.0,96.25,95.8,96.2,13740
2015-12-31 14:15:00+05:30,96.25,97.35,96.1,97.2,90532
2015-12-31 15:15:00+05:30,97.2,97.45,96.0,96.15,46134
2016-01-04 09:15:00+05:30,95.8,98.2,95.35,95.5,52062
2016-01-04 10:15:00+05:30,95.5,97.0,95.5,96.5,22743
2016-01-04 11:15:00+05:30,96.5,96.5,95.0,95.55,32929
2016-01-04 12:15:00+05:30,95.55,95.55,94.6,94.7,6708
2016-01-04 13:15:00+05:30,94.7,95.3,94.05,94.7,15028
2016-01-04 14:15:00+05:30,94.7,95.5,93.0,94.25,31868
2016-01-04 15:15:00+05:30,94.25,94.6,94.25,94.3,9792
2016-01-05 09:15:00+05:30,95.05,95.95,94.65,95.0,11330
2016-01-05 10:15:00+05:30,95.0,95.4,94.65,94.65,2425
2016-01-05 11:15:00+05:30,94.65,95.5,94.65,95.4,3165
2016-01-05 12:15:00+05:30,95.4,97.7,95.15,96.4,48610
2016-01-05 13:15:00+05:30,96.4,96.4,95.8,96.0,4212
2016-01-05 14:15:00+05:30,96.0,96.5,95.75,96.4,13282
2016-01-05 15:15:00+05:30,96.2,97.6,96.0,96.4,8823
2016-01-06 09:15:00+05:30,97.0,97.3,94.1,95.75,19829
2016-01-06 10:15:00+05:30,95.75,95.9,95.05,95.8,6976
2016-01-06 11:15:00+05:30,95.8,96.2,95.35,95.95,10260
2016-01-06 12:15:00+05:30,95.95,96.0,95.35,95.35,8663
2016-01-06 13:15:00+05:30,95.35,96.0,92.85,92.85,20028
2016-01-06 14:15:00+05:30,92.85,93.8,92.25,93.2,26896
2016-01-06 15:15:00+05:30,93.2,94.9,92.7,94.45,15150
2016-01-07 09:15:00+05:30,92.1,93.3,90.9,91.9,21286
2016-01-07 10:15:00+05:30,91.9,92.0,91.1,91.65,8278
2016-01-07 11:15:00+05:30,91.65,91.65,90.1,90.25,45998
2016-01-07 12:15:00+05:30,90.25,92.5,90.0,92.05,29209
2016-01-07 13:15:00+05:30,92.0,92.25,91.2,91.35,14580
2016-01-07 14:15:00+05:30,91.35,92.0,90.5,90.6,27135
2016-01-07 15:15:00+05:30,90.75,93.0,90.55,93.0,16492
2016-01-08 09:15:00+05:30,92.95,93.9,92.25,93.0,10065
2016-01-08 10:15:00+05:30,93.0,93.0,92.5,93.0,3476
2016-01-08 11:15:00+05:30,93.0,93.0,92.25,92.7,3814
2016-01-08 12:15:00+05:30,92.7,93.0,92.45,93.0,3578
2016-01-08 13:15:00+05:30,93.0,93.5,92.65,93.0,10173
2016-01-08 14:15:00+05:30,93.2,94.5,92.7,93.0,14061
2016-01-08 15:15:00+05:30,92.7,93.7,92.65,93.0,6509
2016-01-11 09:15:00+05:30,93.0,95.5,90.15,92.7,10170
2016-01-11 10:15:00+05:30,92.4,93.2,92.1,92.85,1982
2016-01-11 11:15:00+05:30,92.85,93.55,92.5,92.5,6126
2016-01-11 12:15:00+05:30,92.5,94.5,92.0,93.25,18676
2016-01-11 13:15:00+05:30,93.25,93.7,93.05,93.35,2105
2016-01-11 14:15:00+05:30,93.35,94.9,93.2,93.2,23691
2016-01-11 15:15:00+05:30,93.2,93.45,93.0,93.0,3189
2016-01-12 09:15:00+05:30,93.55,95.5,93.55,93.55,9523
2016-01-12 10:15:00+05:30,93.55,93.95,92.05,92.3,5524
2016-01-12 11:15:00+05:30,92.3,93.4,92.3,92.6,3977
2016-01-12 12:15:00+05:30,92.6,92.6,92.0,92.0,7525
2016-01-12 13:15:00+05:30,92.0,92.55,91.15,92.55,5963
2016-01-12 14:15:00+05:30,92.55,92.85,91.5,92.15,14244
2016-01-12 15:15:00+05:30,92.15,92.85,91.8,92.7,6971
2016-01-13 09:15:00+05:30,94.85,94.85,92.15,94.0,7179
2016-01-13 10:15:00+05:30,94.0,94.45,91.0,91.5,21195
2016-01-13 11:15:00+05:30,91.5,91.8,89.1,89.5,34326
2016-01-13 12:15:00+05:30,89.5,90.4,89.3,90.2,9426
2016-01-13 13:15:00+05:30,90.2,92.0,89.5,90.6,10665
2016-01-13 14:15:00+05:30,90.6,92.4,90.6,92.4,22308
2016-01-13 15:15:00+05:30,92.4,94.05,92.15,93.0,15769
2016-01-14 09:15:00+05:30,91.05,92.0,88.8,90.0,14200
2016-01-14 10:15:00+05:30,90.0,90.9,89.55,90.75,1487
2016-01-14 11:15:00+05:30,90.75,91.5,90.35,91.5,3267
2016-01-14 12:15:00+05:30,91.5,92.25,91.5,92.2,3816
2016-01-14 13:15:00+05:30,92.2,92.35,91.55,91.8,1480
2016-01-14 14:15:00+05:30,91.8,92.2,90.55,91.0,2582
2016-01-14 15:15:00+05:30,91.0,92.0,90.65,91.7,4566
2016-01-15 09:15:00+05:30,91.7,93.9,91.3,92.8,2439
2016-01-15 10:15:00+05:30,92.8,92.8,91.25,91.6,1213
2016-01-15 11:15:00+05:30,91.6,92.45,90.4,90.45,2182
2016-01-15 12:15:00+05:30,90.45,92.75,90.45,92.4,2412
2016-01-15 13:15:00+05:30,92.4,92.4,91.05,91.55,1726
2016-01-15 14:15:00+05:30,91.55,91.55,88.7,89.7,27459
2016-01-15 15:15:00+05:30,89.7,90.75,89.7,90.0,2062
2016-01-18 09:15:00+05:30,92.5,92.5,87.0,87.0,16751
2016-01-18 10:15:00+05:30,87.0,91.0,85.15,88.5,12807
2016-01-18 11:15:00+05:30,88.5,88.5,86.0,87.15,10085
2016-01-18 12:15:00+05:30,87.15,88.5,86.2,87.45,3929
2016-01-18 13:15:00+05:30,88.45,88.5,86.0,86.9,10685
2016-01-18 14:15:00+05:30,86.9,89.5,85.8,85.95,18314
2016-01-18 15:15:00+05:30,85.95,87.6,85.4,86.15,4593
2016-01-19 09:15:00+05:30,87.55,88.5,86.8,87.1,2358
2016-01-19 10:15:00+05:30,87.1,90.0,86.6,88.65,8328
2016-01-19 11:15:00+05:30,88.65,89.0,88.0,88.3,2256
2016-01-19 12:15:00+05:30,88.3,88.95,86.15,87.0,4321
2016-01-19 13:15:00+05:30,87.0,88.4,86.3,87.85,6628
2016-01-19 14:15:00+05:30,87.85,90.0,86.35,88.05,9841
2016-01-19 15:15:00+05:30,88.35,88.9,87.3,88.5,2805
2016-01-20 09:15:00+05:30,85.2,89.0,84.65,86.9,10554
2016-01-20 10:15:00+05:30,86.9,87.35,86.55,87.3,1179
2016-01-20 11:15:00+05:30,87.3,87.35,86.4,87.25,4213
2016-01-20 12:15:00+05:30,87.25,87.3,86.5,86.6,1039
2016-01-20 13:15:00+05:30,86.6,87.2,86.35,86.35,1445
2016-01-20 14:15:00+05:30,86.35,87.0,85.2,85.2,6282
2016-01-20 15:15:00+05:30,85.2,88.85,85.2,88.5,7731
2016-01-21 09:15:00+05:30,87.3,89.75,87.25,87.55,2655
2016-01-21 10:15:00+05:30,87.55,88.85,87.25,88.15,1888
2016-01-21 11:15:00+05:30,88.2,89.95,88.1,88.3,4836
2016-01-21 12:15:00+05:30,88.25,88.9,87.25,87.25,2939
2016-01-21 13:15:00+05:30,87.25,88.5,87.25,88.25,1394
2016-01-21 14:15:00+05:30,88.25,89.9,88.2,88.5,6855
2016-01-21 15:15:00+05:30,88.5,89.4,88.5,89.4,2582
2016-01-22 09:15:00+05:30,89.9,91.8,89.9,91.5,3880
2016-01-22 10:15:00+05:30,91.5,91.8,90.5,90.75,2580
2016-01-22 11:15:00+05:30,90.75,91.8,90.65,91.15,2858
2016-01-22 12:15:00+05:30,91.15,91.7,90.05,90.9,4801
2016-01-22 13:15:00+05:30,90.9,90.9,90.0,90.1,3797
2016-01-22 14:15:00+05:30,90.1,90.9,89.0,89.3,2995
2016-01-22 15:15:00+05:30,89.3,91.7,89.1,91.7,6356
2016-01-25 09:15:00+05:30,91.8,92.0,91.3,91.95,1440
2016-01-25 10:15:00+05:30,91.95,93.5,90.8,91.95,14815
2016-01-25 11:15:00+05:30,92.0,93.4,91.3,93.0,4119
2016-01-25 12:15:00+05:30,92.65,93.4,92.0,92.55,2089
2016-01-25 13:15:00+05:30,92.55,93.75,92.35,92.5,13881
2016-01-25 14:15:00+05:30,92.6,92.9,91.6,92.7,4510
2016-01-25 15:15:00+05:30,92.7,92.8,92.05,92.8,1098
2016-01-27 09:15:00+05:30,92.8,92.8,91.35,91.65,1286
2016-01-27 10:15:00+05:30,92.5,92.5,91.75,92.2,437
2016-01-27 11:15:00+05:30,92.2,93.0,92.0,92.05,2271
2016-01-27 12:15:00+05:30,92.05,92.1,92.05,92.1,281
2016-01-27 13:15:00+05:30,92.1,92.65,91.55,92.6,2109
2016-01-27 14:15:00+05:30,92.6,92.7,91.7,92.6,2260
2016-01-27 15:15:00+05:30,92.6,93.45,92.5,93.0,6952
2016-01-28 09:15:00+05:30,92.85,92.9,91.95,91.95,1225
2016-01-28 10:15:00+05:30,91.95,92.5,91.0,92.5,3004
2016-01-28 11:15:00+05:30,92.5,92.65,91.15,92.3,1949
2016-01-28 12:15:00+05:30,91.2,92.2,91.0,91.65,426
2016-01-28 13:15:00+05:30,91.65,91.65,91.05,91.2,1809
2016-01-28 14:15:00+05:30,91.2,92.6,91.0,92.35,6712
2016-01-28 15:15:00+05:30,92.35,93.6,92.35,93.6,9760
2016-01-29 09:15:00+05:30,93.75,93.75,91.5,91.55,2311
2016-01-29 10:15:00+05:30,91.55,92.45,91.55,92.0,581
2016-01-29 11:15:00+05:30,92.0,92.35,91.4,92.1,776
2016-01-29 12:15:00+05:30,92.1,92.1,91.6,91.6,492
2016-01-29 13:15:00+05:30,91.6,92.1,91.6,92.0,518
2016-01-29 14:15:00+05:30,92.0,93.9,90.1,92.1,26136
2016-01-29 15:15:00+05:30,92.1,93.35,92.0,92.9,1624
2016-02-01 09:15:00+05:30,91.55,92.5,91.55,92.25,760
2016-02-01 10:15:00+05:30,92.25,93.0,92.1,92.1,781
2016-02-01 11:15:00+05:30,92.1,93.3,92.1,92.15,2944
2016-02-01 12:15:00+05:30,92.15,93.5,92.15,92.4,776
2016-02-01 13:15:00+05:30,92.4,93.0,92.4,92.8,2841
2016-02-01 14:15:00+05:30,92.8,93.65,92.75,93.65,7267
2016-02-01 15:15:00+05:30,93.65,95.65,93.35,94.15,14661
2016-02-02 09:15:00+05:30,95.4,95.7,94.05,94.3,5006
2016-02-02 10:15:00+05:30,94.3,95.2,94.2,94.8,4780
2016-02-02 11:15:00+05:30,94.8,95.4,94.8,95.0,2197
2016-02-02 12:15:00+05:30,95.0,95.85,95.0,95.5,5409
2016-02-02 13:15:00+05:30,95.5,95.5,93.1,93.1,4063
2016-02-02 14:15:00+05:30,93.1,95.25,93.1,95.0,16892
2016-02-02 15:15:00+05:30,95.0,95.25,94.5,95.0,8963
2016-02-03 09:15:00+05:30,93.6,94.0,92.0,93.2,13744
2016-02-03 10:15:00+05:30,93.0,93.15,92.1,92.8,2009
2016-02-03 11:15:00+05:30,92.8,92.8,92.15,92.4,1634
2016-02-03 12:15:00+05:30,92.4,92.75,92.15,92.5,2166
2016-02-03 13:15:00+05:30,92.5,92.95,92.15,92.7,8694
2016-02-03 14:15:00+05:30,92.7,94.2,92.1,93.15,15327
2016-02-03 15:15:00+05:30,93.15,96.7,93.15,95.2,7917
2016-02-04 09:15:00+05:30,94.1,95.6,93.95,93.95,2378
2016-02-04 10:15:00+05:30,93.95,94.0,92.35,93.2,4448
2016-02-04 11:15:00+05:30,93.2,93.75,92.2,92.4,4352
2016-02-04 12:15:00+05:30,92.4,93.8,92.4,93.55,1643
2016-02-04 13:15:00+05:30,93.55,93.55,92.6,92.85,4784
2016-02-04 14:15:00+05:30,92.85,95.3,92.85,94.5,11586
2016-02-04 15:15:00+05:30,94.5,95.0,94.5,94.9,758
2016-02-05 09:15:00+05:30,93.1,95.0,93.1,94.2,3810
2016-02-05 10:15:00+05:30,94.2,94.95,93.1,93.55,3287
2016-02-05 11:15:00+05:30,93.55,94.0,93.0,93.3,2429
2016-02-05 12:15:00+05:30,93.3,93.9,91.8,92.5,49275
2016-02-05 13:15:00+05:30,92.5,93.6,92.5,93.2,4403
2016-02-05 14:15:00+05:30,93.2,94.0,92.5,93.1,7651
2016-02-05 15:15:00+05:30,93.05,94.95,92.7,93.0,12740
2016-02-08 09:15:00+05:30,94.25,94.75,93.5,93.5,1829
2016-02-08 10:15:00+05:30,93.5,93.5,92.5,93.1,2516
2016-02-08 11:15:00+05:30,93.1,93.95,93.0,93.95,6776
2016-02-08 12:15:00+05:30,93.7,94.5,93.1,94.25,3216
2016-02-08 13:15:00+05:30,94.25,94.25,93.25,93.55,2853
2016-02-08 14:15:00+05:30,93.55,94.5,93.25,93.4,8142
2016-02-08 15:15:00+05:30,93.9,95.0,93.3,95.0,4832
2016-02-09 09:15:00+05:30,91.1,93.9,91.1,93.1,2241
2016-02-09 10:15:00+05:30,93.1,93.85,93.1,93.4,440
2016-02-09 11:15:00+05:30,93.4,93.8,93.3,93.3,362
2016-02-09 12:15:00+05:30,93.3,93.7,93.0,93.7,4840
2016-02-09 13:15:00+05:30,93.7,94.8,93.2,93.85,3641
2016-02-09 14:15:00+05:30,93.85,97.2,93.6,95.8,160580
2016-02-09 15:15:00+05:30,95.75,96.35,94.85,95.0,27915
2016-02-10 09:15:00+05:30,95.65,95.95,92.75,94.3,20083
2016-02-10 10:15:00+05:30,94.1,94.75,93.5,93.5,6187
2016-02-10 11:15:00+05:30,93.5,94.1,93.4,93.65,8479
2016-02-10 12:15:00+05:30,93.65,93.75,93.0,93.0,7107
2016-02-10 13:15:00+05:30,93.0,93.75,92.55,92.95,4940
2016-02-10 14:15:00+05:30,92.95,94.5,92.95,93.9,12991
2016-02-10 15:15:00+05:30,93.9,94.0,93.0,94.0,4277
2016-02-11 09:15:00+05:30,95.0,95.0,90.05,93.45,591
2016-02-11 10:15:00+05:30,93.45,93.45,92.55,93.0,456
2016-02-11 11:15:00+05:30,93.0,93.0,91.5,92.3,4639
2016-02-11 12:15:00+05:30,92.3,92.95,91.55,92.9,20769
2016-02-11 13:15:00+05:30,92.9,92.9,87.65,87.65,8820
2016-02-11 14:15:00+05:30,87.65,90.6,87.65,90.3,13132
2016-02-11 15:15:00+05:30,90.3,91.0,87.25,91.0,7741
2016-02-12 09:15:00+05:30,92.9,92.9,88.0,89.2,5193
2016-02-12 10:15:00+05:30,89.2,91.25,88.05,89.0,3474
2016-02-12 11:15:00+05:30,89.0,91.95,88.25,90.95,7210
2016-02-12 12:15:00+05:30,90.95,90.95,88.45,89.45,2129
2016-02-12 13:15:00+05:30,89.45,91.55,88.25,91.0,2219
2016-02-12 14:15:00+05:30,91.0,92.35,90.25,91.8,4109
2016-02-12 15:15:00+05:30,91.8,91.9,90.4,91.9,2536
2016-02-15 09:15:00+05:30,90.2,92.5,90.2,91.8,5435
2016-02-15 10:15:00+05:30,91.8,91.9,91.1,91.1,2384
2016-02-15 11:15:00+05:30,91.1,92.55,91.1,92.4,2654
2016-02-15 12:15:00+05:30,92.4,92.4,91.1,91.8,1787
2016-02-15 13:15:00+05:30,91.8,92.4,91.1,92.25,1526
2016-02-15 14:15:00+05:30,92.25,93.0,91.3,92.2,6509
2016-02-15 15:15:00+05:30,92.2,92.9,91.4,91.5,3100
2016-02-16 09:15:00+05:30,93.9,93.9,91.25,92.7,599
2016-02-16 10:15:00+05:30,92.7,92.7,91.3,91.6,548
2016-02-16 11:15:00+05:30,91.6,91.9,91.05,91.35,1459
2016-02-16 12:15:00+05:30,91.35,92.25,90.2,91.4,2562
2016-02-16 13:15:00+05:30,91.4,91.6,91.35,91.35,264
2016-02-16 14:15:00+05:30,91.35,92.5,90.5,92.4,12572
2016-02-16 15:15:00+05:30,92.4,93.9,91.55,92.0,5955
2016-02-17 09:15:00+05:30,92.0,92.8,91.25,91.4,1408
2016-02-17 10:15:00+05:30,91.4,92.7,91.3,92.5,4085
2016-02-17 11:15:00+05:30,92.5,92.5,91.6,91.8,117
2016-02-17 12:15:00+05:30,91.8,93.25,91.6,92.0,9787
2016-02-17 13:15:00+05:30,92.0,93.3,91.25,92.0,17076
2016-02-17 14:15:00+05:30,92.0,92.9,91.6,92.0,19445
2016-02-17 15:15:00+05:30,92.0,92.0,91.2,91.5,5944
2016-02-18 09:15:00+05:30,92.75,92.75,92.1,92.15,1102
2016-02-18 10:15:00+05:30,92.15,92.5,91.75,92.0,1595
2016-02-18 11:15:00+05:30,92.0,92.3,91.75,91.9,1520
2016-02-18 12:15:00+05:30,91.9,91.9,91.5,91.5,1374
2016-02-18 13:15:00+05:30,91.5,92.5,91.5,91.8,10022
2016-02-18 14:15:00+05:30,91.8,93.45,91.8,93.0,19108
2016-02-18 15:15:00+05:30,92.45,92.8,91.75,92.7,4924
2016-02-19 09:15:00+05:30,90.7,92.6,90.7,92.6,325
2016-02-19 10:15:00+05:30,92.6,92.6,91.5,92.55,201
2016-02-19 11:15:00+05:30,92.55,92.95,92.35,92.95,267
2016-02-19 12:15:00+05:30,92.95,92.95,92.15,92.2,45
2016-02-19 13:15:00+05:30,92.2,92.7,92.2,92.35,119
2016-02-19 14:15:00+05:30,92.35,93.5,92.1,93.5,6802
2016-02-19 15:15:00+05:30,93.5,93.5,93.0,93.4,1802
2016-02-22 09:15:00+05:30,92.15,92.5,92.15,92.5,614
2016-02-22 10:15:00+05:30,92.5,93.15,92.5,92.9,1349
2016-02-22 11:15:00+05:30,92.9,93.35,92.2,92.2,502
2016-02-22 12:15:00+05:30,92.2,92.95,92.2,92.95,50
2016-02-22 13:15:00+05:30,92.95,92.95,92.3,92.5,1021
2016-02-22 14:15:00+05:30,92.5,92.7,92.2,92.7,1113
2016-02-22 15:15:00+05:30,92.2,93.0,92.0,92.0,5698
2016-02-23 09:15:00+05:30,92.9,92.9,92.0,92.0,255
2016-02-23 10:15:00+05:30,92.0,92.35,91.4,91.5,98
2016-02-23 11:15:00+05:30,91.5,92.35,91.45,91.55,319
2016-02-23 12:15:00+05:30,91.55,92.0,91.0,91.05,505
2016-02-23 13:15:00+05:30,91.05,92.0,91.05,91.05,168
2016-02-23 14:15:00+05:30,91.05,93.0,91.05,93.0,5735
2016-02-23 15:15:00+05:30,93.0,93.0,91.75,92.85,2132
2016-02-24 09:15:00+05:30,92.7,92.7,91.3,91.45,175
2016-02-24 10:15:00+05:30,91.45,92.0,91.45,91.95,765
2016-02-24 11:15:00+05:30,91.95,92.0,91.1,91.1,926
2016-02-24 12:15:00+05:30,91.1,92.0,91.1,91.4,133
2016-02-24 13:15:00+05:30,91.4,92.0,91.4,92.0,139
2016-02-24 14:15:00+05:30,92.0,92.7,91.75,92.5,5586
2016-02-24 15:15:00+05:30,92.5,93.0,92.0,92.15,2853
2016-02-25 09:15:00+05:30,92.45,92.45,91.5,91.5,200
2016-02-25 10:15:00+05:30,91.5,92.5,91.5,91.8,459
2016-02-25 11:15:00+05:30,91.8,91.8,91.75,91.75,500
2016-02-25 12:15:00+05:30,91.75,92.4,91.0,91.5,650
2016-02-25 13:15:00+05:30,91.5,91.5,91.15,91.35,410
2016-02-25 14:15:00+05:30,91.35,95.3,91.1,95.0,10164
2016-02-25 15:15:00+05:30,95.0,95.0,93.05,94.6,3080
2016-02-26 09:15:00+05:30,94.9,96.0,93.0,93.8,1299
2016-02-26 10:15:00+05:30,93.8,93.8,92.6,93.0,890
2016-02-26 11:15:00+05:30,93.0,93.8,92.6,92.6,2096
2016-02-26 12:15:00+05:30,92.6,93.85,92.25,93.85,10287
2016-02-26 13:15:00+05:30,93.85,93.85,93.0,93.8,777
2016-02-26 14:15:00+05:30,93.8,93.8,93.0,93.2,4750
2016-02-26 15:15:00+05:30,93.2,94.0,92.15,93.2,10560
2016-02-29 09:15:00+05:30,93.7,93.7,91.1,91.65,1877
2016-02-29 10:15:00+05:30,91.65,92.8,91.0,92.3,3251
2016-02-29 11:15:00+05:30,92.3,92.3,90.8,91.6,644
2016-02-29 12:15:00+05:30,91.6,91.6,90.1,91.1,1217
2016-02-29 13:15:00+05:30,91.1,91.65,90.2,90.75,77
2016-02-29 14:15:00+05:30,90.75,94.85,90.75,93.7,11940
2016-02-29 15:15:00+05:30,93.7,94.85,92.55,93.2,5229
2016-03-01 09:15:00+05:30,92.2,93.6,92.2,93.5,1573
2016-03-01 10:15:00+05:30,93.5,93.5,92.5,93.4,538
2016-03-01 11:15:00+05:30,93.4,93.4,93.0,93.35,566
2016-03-01 12:15:00+05:30,93.35,93.55,93.3,93.55,522
2016-03-01 13:15:00+05:30,93.55,93.55,91.75,93.2,2127
2016-03-01 14:15:00+05:30,93.2,93.55,92.4,93.55,1405
2016-03-01 15:15:00+05:30,93.5,95.4,93.05,93.05,9732
2016-03-02 09:15:00+05:30,95.8,95.8,93.2,94.1,2466
2016-03-02 10:15:00+05:30,94.1,94.1,93.5,94.0,731
2016-03-02 11:15:00+05:30,94.0,94.1,93.4,94.1,525
2016-03-02 12:15:00+05:30,94.1,94.1,93.55,93.9,437
2016-03-02 13:15:00+05:30,93.9,95.0,93.9,95.0,4010
2016-03-02 14:15:00+05:30,95.0,96.0,94.1,95.9,10852
2016-03-02 15:15:00+05:30,95.9,95.9,94.8,94.8,702
2016-03-03 09:15:00+05:30,96.0,96.0,94.5,94.7,2238
2016-03-03 10:15:00+05:30,94.7,95.4,94.7,94.7,1530
2016-03-03 11:15:00+05:30,94.7,94.8,94.7,94.8,227
2016-03-03 12:15:00+05:30,94.8,95.5,94.7,95.5,3868
2016-03-03 13:15:00+05:30,95.5,95.55,94.85,95.25,1430
2016-03-03 14:15:00+05:30,95.25,96.15,95.0,95.75,15437
2016-03-03 15:15:00+05:30,95.75,96.0,94.6,94.7,1203
2016-03-04 09:15:00+05:30,97.3,98.0,95.0,96.0,17073
2016-03-04 10:15:00+05:30,96.0,98.0,96.0,96.8,33536
2016-03-04 11:15:00+05:30,96.2,96.95,94.65,95.45,3799
2016-03-04 12:15:00+05:30,95.45,95.45,94.8,95.0,3484
2016-03-04 13:15:00+05:30,95.0,95.45,94.85,95.45,3255
2016-03-04 14:15:00+05:30,95.45,97.6,95.35,97.5,20131
2016-03-04 15:15:00+05:30,97.5,98.0,96.75,97.7,12331
2016-03-08 09:15:00+05:30,97.8,98.05,97.0,97.65,8116
2016-03-08 10:15:00+05:30,97.65,99.0,97.65,98.0,12003
2016-03-08 11:15:00+05:30,98.0,98.0,97.15,97.4,1570
2016-03-08 12:15:00+05:30,97.4,97.5,97.4,97.4,724
2016-03-08 13:15:00+05:30,97.35,97.6,96.1,96.55,3321
2016-03-08 14:15:00+05:30,96.55,98.0,96.15,97.5,23645
2016-03-08 15:15:00+05:30,97.5,97.7,96.25,96.4,3238
2016-03-09 09:15:00+05:30,97.9,97.9,96.1,96.5,345
2016-03-09 10:15:00+05:30,96.5,97.0,96.5,96.5,2864
2016-03-09 11:15:00+05:30,96.5,96.5,96.0,96.15,1381
2016-03-09 12:15:00+05:30,96.15,96.9,96.15,96.9,451
2016-03-09 13:15:00+05:30,96.9,97.0,96.0,97.0,2244
2016-03-09 14:15:00+05:30,97.0,97.0,96.0,96.0,14287
2016-03-09 15:15:00+05:30,96.0,96.65,96.0,96.6,1244
2016-03-10 09:15:00+05:30,95.65,96.7,95.5,96.25,989
2016-03-10 10:15:00+05:30,96.25,96.25,95.5,96.15,160
2016-03-10 11:15:00+05:30,96.15,96.15,95.5,95.5,551
2016-03-10 12:15:00+05:30,95.5,95.95,95.5,95.5,305
2016-03-10 13:15:00+05:30,95.5,96.0,95.25,95.4,411
2016-03-10 14:15:00+05:30,95.4,97.0,95.4,95.55,4267
2016-03-10 15:15:00+05:30,95.55,96.0,95.4,96.0,236
2016-03-11 09:15:00+05:30,95.8,96.6,95.25,95.35,229
2016-03-11 10:15:00+05:30,95.35,96.4,95.3,96.35,1097
2016-03-11 11:15:00+05:30,96.35,96.35,95.2,95.95,226
2016-03-11 12:15:00+05:30,95.95,95.95,95.2,95.2,800
2016-03-11 13:15:00+05:30,95.2,95.8,95.2,95.2,220
2016-03-11 14:15:00+05:30,95.2,95.8,95.2,95.25,1986
2016-03-11 15:15:00+05:30,95.25,96.75,94.6,96.4,14389
2016-03-14 09:15:00+05:30,95.85,96.85,95.1,96.85,1449
2016-03-14 10:15:00+05:30,96.85,96.85,95.35,95.5,693
2016-03-14 11:15:00+05:30,95.5,95.9,95.45,95.5,494
2016-03-14 12:15:00+05:30,95.5,95.5,95.5,95.5,120
2016-03-14 13:15:00+05:30,95.5,95.5,95.0,95.4,1043
2016-03-14 14:15:00+05:30,95.4,97.8,94.85,97.25,23632
2016-03-14 15:15:00+05:30,97.25,97.3,95.75,96.5,13049
2016-03-15 09:15:00+05:30,95.65,96.6,95.65,96.2,991
2016-03-15 10:15:00+05:30,96.2,96.2,96.0,96.0,444
2016-03-15 11:15:00+05:30,96.0,96.0,95.65,96.0,1175
2016-03-15 12:15:00+05:30,96.0,96.0,95.6,95.6,1273
2016-03-15 13:15:00+05:30,95.6,96.0,95.6,95.75,1371
2016-03-15 14:15:00+05:30,95.75,96.2,95.6,95.7,6266
2016-03-15 15:15:00+05:30,95.7,96.15,95.7,96.0,1418
2016-03-16 09:15:00+05:30,96.15,96.55,95.35,96.4,338
2016-03-16 10:15:00+05:30,96.4,96.4,95.7,95.7,275
2016-03-16 11:15:00+05:30,95.7,95.8,95.4,95.4,310
2016-03-16 12:15:00+05:30,95.4,95.8,95.4,95.8,25
2016-03-16 13:15:00+05:30,95.8,95.8,95.45,95.8,505
2016-03-16 14:15:00+05:30,95.8,96.4,95.65,95.75,25493
2016-03-16 15:15:00+05:30,95.75,96.35,95.65,96.35,638
2016-03-17 09:15:00+05:30,96.8,96.8,95.5,95.5,1495
2016-03-17 10:15:00+05:30,95.5,96.0,95.45,95.6,4701
2016-03-17 11:15:00+05:30,95.6,95.6,95.55,95.6,364
2016-03-17 12:15:00+05:30,95.6,96.0,95.45,95.55,774
2016-03-17 13:15:00+05:30,95.55,96.45,95.5,96.0,10616
2016-03-17 14:15:00+05:30,96.0,96.65,95.8,96.45,11370
2016-03-17 15:15:00+05:30,96.0,96.0,88.75,93.5,12455
2016-03-18 09:15:00+05:30,96.0,96.0,94.5,94.55,2331
2016-03-18 10:15:00+05:30,94.55,94.9,94.3,94.9,552
2016-03-18 11:15:00+05:30,94.9,94.9,94.35,94.35,387
2016-03-18 12:15:00+05:30,94.35,94.85,94.3,94.3,1176
2016-03-18 13:15:00+05:30,94.3,95.0,94.3,94.7,826
2016-03-18 14:15:00+05:30,94.7,97.7,94.25,94.75,13299
2016-03-18 15:15:00+05:30,94.75,97.0,93.9,93.9,7702
2016-03-21 09:15:00+05:30,96.0,96.0,93.0,94.85,5201
2016-03-21 10:15:00+05:30,94.85,94.85,92.7,93.5,4188
2016-03-21 11:15:00+05:30,93.5,93.5,93.1,93.5,589
2016-03-21 12:15:00+05:30,93.55,94.4,93.0,93.45,4680
2016-03-21 13:15:00+05:30,93.45,93.9,93.05,93.9,195
2016-03-21 14:15:00+05:30,93.05,96.95,93.0,93.25,34529
2016-03-21 15:15:00+05:30,93.25,93.8,93.1,93.1,2595
2016-03-22 09:15:00+05:30,89.4,94.3,89.4,92.5,30539
2016-03-22 10:15:00+05:30,92.5,93.7,91.8,93.7,6955
2016-03-22 11:15:00+05:30,93.7,93.8,92.9,93.0,4117
2016-03-22 12:15:00+05:30,93.0,93.7,92.75,92.75,12013
2016-03-22 13:15:00+05:30,92.75,92.95,91.15,92.35,6797
2016-03-22 14:15:00+05:30,92.35,93.5,92.35,93.35,3466
2016-03-22 15:15:00+05:30,93.35,94.6,92.75,93.85,12833
2016-03-23 09:15:00+05:30,93.95,96.0,93.15,95.45,12846
2016-03-23 10:15:00+05:30,95.35,95.8,93.75,93.8,18468
2016-03-23 11:15:00+05:30,93.8,95.95,93.75,95.5,11390
2016-03-23 12:15:00+05:30,95.5,96.0,94.0,95.75,24004
2016-03-23 13:15:00+05:30,95.75,96.4,95.35,96.05,27147
2016-03-23 14:15:00+05:30,96.05,103.5,95.1,102.0,96653
2016-03-23 15:15:00+05:30,102.0,105.5,102.0,102.25,78992
2016-03-28 09:15:00+05:30,104.1,105.0,101.2,102.7,26331
2016-03-28 10:15:00+05:30,101.8,106.0,101.15,104.7,32452
2016-03-28 11:15:00+05:30,104.7,104.95,103.55,104.2,7050
2016-03-28 12:15:00+05:30,104.2,104.9,103.5,104.0,2828
2016-03-28 13:15:00+05:30,104.35,105.0,104.0,104.0,5175
2016-03-28 14:15:00+05:30,104.0,106.25,104.0,104.95,43352
2016-03-28 15:15:00+05:30,104.95,106.1,103.95,104.1,21887
2016-03-29 09:15:00+05:30,104.9,107.75,104.1,106.0,27673
2016-03-29 10:15:00+05:30,106.0,106.4,103.65,104.6,8756
2016-03-29 11:15:00+05:30,103.75,104.85,103.3,104.35,1916
2016-03-29 12:15:00+05:30,104.35,104.7,103.9,104.55,2316
2016-03-29 13:15:00+05:30,104.6,105.0,104.5,104.6,2767
2016-03-29 14:15:00+05:30,104.6,106.0,104.5,106.0,18052
2016-03-29 15:15:00+05:30,106.0,106.5,103.5,104.9,17336
2016-03-30 09:15:00+05:30,107.0,107.0,104.6,104.7,17675
2016-03-30 10:15:00+05:30,104.7,104.9,104.25,104.3,2013
2016-03-30 11:15:00+05:30,104.25,105.0,103.9,104.15,9232
2016-03-30 12:15:00+05:30,104.15,104.6,104.05,104.1,712
2016-03-30 13:15:00+05:30,104.1,105.5,104.05,104.55,8310
2016-03-30 14:15:00+05:30,104.55,105.5,104.0,105.0,10222
2016-03-30 15:15:00+05:30,105.0,106.0,105.0,105.15,21184
2016-03-31 09:15:00+05:30,105.0,105.8,103.6,103.7,3004
2016-03-31 10:15:00+05:30,103.7,105.0,103.7,104.15,4562
2016-03-31 11:15:00+05:30,104.15,105.0,104.0,104.9,8097
2016-03-31 12:15:00+05:30,104.9,104.95,104.35,104.95,1198
2016-03-31 13:15:00+05:30,104.95,104.95,102.1,102.15,5274
2016-03-31 14:15:00+05:30,102.15,104.75,102.15,104.5,25948
2016-03-31 15:15:00+05:30,104.5,104.5,103.0,103.0,12262
2016-04-01 09:15:00+05:30,104.8,105.0,104.0,105.0,5148
2016-04-01 10:15:00+05:30,105.0,106.7,104.3,105.0,9491
2016-04-01 11:15:00+05:30,105.0,106.0,105.0,105.2,5658
2016-04-01 12:15:00+05:30,105.2,105.2,104.6,104.7,2253
2016-04-01 13:15:00+05:30,104.7,105.0,104.3,104.3,5403
2016-04-01 14:15:00+05:30,104.3,110.5,104.3,110.0,53050
2016-04-01 15:15:00+05:30,110.0,110.5,108.05,108.55,22539
2016-04-04 09:15:00+05:30,114.5,115.0,109.25,110.25,130940
2016-04-04 10:15:00+05:30,110.3,111.8,110.3,111.0,24155
2016-04-04 11:15:00+05:30,111.0,111.9,110.5,110.75,13983
2016-04-04 12:15:00+05:30,110.8,111.1,109.55,109.7,41492
2016-04-04 13:15:00+05:30,109.7,112.0,109.5,110.3,29220
2016-04-04 14:15:00+05:30,110.25,110.3,109.65,109.65,50381
2016-04-04 15:15:00+05:30,109.65,109.7,106.35,107.65,29442
2016-04-05 09:15:00+05:30,109.0,110.4,106.35,109.0,35824
2016-04-05 10:15:00+05:30,109.0,109.1,107.15,108.3,5614
2016-04-05 11:15:00+05:30,108.2,108.85,107.75,107.75,14861
2016-04-05 12:15:00+05:30,107.75,108.2,106.95,107.15,3064
2016-04-05 13:15:00+05:30,107.4,109.0,107.35,108.5,11280
2016-04-05 14:15:00+05:30,108.5,108.5,107.05,107.85,7243
2016-04-05 15:15:00+05:30,107.85,108.5,107.0,108.0,11782
2016-04-06 09:15:00+05:30,108.2,111.4,107.0,107.95,14520
2016-04-06 10:15:00+05:30,107.95,109.0,107.8,109.0,4762
2016-04-06 11:15:00+05:30,109.0,109.0,108.15,108.5,1351
2016-04-06 12:15:00+05:30,108.55,108.95,107.9,107.9,5364
2016-04-06 13:15:00+05:30,107.9,108.25,107.5,108.1,8920
2016-04-06 14:15:00+05:30,108.1,108.6,107.55,108.0,9349
2016-04-06 15:15:00+05:30,108.0,110.2,108.0,109.9,17195
2016-04-07 09:15:00+05:30,108.5,110.0,105.65,105.65,4600
2016-04-07 10:15:00+05:30,105.65,108.45,105.55,107.65,3223
2016-04-07 11:15:00+05:30,107.65,108.2,107.05,107.75,953
2016-04-07 12:15:00+05:30,107.75,108.0,107.3,108.0,1629
2016-04-07 13:15:00+05:30,108.0,108.0,107.3,107.8,2038
2016-04-07 14:15:00+05:30,107.8,112.9,107.3,111.0,66653
2016-04-07 15:15:00+05:30,111.0,111.3,110.0,111.15,7138
2016-04-08 09:15:00+05:30,109.1,111.0,106.95,109.55,7917
2016-04-08 10:15:00+05:30,109.55,110.75,108.5,110.6,2327
2016-04-08 11:15:00+05:30,110.6,110.7,109.8,109.8,728
2016-04-08 12:15:00+05:30,109.8,110.0,108.25,108.5,975
2016-04-08 13:15:00+05:30,108.5,111.95,108.5,111.5,9073
2016-04-08 14:15:00+05:30,111.65,114.5,111.0,111.7,65058
2016-04-08 15:15:00+05:30,111.7,112.0,111.3,111.5,5385
2016-04-11 09:15:00+05:30,113.7,113.7,110.5,111.5,2283
2016-04-11 10:15:00+05:30,111.0,112.0,110.1,110.55,2246
2016-04-11 11:15:00+05:30,110.55,111.85,110.45,111.85,1384
2016-04-11 12:15:00+05:30,111.85,112.0,111.2,111.3,3130
2016-04-11 13:15:00+05:30,111.3,112.3,111.2,112.3,4266
2016-04-11 14:15:00+05:30,112.3,114.55,111.5,114.45,29192
2016-04-11 15:15:00+05:30,114.0,114.5,112.3,113.0,14095
2016-04-12 09:15:00+05:30,113.05,113.4,111.15,112.8,1613
2016-04-12 10:15:00+05:30,112.8,115.3,112.05,114.7,18801
2016-04-12 11:15:00+05:30,114.7,115.9,114.7,115.9,26762
2016-04-12 12:15:00+05:30,115.9,115.9,115.6,115.6,8884
2016-04-12 13:15:00+05:30,115.6,118.8,114.25,116.2,62833
2016-04-12 14:15:00+05:30,116.0,116.05,115.5,116.05,5398
2016-04-12 15:15:00+05:30,116.05,116.7,116.0,116.15,5396
2016-04-13 09:15:00+05:30,116.0,117.9,115.0,116.85,10649
2016-04-13 10:15:00+05:30,116.85,117.4,116.75,117.2,1969
2016-04-13 11:15:00+05:30,117.2,117.4,116.75,117.0,3226
2016-04-13 12:15:00+05:30,117.0,117.45,116.5,116.7,5555
2016-04-13 13:15:00+05:30,116.7,117.45,116.5,117.0,11409
2016-04-13 14:15:00+05:30,117.0,118.2,117.0,118.0,13317
2016-04-13 15:15:00+05:30,118.0,119.0,117.2,118.1,9525
2016-04-18 09:15:00+05:30,117.6,119.0,116.1,117.7,69593
2016-04-18 10:15:00+05:30,117.7,118.5,117.7,118.15,6006
2016-04-18 11:15:00+05:30,118.15,118.4,118.0,118.0,2227
2016-04-18 12:15:00+05:30,118.0,118.45,118.0,118.2,2885
2016-04-18 13:15:00+05:30,118.2,123.95,118.0,121.5,53177
2016-04-18 14:15:00+05:30,121.5,122.65,120.35,120.6,12068
2016-04-18 15:15:00+05:30,120.5,121.4,119.5,120.05,4624
2016-04-20 09:15:00+05:30,123.9,123.9,120.7,121.5,11494
2016-04-20 10:15:00+05:30,121.5,122.75,120.45,122.7,6139
2016-04-20 11:15:00+05:30,122.7,122.7,121.3,121.55,4352
2016-04-20 12:15:00+05:30,121.55,122.5,121.35,122.0,3143
2016-04-20 13:15:00+05:30,122.0,122.8,121.3,121.9,20376
2016-04-20 14:15:00+05:30,121.9,122.75,121.55,122.0,9351
2016-04-20 15:15:00+05:30,122.0,123.1,121.25,121.35,12195
2016-04-21 09:15:00+05:30,120.85,122.5,120.85,122.45,7487
2016-04-21 10:15:00+05:30,122.45,122.45,120.5,121.05,15835
2016-04-21 11:15:00+05:30,121.1,122.0,120.7,121.4,3174
2016-04-21 12:15:00+05:30,121.4,121.95,120.6,120.95,1352
2016-04-21 13:15:00+05:30,120.95,121.0,120.05,121.0,1827
2016-04-21 14:15:00+05:30,121.0,121.95,118.35,118.7,4997
2016-04-21 15:15:00+05:30,118.7,119.0,117.3,118.0,2684
2016-04-22 09:15:00+05:30,117.95,118.3,113.1,116.95,10052
2016-04-22 10:15:00+05:30,116.95,116.95,115.6,115.95,943
2016-04-22 11:15:00+05:30,115.95,116.8,115.6,116.0,790
2016-04-22 12:15:00+05:30,116.0,116.0,115.6,116.0,2059
2016-04-22 13:15:00+05:30,116.0,116.4,115.1,115.8,2198
2016-04-22 14:15:00+05:30,115.8,116.45,115.15,116.15,1983
2016-04-22 15:15:00+05:30,116.4,117.0,115.25,115.25,1886
2016-04-25 09:15:00+05:30,116.0,119.5,116.0,117.0,1031
2016-04-25 10:15:00+05:30,117.0,121.0,117.0,118.55,10741
2016-04-25 11:15:00+05:30,118.55,119.0,118.4,118.9,1417
2016-04-25 12:15:00+05:30,118.9,118.9,116.0,117.35,8309
2016-04-25 13:15:00+05:30,117.15,117.9,117.0,117.25,1294
2016-04-25 14:15:00+05:30,117.25,119.15,117.25,117.7,10184
2016-04-25 15:15:00+05:30,117.7,118.0,116.7,116.7,2734
2016-04-26 09:15:00+05:30,119.0,121.6,115.7,117.1,8583
2016-04-26 10:15:00+05:30,117.1,117.75,116.3,117.4,3775
2016-04-26 11:15:00+05:30,117.4,119.7,117.2,119.2,5494
2016-04-26 12:15:00+05:30,119.2,119.9,118.25,119.85,3004
2016-04-26 13:15:00+05:30,119.85,119.85,118.2,118.6,11955
2016-04-26 14:15:00+05:30,118.6,119.7,117.7,118.65,7293
2016-04-26 15:15:00+05:30,118.65,119.5,118.5,119.5,6617
2016-04-27 09:15:00+05:30,119.8,121.0,117.3,118.3,3427
2016-04-27 10:15:00+05:30,118.65,118.65,118.0,118.15,2576
2016-04-27 11:15:00+05:30,118.15,118.5,117.75,118.3,840
2016-04-27 12:15:00+05:30,118.3,118.3,117.5,117.55,1045
2016-04-27 13:15:00+05:30,117.55,119.5,117.55,118.8,6680
2016-04-27 14:15:00+05:30,118.8,119.35,116.4,117.55,68185
2016-04-27 15:15:00+05:30,117.5,117.95,116.7,117.3,884
2016-04-28 09:15:00+05:30,120.9,120.9,116.65,118.5,1126
2016-04-28 10:15:00+05:30,118.5,118.5,117.25,117.25,680
2016-04-28 11:15:00+05:30,117.25,117.45,116.0,116.95,1502
2016-04-28 12:15:00+05:30,116.95,117.05,116.2,117.0,1042
2016-04-28 13:15:00+05:30,117.0,117.1,117.0,117.0,762
2016-04-28 14:15:00+05:30,117.0,117.0,115.2,116.25,1768
2016-04-28 15:15:00+05:30,116.25,116.25,114.8,115.0,1810
2016-04-29 09:15:00+05:30,114.65,120.0,114.65,118.0,3225
2016-04-29 10:15:00+05:30,118.0,119.25,118.0,118.0,2522
2016-04-29 11:15:00+05:30,118.0,118.0,116.55,117.0,1175
2016-04-29 12:15:00+05:30,117.0,117.0,116.55,117.0,552
2016-04-29 13:15:00+05:30,117.0,117.0,116.9,116.95,1161
2016-04-29 14:15:00+05:30,116.95,117.0,116.5,116.5,462
2016-04-29 15:15:00+05:30,116.5,117.0,114.0,114.15,4540
2016-05-02 09:15:00+05:30,117.0,117.3,114.1,115.95,1196
2016-05-02 10:15:00+05:30,115.95,116.0,113.65,114.65,2457
2016-05-02 11:15:00+05:30,114.65,115.9,113.9,114.95,2473
2016-05-02 12:15:00+05:30,114.95,114.95,114.1,114.35,528
2016-05-02 13:15:00+05:30,114.35,114.8,114.1,114.7,370
2016-05-02 14:15:00+05:30,114.7,114.7,113.9,113.9,2558
2016-05-02 15:15:00+05:30,113.9,115.5,113.9,115.5,1119
2016-05-03 09:15:00+05:30,119.5,119.5,110.65,117.6,3991
2016-05-03 10:15:00+05:30,117.6,119.1,117.25,117.75,6878
2016-05-03 11:15:00+05:30,117.75,118.7,117.3,118.5,2279
2016-05-03 12:15:00+05:30,118.5,118.8,117.5,118.7,1627
2016-05-03 13:15:00+05:30,118.7,118.7,116.45,118.0,4980
2016-05-03 14:15:00+05:30,118.0,118.05,116.55,116.55,2406
2016-05-03 15:15:00+05:30,116.55,117.8,116.45,117.8,1738
2016-05-04 09:15:00+05:30,116.45,117.95,116.45,116.9,1916
2016-05-04 10:15:00+05:30,117.0,118.4,116.7,116.8,2523
2016-05-04 11:15:00+05:30,116.8,118.0,116.8,117.15,2757
2016-05-04 12:15:00+05:30,117.15,117.15,116.0,116.45,2354
2016-05-04 13:15:00+05:30,116.45,116.9,116.2,116.9,155
2016-05-04 14:15:00+05:30,116.9,120.0,116.3,116.75,8303
2016-05-04 15:15:00+05:30,116.8,118.5,116.8,118.5,506
2016-05-05 09:15:00+05:30,119.8,119.8,116.3,118.6,575
2016-05-05 10:15:00+05:30,118.6,118.6,117.5,118.0,611
2016-05-05 11:15:00+05:30,117.15,117.5,117.15,117.3,475
2016-05-05 12:15:00+05:30,117.3,118.0,117.3,117.5,306
2016-05-05 13:15:00+05:30,117.5,117.95,116.6,117.8,490
2016-05-05 14:15:00+05:30,117.8,117.8,117.05,117.5,523
2016-05-05 15:15:00+05:30,117.5,118.0,117.1,117.1,1021
2016-05-06 09:15:00+05:30,118.0,118.0,114.2,116.9,2635
2016-05-06 10:15:00+05:30,116.9,117.45,116.9,117.45,1000
2016-05-06 11:15:00+05:30,117.45,120.45,117.25,117.25,3477
2016-05-06 12:15:00+05:30,117.25,118.25,116.3,117.9,889
2016-05-06 13:15:00+05:30,117.9,117.9,116.25,116.75,458
2016-05-06 14:15:00+05:30,116.75,117.45,116.0,116.15,2135
2016-05-06 15:15:00+05:30,116.15,117.0,115.7,115.7,1310
2016-05-09 09:15:00+05:30,116.0,118.2,114.6,116.45,1454
2016-05-09 10:15:00+05:30,116.45,117.75,115.45,117.05,384
2016-05-09 11:15:00+05:30,117.05,117.6,116.65,116.65,371
2016-05-09 12:15:00+05:30,116.65,116.8,115.65,116.5,638
2016-05-09 13:15:00+05:30,116.5,116.5,114.0,115.15,900
2016-05-09 14:15:00+05:30,115.15,117.9,115.15,117.05,7456
2016-05-09 15:15:00+05:30,117.05,117.55,115.5,115.9,1648
2016-05-10 09:15:00+05:30,117.0,118.0,115.5,117.05,2023
2016-05-10 10:15:00+05:30,117.1,117.65,116.65,117.65,510
2016-05-10 11:15:00+05:30,117.65,117.65,116.6,116.6,153
2016-05-10 12:15:00+05:30,117.5,117.5,116.6,117.0,583
2016-05-10 13:15:00+05:30,117.0,117.55,116.5,116.5,863
2016-05-10 14:15:00+05:30,116.5,117.3,115.05,115.95,785
2016-05-10 15:15:00+05:30,115.95,116.4,115.15,115.15,403
2016-05-11 09:15:00+05:30,117.45,117.45,113.0,115.3,1895
2016-05-11 10:15:00+05:30,116.45,117.0,115.1,115.1,4517
2016-05-11 11:15:00+05:30,115.1,116.0,115.1,115.4,1370
2016-05-11 12:15:00+05:30,115.4,116.0,115.35,115.4,1119
2016-05-11 13:15:00+05:30,115.4,116.0,115.4,116.0,682
2016-05-11 14:15:00+05:30,116.0,116.0,115.45,115.5,1664
2016-05-11 15:15:00+05:30,115.5,116.0,115.5,116.0,568
2016-05-12 09:15:00+05:30,115.1,116.8,115.1,115.5,431
2016-05-12 10:15:00+05:30,115.5,116.6,115.15,115.8,2737
2016-05-12 11:15:00+05:30,115.8,115.8,113.7,114.0,1468
2016-05-12 12:15:00+05:30,114.0,115.0,113.65,113.7,5028
2016-05-12 13:15:00+05:30,113.7,114.75,113.7,114.5,1016
2016-05-12 14:15:00+05:30,114.5,115.45,114.35,114.95,1346
2016-05-12 15:15:00+05:30,114.95,114.95,114.4,114.95,1078
2016-05-13 09:15:00+05:30,113.5,115.95,113.5,113.5,109
2016-05-13 10:15:00+05:30,113.5,115.7,113.5,115.65,464
2016-05-13 11:15:00+05:30,115.65,115.65,114.65,114.75,445
2016-05-13 12:15:00+05:30,114.75,115.45,114.75,114.8,1157
2016-05-13 13:15:00+05:30,114.8,115.5,114.8,114.8,506
2016-05-13 14:15:00+05:30,114.8,115.4,114.8,115.05,775
2016-05-13 15:15:00+05:30,115.05,116.0,115.05,115.8,4603
2016-05-16 09:15:00+05:30,115.55,115.65,113.5,113.5,1663
2016-05-16 10:15:00+05:30,114.0,114.0,113.6,113.65,1579
2016-05-16 11:15:00+05:30,113.65,114.0,113.6,114.0,657
2016-05-16 12:15:00+05:30,114.0,114.2,113.7,114.0,705
2016-05-16 13:15:00+05:30,114.0,114.8,113.8,114.5,789
2016-05-16 14:15:00+05:30,114.5,118.0,114.5,116.35,2819
2016-05-16 15:15:00+05:30,117.0,118.0,116.4,117.95,854
2016-05-17 09:15:00+05:30,117.0,117.0,115.05,117.0,342
2016-05-17 10:15:00+05:30,117.0,117.0,115.6,116.95,232
2016-05-17 11:15:00+05:30,116.95,117.0,114.85,115.05,839
2016-05-17 12:15:00+05:30,115.05,116.6,115.05,115.55,85
2016-05-17 13:15:00+05:30,115.55,116.45,115.15,115.15,299
2016-05-17 14:15:00+05:30,115.15,116.5,115.0,115.0,1088
2016-05-17 15:15:00+05:30,115.0,115.15,114.0,115.0,848
2016-05-18 09:15:00+05:30,115.05,115.85,113.0,115.1,2072
2016-05-18 10:15:00+05:30,115.1,116.5,114.0,116.25,532
2016-05-18 11:15:00+05:30,116.25,116.25,114.05,114.75,1056
2016-05-18 12:15:00+05:30,114.75,115.8,114.0,114.8,1688
2016-05-18 13:15:00+05:30,114.8,115.4,113.85,114.0,1571
2016-05-18 14:15:00+05:30,114.0,115.3,113.85,114.3,1000
2016-05-18 15:15:00+05:30,114.3,114.3,113.5,113.85,685
2016-05-19 09:15:00+05:30,114.1,116.0,114.1,115.45,1399
2016-05-19 10:15:00+05:30,115.45,115.45,113.8,114.1,1230
2016-05-19 11:15:00+05:30,114.1,115.0,113.5,114.7,1310
2016-05-19 12:15:00+05:30,114.7,114.7,113.6,114.2,202
2016-05-19 13:15:00+05:30,114.2,114.6,113.1,113.9,957
2016-05-19 14:15:00+05:30,113.9,116.0,112.4,115.8,4507
2016-05-19 15:15:00+05:30,115.8,115.8,112.05,112.75,2882
2016-05-20 09:15:00+05:30,114.3,114.75,113.4,113.95,907
2016-05-20 10:15:00+05:30,113.95,113.95,113.35,113.95,607
2016-05-20 11:15:00+05:30,113.95,113.95,113.35,113.95,214
2016-05-20 12:15:00+05:30,113.95,113.95,113.6,113.6,100
2016-05-20 13:15:00+05:30,113.6,114.6,113.6,113.65,65
2016-05-20 14:15:00+05:30,113.65,114.55,113.0,113.25,942
2016-05-20 15:15:00+05:30,113.25,113.25,112.05,112.15,2272
2016-05-23 09:15:00+05:30,112.9,115.5,112.8,113.05,1626
2016-05-23 10:15:00+05:30,113.05,115.0,112.7,115.0,3984
2016-05-23 11:15:00+05:30,115.0,115.0,113.4,113.5,322
2016-05-23 12:15:00+05:30,113.5,114.0,113.15,113.75,1172
2016-05-23 13:15:00+05:30,113.75,113.95,113.2,113.95,151
2016-05-23 14:15:00+05:30,113.95,113.95,113.1,113.1,1571
2016-05-23 15:15:00+05:30,113.1,113.65,112.7,112.7,2922
2016-05-24 09:15:00+05:30,111.55,115.0,111.55,114.0,515
2016-05-24 10:15:00+05:30,114.0,114.5,112.55,113.8,499
2016-05-24 11:15:00+05:30,113.8,114.5,112.55,112.75,1071
2016-05-24 12:15:00+05:30,112.75,113.95,112.75,113.6,305
2016-05-24 13:15:00+05:30,113.6,114.0,113.0,113.95,976
2016-05-24 14:15:00+05:30,113.95,114.45,113.55,114.0,1054
2016-05-24 15:15:00+05:30,114.0,114.85,113.5,114.85,1394
2016-05-25 09:15:00+05:30,112.05,115.0,112.05,113.6,643
2016-05-25 10:15:00+05:30,113.6,114.55,113.6,114.4,444
2016-05-25 11:15:00+05:30,114.4,114.4,113.35,113.9,1647
2016-05-25 12:15:00+05:30,113.9,114.05,113.3,114.05,1511
2016-05-25 13:15:00+05:30,114.05,117.0,114.05,116.65,7517
2016-05-25 14:15:00+05:30,116.65,118.35,115.7,116.9,7593
2016-05-25 15:15:00+05:30,116.9,117.2,116.0,117.2,556
2016-05-26 09:15:00+05:30,118.25,118.25,115.65,117.0,1419
2016-05-26 10:15:00+05:30,118.25,118.85,117.5,118.0,1762
2016-05-26 11:15:00+05:30,118.0,118.0,116.35,116.35,879
2016-05-26 12:15:00+05:30,116.35,117.9,116.35,117.5,2804
2016-05-26 13:15:00+05:30,117.5,117.9,116.55,116.55,3637
2016-05-26 14:15:00+05:30,116.55,118.05,115.05,116.3,5638
2016-05-26 15:15:00+05:30,116.3,118.0,116.3,118.0,2767
2016-05-27 09:15:00+05:30,118.8,118.8,116.0,116.25,11335
2016-05-27 10:15:00+05:30,116.25,117.45,116.25,116.7,1207
2016-05-27 11:15:00+05:30,116.7,118.0,116.4,118.0,2414
2016-05-27 12:15:00+05:30,118.0,118.0,116.5,116.5,929
2016-05-27 13:15:00+05:30,116.5,117.85,116.15,116.15,779
2016-05-27 14:15:00+05:30,116.15,117.2,116.1,116.8,6776
2016-05-27 15:15:00+05:30,116.8,117.5,116.5,116.65,2318
2016-05-30 09:15:00+05:30,117.0,119.0,110.35,113.9,12449
2016-05-30 10:15:00+05:30,113.9,116.0,112.4,114.05,14961
2016-05-30 11:15:00+05:30,114.05,114.5,114.0,114.35,5101
2016-05-30 12:15:00+05:30,114.3,114.7,114.0,114.2,1510
2016-05-30 13:15:00+05:30,114.2,114.2,112.9,113.35,3762
2016-05-30 14:15:00+05:30,113.35,114.55,113.1,114.4,1878
2016-05-30 15:15:00+05:30,114.4,115.15,113.15,115.15,3281
2016-05-31 09:15:00+05:30,113.75,114.55,112.25,112.95,968
2016-05-31 10:15:00+05:30,112.95,114.2,112.95,113.1,140
2016-05-31 11:15:00+05:30,113.1,114.8,113.1,113.8,1490
2016-05-31 12:15:00+05:30,113.8,115.5,113.8,115.45,7655
2016-05-31 13:15:00+05:30,115.5,115.85,114.9,115.4,12353
2016-05-31 14:15:00+05:30,115.4,115.45,113.6,114.55,4490
2016-05-31 15:15:00+05:30,114.55,115.5,114.0,115.5,270
2016-06-01 09:15:00+05:30,114.15,115.7,113.55,113.55,2489
2016-06-01 10:15:00+05:30,113.55,114.85,113.4,113.4,3680
2016-06-01 11:15:00+05:30,113.4,114.4,113.4,113.9,4369
2016-06-01 12:15:00+05:30,113.8,114.3,113.45,113.95,1181
2016-06-01 13:15:00+05:30,113.95,113.95,113.2,113.95,2589
2016-06-01 14:15:00+05:30,113.95,113.95,112.8,113.9,389
2016-06-01 15:15:00+05:30,113.9,113.9,112.5,112.5,2349
2016-06-02 09:15:00+05:30,113.6,115.0,113.0,113.45,2206
2016-06-02 10:15:00+05:30,113.45,114.45,112.2,113.0,19487
2016-06-02 11:15:00+05:30,113.0,114.0,112.1,113.3,7994
2016-06-02 12:15:00+05:30,113.3,113.95,112.45,112.55,9671
2016-06-02 13:15:00+05:30,112.55,113.8,112.55,113.4,3380
2016-06-02 14:15:00+05:30,113.4,113.7,110.8,112.4,10489
2016-06-02 15:15:00+05:30,112.4,113.0,111.6,112.55,5064
2016-06-03 09:15:00+05:30,114.7,114.9,113.4,113.45,3638
2016-06-03 10:15:00+05:30,113.45,114.85,113.45,113.95,2037
2016-06-03 11:15:00+05:30,113.95,114.1,112.55,113.5,1527
2016-06-03 12:15:00+05:30,113.5,114.15,112.2,113.45,10945
2016-06-03 13:15:00+05:30,113.45,114.0,112.6,113.2,2875
2016-06-03 14:15:00+05:30,113.2,113.9,112.25,112.9,26433
2016-06-03 15:15:00+05:30,112.9,112.9,111.1,111.25,2549
2016-06-06 09:15:00+05:30,111.95,113.0,111.95,112.75,49
2016-06-06 10:15:00+05:30,112.75,114.0,111.95,112.55,1715
2016-06-06 11:15:00+05:30,112.55,112.95,111.95,112.05,1870
2016-06-06 12:15:00+05:30,112.05,113.55,112.05,112.9,2829
2016-06-06 13:15:00+05:30,112.9,113.8,111.9,113.8,1116
2016-06-06 14:15:00+05:30,113.8,113.8,112.0,112.0,1509
2016-06-06 15:15:00+05:30,112.0,112.0,111.0,111.9,899
2016-06-07 09:15:00+05:30,111.9,113.35,106.8,111.8,7614
2016-06-07 10:15:00+05:30,111.75,112.95,111.35,112.6,11012
2016-06-07 11:15:00+05:30,111.35,112.95,111.35,112.2,7366
2016-06-07 12:15:00+05:30,112.2,112.75,112.1,112.1,1564
2016-06-07 13:15:00+05:30,112.1,113.3,111.5,112.15,2277
2016-06-07 14:15:00+05:30,112.15,113.5,109.6,112.1,17036
2016-06-07 15:15:00+05:30,112.1,113.8,110.0,112.7,14393
2016-06-08 09:15:00+05:30,113.5,113.5,110.4,112.0,786
2016-06-08 10:15:00+05:30,112.0,112.5,111.65,111.85,612
2016-06-08 11:15:00+05:30,111.85,112.8,110.9,112.05,2302
2016-06-08 12:15:00+05:30,112.05,112.05,110.15,111.45,3588
2016-06-08 13:15:00+05:30,111.45,111.9,110.3,111.55,2090
2016-06-08 14:15:00+05:30,111.55,112.35,109.6,111.45,12334
2016-06-08 15:15:00+05:30,110.1,112.4,110.0,112.0,7818
2016-06-09 09:15:00+05:30,112.4,112.4,111.05,111.3,1508
2016-06-09 10:15:00+05:30,111.3,111.9,110.0,111.9,2510
2016-06-09 11:15:00+05:30,111.9,111.9,111.15,111.5,248
2016-06-09 12:15:00+05:30,111.05,112.0,110.75,111.65,3631
2016-06-09 13:15:00+05:30,111.65,113.95,110.75,111.5,17221
2016-06-09 14:15:00+05:30,111.5,113.0,111.1,113.0,5505
2016-06-09 15:15:00+05:30,113.0,113.5,112.05,112.05,7559
2016-06-10 09:15:00+05:30,113.0,114.4,111.05,111.75,10211
2016-06-10 10:15:00+05:30,111.7,111.8,111.55,111.75,3391
2016-06-10 11:15:00+05:30,111.75,112.5,111.6,112.5,280
2016-06-10 12:15:00+05:30,112.5,112.5,111.05,111.3,1648
2016-06-10 13:15:00+05:30,111.3,111.8,111.1,111.65,1247
2016-06-10 14:15:00+05:30,111.65,112.5,111.1,112.05,6364
2016-06-10 15:15:00+05:30,112.15,113.1,112.0,112.0,2812
2016-06-13 09:15:00+05:30,114.4,114.4,109.7,111.55,7024
2016-06-13 10:15:00+05:30,111.55,111.55,109.7,110.8,1821
2016-06-13 11:15:00+05:30,110.8,110.8,110.1,110.6,902
2016-06-13 12:15:00+05:30,110.6,112.0,110.3,111.45,1769
2016-06-13 13:15:00+05:30,111.45,111.95,111.2,111.55,487
2016-06-13 14:15:00+05:30,111.55,111.85,111.1,111.3,1762
2016-06-13 15:15:00+05:30,111.3,111.95,110.15,111.0,3903
2016-06-14 09:15:00+05:30,112.45,112.45,110.45,111.5,425
2016-06-14 10:15:00+05:30,111.5,112.5,110.45,111.45,1286
2016-06-14 11:15:00+05:30,111.45,112.75,111.15,112.45,689
2016-06-14 12:15:00+05:30,112.45,112.45,111.15,112.0,1237
2016-06-14 13:15:00+05:30,112.0,112.0,111.25,111.25,298
2016-06-14 14:15:00+05:30,111.25,111.9,110.65,110.75,7557
2016-06-14 15:15:00+05:30,110.75,111.45,110.5,111.0,966
2016-06-15 09:15:00+05:30,111.85,111.85,111.1,111.4,442
2016-06-15 10:15:00+05:30,111.4,112.9,111.0,111.1,22176
2016-06-15 11:15:00+05:30,111.1,111.45,111.0,111.2,253
2016-06-15 12:15:00+05:30,111.2,111.7,111.0,111.05,1488
2016-06-15 13:15:00+05:30,111.05,112.05,111.0,111.55,2580
2016-06-15 14:15:00+05:30,111.55,112.5,111.5,111.8,1401
2016-06-15 15:15:00+05:30,111.8,111.8,111.05,111.8,963
2016-06-16 09:15:00+05:30,113.0,113.0,110.8,111.0,1021
2016-06-16 10:15:00+05:30,111.0,112.15,110.85,110.85,739
2016-06-16 11:15:00+05:30,110.85,111.75,110.8,110.85,791
2016-06-16 12:15:00+05:30,110.85,111.8,110.85,111.4,806
2016-06-16 13:15:00+05:30,111.4,111.75,111.0,111.0,328
2016-06-16 14:15:00+05:30,111.0,111.7,110.9,111.3,1642
2016-06-16 15:15:00+05:30,111.3,111.3,110.6,110.6,958
2016-06-17 09:15:00+05:30,112.0,117.75,112.0,112.9,18239
2016-06-17 10:15:00+05:30,112.9,114.5,112.9,114.5,3834
2016-06-17 11:15:00+05:30,114.05,114.45,113.25,113.25,3087
2016-06-17 12:15:00+05:30,113.25,114.15,113.05,113.2,1322
2016-06-17 13:15:00+05:30,113.2,114.0,113.1,113.45,1200
2016-06-17 14:15:00+05:30,113.45,114.35,113.4,113.6,3817
2016-06-17 15:15:00+05:30,113.6,113.95,113.1,113.2,1941
2016-06-20 09:15:00+05:30,113.3,115.0,113.05,113.55,1693
2016-06-20 10:15:00+05:30,113.55,114.2,113.5,114.0,2211
2016-06-20 11:15:00+05:30,114.0,114.85,112.0,112.65,20092
2016-06-20 12:15:00+05:30,112.65,113.25,112.4,112.9,13098
2016-06-20 13:15:00+05:30,112.9,113.95,112.6,112.65,7543
2016-06-20 14:15:00+05:30,112.65,113.9,112.65,112.85,8013
2016-06-20 15:15:00+05:30,112.85,113.0,112.15,112.8,1025
2016-06-21 09:15:00+05:30,112.75,114.5,112.75,113.65,36625
2016-06-21 10:15:00+05:30,113.65,114.0,113.2,113.2,541
2016-06-21 11:15:00+05:30,113.2,113.8,113.15,113.15,359
2016-06-21 12:15:00+05:30,113.15,113.8,113.0,113.2,812
2016-06-21 13:15:00+05:30,113.2,114.1,113.15,113.4,8225
2016-06-21 14:15:00+05:30,113.4,113.4,112.2,113.0,3960
2016-06-21 15:15:00+05:30,113.0,113.0,112.2,112.3,662
2016-06-22 09:15:00+05:30,112.1,114.25,110.05,112.25,42913
2016-06-22 10:15:00+05:30,112.25,114.0,112.1,112.7,996
2016-06-22 11:15:00+05:30,112.7,113.5,112.7,113.0,696
2016-06-22 12:15:00+05:30,113.0,114.0,112.5,112.75,11484
2016-06-22 13:15:00+05:30,112.75,113.45,112.0,112.05,4446
2016-06-22 14:15:00+05:30,112.05,113.0,112.0,112.9,4090
2016-06-22 15:15:00+05:30,112.9,112.9,112.0,112.0,526
2016-06-23 09:15:00+05:30,112.65,113.3,111.2,111.35,1081
2016-06-23 10:15:00+05:30,111.35,112.9,110.75,111.05,38628
2016-06-23 11:15:00+05:30,111.05,111.9,110.2,110.5,6951
2016-06-23 12:15:00+05:30,110.5,111.0,110.25,110.65,5348
2016-06-23 13:15:00+05:30,110.65,110.9,110.3,110.75,1353
2016-06-23 14:15:00+05:30,110.75,110.85,110.45,110.45,1519
2016-06-23 15:15:00+05:30,110.45,111.0,110.45,110.5,6031
2016-06-24 09:15:00+05:30,108.9,109.9,107.4,108.45,3294
2016-06-24 10:15:00+05:30,108.45,112.3,107.3,111.8,33470
2016-06-24 11:15:00+05:30,111.8,112.4,110.2,110.2,11269
2016-06-24 12:15:00+05:30,110.2,110.45,109.0,109.95,1548
2016-06-24 13:15:00+05:30,109.95,110.5,109.5,110.1,1222
2016-06-24 14:15:00+05:30,110.1,110.5,109.85,110.45,1147
2016-06-24 15:15:00+05:30,110.45,110.7,110.1,110.7,1911
2016-06-27 09:15:00+05:30,109.75,112.45,109.15,112.45,4401
2016-06-27 10:15:00+05:30,112.5,113.9,112.1,112.55,2177
2016-06-27 11:15:00+05:30,112.55,112.8,112.35,112.75,231
2016-06-27 12:15:00+05:30,112.75,112.95,112.3,112.8,866
2016-06-27 13:15:00+05:30,112.3,112.8,112.25,112.5,1057
2016-06-27 14:15:00+05:30,112.5,112.5,112.25,112.25,758
2016-06-27 15:15:00+05:30,112.25,112.3,112.25,112.3,218
2016-06-28 09:15:00+05:30,112.5,113.95,111.25,112.4,2471
2016-06-28 10:15:00+05:30,112.4,112.4,111.25,112.0,2263
2016-06-28 11:15:00+05:30,112.0,112.0,111.8,111.95,222
2016-06-28 12:15:00+05:30,111.95,111.95,111.6,111.95,85
2016-06-28 13:15:00+05:30,111.95,111.95,111.65,111.85,53
2016-06-28 14:15:00+05:30,111.6,112.0,111.55,112.0,392
2016-06-28 15:15:00+05:30,112.0,112.0,111.0,111.0,1216
2016-06-29 09:15:00+05:30,113.0,119.3,111.65,116.85,19224
2016-06-29 10:15:00+05:30,116.85,118.4,114.1,114.1,20112
2016-06-29 11:15:00+05:30,114.1,115.2,114.1,114.75,2742
2016-06-29 12:15:00+05:30,114.75,115.0,114.25,114.75,1089
2016-06-29 13:15:00+05:30,114.9,115.7,114.6,115.7,3905
2016-06-29 14:15:00+05:30,115.7,118.0,115.0,116.3,13414
2016-06-29 15:15:00+05:30,116.3,118.0,116.1,116.55,5444
2016-06-30 09:15:00+05:30,118.7,120.0,116.0,117.5,10434
2016-06-30 10:15:00+05:30,117.5,118.0,117.5,117.5,798
2016-06-30 11:15:00+05:30,117.5,118.0,116.85,118.0,3837
2016-06-30 12:15:00+05:30,118.0,119.7,117.05,119.7,12298
2016-06-30 13:15:00+05:30,119.7,120.5,118.2,119.45,10589
2016-06-30 14:15:00+05:30,119.45,120.0,117.5,117.75,11834
2016-06-30 15:15:00+05:30,117.75,118.0,116.75,118.0,4387
2016-07-01 09:15:00+05:30,117.5,120.0,117.5,119.85,6403
2016-07-01 10:15:00+05:30,119.85,119.9,118.05,118.25,2488
2016-07-01 11:15:00+05:30,118.25,119.9,118.0,119.85,4236
2016-07-01 12:15:00+05:30,119.85,119.85,119.0,119.7,1742
2016-07-01 13:15:00+05:30,119.7,119.7,117.4,117.4,2316
2016-07-01 14:15:00+05:30,117.4,118.7,116.1,117.5,7865
2016-07-01 15:15:00+05:30,117.5,117.5,117.15,117.5,1216
2016-07-04 09:15:00+05:30,119.75,119.75,118.25,118.55,921
2016-07-04 10:15:00+05:30,118.55,119.0,118.3,119.0,497
2016-07-04 11:15:00+05:30,119.0,119.0,118.1,118.4,1471
2016-07-04 12:15:00+05:30,118.4,119.0,116.15,118.0,3308
2016-07-04 13:15:00+05:30,118.0,118.4,117.35,117.9,978
2016-07-04 14:15:00+05:30,117.9,117.9,116.1,117.5,5322
2016-07-04 15:15:00+05:30,117.5,117.5,116.15,116.2,1315
2016-07-05 09:15:00+05:30,116.0,118.35,116.0,118.0,3853
2016-07-05 10:15:00+05:30,118.0,118.2,117.55,117.55,7855
2016-07-05 11:15:00+05:30,117.55,118.0,117.2,117.4,1519
2016-07-05 12:15:00+05:30,117.4,117.4,116.25,116.7,1391
2016-07-05 13:15:00+05:30,116.75,118.65,116.25,118.0,12255
2016-07-05 14:15:00+05:30,118.0,122.0,118.0,121.95,11568
2016-07-05 15:15:00+05:30,121.95,122.95,121.95,122.95,17835
2016-07-07 09:15:00+05:30,124.0,127.2,121.0,123.95,15737
2016-07-07 10:15:00+05:30,123.95,123.95,121.6,121.95,1859
2016-07-07 11:15:00+05:30,122.5,123.0,121.5,123.0,1296
2016-07-07 12:15:00+05:30,123.0,123.05,121.3,123.0,1964
2016-07-07 13:15:00+05:30,123.0,123.85,122.1,122.6,874
2016-07-07 14:15:00+05:30,123.0,124.0,122.6,122.6,4199
2016-07-07 15:15:00+05:30,122.6,126.0,122.6,126.0,3862
2016-07-08 09:15:00+05:30,123.0,132.5,123.0,126.4,36604
2016-07-08 10:15:00+05:30,126.4,126.8,125.2,125.9,3601
2016-07-08 11:15:00+05:30,125.9,127.35,125.75,126.45,1637
2016-07-08 12:15:00+05:30,126.45,128.0,126.15,128.0,5482
2016-07-08 13:15:00+05:30,128.0,129.5,126.5,126.5,6073
2016-07-08 14:15:00+05:30,126.5,130.0,126.5,128.0,11567
2016-07-08 15:15:00+05:30,128.0,129.2,127.2,128.0,7186
2016-07-11 09:15:00+05:30,129.75,133.7,129.0,129.65,22008
2016-07-11 10:15:00+05:30,129.65,130.4,128.3,128.55,2804
2016-07-11 11:15:00+05:30,128.55,128.55,126.6,127.5,2818
2016-07-11 12:15:00+05:30,127.45,128.85,127.0,128.5,1903
2016-07-11 13:15:00+05:30,128.5,128.5,127.3,127.85,2906
2016-07-11 14:15:00+05:30,127.85,128.65,127.15,128.3,4672
2016-07-11 15:15:00+05:30,128.3,128.45,127.05,127.7,2343
2016-07-12 09:15:00+05:30,121.8,140.0,121.8,138.2,225502
2016-07-12 10:15:00+05:30,138.2,138.5,135.5,136.5,64559
2016-07-12 11:15:00+05:30,136.2,136.7,135.6,136.0,15436
2016-07-12 12:15:00+05:30,136.0,137.5,135.9,136.7,19722
2016-07-12 13:15:00+05:30,136.7,139.2,135.9,139.0,48315
2016-07-12 14:15:00+05:30,139.05,143.3,137.2,138.25,246659
2016-07-12 15:15:00+05:30,138.25,140.0,137.0,137.45,34484
2016-07-13 09:15:00+05:30,137.8,137.8,132.05,132.2,22543
2016-07-13 10:15:00+05:30,132.2,133.85,130.5,131.2,15544
2016-07-13 11:15:00+05:30,131.2,133.2,130.1,131.35,21935
2016-07-13 12:15:00+05:30,131.35,131.45,130.5,130.5,7080
2016-07-13 13:15:00+05:30,130.5,132.9,130.5,131.05,18202
2016-07-13 14:15:00+05:30,131.05,133.55,131.05,133.15,17920
2016-07-13 15:15:00+05:30,133.15,135.1,132.9,134.0,14872
2016-07-14 09:15:00+05:30,133.5,139.65,130.3,138.0,55442
2016-07-14 10:15:00+05:30,138.0,138.7,136.2,137.35,19448
2016-07-14 11:15:00+05:30,137.35,137.55,134.0,137.1,4835
2016-07-14 12:15:00+05:30,137.1,137.55,136.25,136.55,2137
2016-07-14 13:15:00+05:30,136.55,138.4,136.5,136.8,3420
2016-07-14 14:15:00+05:30,136.8,137.9,135.15,136.8,4789
2016-07-14 15:15:00+05:30,136.8,137.9,136.05,136.05,5563
2016-07-15 09:15:00+05:30,136.6,137.0,131.0,136.85,5094
2016-07-15 10:15:00+05:30,136.85,137.2,135.5,136.95,1938
2016-07-15 11:15:00+05:30,136.95,136.95,135.25,136.85,1815
2016-07-15 12:15:00+05:30,136.85,136.85,135.95,136.2,1562
2016-07-15 13:15:00+05:30,136.2,137.5,136.0,136.7,3131
2016-07-15 14:15:00+05:30,136.7,136.7,133.85,134.75,5009
2016-07-15 15:15:00+05:30,134.75,136.0,133.0,133.05,4830
2016-07-18 09:15:00+05:30,138.0,141.3,134.55,139.35,17662
2016-07-18 10:15:00+05:30,139.35,140.0,138.5,138.65,7786
2016-07-18 11:15:00+05:30,138.65,139.0,137.05,137.75,3635
2016-07-18 12:15:00+05:30,137.75,139.9,135.6,137.0,44964
2016-07-18 13:15:00+05:30,137.0,137.9,135.6,136.8,2409
2016-07-18 14:15:00+05:30,136.8,137.8,134.0,134.55,33261
2016-07-18 15:15:00+05:30,134.5,135.95,133.95,135.5,3358
2016-07-19 09:15:00+05:30,136.95,137.0,132.0,133.25,27841
2016-07-19 10:15:00+05:30,133.25,134.75,132.5,133.5,5081
2016-07-19 11:15:00+05:30,133.5,134.85,133.1,133.45,9424
2016-07-19 12:15:00+05:30,133.45,134.25,133.1,133.25,2067
2016-07-19 13:15:00+05:30,133.25,134.95,130.15,131.05,21343
2016-07-19 14:15:00+05:30,131.0,134.0,129.05,130.15,23408
2016-07-19 15:15:00+05:30,130.15,131.55,128.5,128.6,5147
2016-07-20 09:15:00+05:30,130.05,132.85,126.4,127.6,18591
2016-07-20 10:15:00+05:30,127.6,128.75,127.55,128.75,2985
2016-07-20 11:15:00+05:30,128.75,129.0,126.7,127.75,10664
2016-07-20 12:15:00+05:30,127.15,128.65,126.45,127.05,4135
2016-07-20 13:15:00+05:30,127.05,128.65,125.0,125.9,21788
2016-07-20 14:15:00+05:30,125.4,127.7,124.1,126.8,28012
2016-07-20 15:15:00+05:30,127.25,127.3,125.55,126.95,5379
2016-07-21 09:15:00+05:30,130.0,130.0,123.5,125.1,21164
2016-07-21 10:15:00+05:30,125.1,125.75,123.6,124.7,22197
2016-07-21 11:15:00+05:30,124.7,125.75,122.1,122.15,11179
2016-07-21 12:15:00+05:30,122.15,123.1,122.15,122.8,5380
2016-07-21 13:15:00+05:30,122.8,123.3,122.55,122.75,3964
2016-07-21 14:15:00+05:30,122.8,124.15,121.9,122.8,18922
2016-07-21 15:15:00+05:30,122.8,123.0,121.5,123.0,6913
2016-07-22 09:15:00+05:30,121.5,122.85,119.25,120.75,18184
2016-07-22 10:15:00+05:30,120.75,122.05,119.7,120.0,14759
2016-07-22 11:15:00+05:30,120.0,120.0,119.55,119.65,4326
2016-07-22 12:15:00+05:30,119.65,120.9,119.65,120.15,5692
2016-07-22 13:15:00+05:30,120.15,120.25,119.55,119.8,4781
2016-07-22 14:15:00+05:30,119.8,120.0,118.1,118.7,37763
2016-07-22 15:15:00+05:30,118.7,119.0,118.1,118.1,13656
2016-07-25 09:15:00+05:30,119.9,121.05,119.05,120.9,11168
2016-07-25 10:15:00+05:30,120.9,121.75,120.55,120.95,17096
2016-07-25 11:15:00+05:30,120.95,121.05,120.45,120.95,2422
2016-07-25 12:15:00+05:30,120.95,121.0,119.0,119.0,4212
2016-07-25 13:15:00+05:30,119.35,120.0,118.55,120.0,3216
2016-07-25 14:15:00+05:30,119.9,120.0,119.1,119.5,5639
2016-07-25 15:15:00+05:30,119.5,119.5,118.1,118.4,6106
2016-07-26 09:15:00+05:30,121.0,121.0,117.6,118.3,35132
2016-07-26 10:15:00+05:30,118.95,119.65,117.0,117.55,27331
2016-07-26 11:15:00+05:30,117.55,118.5,117.55,117.6,5299
2016-07-26 12:15:00+05:30,117.6,118.0,116.9,117.55,5240
2016-07-26 13:15:00+05:30,117.55,118.15,116.6,117.3,32340
2016-07-26 14:15:00+05:30,117.3,118.5,115.75,115.8,40732
2016-07-26 15:15:00+05:30,116.3,116.4,115.5,115.8,2991
2016-07-27 09:15:00+05:30,118.65,118.65,113.1,115.7,11899
2016-07-27 10:15:00+05:30,115.7,117.85,114.0,116.45,14226
2016-07-27 11:15:00+05:30,116.45,116.95,115.35,116.95,2692
2016-07-27 12:15:00+05:30,116.95,117.5,115.95,116.8,12359
2016-07-27 13:15:00+05:30,116.8,117.45,116.35,116.75,1048
2016-07-27 14:15:00+05:30,116.75,117.9,116.1,117.5,3590
2016-07-27 15:15:00+05:30,117.5,118.0,117.2,118.0,1579
2016-07-28 09:15:00+05:30,118.0,119.0,116.5,116.95,8377
2016-07-28 10:15:00+05:30,116.95,118.15,116.6,117.6,7548
2016-07-28 11:15:00+05:30,117.6,118.5,116.9,118.0,41798
2016-07-28 12:15:00+05:30,118.0,118.0,116.6,117.2,950
2016-07-28 13:15:00+05:30,117.2,117.6,116.25,116.65,4144
2016-07-28 14:15:00+05:30,116.65,117.1,115.5,116.7,9499
2016-07-28 15:15:00+05:30,116.7,116.7,115.65,116.4,3000
2016-07-29 09:15:00+05:30,117.5,118.35,115.5,117.1,1571
2016-07-29 10:15:00+05:30,117.1,117.95,117.05,117.1,5581
2016-07-29 11:15:00+05:30,117.1,118.0,117.05,118.0,2216
2016-07-29 12:15:00+05:30,118.0,118.1,117.0,117.45,8729
2016-07-29 13:15:00+05:30,117.45,117.7,116.3,116.7,1174
2016-07-29 14:15:00+05:30,116.7,117.8,116.2,117.0,11625
2016-07-29 15:15:00+05:30,117.0,118.0,116.55,117.05,11879
2016-08-01 09:15:00+05:30,115.55,117.95,115.55,116.0,7028
2016-08-01 10:15:00+05:30,116.0,117.4,115.65,115.9,4455
2016-08-01 11:15:00+05:30,115.9,116.4,114.2,114.55,8924
2016-08-01 12:15:00+05:30,114.5,116.0,113.5,114.0,11071
2016-08-01 13:15:00+05:30,114.0,114.9,113.3,114.1,1354
2016-08-01 14:15:00+05:30,114.1,115.15,114.1,114.8,4708
2016-08-01 15:15:00+05:30,114.75,115.75,114.45,114.95,11356
2016-08-02 09:15:00+05:30,116.95,116.95,114.35,115.5,5127
2016-08-02 10:15:00+05:30,115.5,116.4,115.4,116.4,2377
2016-08-02 11:15:00+05:30,116.4,116.7,115.25,116.2,1761
2016-08-02 12:15:00+05:30,116.2,117.85,115.25,117.75,3600
2016-08-02 13:15:00+05:30,117.75,117.95,115.55,115.65,12764
2016-08-02 14:15:00+05:30,115.65,115.9,113.3,113.75,9537
2016-08-02 15:15:00+05:30,113.75,113.85,112.0,113.0,7839
2016-08-03 09:15:00+05:30,112.05,114.9,111.4,111.75,5435
2016-08-03 10:15:00+05:30,112.0,112.35,110.5,111.25,6280
2016-08-03 11:15:00+05:30,111.25,111.25,109.0,110.0,6642
2016-08-03 12:15:00+05:30,109.6,110.0,109.55,110.0,2621
2016-08-03 13:15:00+05:30,110.0,110.4,109.3,110.0,3248
2016-08-03 14:15:00+05:30,110.0,110.5,109.3,110.1,4900
2016-08-03 15:15:00+05:30,110.1,110.5,110.1,110.5,2351
2016-08-04 09:15:00+05:30,115.0,115.0,111.05,111.45,2024
2016-08-04 10:15:00+05:30,111.45,113.0,111.45,112.45,1663
2016-08-04 11:15:00+05:30,112.45,112.6,111.5,111.5,1706
2016-08-04 12:15:00+05:30,111.5,112.45,111.35,111.6,6143
2016-08-04 13:15:00+05:30,111.6,112.3,111.2,111.2,2164
2016-08-04 14:15:00+05:30,111.2,111.95,110.75,111.9,3130
2016-08-04 15:15:00+05:30,111.9,111.9,110.3,110.4,2278
2016-08-05 09:15:00+05:30,112.5,119.75,109.3,118.2,138356
2016-08-05 10:15:00+05:30,118.25,119.0,117.0,118.5,28999
2016-08-05 11:15:00+05:30,118.5,118.55,117.35,118.0,21234
2016-08-05 12:15:00+05:30,118.0,118.4,117.55,117.8,6901
2016-08-05 13:15:00+05:30,117.8,118.0,117.3,117.4,8159
2016-08-05 14:15:00+05:30,117.4,118.5,117.0,117.25,27348
2016-08-05 15:15:00+05:30,117.5,118.45,117.1,117.3,21160
2016-08-08 09:15:00+05:30,119.8,121.0,117.0,117.85,13430
2016-08-08 10:15:00+05:30,117.85,118.35,117.3,117.45,5060
2016-08-08 11:15:00+05:30,117.45,117.85,117.2,117.3,3006
2016-08-08 12:15:00+05:30,117.3,117.85,117.0,117.0,3627
2016-08-08 13:15:00+05:30,117.0,117.8,116.2,116.35,2309
2016-08-08 14:15:00+05:30,116.35,117.1,116.0,116.5,4754
2016-08-08 15:15:00+05:30,116.5,116.95,116.1,116.9,2405
2016-08-09 09:15:00+05:30,117.9,121.0,116.5,117.5,7453
2016-08-09 10:15:00+05:30,117.5,118.45,117.0,118.0,9533
2016-08-09 11:15:00+05:30,118.0,119.0,117.05,117.65,13659
2016-08-09 12:15:00+05:30,117.65,117.65,117.0,117.35,6379
2016-08-09 13:15:00+05:30,117.35,117.6,116.1,116.4,6832
2016-08-09 14:15:00+05:30,116.4,116.85,115.7,116.0,3299
2016-08-09 15:15:00+05:30,116.0,116.8,116.0,116.25,3474
2016-08-10 09:15:00+05:30,116.9,118.0,114.1,114.35,7660
2016-08-10 10:15:00+05:30,114.35,114.95,114.0,114.85,4726
2016-08-10 11:15:00+05:30,114.85,114.85,112.65,112.75,3338
2016-08-10 12:15:00+05:30,113.0,117.3,112.6,115.75,10327
2016-08-10 13:15:00+05:30,115.75,116.9,115.6,116.1,1068
2016-08-10 14:15:00+05:30,116.1,118.9,115.8,117.1,10700
2016-08-10 15:15:00+05:30,117.1,118.25,116.25,117.0,5156
2016-08-11 09:15:00+05:30,121.0,122.45,112.1,113.35,58054
2016-08-11 10:15:00+05:30,113.35,114.95,113.05,113.7,10179
2016-08-11 11:15:00+05:30,113.7,114.25,112.6,112.85,21180
2016-08-11 12:15:00+05:30,112.85,113.0,112.25,112.45,5734
2016-08-11 13:15:00+05:30,112.45,113.1,112.1,112.8,14032
2016-08-11 14:15:00+05:30,112.8,113.1,112.1,112.45,18603
2016-08-11 15:15:00+05:30,112.45,112.5,111.55,111.75,12985
2016-08-12 09:15:00+05:30,114.0,114.0,111.3,112.85,3388
2016-08-12 10:15:00+05:30,112.85,112.9,111.55,112.1,2370
2016-08-12 11:15:00+05:30,112.1,112.55,111.6,111.85,3194
2016-08-12 12:15:00+05:30,111.85,112.5,111.2,112.25,2459
2016-08-12 13:15:00+05:30,112.25,112.5,111.1,112.1,3807
2016-08-12 14:15:00+05:30,112.1,113.0,109.5,110.65,29684
2016-08-12 15:15:00+05:30,110.9,110.9,110.0,110.0,16276
2016-08-16 09:15:00+05:30,111.0,114.6,106.95,112.5,72790
2016-08-16 10:15:00+05:30,112.5,113.4,110.2,110.7,28084
2016-08-16 11:15:00+05:30,110.7,111.3,110.55,111.3,14249
2016-08-16 12:15:00+05:30,111.3,111.3,111.1,111.1,1379
2016-08-16 13:15:00+05:30,111.1,111.3,111.05,111.15,4231
2016-08-16 14:15:00+05:30,111.05,111.15,110.1,110.3,9506
2016-08-16 15:15:00+05:30,110.3,110.45,110.0,110.05,10424
2016-08-17 09:15:00+05:30,112.0,112.5,110.8,111.75,11686
2016-08-17 10:15:00+05:30,111.75,112.85,111.55,112.8,5539
2016-08-17 11:15:00+05:30,112.6,112.8,111.6,111.8,13534
2016-08-17 12:15:00+05:30,111.8,112.4,111.75,112.15,5408
2016-08-17 13:15:00+05:30,112.15,112.5,112.0,112.5,3870
2016-08-17 14:15:00+05:30,112.5,114.5,112.5,113.45,20229
2016-08-17 15:15:00+05:30,113.45,114.0,113.05,114.0,4386
2016-08-18 09:15:00+05:30,114.85,114.85,112.6,113.35,4106
2016-08-18 10:15:00+05:30,113.35,113.7,113.1,113.1,4052
2016-08-18 11:15:00+05:30,113.1,113.5,112.65,113.15,1528
2016-08-18 12:15:00+05:30,113.15,113.25,112.1,113.0,5370
2016-08-18 13:15:00+05:30,113.0,113.15,112.0,112.55,8698
2016-08-18 14:15:00+05:30,112.55,112.95,112.3,112.35,2036
2016-08-18 15:15:00+05:30,112.35,112.75,112.25,112.25,2155
2016-08-19 09:15:00+05:30,112.25,114.4,112.2,112.95,2004
2016-08-19 10:15:00+05:30,112.95,114.5,112.5,113.9,7035
2016-08-19 11:15:00+05:30,113.9,114.0,113.0,113.25,2545
2016-08-19 12:15:00+05:30,113.95,114.5,113.05,113.75,5828
2016-08-19 13:15:00+05:30,113.75,113.85,113.0,113.35,471
2016-08-19 14:15:00+05:30,113.35,114.1,113.3,113.8,8615
2016-08-19 15:15:00+05:30,113.8,113.8,112.5,113.3,5353
2016-08-22 09:15:00+05:30,114.0,115.45,113.5,114.6,5839
2016-08-22 10:15:00+05:30,114.75,114.8,114.0,114.8,3442
2016-08-22 11:15:00+05:30,114.8,114.9,114.1,114.5,985
2016-08-22 12:15:00+05:30,114.5,114.9,114.0,114.0,4596
2016-08-22 13:15:00+05:30,114.0,115.0,114.0,115.0,13056
2016-08-22 14:15:00+05:30,115.0,117.8,114.7,115.6,28581
2016-08-22 15:15:00+05:30,115.6,117.0,115.1,115.15,6560
2016-08-23 09:15:00+05:30,117.9,120.0,117.2,118.25,20026
2016-08-23 10:15:00+05:30,118.25,119.1,118.15,118.75,4504
2016-08-23 11:15:00+05:30,118.75,119.8,118.7,119.15,7885
2016-08-23 12:15:00+05:30,119.15,119.35,117.75,117.75,5748
2016-08-23 13:15:00+05:30,117.75,118.85,117.75,118.35,3374
2016-08-23 14:15:00+05:30,118.35,118.75,116.05,116.9,7382
2016-08-23 15:15:00+05:30,116.9,117.0,115.65,115.95,5679
2016-08-24 09:15:00+05:30,117.8,118.5,117.05,117.6,2846
2016-08-24 10:15:00+05:30,117.6,121.4,117.6,118.6,30539
2016-08-24 11:15:00+05:30,118.65,118.9,118.05,118.2,3492
2016-08-24 12:15:00+05:30,118.2,118.8,117.2,117.45,8960
2016-08-24 13:15:00+05:30,117.45,117.9,116.15,116.95,7852
2016-08-24 14:15:00+05:30,116.95,117.9,116.0,116.2,3334
2016-08-24 15:15:00+05:30,116.2,117.9,116.2,117.0,4021
2016-08-25 09:15:00+05:30,118.0,118.4,117.1,117.85,4157
2016-08-25 10:15:00+05:30,117.85,118.3,117.85,117.95,4310
2016-08-25 11:15:00+05:30,117.95,118.3,117.4,117.5,5262
2016-08-25 12:15:00+05:30,117.5,118.0,116.0,116.5,4083
2016-08-25 13:15:00+05:30,116.5,117.0,116.2,116.2,4197
2016-08-25 14:15:00+05:30,116.1,116.1,115.2,115.75,2855
2016-08-25 15:15:00+05:30,115.75,115.95,115.3,115.5,1796
2016-08-26 09:15:00+05:30,116.0,116.9,116.0,116.05,1953
2016-08-26 10:15:00+05:30,116.05,116.7,114.5,115.1,1848
2016-08-26 11:15:00+05:30,115.1,116.0,114.6,115.25,5874
2016-08-26 12:15:00+05:30,115.25,115.8,115.0,115.05,382
2016-08-26 13:15:00+05:30,115.6,115.75,114.75,115.05,1322
2016-08-26 14:15:00+05:30,115.05,116.0,115.05,115.35,2201
2016-08-26 15:15:00+05:30,115.35,115.9,115.3,115.3,1314
2016-08-29 09:15:00+05:30,116.0,116.85,115.2,115.2,4799
2016-08-29 10:15:00+05:30,115.2,115.55,115.1,115.1,1993
2016-08-29 11:15:00+05:30,115.1,115.95,114.5,115.0,9997
2016-08-29 12:15:00+05:30,115.0,115.5,114.05,114.05,5357
2016-08-29 13:15:00+05:30,114.05,114.95,113.1,114.25,3638
2016-08-29 14:15:00+05:30,114.25,115.65,114.0,114.1,8770
2016-08-29 15:15:00+05:30,114.1,114.75,114.1,114.5,3972
2016-08-30 09:15:00+05:30,114.8,115.3,113.1,114.1,3969
2016-08-30 10:15:00+05:30,114.1,114.8,114.1,114.3,1052
2016-08-30 11:15:00+05:30,114.3,114.85,114.3,114.35,1410
2016-08-30 12:15:00+05:30,114.35,115.0,114.3,114.75,614
2016-08-30 13:15:00+05:30,114.75,114.75,114.0,114.75,2057
2016-08-30 14:15:00+05:30,114.75,114.75,114.1,114.6,5035
2016-08-30 15:15:00+05:30,114.6,114.6,113.4,113.7,7327
2016-08-31 09:15:00+05:30,116.0,116.0,113.5,114.35,440
2016-08-31 10:15:00+05:30,114.35,114.9,114.0,114.0,694
2016-08-31 11:15:00+05:30,114.05,114.8,114.0,114.05,894
2016-08-31 12:15:00+05:30,114.05,114.4,113.6,114.4,4767
2016-08-31 13:15:00+05:30,114.4,114.4,113.0,113.05,3525
2016-08-31 14:15:00+05:30,113.05,114.5,113.0,113.7,3905
2016-08-31 15:15:00+05:30,113.7,114.25,113.0,114.0,3602
2016-09-01 09:15:00+05:30,114.95,114.95,113.1,113.7,2658
2016-09-01 10:15:00+05:30,113.7,114.4,113.25,113.25,5889
2016-09-01 11:15:00+05:30,113.25,114.0,113.25,113.9,2557
2016-09-01 12:15:00+05:30,113.9,114.6,113.3,113.95,6368
2016-09-01 13:15:00+05:30,114.0,119.45,114.0,116.5,50436
2016-09-01 14:15:00+05:30,116.5,117.85,115.15,115.3,12311
2016-09-01 15:15:00+05:30,115.3,115.8,115.3,115.7,5254
2016-09-02 09:15:00+05:30,116.7,116.7,114.1,116.35,4816
2016-09-02 10:15:00+05:30,116.35,116.35,114.85,115.0,6475
2016-09-02 11:15:00+05:30,114.5,115.5,114.5,115.0,1334
2016-09-02 12:15:00+05:30,115.0,115.75,114.55,115.75,1052
2016-09-02 13:15:00+05:30,115.75,115.75,114.55,114.85,1620
2016-09-02 14:15:00+05:30,114.85,115.7,113.8,113.8,7647
2016-09-02 15:15:00+05:30,113.9,114.65,113.2,113.2,3783
2016-09-06 09:15:00+05:30,114.3,118.0,111.5,114.25,1948
2016-09-06 10:15:00+05:30,114.25,114.65,113.25,114.05,1304
2016-09-06 11:15:00+05:30,114.05,114.65,114.0,114.45,1742
2016-09-06 12:15:00+05:30,114.45,114.45,113.35,114.25,3734
2016-09-06 13:15:00+05:30,114.25,114.5,114.1,114.15,716
2016-09-06 14:15:00+05:30,114.15,117.0,114.15,115.0,3275
2016-09-06 15:15:00+05:30,115.45,117.0,115.0,116.4,5354
2016-09-07 09:15:00+05:30,116.0,117.8,115.5,116.7,4723
2016-09-07 10:15:00+05:30,116.7,117.65,116.0,117.3,4384
2016-09-07 11:15:00+05:30,117.65,119.4,117.25,117.85,29755
2016-09-07 12:15:00+05:30,117.85,118.5,117.65,117.75,15227
2016-09-07 13:15:00+05:30,117.8,118.85,117.7,117.7,19546
2016-09-07 14:15:00+05:30,117.7,118.05,117.65,117.95,18458
2016-09-07 15:15:00+05:30,117.95,118.2,117.7,117.8,13053
2016-09-08 09:15:00+05:30,121.7,121.7,118.0,119.2,10559
2016-09-08 10:15:00+05:30,119.2,119.8,118.55,119.0,4196
2016-09-08 11:15:00+05:30,119.0,119.0,118.5,118.5,3989
2016-09-08 12:15:00+05:30,118.5,118.95,117.0,117.35,2123
2016-09-08 13:15:00+05:30,117.35,117.8,116.65,116.8,2156
2016-09-08 14:15:00+05:30,116.8,117.1,116.0,116.65,1697
2016-09-08 15:15:00+05:30,116.65,116.9,115.95,115.95,2463
2016-09-09 09:15:00+05:30,117.8,119.25,116.8,116.8,20932
2016-09-09 10:15:00+05:30,116.8,117.3,115.8,117.2,5646
2016-09-09 11:15:00+05:30,117.2,117.2,116.5,117.0,2953
2016-09-09 12:15:00+05:30,116.75,117.6,116.65,116.75,6667
2016-09-09 13:15:00+05:30,116.75,117.25,116.6,117.2,4463
2016-09-09 14:15:00+05:30,117.05,117.05,115.1,116.0,6868
2016-09-09 15:15:00+05:30,116.0,116.65,115.55,116.55,6065
2016-09-12 09:15:00+05:30,118.85,118.85,115.0,116.0,2277
2016-09-12 10:15:00+05:30,116.0,116.5,115.05,115.95,889
2016-09-12 11:15:00+05:30,115.95,116.0,115.05,115.75,1435
2016-09-12 12:15:00+05:30,115.75,115.85,115.25,115.25,691
2016-09-12 13:15:00+05:30,115.25,116.15,115.25,115.6,392
2016-09-12 14:15:00+05:30,115.6,116.0,115.0,115.0,5786
2016-09-12 15:15:00+05:30,115.0,115.0,114.05,114.6,2090
2016-09-14 09:15:00+05:30,113.05,116.4,113.05,114.85,1957
2016-09-14 10:15:00+05:30,114.85,114.9,114.1,114.9,699
2016-09-14 11:15:00+05:30,114.9,115.35,114.0,114.65,980
2016-09-14 12:15:00+05:30,115.9,115.9,114.65,115.45,1755
2016-09-14 13:15:00+05:30,115.45,115.45,114.0,114.45,2339
2016-09-14 14:15:00+05:30,114.45,114.9,114.0,114.5,1072
2016-09-14 15:15:00+05:30,114.5,114.8,113.7,113.7,2735
2016-09-15 09:15:00+05:30,115.9,115.9,113.9,113.9,2349
2016-09-15 10:15:00+05:30,113.9,114.5,113.9,114.05,890
2016-09-15 11:15:00+05:30,114.45,114.5,113.6,114.0,1387
2016-09-15 12:15:00+05:30,114.0,114.75,113.25,113.55,2703
2016-09-15 13:15:00+05:30,113.55,115.0,113.55,114.8,2941
2016-09-15 14:15:00+05:30,114.8,115.15,113.5,113.95,8418
2016-09-15 15:15:00+05:30,113.95,114.0,113.5,113.7,987
2016-09-16 09:15:00+05:30,115.8,115.8,113.8,114.55,683
2016-09-16 10:15:00+05:30,113.8,114.9,113.8,114.8,891
2016-09-16 11:15:00+05:30,114.8,114.8,114.1,114.55,4465
2016-09-16 12:15:00+05:30,114.55,114.6,114.2,114.5,336
2016-09-16 13:15:00+05:30,114.5,114.5,113.2,113.65,6012
2016-09-16 14:15:00+05:30,113.65,113.9,112.75,113.5,7326
2016-09-16 15:15:00+05:30,113.5,114.5,112.9,113.5,9900
2016-09-19 09:15:00+05:30,114.0,115.0,113.0,114.0,3493
2016-09-19 10:15:00+05:30,114.0,114.5,113.15,114.45,2296
2016-09-19 11:15:00+05:30,114.45,114.45,113.3,113.8,293
2016-09-19 12:15:00+05:30,113.8,114.85,113.2,114.5,578
2016-09-19 13:15:00+05:30,114.5,114.9,113.8,114.05,1389
2016-09-19 14:15:00+05:30,114.05,114.5,113.15,114.35,1915
2016-09-19 15:15:00+05:30,114.35,114.35,113.25,114.0,819
2016-09-20 09:15:00+05:30,114.45,114.45,113.0,113.95,493
2016-09-20 10:15:00+05:30,113.9,113.9,113.3,113.75,1214
2016-09-20 11:15:00+05:30,113.75,113.75,113.2,113.7,662
2016-09-20 12:15:00+05:30,113.7,113.7,112.2,112.45,2493
2016-09-20 13:15:00+05:30,112.25,112.85,111.65,112.45,6268
2016-09-20 14:15:00+05:30,112.45,112.45,111.1,111.9,5095
2016-09-20 15:15:00+05:30,111.9,111.9,111.3,111.3,1251
2016-09-21 09:15:00+05:30,113.95,113.95,110.5,111.1,4117
2016-09-21 10:15:00+05:30,111.1,112.25,111.1,111.7,1555
2016-09-21 11:15:00+05:30,111.7,112.05,111.2,111.9,1376
2016-09-21 12:15:00+05:30,111.9,114.4,111.9,114.35,3638
2016-09-21 13:15:00+05:30,114.35,114.35,113.25,113.6,1065
2016-09-21 14:15:00+05:30,113.9,113.9,112.65,113.1,880
2016-09-21 15:15:00+05:30,113.1,114.4,113.0,113.0,2299
2016-09-22 09:15:00+05:30,114.0,114.4,113.6,114.0,1596
2016-09-22 10:15:00+05:30,114.0,114.4,112.15,112.55,5652
2016-09-22 11:15:00+05:30,112.55,113.0,112.25,112.45,2540
2016-09-22 12:15:00+05:30,112.45,112.9,112.0,112.1,2684
2016-09-22 13:15:00+05:30,112.1,112.35,111.6,111.9,2218
2016-09-22 14:15:00+05:30,111.9,112.5,110.65,110.85,15540
2016-09-22 15:15:00+05:30,110.85,111.55,110.7,111.15,4730
2016-09-23 09:15:00+05:30,112.45,112.45,110.0,110.2,11130
2016-09-23 10:15:00+05:30,110.2,110.85,109.9,110.8,5781
2016-09-23 11:15:00+05:30,110.8,110.8,109.7,109.95,5683
2016-09-23 12:15:00+05:30,110.0,110.0,108.8,108.8,18260
2016-09-23 13:15:00+05:30,108.8,109.3,107.3,108.3,20789
2016-09-23 14:15:00+05:30,107.4,108.25,106.5,107.0,49328
2016-09-23 15:15:00+05:30,107.0,107.5,104.8,105.45,15565
2016-09-26 09:15:00+05:30,110.8,110.8,103.65,104.2,7579
2016-09-26 10:15:00+05:30,104.2,105.25,103.8,104.0,12580
2016-09-26 11:15:00+05:30,104.0,104.0,101.1,102.0,17853
2016-09-26 12:15:00+05:30,102.0,105.25,100.85,102.95,1093402
2016-09-26 13:15:00+05:30,102.95,104.0,96.1,99.0,1055261
2016-09-26 14:15:00+05:30,99.0,102.75,98.5,102.4,632362
2016-09-26 15:15:00+05:30,102.4,103.35,102.05,102.75,260999
2016-09-27 09:15:00+05:30,104.0,104.0,101.3,103.0,454307
2016-09-27 10:15:00+05:30,103.0,103.4,101.55,102.2,124916
2016-09-27 11:15:00+05:30,102.2,103.0,102.0,102.85,38812
2016-09-27 12:15:00+05:30,102.85,102.95,102.3,102.55,29275
2016-09-27 13:15:00+05:30,102.45,102.5,101.55,101.85,39808
2016-09-27 14:15:00+05:30,101.85,102.3,99.45,99.85,157596
2016-09-27 15:15:00+05:30,99.85,100.5,99.0,99.8,57432
2016-09-28 09:15:00+05:30,100.5,102.05,98.5,101.35,158394
2016-09-28 10:15:00+05:30,101.35,101.7,101.0,101.45,106417
2016-09-28 11:15:00+05:30,101.45,101.5,101.0,101.0,37288
2016-09-28 12:15:00+05:30,101.15,102.0,101.0,101.1,30638
2016-09-28 13:15:00+05:30,101.1,101.5,101.0,101.1,39860
2016-09-28 14:15:00+05:30,101.1,102.5,101.0,101.5,113106
2016-09-28 15:15:00+05:30,101.5,102.5,101.25,102.35,79667
2016-09-29 09:15:00+05:30,103.0,103.6,102.0,102.6,101741
2016-09-29 10:15:00+05:30,102.6,106.9,102.55,105.45,361963
2016-09-29 11:15:00+05:30,105.45,109.0,104.8,107.3,279695
2016-09-29 12:15:00+05:30,107.3,107.3,94.0,97.75,431152
2016-09-29 13:15:00+05:30,97.75,99.0,95.0,96.2,131217
2016-09-29 14:15:00+05:30,96.2,96.75,93.2,96.5,98500
2016-09-29 15:15:00+05:30,96.5,97.5,96.5,97.45,34078
2016-09-30 09:15:00+05:30,97.0,99.8,95.0,98.0,85769
2016-09-30 10:15:00+05:30,98.0,98.4,97.25,98.0,11740
2016-09-30 11:15:00+05:30,98.0,98.6,96.95,96.95,22573
2016-09-30 12:15:00+05:30,96.95,97.45,96.05,97.35,39990
2016-09-30 13:15:00+05:30,97.35,99.0,97.1,98.5,35040
2016-09-30 14:15:00+05:30,98.5,99.9,98.1,99.25,96762
2016-09-30 15:15:00+05:30,99.25,99.85,99.0,99.0,34450
2016-10-03 09:15:00+05:30,103.9,105.6,102.9,103.5,248732
2016-10-03 10:15:00+05:30,103.5,105.3,103.2,105.0,66589
2016-10-03 11:15:00+05:30,105.0,105.5,104.0,104.55,58169
2016-10-03 12:15:00+05:30,104.55,104.55,104.0,104.25,32377
2016-10-03 13:15:00+05:30,104.25,107.3,104.15,106.5,159119
2016-10-03 14:15:00+05:30,106.5,107.7,106.1,106.95,134932
2016-10-03 15:15:00+05:30,106.8,107.35,106.5,106.5,69786
2016-10-04 09:15:00+05:30,107.5,108.7,105.0,105.0,111080
2016-10-04 10:15:00+05:30,105.0,107.6,105.0,105.5,68709
2016-10-04 11:15:00+05:30,105.5,106.45,105.2,106.0,15792
2016-10-04 12:15:00+05:30,106.0,106.55,105.55,106.25,7065
2016-10-04 13:15:00+05:30,106.25,106.5,105.55,105.85,6442
2016-10-04 14:15:00+05:30,105.85,107.9,105.05,107.7,67213
2016-10-04 15:15:00+05:30,107.9,108.4,106.8,107.0,37440
2016-10-05 09:15:00+05:30,107.95,108.4,105.75,106.75,47360
2016-10-05 10:15:00+05:30,106.75,106.9,106.05,106.7,12275
2016-10-05 11:15:00+05:30,106.7,107.9,106.3,106.75,15617
2016-10-05 12:15:00+05:30,106.6,108.1,106.35,108.0,33507
2016-10-05 13:15:00+05:30,108.0,108.0,106.6,106.65,14271
2016-10-05 14:15:00+05:30,106.65,107.2,106.0,106.6,27561
2016-10-05 15:15:00+05:30,106.6,106.6,105.7,106.0,15667
2016-10-06 09:15:00+05:30,107.05,107.8,106.0,106.7,41140
2016-10-06 10:15:00+05:30,106.7,107.5,106.5,107.0,7066
2016-10-06 11:15:00+05:30,107.0,108.3,106.65,107.2,25613
2016-10-06 12:15:00+05:30,107.2,107.8,106.7,106.85,15554
2016-10-06 13:15:00+05:30,106.9,106.9,104.1,104.8,51685
2016-10-06 14:15:00+05:30,104.8,105.0,100.25,103.05,88927
2016-10-06 15:15:00+05:30,103.0,103.75,103.0,103.15,19690
2016-10-07 09:15:00+05:30,103.95,104.4,101.5,102.5,31302
2016-10-07 10:15:00+05:30,102.5,103.5,102.5,103.35,6642
2016-10-07 11:15:00+05:30,103.35,103.4,102.7,102.95,5743
2016-10-07 12:15:00+05:30,102.95,103.3,101.6,102.0,11633
2016-10-07 13:15:00+05:30,102.0,102.65,101.5,101.9,13370
2016-10-07 14:15:00+05:30,101.9,104.85,101.9,104.75,44810
2016-10-07 15:15:00+05:30,104.75,104.9,104.0,104.05,11981
2016-10-10 09:15:00+05:30,104.95,110.6,104.3,108.3,445674
2016-10-10 10:15:00+05:30,108.3,110.0,107.7,108.75,60735
2016-10-10 11:15:00+05:30,108.75,110.0,108.5,109.55,44316
2016-10-10 12:15:00+05:30,109.55,109.85,107.9,108.45,38951
2016-10-10 13:15:00+05:30,108.45,109.0,108.2,108.75,10063
2016-10-10 14:15:00+05:30,108.75,109.9,108.2,108.45,73801
2016-10-10 15:15:00+05:30,108.45,111.0,108.35,110.55,106172
2016-10-13 09:15:00+05:30,102.6,110.3,102.6,106.1,112624
2016-10-13 10:15:00+05:30,106.1,108.45,105.0,107.2,43042
2016-10-13 11:15:00+05:30,107.0,110.0,105.8,105.95,63412
2016-10-13 12:15:00+05:30,105.95,106.85,105.5,106.05,48468
2016-10-13 13:15:00+05:30,106.05,106.3,105.05,106.0,33163
2016-10-13 14:15:00+05:30,106.0,106.75,105.5,106.1,26935
2016-10-13 15:15:00+05:30,106.3,108.1,105.7,106.65,28045
2016-10-14 09:15:00+05:30,108.0,109.9,107.55,107.9,32397
2016-10-14 10:15:00+05:30,107.9,108.85,107.6,108.3,10413
2016-10-14 11:15:00+05:30,108.3,108.95,107.6,108.05,6461
2016-10-14 12:15:00+05:30,108.05,108.8,107.0,107.2,19513
2016-10-14 13:15:00+05:30,107.2,107.9,106.05,107.5,8796
2016-10-14 14:15:00+05:30,107.5,107.7,106.45,107.0,10968
2016-10-14 15:15:00+05:30,107.0,107.0,106.0,106.15,22168
2016-10-17 09:15:00+05:30,107.35,108.0,105.6,107.0,32688
2016-10-17 10:15:00+05:30,107.0,110.35,106.8,109.5,48834
2016-10-17 11:15:00+05:30,109.5,110.5,106.8,107.5,71990
2016-10-17 12:15:00+05:30,107.5,108.6,107.0,107.9,22569
2016-10-17 13:15:00+05:30,107.9,109.75,107.9,109.55,42018
2016-10-17 14:15:00+05:30,109.55,111.8,109.35,110.35,136283
2016-10-17 15:15:00+05:30,110.35,112.0,109.7,111.3,91216
2016-10-18 09:15:00+05:30,112.3,114.0,111.6,112.05,89237
2016-10-18 10:15:00+05:30,112.1,112.9,112.0,112.65,13431
2016-10-18 11:15:00+05:30,112.65,113.0,112.0,112.7,44977
2016-10-18 12:15:00+05:30,112.7,119.45,112.2,115.85,424765
2016-10-18 13:15:00+05:30,115.85,117.6,115.15,116.8,228248
2016-10-18 14:15:00+05:30,117.0,117.8,114.95,115.35,183887
2016-10-18 15:15:00+05:30,115.35,116.5,115.3,116.05,50955
2016-10-19 09:15:00+05:30,117.8,118.65,115.9,116.0,111756
2016-10-19 10:15:00+05:30,115.9,116.05,115.05,115.75,52204
2016-10-19 11:15:00+05:30,115.75,116.85,115.5,116.0,28000
2016-10-19 12:15:00+05:30,116.0,116.8,115.7,116.0,29380
2016-10-19 13:15:00+05:30,116.0,116.8,115.5,116.35,22960
2016-10-19 14:15:00+05:30,116.35,116.65,115.55,116.0,39620
2016-10-19 15:15:00+05:30,116.0,116.0,115.1,115.45,49099
2016-10-20 09:15:00+05:30,115.85,117.65,115.65,115.95,37355
2016-10-20 10:15:00+05:30,115.95,116.0,114.95,115.75,34998
2016-10-20 11:15:00+05:30,115.75,116.8,115.0,115.4,34223
2016-10-20 12:15:00+05:30,115.4,115.5,114.95,115.15,13957
2016-10-20 13:15:00+05:30,115.15,115.85,115.0,115.35,11723
2016-10-20 14:15:00+05:30,115.5,115.75,114.75,114.95,18099
2016-10-20 15:15:00+05:30,114.95,115.25,114.4,114.4,17472
2016-10-21 09:15:00+05:30,115.1,115.1,113.6,113.9,19735
2016-10-21 10:15:00+05:30,113.9,114.15,113.0,113.75,37826
2016-10-21 11:15:00+05:30,113.75,114.0,113.4,113.7,10138
2016-10-21 12:15:00+05:30,113.7,114.25,113.45,114.0,11130
2016-10-21 13:15:00+05:30,114.0,114.5,113.8,114.2,7931
2016-10-21 14:15:00+05:30,114.2,114.2,113.5,113.8,12712
2016-10-21 15:15:00+05:30,113.75,115.45,113.75,115.0,23097
2016-10-24 09:15:00+05:30,116.6,117.4,115.0,115.2,25558
2016-10-24 10:15:00+05:30,115.2,115.9,114.8,115.35,19465
2016-10-24 11:15:00+05:30,115.35,116.25,115.25,115.4,15969
2016-10-24 12:15:00+05:30,115.4,116.0,115.25,115.75,8425
2016-10-24 13:15:00+05:30,115.75,115.75,115.05,115.35,12441
2016-10-24 14:15:00+05:30,115.35,116.0,115.0,115.2,19565
2016-10-24 15:15:00+05:30,115.2,116.1,115.05,115.5,17392
2016-10-25 09:15:00+05:30,116.25,116.25,114.05,114.65,20671
2016-10-25 10:15:00+05:30,114.65,115.05,114.25,115.0,7662
2016-10-25 11:15:00+05:30,115.0,116.25,114.7,115.85,13704
2016-10-25 12:15:00+05:30,115.85,116.2,114.65,114.9,8358
2016-10-25 13:15:00+05:30,114.9,116.0,114.55,115.15,15480
2016-10-25 14:15:00+05:30,115.3,116.2,113.55,114.4,43206
2016-10-25 15:15:00+05:30,114.4,114.75,114.1,114.2,16795
2016-10-26 09:15:00+05:30,113.0,114.75,111.1,114.75,24520
2016-10-26 10:15:00+05:30,114.75,115.15,114.45,114.85,9860
2016-10-26 11:15:00+05:30,114.85,115.0,114.3,114.3,6978
2016-10-26 12:15:00+05:30,114.3,114.7,113.65,113.95,11122
2016-10-26 13:15:00+05:30,113.95,114.0,113.6,113.65,4579
2016-10-26 14:15:00+05:30,113.65,113.95,112.5,113.45,19939
2016-10-26 15:15:00+05:30,113.45,113.95,112.7,113.0,18167
2016-10-27 09:15:00+05:30,113.5,113.95,112.7,113.45,7573
2016-10-27 10:15:00+05:30,113.45,113.65,112.05,112.75,25193
2016-10-27 11:15:00+05:30,112.75,113.0,112.3,112.65,9869
2016-10-27 12:15:00+05:30,112.65,112.95,112.4,112.8,5656
2016-10-27 13:15:00+05:30,112.8,112.8,112.35,112.55,5143
2016-10-27 14:15:00+05:30,112.55,112.55,112.25,112.3,10076
2016-10-27 15:15:00+05:30,112.3,112.8,112.3,112.5,7830
2016-10-28 09:15:00+05:30,114.15,114.15,112.0,112.55,22006
2016-10-28 10:15:00+05:30,112.55,112.75,111.9,112.3,16689
2016-10-28 11:15:00+05:30,112.35,113.05,112.15,112.7,21848
2016-10-28 12:15:00+05:30,112.7,113.1,112.0,112.15,24622
2016-10-28 13:15:00+05:30,112.15,112.5,112.0,112.1,10673
2016-10-28 14:15:00+05:30,112.1,112.2,111.75,111.9,16587
2016-10-28 15:15:00+05:30,111.9,111.9,111.45,111.45,19603
2016-10-30 18:15:00+05:30,113.0,113.9,112.15,113.6,43320
2016-10-30 19:15:00+05:30,113.6,114.9,113.6,114.0,10400
2016-11-01 09:15:00+05:30,113.35,114.6,113.05,113.5,17157
2016-11-01 10:15:00+05:30,113.5,114.0,113.15,114.0,6887
2016-11-01 11:15:00+05:30,114.0,115.6,113.8,114.9,24565
2016-11-01 12:15:00+05:30,114.9,115.0,114.05,114.6,7301
2016-11-01 13:15:00+05:30,114.75,114.8,114.0,114.0,5746
2016-11-01 14:15:00+05:30,114.0,114.15,113.25,113.25,8408
2016-11-01 15:15:00+05:30,113.25,113.85,113.1,113.4,4471
2016-11-02 09:15:00+05:30,112.85,112.85,110.45,110.95,42566
2016-11-02 10:15:00+05:30,110.95,111.3,109.3,109.45,25347
2016-11-02 11:15:00+05:30,109.45,110.7,109.0,110.15,16989
2016-11-02 12:15:00+05:30,110.2,110.65,110.1,110.5,1652
2016-11-02 13:15:00+05:30,110.65,110.75,110.2,110.45,6878
2016-11-02 14:15:00+05:30,110.45,111.0,109.55,109.9,14494
2016-11-02 15:15:00+05:30,109.9,110.9,109.1,109.6,10658
2016-11-03 09:15:00+05:30,110.7,112.2,109.2,111.1,11278
2016-11-03 10:15:00+05:30,111.1,111.8,111.0,111.25,2660
2016-11-03 11:15:00+05:30,111.25,111.5,109.75,109.85,8254
2016-11-03 12:15:00+05:30,109.85,111.0,109.5,109.9,18049
2016-11-03 13:15:00+05:30,109.9,110.2,109.5,109.55,6626
2016-11-03 14:15:00+05:30,109.55,110.0,109.5,109.8,8104
2016-11-03 15:15:00+05:30,109.8,109.8,109.25,109.8,4890
2016-11-04 09:15:00+05:30,110.15,110.75,106.35,107.85,24117
2016-11-04 10:15:00+05:30,107.85,107.85,103.5,104.85,39917
2016-11-04 11:15:00+05:30,104.85,106.85,103.55,105.7,21025
2016-11-04 12:15:00+05:30,105.7,106.2,105.7,106.2,7871
2016-11-04 13:15:00+05:30,106.2,106.95,106.0,106.2,10381
2016-11-04 14:15:00+05:30,106.2,107.7,105.5,107.0,13215
2016-11-04 15:15:00+05:30,107.0,107.8,106.3,106.9,20849
2016-11-07 09:15:00+05:30,107.0,109.8,106.25,107.05,23834
2016-11-07 10:15:00+05:30,107.05,108.75,107.0,108.0,12759
2016-11-07 11:15:00+05:30,108.0,108.0,107.45,107.45,7089
2016-11-07 12:15:00+05:30,107.45,107.6,106.8,107.3,4960
2016-11-07 13:15:00+05:30,107.2,108.0,107.15,108.0,2626
2016-11-07 14:15:00+05:30,108.0,108.65,107.15,107.4,15108
2016-11-07 15:15:00+05:30,107.4,107.4,106.25,106.65,14193
2016-11-08 09:15:00+05:30,109.7,109.7,106.65,106.75,5768
2016-11-08 10:15:00+05:30,106.75,107.35,106.75,107.0,1966
2016-11-08 11:15:00+05:30,107.0,107.05,106.65,107.0,3409
2016-11-08 12:15:00+05:30,107.0,107.0,106.05,106.5,2534
2016-11-08 13:15:00+05:30,106.5,106.9,106.05,106.5,7618
2016-11-08 14:15:00+05:30,106.5,107.5,106.5,107.2,5523
2016-11-08 15:15:00+05:30,107.25,107.5,107.0,107.5,4216
2016-11-09 09:15:00+05:30,85.7,103.7,85.7,100.3,82370
2016-11-09 10:15:00+05:30,100.0,102.0,95.3,96.95,35436
2016-11-09 11:15:00+05:30,96.95,99.6,96.4,98.0,38219
2016-11-09 12:15:00+05:30,98.0,101.8,98.0,100.45,18016
2016-11-09 13:15:00+05:30,100.45,103.0,100.0,101.95,25772
2016-11-09 14:15:00+05:30,101.95,104.95,101.5,102.65,16319
2016-11-09 15:15:00+05:30,102.6,102.8,101.1,101.3,7646
2016-11-10 09:15:00+05:30,103.1,108.8,103.1,106.4,16708
2016-11-10 10:15:00+05:30,106.4,108.0,106.35,108.0,10480
2016-11-10 11:15:00+05:30,107.5,108.1,106.95,107.65,14979
2016-11-10 12:15:00+05:30,107.65,108.0,106.3,106.3,8674
2016-11-10 13:15:00+05:30,106.5,109.55,106.3,107.35,53444
2016-11-10 14:15:00+05:30,107.35,108.0,105.65,106.0,14155
2016-11-10 15:15:00+05:30,106.0,106.45,105.5,106.0,8244
2016-11-11 09:15:00+05:30,112.8,112.8,107.55,108.85,98923
2016-11-11 10:15:00+05:30,108.85,109.0,108.15,108.8,21913
2016-11-11 11:15:00+05:30,108.8,108.8,106.2,106.35,31982
2016-11-11 12:15:00+05:30,106.35,106.9,106.0,106.4,10744
2016-11-11 13:15:00+05:30,106.4,106.9,106.25,106.5,7887
2016-11-11 14:15:00+05:30,106.5,106.5,102.3,103.5,31143
2016-11-11 15:15:00+05:30,103.5,104.45,103.2,104.0,32017
2016-11-15 09:15:00+05:30,106.75,107.0,99.0,99.6,61093
2016-11-15 10:15:00+05:30,99.6,101.1,96.9,98.7,29050
2016-11-15 11:15:00+05:30,98.7,99.65,98.5,99.2,24141
2016-11-15 12:15:00+05:30,99.2,99.4,99.05,99.25,5339
2016-11-15 13:15:00+05:30,99.25,99.4,99.05,99.4,8699
2016-11-15 14:15:00+05:30,99.4,99.4,97.0,97.95,28449
2016-11-15 15:15:00+05:30,97.95,98.55,97.05,97.95,3293
2016-11-16 09:15:00+05:30,100.0,104.0,96.2,98.1,17309
2016-11-16 10:15:00+05:30,98.1,98.1,97.05,97.9,5302
2016-11-16 11:15:00+05:30,97.9,100.0,97.9,99.25,9341
2016-11-16 12:15:00+05:30,99.35,100.0,98.15,98.15,8569
2016-11-16 13:15:00+05:30,97.95,99.0,97.1,97.45,4931
2016-11-16 14:15:00+05:30,97.4,99.75,97.15,98.3,12768
2016-11-16 15:15:00+05:30,98.3,98.7,97.35,98.1,4319
2016-11-17 09:15:00+05:30,99.2,99.3,98.0,98.3,8956
2016-11-17 10:15:00+05:30,98.3,98.5,97.25,97.9,6718
2016-11-17 11:15:00+05:30,97.9,98.3,97.9,98.3,1069
2016-11-17 12:15:00+05:30,98.3,98.3,97.6,97.95,2483
2016-11-17 13:15:00+05:30,97.8,98.35,97.25,97.95,6177
2016-11-17 14:15:00+05:30,97.95,98.0,97.35,97.85,2211
2016-11-17 15:15:00+05:30,97.85,98.0,97.5,97.7,3161
2016-11-18 09:15:00+05:30,98.85,98.85,92.75,95.45,9748
2016-11-18 10:15:00+05:30,95.45,96.25,95.1,96.0,5978
2016-11-18 11:15:00+05:30,96.0,97.0,95.5,95.5,1717
2016-11-18 12:15:00+05:30,95.5,96.5,95.4,95.8,6886
2016-11-18 13:15:00+05:30,95.8,96.5,95.7,96.5,3783
2016-11-18 14:15:00+05:30,96.5,96.5,95.7,95.7,9000
2016-11-18 15:15:00+05:30,95.7,96.25,95.0,95.05,5992
2016-11-21 09:15:00+05:30,96.5,96.55,93.6,93.95,8057
2016-11-21 10:15:00+05:30,93.95,94.0,89.1,90.4,26912
2016-11-21 11:15:00+05:30,90.4,91.4,89.1,90.6,15029
2016-11-21 12:15:00+05:30,90.6,90.65,89.65,90.1,9498
2016-11-21 13:15:00+05:30,90.1,90.15,89.0,89.3,11478
2016-11-21 14:15:00+05:30,89.3,90.0,89.0,89.05,13079
2016-11-21 15:15:00+05:30,89.05,89.25,86.1,88.45,14812
2016-11-22 09:15:00+05:30,90.0,92.8,86.45,87.4,22888
2016-11-22 10:15:00+05:30,87.35,87.85,86.2,87.1,10026
2016-11-22 11:15:00+05:30,87.1,87.95,86.9,87.2,24887
2016-11-22 12:15:00+05:30,87.2,87.3,85.75,86.5,7890
2016-11-22 13:15:00+05:30,86.5,86.9,85.0,85.8,7736
2016-11-22 14:15:00+05:30,85.8,87.55,85.8,87.5,15163
2016-11-22 15:15:00+05:30,87.5,87.95,87.05,87.9,24116
2016-11-23 09:15:00+05:30,88.25,89.5,86.1,87.0,11261
2016-11-23 10:15:00+05:30,87.0,87.4,87.0,87.15,9724
2016-11-23 11:15:00+05:30,87.15,88.85,87.1,87.65,17000
2016-11-23 12:15:00+05:30,87.65,89.3,87.65,88.3,31033
2016-11-23 13:15:00+05:30,88.3,90.5,88.3,89.75,15770
2016-11-23 14:15:00+05:30,89.75,90.2,89.35,90.0,6207
2016-11-23 15:15:00+05:30,90.0,90.0,89.55,89.75,3592
2016-11-24 09:15:00+05:30,88.8,91.9,88.8,90.75,21662
2016-11-24 10:15:00+05:30,91.35,91.45,90.75,91.2,6337
2016-11-24 11:15:00+05:30,91.2,91.5,91.1,91.1,5974
2016-11-24 12:15:00+05:30,91.4,91.95,90.0,90.25,11002
2016-11-24 13:15:00+05:30,90.2,92.0,90.0,91.65,21720
2016-11-24 14:15:00+05:30,91.7,92.1,91.15,91.6,11086
2016-11-24 15:15:00+05:30,91.6,92.0,91.35,92.0,4010
2016-11-25 09:15:00+05:30,92.85,94.85,92.0,94.2,11565
2016-11-25 10:15:00+05:30,94.2,94.9,94.0,94.8,2805
2016-11-25 11:15:00+05:30,94.3,94.8,94.0,94.35,7691
2016-11-25 12:15:00+05:30,94.35,94.35,94.1,94.1,860
2016-11-25 13:15:00+05:30,94.1,94.45,94.0,94.2,6186
2016-11-25 14:15:00+05:30,94.2,94.7,92.7,93.4,11611
2016-11-25 15:15:00+05:30,93.4,93.7,92.75,93.0,4859
2016-11-28 09:15:00+05:30,93.45,93.9,91.75,92.8,5909
2016-11-28 10:15:00+05:30,92.8,93.9,92.8,93.85,1922
2016-11-28 11:15:00+05:30,93.85,94.85,93.6,94.55,4178
2016-11-28 12:15:00+05:30,94.55,97.0,94.5,96.9,8314
2016-11-28 13:15:00+05:30,96.9,96.9,94.9,94.95,4485
2016-11-28 14:15:00+05:30,94.95,94.95,94.5,94.85,4885
2016-11-28 15:15:00+05:30,94.9,95.25,94.85,95.1,3881
2016-11-29 09:15:00+05:30,95.35,98.3,94.65,96.0,12087
2016-11-29 10:15:00+05:30,96.0,97.0,95.8,96.85,5197
2016-11-29 11:15:00+05:30,96.85,96.9,96.1,96.7,2225
2016-11-29 12:15:00+05:30,96.7,96.8,96.3,96.4,3779
2016-11-29 13:15:00+05:30,96.4,96.9,96.4,96.75,7512
2016-11-29 14:15:00+05:30,96.75,96.75,95.5,95.6,4420
2016-11-29 15:15:00+05:30,95.6,95.95,94.65,94.7,9942
2016-11-30 09:15:00+05:30,95.0,96.35,95.0,96.25,6469
2016-11-30 10:15:00+05:30,96.25,96.35,95.7,96.0,6239
2016-11-30 11:15:00+05:30,96.0,96.0,95.7,95.7,4375
2016-11-30 12:15:00+05:30,95.7,96.0,95.7,95.8,902
2016-11-30 13:15:00+05:30,95.8,95.95,95.55,95.55,1069
2016-11-30 14:15:00+05:30,95.55,95.65,94.8,95.0,15221
2016-11-30 15:15:00+05:30,95.05,95.25,94.65,94.65,1546
2016-12-01 09:15:00+05:30,95.05,96.0,94.85,95.45,4948
2016-12-01 10:15:00+05:30,95.45,95.85,95.35,95.35,1106
2016-12-01 11:15:00+05:30,95.35,95.8,95.0,95.0,4695
2016-12-01 12:15:00+05:30,95.0,95.7,94.95,95.15,3971
2016-12-01 13:15:00+05:30,95.15,95.4,94.0,94.05,4536
2016-12-01 14:15:00+05:30,94.05,94.9,93.6,93.85,2544
2016-12-01 15:15:00+05:30,93.85,95.35,93.45,95.0,5482
2016-12-02 09:15:00+05:30,93.95,93.95,92.1,93.45,5171
2016-12-02 10:15:00+05:30,93.45,93.45,93.0,93.25,1350
2016-12-02 11:15:00+05:30,93.25,93.25,92.6,92.95,1825
2016-12-02 12:15:00+05:30,92.95,93.3,92.7,93.3,2359
2016-12-02 13:15:00+05:30,93.3,93.65,93.0,93.0,3420
2016-12-02 14:15:00+05:30,93.0,93.45,92.9,93.25,5250
2016-12-02 15:15:00+05:30,93.25,93.25,92.7,92.7,3472
2016-12-05 09:15:00+05:30,92.0,93.9,91.65,92.8,2356
2016-12-05 10:15:00+05:30,92.9,93.05,92.1,93.05,2119
2016-12-05 11:15:00+05:30,93.05,93.45,93.0,93.0,2589
2016-12-05 12:15:00+05:30,93.0,93.9,93.0,93.45,8058
2016-12-05 13:15:00+05:30,93.45,94.45,93.2,94.2,3747
2016-12-05 14:15:00+05:30,94.2,96.9,94.15,94.65,4285
2016-12-05 15:15:00+05:30,94.65,95.4,94.3,94.3,1486
2016-12-06 09:15:00+05:30,96.0,96.8,95.1,95.8,18220
2016-12-06 10:15:00+05:30,95.8,96.4,95.2,96.15,9214
2016-12-06 11:15:00+05:30,96.15,96.4,96.1,96.25,1607
2016-12-06 12:15:00+05:30,96.25,96.8,95.95,96.45,11646
2016-12-06 13:15:00+05:30,96.45,96.55,96.1,96.1,1831
2016-12-06 14:15:00+05:30,96.1,96.4,95.0,95.25,9451
2016-12-06 15:15:00+05:30,95.25,95.4,94.55,94.55,3505
2016-12-07 09:15:00+05:30,94.6,97.7,94.6,95.75,8736
2016-12-07 10:15:00+05:30,95.75,96.1,95.6,96.05,1866
2016-12-07 11:15:00+05:30,96.0,96.05,95.6,96.05,2761
2016-12-07 12:15:00+05:30,96.05,96.05,95.05,95.9,6403
2016-12-07 13:15:00+05:30,95.9,96.2,95.55,95.8,2053
2016-12-07 14:15:00+05:30,95.8,95.8,94.75,94.9,5014
2016-12-07 15:15:00+05:30,94.9,94.95,94.15,94.55,2336
2016-12-08 09:15:00+05:30,96.95,98.85,94.8,97.45,33196
2016-12-08 10:15:00+05:30,97.45,103.8,97.45,101.4,155950
2016-12-08 11:15:00+05:30,101.4,101.55,100.65,101.15,16455
2016-12-08 12:15:00+05:30,101.25,101.7,99.65,99.9,23881
2016-12-08 13:15:00+05:30,99.8,100.3,99.05,100.0,29117
2016-12-08 14:15:00+05:30,99.95,100.3,99.7,99.8,23593
2016-12-08 15:15:00+05:30,100.0,100.8,99.7,100.5,24914
2016-12-09 09:15:00+05:30,101.5,101.9,98.1,98.6,21732
2016-12-09 10:15:00+05:30,98.6,99.65,98.6,99.3,19833
2016-12-09 11:15:00+05:30,99.1,99.5,99.0,99.25,4793
2016-12-09 12:15:00+05:30,99.2,99.35,98.8,99.3,5920
2016-12-09 13:15:00+05:30,99.3,99.3,98.8,98.9,14304
2016-12-09 14:15:00+05:30,98.9,99.2,98.65,98.65,4805
2016-12-09 15:15:00+05:30,98.65,99.45,98.65,98.75,11204
2016-12-12 09:15:00+05:30,99.9,99.9,98.6,98.9,6488
2016-12-12 10:15:00+05:30,98.9,99.6,98.55,99.5,3183
2016-12-12 11:15:00+05:30,99.5,99.5,98.6,99.3,1248
2016-12-12 12:15:00+05:30,99.5,99.5,98.8,99.1,2098
2016-12-12 13:15:00+05:30,99.1,99.6,99.05,99.05,1538
2016-12-12 14:15:00+05:30,99.05,99.05,98.15,98.5,4164
2016-12-12 15:15:00+05:30,98.5,98.65,98.05,98.05,2361
2016-12-13 09:15:00+05:30,98.05,99.2,98.05,98.65,4992
2016-12-13 10:15:00+05:30,98.65,99.05,98.55,98.85,1991
2016-12-13 11:15:00+05:30,98.8,98.8,98.55,98.55,1197
2016-12-13 12:15:00+05:30,98.55,98.8,98.55,98.55,2744
2016-12-13 13:15:00+05:30,98.55,98.8,98.55,98.8,1630
2016-12-13 14:15:00+05:30,98.8,100.0,98.65,99.4,8340
2016-12-13 15:15:00+05:30,99.4,99.4,98.25,98.5,4347
2016-12-14 09:15:00+05:30,99.45,99.5,98.6,98.6,4277
2016-12-14 10:15:00+05:30,98.6,99.4,98.2,98.65,1622
2016-12-14 11:15:00+05:30,98.65,99.0,98.4,98.9,880
2016-12-14 12:15:00+05:30,98.9,98.9,98.1,98.65,3215
2016-12-14 13:15:00+05:30,98.3,98.9,97.9,98.65,12781
2016-12-14 14:15:00+05:30,98.65,99.0,97.85,98.0,5605
2016-12-14 15:15:00+05:30,98.0,98.25,97.85,97.85,1657
2016-12-15 09:15:00+05:30,97.85,98.25,97.0,97.05,6323
2016-12-15 10:15:00+05:30,97.05,97.3,97.05,97.1,6634
2016-12-15 11:15:00+05:30,97.1,97.25,96.05,96.3,5425
2016-12-15 12:15:00+05:30,96.3,96.85,96.3,96.7,3509
2016-12-15 13:15:00+05:30,96.7,97.05,96.7,96.75,1299
2016-12-15 14:15:00+05:30,96.75,97.2,96.5,96.95,9539
2016-12-15 15:15:00+05:30,96.95,97.3,96.55,96.7,6993
2016-12-16 09:15:00+05:30,97.0,98.8,97.0,97.0,8452
2016-12-16 10:15:00+05:30,97.0,97.1,96.5,96.5,4571
2016-12-16 11:15:00+05:30,96.5,97.45,96.25,97.0,2170
2016-12-16 12:15:00+05:30,97.0,97.0,96.45,97.0,1947
2016-12-16 13:15:00+05:30,97.0,97.0,96.35,96.75,2404
2016-12-16 14:15:00+05:30,96.7,96.85,95.45,95.5,10843
2016-12-16 15:15:00+05:30,95.5,95.65,94.4,94.85,16756
2016-12-19 09:15:00+05:30,98.25,98.25,94.25,95.35,9394
2016-12-19 10:15:00+05:30,95.35,96.3,95.1,95.7,17200
2016-12-19 11:15:00+05:30,95.55,96.1,95.05,95.45,5546
2016-12-19 12:15:00+05:30,95.45,96.15,95.45,95.6,5416
2016-12-19 13:15:00+05:30,95.6,96.2,95.5,95.6,7530
2016-12-19 14:15:00+05:30,95.6,96.05,95.6,95.6,12277
2016-12-19 15:15:00+05:30,95.6,96.0,95.6,96.0,2547
2016-12-20 09:15:00+05:30,96.5,96.5,94.3,94.6,4515
2016-12-20 10:15:00+05:30,94.9,95.4,94.55,94.65,5643
2016-12-20 11:15:00+05:30,94.6,94.7,93.55,93.6,10076
2016-12-20 12:15:00+05:30,93.6,94.3,93.6,93.6,1413
2016-12-20 13:15:00+05:30,93.5,94.25,92.0,92.65,17376
2016-12-20 14:15:00+05:30,92.65,93.1,91.1,91.15,8993
2016-12-20 15:15:00+05:30,91.15,92.25,91.15,92.0,7530
2016-12-21 09:15:00+05:30,93.95,93.95,91.05,92.35,11178
2016-12-21 10:15:00+05:30,92.35,93.0,92.35,92.65,1972
2016-12-21 11:15:00+05:30,92.65,93.5,92.05,92.35,3401
2016-12-21 12:15:00+05:30,92.35,93.0,92.35,92.45,4778
2016-12-21 13:15:00+05:30,92.45,93.0,91.5,91.7,10732
2016-12-21 14:15:00+05:30,91.7,92.25,91.2,91.4,7547
2016-12-21 15:15:00+05:30,91.4,91.85,91.25,91.85,2364
2016-12-22 09:15:00+05:30,93.0,93.0,90.6,91.0,31200
2016-12-22 10:15:00+05:30,91.0,91.8,91.0,91.0,5099
2016-12-22 11:15:00+05:30,91.0,91.4,90.05,90.6,8695
2016-12-22 12:15:00+05:30,90.55,91.4,90.3,90.4,6266
2016-12-22 13:15:00+05:30,90.4,91.2,90.4,90.75,2050
2016-12-22 14:15:00+05:30,90.75,91.15,90.15,90.2,6151
2016-12-22 15:15:00+05:30,90.2,90.35,89.1,89.8,14137
2016-12-23 09:15:00+05:30,91.0,91.0,89.0,90.0,10031
2016-12-23 10:15:00+05:30,90.0,90.8,89.75,90.25,2140
2016-12-23 11:15:00+05:30,90.35,91.5,90.3,90.35,3866
2016-12-23 12:15:00+05:30,90.4,90.8,90.1,90.25,1601
2016-12-23 13:15:00+05:30,90.25,90.6,90.1,90.25,2055
2016-12-23 14:15:00+05:30,90.25,90.45,89.5,89.5,5823
2016-12-23 15:15:00+05:30,89.5,89.9,89.5,89.5,3384
2016-12-26 09:15:00+05:30,90.9,90.9,87.65,88.65,3810
2016-12-26 10:15:00+05:30,88.7,89.05,88.65,88.8,1437
2016-12-26 11:15:00+05:30,88.8,89.2,88.8,89.0,4957
2016-12-26 12:15:00+05:30,89.0,89.2,89.0,89.15,614
2016-12-26 13:15:00+05:30,89.1,89.15,89.0,89.0,2341
2016-12-26 14:15:00+05:30,89.0,89.75,89.0,89.25,8664
2016-12-26 15:15:00+05:30,89.25,89.25,88.75,89.0,6057
2016-12-27 09:15:00+05:30,89.9,89.9,87.6,88.45,9375
2016-12-27 10:15:00+05:30,88.45,89.25,88.05,88.6,5198
2016-12-27 11:15:00+05:30,88.6,89.4,88.35,89.0,3360
2016-12-27 12:15:00+05:30,89.0,89.0,88.8,89.0,2192
2016-12-27 13:15:00+05:30,89.0,89.0,88.65,88.75,12458
2016-12-27 14:15:00+05:30,88.75,89.0,88.65,89.0,4498
2016-12-27 15:15:00+05:30,89.0,89.0,88.8,88.85,3743
2016-12-28 09:15:00+05:30,89.9,91.15,89.0,89.35,14429
2016-12-28 10:15:00+05:30,89.35,89.85,89.05,89.6,5746
2016-12-28 11:15:00+05:30,89.6,90.0,89.4,89.75,2755
2016-12-28 12:15:00+05:30,89.75,91.2,89.75,89.8,12847
2016-12-28 13:15:00+05:30,89.8,90.0,89.75,89.95,14361
2016-12-28 14:15:00+05:30,89.95,89.95,88.65,89.1,12028
2016-12-28 15:15:00+05:30,89.1,89.15,88.3,88.3,5842
2016-12-29 09:15:00+05:30,89.05,89.2,88.35,88.75,4971
2016-12-29 10:15:00+05:30,88.75,88.85,88.75,88.85,755
2016-12-29 11:15:00+05:30,88.85,88.9,88.85,88.9,1910
2016-12-29 12:15:00+05:30,88.9,89.0,88.4,88.95,7229
2016-12-29 13:15:00+05:30,88.95,88.95,87.9,88.0,18417
2016-12-29 14:15:00+05:30,88.0,88.15,87.5,88.15,7345
2016-12-29 15:15:00+05:30,88.15,88.85,87.85,88.7,1793
2016-12-30 09:15:00+05:30,89.0,90.35,88.0,89.55,11129
2016-12-30 10:15:00+05:30,89.85,90.0,89.25,89.75,2669
2016-12-30 11:15:00+05:30,89.75,90.0,89.55,89.8,1677
2016-12-30 12:15:00+05:30,89.8,90.0,88.45,89.3,10125
2016-12-30 13:15:00+05:30,89.3,89.35,88.7,89.2,2142
2016-12-30 14:15:00+05:30,89.2,89.35,88.25,88.5,17493
2016-12-30 15:15:00+05:30,88.5,89.0,88.4,89.0,5916
2017-01-02 09:15:00+05:30,89.0,89.55,88.75,89.15,4205
2017-01-02 10:15:00+05:30,89.15,89.65,89.0,89.6,4330
2017-01-02 11:15:00+05:30,89.6,89.85,89.25,89.85,2865
2017-01-02 12:15:00+05:30,89.75,89.9,89.45,89.9,2058
2017-01-02 13:15:00+05:30,89.9,90.0,89.0,89.85,6779
2017-01-02 14:15:00+05:30,89.85,90.0,89.4,89.95,8657
2017-01-02 15:15:00+05:30,89.95,90.65,89.65,90.65,18167
2017-01-03 09:15:00+05:30,90.0,90.45,89.4,89.5,14471
2017-01-03 10:15:00+05:30,89.5,89.75,89.25,89.45,32145
2017-01-03 11:15:00+05:30,89.45,89.5,88.55,88.7,27142
2017-01-03 12:15:00+05:30,88.7,89.0,88.2,88.55,50232
2017-01-03 13:15:00+05:30,88.55,88.65,88.35,88.5,16564
2017-01-03 14:15:00+05:30,88.5,89.15,88.45,88.65,156703
2017-01-03 15:15:00+05:30,88.9,89.25,88.7,89.1,169172
2017-01-04 09:15:00+05:30,89.45,91.45,89.0,90.0,319885
2017-01-04 10:15:00+05:30,90.0,90.05,89.8,89.8,84492
2017-01-04 11:15:00+05:30,89.8,90.0,89.3,89.3,22625
2017-01-04 12:15:00+05:30,89.3,89.8,88.8,89.1,26850
2017-01-04 13:15:00+05:30,89.1,89.2,88.0,88.65,34946
2017-01-04 14:15:00+05:30,88.65,88.85,87.75,88.45,36754
2017-01-04 15:15:00+05:30,88.45,88.5,88.1,88.5,9091
2017-01-05 09:15:00+05:30,89.35,90.9,88.95,89.6,184070
2017-01-05 10:15:00+05:30,89.6,89.85,89.6,89.65,5209
2017-01-05 11:15:00+05:30,89.65,90.0,89.65,89.9,43469
2017-01-05 12:15:00+05:30,90.0,90.0,89.85,89.95,20855
2017-01-05 13:15:00+05:30,89.95,90.0,89.9,89.95,41914
2017-01-05 14:15:00+05:30,89.95,90.0,89.9,89.95,75599
2017-01-05 15:15:00+05:30,89.95,90.0,89.8,90.0,204528
2017-01-06 09:15:00+05:30,91.05,91.25,89.25,89.9,28979
2017-01-06 10:15:00+05:30,89.9,90.0,88.8,88.85,49946
2017-01-06 11:15:00+05:30,88.85,89.85,88.8,89.6,73320
2017-01-06 12:15:00+05:30,89.6,89.6,89.3,89.5,8766
2017-01-06 13:15:00+05:30,89.5,89.65,89.3,89.65,3185
2017-01-06 14:15:00+05:30,89.65,89.85,89.0,89.15,24021
2017-01-06 15:15:00+05:30,89.15,89.4,88.9,89.4,9733
2017-01-09 09:15:00+05:30,89.05,89.75,88.4,89.7,17077
2017-01-09 10:15:00+05:30,89.7,90.0,89.1,89.8,38799
2017-01-09 11:15:00+05:30,89.8,90.0,89.35,89.4,30928
2017-01-09 12:15:00+05:30,89.4,89.9,89.15,89.6,16003
2017-01-09 13:15:00+05:30,89.6,89.8,89.5,89.7,16665
2017-01-09 14:15:00+05:30,89.7,90.0,89.35,89.6,44444
2017-01-09 15:15:00+05:30,89.6,89.6,88.8,89.0,45690
2017-01-10 09:15:00+05:30,89.8,89.8,89.1,89.15,11514
2017-01-10 10:15:00+05:30,89.15,89.5,89.15,89.25,17757
2017-01-10 11:15:00+05:30,89.15,89.9,89.15,89.3,64702
2017-01-10 12:15:00+05:30,89.3,89.5,89.2,89.4,7494
2017-01-10 13:15:00+05:30,89.4,89.7,89.15,89.25,13980
2017-01-10 14:15:00+05:30,89.25,89.65,88.75,88.95,26845
2017-01-10 15:15:00+05:30,88.95,89.0,88.75,88.9,17021
2017-01-11 09:15:00+05:30,89.45,89.75,89.0,89.4,42879
2017-01-11 10:15:00+05:30,89.5,89.6,89.3,89.35,6634
2017-01-11 11:15:00+05:30,89.35,89.55,89.25,89.45,7813
2017-01-11 12:15:00+05:30,89.4,89.65,89.25,89.35,17931
2017-01-11 13:15:00+05:30,89.35,89.45,89.3,89.3,3808
2017-01-11 14:15:00+05:30,89.3,89.4,89.05,89.15,14597
2017-01-11 15:15:00+05:30,89.15,89.25,88.8,89.0,10174
2017-01-12 09:15:00+05:30,89.5,89.65,89.0,89.0,16700
2017-01-12 10:15:00+05:30,88.6,89.2,88.6,89.2,3012
2017-01-12 11:15:00+05:30,89.2,89.2,89.0,89.0,4385
2017-01-12 12:15:00+05:30,89.0,89.2,88.85,89.05,3652
2017-01-12 13:15:00+05:30,89.05,89.35,89.05,89.05,4535
2017-01-12 14:15:00+05:30,89.05,89.4,89.0,89.2,12105
2017-01-12 15:15:00+05:30,89.1,89.1,88.75,89.1,6152
2017-01-13 09:15:00+05:30,89.35,89.5,88.6,88.75,10466
2017-01-13 10:15:00+05:30,88.9,89.2,88.7,89.05,3294
2017-01-13 11:15:00+05:30,89.15,89.2,88.95,89.0,4976
2017-01-13 12:15:00+05:30,89.0,95.05,88.95,92.95,246543
2017-01-13 13:15:00+05:30,92.95,93.0,90.55,92.1,661438
2017-01-13 14:15:00+05:30,92.1,94.0,90.3,90.7,472530
2017-01-13 15:15:00+05:30,90.7,90.9,89.0,89.6,370325
2017-01-16 09:15:00+05:30,90.0,92.0,90.0,91.3,187193
2017-01-16 10:15:00+05:30,91.3,92.7,91.3,92.35,83021
2017-01-16 11:15:00+05:30,92.35,93.5,92.05,93.35,105463
2017-01-16 12:15:00+05:30,93.35,93.5,92.25,92.8,76409
2017-01-16 13:15:00+05:30,92.8,93.05,92.55,92.85,78491
2017-01-16 14:15:00+05:30,92.85,93.0,90.0,90.2,322220
2017-01-16 15:15:00+05:30,90.2,90.9,89.85,90.9,247603
2017-01-17 09:15:00+05:30,91.15,94.0,91.15,93.4,237138
2017-01-17 10:15:00+05:30,93.4,93.4,92.3,92.9,88967
2017-01-17 11:15:00+05:30,92.9,93.6,92.8,92.85,58908
2017-01-17 12:15:00+05:30,92.85,93.6,92.8,93.35,47492
2017-01-17 13:15:00+05:30,93.35,93.65,92.9,93.1,30211
2017-01-17 14:15:00+05:30,93.1,93.9,92.8,93.0,105037
2017-01-17 15:15:00+05:30,93.0,94.7,93.0,93.65,156442
2017-01-18 09:15:00+05:30,94.1,95.9,93.95,95.8,190162
2017-01-18 10:15:00+05:30,95.8,96.7,95.3,95.65,131737
2017-01-18 11:15:00+05:30,95.65,96.0,95.1,95.15,56452
2017-01-18 12:15:00+05:30,95.15,95.65,94.5,95.5,56043
2017-01-18 13:15:00+05:30,95.65,96.0,95.0,96.0,48831
2017-01-18 14:15:00+05:30,96.0,96.4,95.05,95.2,64697
2017-01-18 15:15:00+05:30,95.2,96.0,95.05,96.0,55262
2017-01-19 09:15:00+05:30,96.75,97.0,95.3,95.3,83009
2017-01-19 10:15:00+05:30,95.3,96.15,95.2,95.9,30246
2017-01-19 11:15:00+05:30,95.9,96.7,95.7,96.0,31958
2017-01-19 12:15:00+05:30,96.05,96.7,96.0,96.5,31052
2017-01-19 13:15:00+05:30,96.5,96.9,96.15,96.25,18027
2017-01-19 14:15:00+05:30,96.25,97.6,96.0,97.1,88821
2017-01-19 15:15:00+05:30,97.1,97.95,97.1,97.75,57337
2017-01-20 09:15:00+05:30,98.0,98.0,96.2,97.55,79095
2017-01-20 10:15:00+05:30,97.55,97.8,96.7,96.7,37251
2017-01-20 11:15:00+05:30,96.7,97.05,96.4,96.45,22874
2017-01-20 12:15:00+05:30,96.45,97.5,95.55,95.7,65238
2017-01-20 13:15:00+05:30,95.7,96.0,93.5,94.5,79955
2017-01-20 14:15:00+05:30,94.5,94.95,93.5,94.5,78999
2017-01-20 15:15:00+05:30,94.5,94.5,93.75,93.9,37251
2017-01-23 09:15:00+05:30,94.85,96.0,94.45,94.5,45410
2017-01-23 10:15:00+05:30,94.5,95.25,94.3,95.25,18725
2017-01-23 11:15:00+05:30,95.05,95.15,92.5,93.0,44430
2017-01-23 12:15:00+05:30,93.0,93.6,93.0,93.45,14517
2017-01-23 13:15:00+05:30,93.45,93.45,93.0,93.15,12917
2017-01-23 14:15:00+05:30,93.15,94.55,93.05,94.55,30996
2017-01-23 15:15:00+05:30,94.55,94.8,94.15,94.8,27480
2017-01-24 09:15:00+05:30,94.8,95.0,92.95,93.3,48596
2017-01-24 10:15:00+05:30,93.3,93.8,92.5,93.0,41627
2017-01-24 11:15:00+05:30,93.0,93.5,93.0,93.3,16548
2017-01-24 12:15:00+05:30,93.35,93.5,93.25,93.3,15853
2017-01-24 13:15:00+05:30,93.3,93.45,93.25,93.45,10305
2017-01-24 14:15:00+05:30,93.45,93.75,92.85,92.9,41447
2017-01-24 15:15:00+05:30,92.9,93.0,92.6,92.75,27858
2017-01-25 09:15:00+05:30,93.05,93.65,92.55,93.0,24150
2017-01-25 10:15:00+05:30,93.2,95.9,93.0,94.7,179544
2017-01-25 11:15:00+05:30,94.75,94.8,94.0,94.4,36557
2017-01-25 12:15:00+05:30,94.4,94.75,94.0,94.5,20059
2017-01-25 13:15:00+05:30,94.5,94.6,94.15,94.35,17827
2017-01-25 14:15:00+05:30,94.35,94.5,93.7,93.9,32098
2017-01-25 15:15:00+05:30,93.9,94.5,93.8,94.05,32081
2017-01-27 09:15:00+05:30,94.3,94.95,93.1,93.45,22789
2017-01-27 10:15:00+05:30,93.5,94.15,93.45,93.8,24525
2017-01-27 11:15:00+05:30,93.8,94.45,93.8,94.25,21747
2017-01-27 12:15:00+05:30,94.25,94.5,94.0,94.15,22176
2017-01-27 13:15:00+05:30,94.15,94.3,94.0,94.0,16081
2017-01-27 14:15:00+05:30,94.0,94.05,93.25,93.25,37575
2017-01-27 15:15:00+05:30,93.25,93.5,92.85,93.45,18988
2017-01-30 09:15:00+05:30,93.2,94.0,92.55,92.85,20711
2017-01-30 10:15:00+05:30,92.85,93.05,92.55,92.7,8414
2017-01-30 11:15:00+05:30,92.7,92.85,92.35,92.65,17266
2017-01-30 12:15:00+05:30,92.65,92.8,91.6,92.0,32940
2017-01-30 13:15:00+05:30,92.0,92.2,91.0,91.6,18658
2017-01-30 14:15:00+05:30,91.6,91.6,89.6,90.05,86082
2017-01-30 15:15:00+05:30,90.05,90.5,89.75,90.35,62765
2017-01-31 09:15:00+05:30,90.6,90.6,89.75,90.0,31170
2017-01-31 10:15:00+05:30,90.0,90.15,89.0,89.5,40235
2017-01-31 11:15:00+05:30,89.5,89.65,88.95,89.1,23956
2017-01-31 12:15:00+05:30,89.1,89.8,89.1,89.45,15319
2017-01-31 13:15:00+05:30,89.3,89.7,89.1,89.5,6624
2017-01-31 14:15:00+05:30,89.5,89.7,89.0,89.1,25799
2017-01-31 15:15:00+05:30,89.1,89.25,88.7,88.95,25737
2017-02-01 09:15:00+05:30,89.3,89.5,88.2,88.85,24968
2017-02-01 10:15:00+05:30,88.85,89.25,88.55,89.0,8994
2017-02-01 11:15:00+05:30,89.1,89.3,88.8,89.0,6520
2017-02-01 12:15:00+05:30,89.0,90.75,89.0,89.95,19195
2017-02-01 13:15:00+05:30,89.95,90.45,89.65,89.9,26856
2017-02-01 14:15:00+05:30,89.9,90.3,89.65,90.0,50234
2017-02-01 15:15:00+05:30,90.0,90.2,89.9,90.2,14291
2017-02-02 09:15:00+05:30,90.2,91.85,90.1,90.75,32048
2017-02-02 10:15:00+05:30,90.75,91.25,90.4,91.0,32148
2017-02-02 11:15:00+05:30,91.0,91.2,90.85,90.85,26877
2017-02-02 12:15:00+05:30,90.85,91.1,90.4,90.95,15528
2017-02-02 13:15:00+05:30,90.95,91.7,90.55,91.1,27654
2017-02-02 14:15:00+05:30,91.1,91.3,90.35,90.4,48794
2017-02-02 15:15:00+05:30,90.4,90.75,88.6,89.2,141760
2017-02-03 09:15:00+05:30,89.75,90.2,89.7,89.95,47933
2017-02-03 10:15:00+05:30,89.95,90.25,89.4,89.65,40614
2017-02-03 11:15:00+05:30,89.65,89.7,89.05,89.55,49565
2017-02-03 12:15:00+05:30,89.55,89.6,88.85,89.0,39448
2017-02-03 13:15:00+05:30,89.0,89.65,88.85,89.4,42039
2017-02-03 14:15:00+05:30,89.4,89.5,88.95,89.3,38760
2017-02-03 15:15:00+05:30,89.3,89.45,88.8,89.1,31194
2017-02-06 09:15:00+05:30,89.9,90.7,89.65,90.0,68284
2017-02-06 10:15:00+05:30,90.0,90.15,89.9,90.0,26071
2017-02-06 11:15:00+05:30,90.0,90.4,89.8,90.0,69635
2017-02-06 12:15:00+05:30,90.0,90.95,90.0,90.5,44338
2017-02-06 13:15:00+05:30,90.6,90.6,90.15,90.3,30570
2017-02-06 14:15:00+05:30,90.3,90.3,89.25,89.5,59426
2017-02-06 15:15:00+05:30,89.5,89.55,89.35,89.45,37155
2017-02-07 09:15:00+05:30,89.8,90.95,89.75,90.25,43873
2017-02-07 10:15:00+05:30,90.25,90.75,90.05,90.4,12901
2017-02-07 11:15:00+05:30,90.3,90.9,90.25,90.8,31207
2017-02-07 12:15:00+05:30,90.8,90.9,90.55,90.65,7227
2017-02-07 13:15:00+05:30,90.7,90.95,90.45,90.7,52668
2017-02-07 14:15:00+05:30,90.7,91.4,90.25,90.5,55138
2017-02-07 15:15:00+05:30,90.45,90.45,89.9,90.2,80919
2017-02-08 09:15:00+05:30,90.95,92.3,90.5,91.3,53630
2017-02-08 10:15:00+05:30,91.3,91.85,91.05,91.25,14633
2017-02-08 11:15:00+05:30,91.25,91.95,91.25,91.8,28736
2017-02-08 12:15:00+05:30,91.8,91.95,91.5,91.5,35490
2017-02-08 13:15:00+05:30,91.5,92.5,91.5,92.45,42880
2017-02-08 14:15:00+05:30,92.45,92.45,91.25,91.85,53908
2017-02-08 15:15:00+05:30,91.85,91.85,91.2,91.8,34975
2017-02-09 09:15:00+05:30,92.0,99.6,92.0,98.0,1177859
2017-02-09 10:15:00+05:30,98.0,98.5,97.4,98.1,251550
2017-02-09 11:15:00+05:30,98.1,98.25,96.7,97.0,159438
2017-02-09 12:15:00+05:30,97.0,97.15,96.3,97.0,135877
2017-02-09 13:15:00+05:30,97.0,97.5,96.7,96.7,125095
2017-02-09 14:15:00+05:30,96.7,97.9,96.6,97.45,137805
2017-02-09 15:15:00+05:30,97.45,97.5,95.4,96.25,242848
2017-02-10 09:15:00+05:30,97.45,98.7,97.05,97.7,121041
2017-02-10 10:15:00+05:30,97.7,98.2,97.7,97.95,51632
2017-02-10 11:15:00+05:30,97.95,98.5,97.8,98.5,38421
2017-02-10 12:15:00+05:30,98.5,98.55,98.0,98.25,30515
2017-02-10 13:15:00+05:30,98.25,98.5,98.0,98.3,36865
2017-02-10 14:15:00+05:30,98.3,98.9,98.05,98.55,56513
2017-02-10 15:15:00+05:30,98.55,98.9,98.3,98.75,36391
2017-02-13 09:15:00+05:30,98.95,99.0,95.5,97.85,164451
2017-02-13 10:15:00+05:30,97.85,98.0,97.0,97.45,44312
2017-02-13 11:15:00+05:30,97.45,98.5,96.8,98.2,59283
2017-02-13 12:15:00+05:30,98.2,98.2,97.1,97.35,50853
2017-02-13 13:15:00+05:30,97.35,98.0,97.1,97.8,33695
2017-02-13 14:15:00+05:30,97.8,98.4,97.1,98.1,65365
2017-02-13 15:15:00+05:30,98.1,98.3,97.65,97.65,30524
2017-02-14 09:15:00+05:30,91.95,92.85,88.95,92.25,468707
2017-02-14 10:15:00+05:30,92.25,93.35,92.0,93.25,86730
2017-02-14 11:15:00+05:30,93.25,93.9,92.8,92.9,84040
2017-02-14 12:15:00+05:30,93.0,93.45,92.65,93.4,37434
2017-02-14 13:15:00+05:30,93.4,93.55,93.0,93.15,26198
2017-02-14 14:15:00+05:30,93.15,93.45,92.5,92.8,46142
2017-02-14 15:15:00+05:30,92.85,93.2,92.6,93.05,46800
2017-02-15 09:15:00+05:30,93.85,94.0,92.25,92.85,56929
2017-02-15 10:15:00+05:30,92.85,92.85,92.05,92.35,36337
2017-02-15 11:15:00+05:30,92.35,92.45,91.0,91.45,49454
2017-02-15 12:15:00+05:30,91.45,91.55,91.15,91.4,18950
2017-02-15 13:15:00+05:30,91.4,92.0,91.15,91.5,17503
2017-02-15 14:15:00+05:30,91.5,92.0,91.05,91.4,45203
2017-02-15 15:15:00+05:30,91.5,91.9,91.0,91.85,16958
2017-02-16 09:15:00+05:30,91.5,93.0,91.5,92.6,29174
2017-02-16 10:15:00+05:30,92.8,93.2,92.6,93.0,11693
2017-02-16 11:15:00+05:30,93.0,94.35,93.0,94.2,26626
2017-02-16 12:15:00+05:30,94.15,94.35,93.05,93.5,20833
2017-02-16 13:15:00+05:30,93.5,94.2,93.35,93.35,13763
2017-02-16 14:15:00+05:30,93.35,94.0,93.1,93.55,20090
2017-02-16 15:15:00+05:30,93.55,93.8,93.05,93.6,18200
2017-02-17 09:15:00+05:30,94.0,94.85,93.75,94.0,31481
2017-02-17 10:15:00+05:30,94.0,94.0,93.65,93.85,10222
2017-02-17 11:15:00+05:30,93.85,94.05,93.75,93.75,9425
2017-02-17 12:15:00+05:30,93.75,94.0,93.55,93.9,8915
2017-02-17 13:15:00+05:30,93.9,94.0,93.75,93.9,15054
2017-02-17 14:15:00+05:30,93.9,94.05,93.7,93.85,46031
2017-02-17 15:15:00+05:30,93.85,94.0,93.75,93.8,14293
2017-02-20 09:15:00+05:30,93.9,95.05,93.7,94.05,17268
2017-02-20 10:15:00+05:30,94.05,94.5,94.05,94.2,12996
2017-02-20 11:15:00+05:30,94.2,94.5,94.05,94.25,8079
2017-02-20 12:15:00+05:30,94.25,94.3,94.0,94.1,28709
2017-02-20 13:15:00+05:30,94.1,94.4,94.0,94.1,8601
2017-02-20 14:15:00+05:30,94.1,94.5,93.95,94.0,19572
2017-02-20 15:15:00+05:30,94.0,94.25,93.0,93.0,26324
2017-02-21 09:15:00+05:30,93.9,94.75,93.85,94.15,26394
2017-02-21 10:15:00+05:30,94.15,94.4,93.85,94.4,14996
2017-02-21 11:15:00+05:30,94.4,94.4,93.85,93.95,9870
2017-02-21 12:15:00+05:30,93.95,94.1,93.75,93.9,32428
2017-02-21 13:15:00+05:30,93.9,94.2,93.8,94.1,7831
2017-02-21 14:15:00+05:30,94.1,94.2,93.45,93.7,14651
2017-02-21 15:15:00+05:30,93.7,94.2,93.55,94.15,8631
2017-02-22 09:15:00+05:30,94.9,94.9,93.85,94.55,18458
2017-02-22 10:15:00+05:30,94.55,94.6,93.85,94.4,10883
2017-02-22 11:15:00+05:30,94.4,94.6,94.05,94.25,19941
2017-02-22 12:15:00+05:30,94.25,94.85,94.05,94.05,28641
2017-02-22 13:15:00+05:30,94.05,94.5,93.6,94.05,14299
2017-02-22 14:15:00+05:30,94.05,94.3,93.75,94.0,8142
2017-02-22 15:15:00+05:30,94.0,94.2,92.4,92.85,27379
2017-02-23 09:15:00+05:30,93.5,94.45,93.5,93.8,17690
2017-02-23 10:15:00+05:30,93.9,94.1,93.5,94.0,19373
2017-02-23 11:15:00+05:30,94.0,94.3,93.75,94.2,13566
2017-02-23 12:15:00+05:30,94.25,94.3,93.75,94.0,8776
2017-02-23 13:15:00+05:30,94.0,94.3,93.5,93.8,13162
2017-02-23 14:15:00+05:30,93.8,94.0,93.5,93.5,8415
2017-02-23 15:15:00+05:30,93.5,93.85,93.5,93.65,4660
2017-02-27 09:15:00+05:30,93.65,94.9,93.65,94.4,27079
2017-02-27 10:15:00+05:30,94.6,94.65,94.0,94.45,13144
2017-02-27 11:15:00+05:30,94.45,94.5,94.0,94.2,9182
2017-02-27 12:15:00+05:30,94.2,94.6,93.95,94.4,16306
2017-02-27 13:15:00+05:30,94.4,94.4,94.15,94.4,4824
2017-02-27 14:15:00+05:30,94.4,94.4,93.5,93.75,18833
2017-02-27 15:15:00+05:30,93.75,94.0,93.55,94.0,12857
2017-02-28 09:15:00+05:30,94.3,94.75,93.7,94.2,18254
2017-02-28 10:15:00+05:30,94.2,94.35,94.05,94.25,6953
2017-02-28 11:15:00+05:30,94.25,94.25,94.0,94.15,5101
2017-02-28 12:15:00+05:30,94.15,94.25,93.85,94.1,13910
2017-02-28 13:15:00+05:30,94.1,94.4,94.1,94.3,12197
2017-02-28 14:15:00+05:30,94.3,98.0,94.05,95.9,91291
2017-02-28 15:15:00+05:30,95.9,96.9,95.1,96.1,36243
2017-03-01 09:15:00+05:30,96.0,96.8,95.85,96.15,31092
2017-03-01 10:15:00+05:30,96.15,97.3,96.0,96.8,38708
2017-03-01 11:15:00+05:30,96.8,96.8,96.05,96.15,15154
2017-03-01 12:15:00+05:30,96.3,96.7,96.0,96.35,14042
2017-03-01 13:15:00+05:30,96.35,96.35,96.0,96.2,2736
2017-03-01 14:15:00+05:30,96.2,96.2,95.5,95.75,12263
2017-03-01 15:15:00+05:30,95.55,96.0,95.5,95.65,9851
2017-03-02 09:15:00+05:30,96.05,96.15,94.7,95.1,20756
2017-03-02 10:15:00+05:30,95.1,96.85,95.0,95.5,23382
2017-03-02 11:15:00+05:30,95.5,96.05,95.05,95.65,11665
2017-03-02 12:15:00+05:30,95.55,95.65,94.1,94.5,17265
2017-03-02 13:15:00+05:30,94.5,94.7,94.0,94.5,9658
2017-03-02 14:15:00+05:30,94.5,94.65,93.3,93.6,18273
2017-03-02 15:15:00+05:30,93.6,94.2,93.55,94.2,12846
2017-03-03 09:15:00+05:30,93.05,94.6,93.05,93.4,10369
2017-03-03 10:15:00+05:30,93.4,93.7,93.15,93.25,12433
2017-03-03 11:15:00+05:30,93.25,93.6,93.0,93.3,8640
2017-03-03 12:15:00+05:30,93.3,93.6,93.15,93.15,7338
2017-03-03 13:15:00+05:30,93.15,93.55,93.15,93.4,3649
2017-03-03 14:15:00+05:30,93.5,93.7,93.4,93.7,12414
2017-03-03 15:15:00+05:30,93.7,93.7,93.25,93.4,5091
2017-03-06 09:15:00+05:30,94.1,94.85,93.9,94.2,12821
2017-03-06 10:15:00+05:30,94.2,94.55,94.05,94.45,6434
2017-03-06 11:15:00+05:30,94.45,94.7,92.35,92.5,67214
2017-03-06 12:15:00+05:30,92.5,93.9,92.3,93.0,36402
2017-03-06 13:15:00+05:30,93.0,93.7,92.9,93.6,13383
2017-03-06 14:15:00+05:30,93.6,93.7,92.75,92.85,30466
2017-03-06 15:15:00+05:30,92.85,93.0,92.7,92.75,11181
2017-03-07 09:15:00+05:30,92.95,94.5,92.95,94.0,12726
2017-03-07 10:15:00+05:30,94.0,94.0,93.05,93.3,13359
2017-03-07 11:15:00+05:30,93.3,93.3,92.8,93.0,9169
2017-03-07 12:15:00+05:30,93.0,93.3,92.75,93.0,6166
2017-03-07 13:15:00+05:30,93.0,93.2,92.75,92.95,5374
2017-03-07 14:15:00+05:30,92.95,93.15,92.35,92.75,28526
2017-03-07 15:15:00+05:30,92.75,93.0,92.4,92.4,11324
2017-03-08 09:15:00+05:30,93.45,93.45,92.3,92.75,8603
2017-03-08 10:15:00+05:30,92.75,93.1,92.1,92.55,26380
2017-03-08 11:15:00+05:30,92.55,93.0,92.3,92.6,11107
2017-03-08 12:15:00+05:30,92.6,93.1,92.35,92.85,4372
2017-03-08 13:15:00+05:30,92.85,93.0,92.6,92.75,2992
2017-03-08 14:15:00+05:30,92.75,93.9,92.75,93.0,11294
2017-03-08 15:15:00+05:30,93.0,93.05,92.5,93.0,11152
2017-03-09 09:15:00+05:30,93.0,93.55,92.5,93.35,7206
2017-03-09 10:15:00+05:30,93.35,93.5,92.8,93.35,9574
2017-03-09 11:15:00+05:30,93.35,93.5,92.85,93.0,7819
2017-03-09 12:15:00+05:30,93.0,93.5,92.8,93.15,13427
2017-03-09 13:15:00+05:30,93.0,93.05,92.5,93.0,7346
2017-03-09 14:15:00+05:30,93.0,93.0,92.3,92.5,15769
2017-03-09 15:15:00+05:30,92.5,92.5,92.2,92.2,7804
2017-03-10 09:15:00+05:30,92.95,93.2,92.6,92.85,7357
2017-03-10 10:15:00+05:30,92.85,92.85,92.5,92.75,5888
2017-03-10 11:15:00+05:30,92.75,92.8,92.2,92.25,8084
2017-03-10 12:15:00+05:30,92.25,92.55,92.2,92.35,5834
2017-03-10 13:15:00+05:30,92.35,92.6,92.25,92.3,16039
2017-03-10 14:15:00+05:30,92.3,92.3,91.85,92.0,22523
2017-03-10 15:15:00+05:30,92.0,92.0,91.85,91.85,4656
2017-03-14 09:15:00+05:30,92.85,95.5,92.7,93.0,23367
2017-03-14 10:15:00+05:30,93.0,93.0,92.5,92.8,9717
2017-03-14 11:15:00+05:30,92.8,92.95,91.2,91.8,34052
2017-03-14 12:15:00+05:30,91.5,91.95,91.35,91.8,7741
2017-03-14 13:15:00+05:30,91.8,92.1,91.55,92.1,7941
2017-03-14 14:15:00+05:30,92.1,92.2,91.8,91.95,9984
2017-03-14 15:15:00+05:30,91.95,92.5,91.95,92.0,9870
2017-03-15 09:15:00+05:30,92.85,92.85,91.45,91.8,15791
2017-03-15 10:15:00+05:30,91.8,93.05,91.7,92.9,24578
2017-03-15 11:15:00+05:30,92.9,93.3,92.0,92.7,18414
2017-03-15 12:15:00+05:30,92.7,92.95,92.15,92.75,6656
2017-03-15 13:15:00+05:30,92.75,92.95,92.25,92.65,13641
2017-03-15 14:15:00+05:30,92.55,92.7,92.0,92.0,14436
2017-03-15 15:15:00+05:30,92.0,92.25,91.45,91.7,14563
2017-03-16 09:15:00+05:30,92.85,92.95,92.25,92.8,20515
2017-03-16 10:15:00+05:30,92.8,92.9,92.5,92.65,8481
2017-03-16 11:15:00+05:30,92.65,93.5,92.5,93.15,11443
2017-03-16 12:15:00+05:30,93.15,93.25,92.7,92.75,17373
2017-03-16 13:15:00+05:30,92.75,93.25,92.5,92.8,6627
2017-03-16 14:15:00+05:30,92.8,93.2,92.7,92.95,12420
2017-03-16 15:15:00+05:30,92.95,93.15,92.7,92.7,6591
2017-03-17 09:15:00+05:30,93.75,93.75,92.5,92.65,24387
2017-03-17 10:15:00+05:30,92.65,92.95,92.5,92.55,7316
2017-03-17 11:15:00+05:30,92.55,92.8,92.3,92.35,6423
2017-03-17 12:15:00+05:30,92.35,92.4,92.0,92.25,18610
2017-03-17 13:15:00+05:30,92.25,92.4,92.0,92.15,4846
2017-03-17 14:15:00+05:30,92.15,92.95,91.75,91.9,17849
2017-03-17 15:15:00+05:30,91.9,92.8,91.9,92.8,8007
2017-03-20 09:15:00+05:30,93.5,93.9,92.1,92.85,19430
2017-03-20 10:15:00+05:30,92.85,93.0,92.4,92.9,7010
2017-03-20 11:15:00+05:30,92.9,93.05,92.4,92.65,10553
2017-03-20 12:15:00+05:30,92.65,92.75,92.2,92.7,4156
2017-03-20 13:15:00+05:30,92.7,92.85,92.15,92.5,12228
2017-03-20 14:15:00+05:30,92.5,92.8,92.4,92.7,5100
2017-03-20 15:15:00+05:30,92.7,92.7,92.25,92.25,7419
2017-03-21 09:15:00+05:30,92.5,92.8,92.1,92.5,9743
2017-03-21 10:15:00+05:30,92.5,92.5,92.0,92.0,9128
2017-03-21 11:15:00+05:30,92.0,92.35,91.6,92.0,8693
2017-03-21 12:15:00+05:30,92.0,92.35,91.55,92.1,9706
2017-03-21 13:15:00+05:30,92.1,92.35,91.6,92.05,11445
2017-03-21 14:15:00+05:30,92.0,92.25,91.8,91.95,4004
2017-03-21 15:15:00+05:30,91.95,92.3,91.9,92.2,4815
2017-03-22 09:15:00+05:30,91.95,91.95,91.1,91.15,9898
2017-03-22 10:15:00+05:30,91.15,91.7,91.15,91.65,3791
2017-03-22 11:15:00+05:30,91.65,91.85,91.55,91.7,2026
2017-03-22 12:15:00+05:30,91.65,91.85,91.45,91.65,6646
2017-03-22 13:15:00+05:30,91.65,91.95,91.3,91.65,8845
2017-03-22 14:15:00+05:30,91.65,91.65,91.1,91.3,7613
2017-03-22 15:15:00+05:30,91.3,91.65,91.1,91.1,9890
2017-03-23 09:15:00+05:30,91.35,91.85,91.1,91.25,16165
2017-03-23 10:15:00+05:30,91.25,92.5,91.25,91.7,8274
2017-03-23 11:15:00+05:30,91.7,92.8,91.65,91.7,13667
2017-03-23 12:15:00+05:30,91.7,92.15,91.55,91.75,7504
2017-03-23 13:15:00+05:30,91.75,92.3,91.75,91.9,7559
2017-03-23 14:15:00+05:30,91.9,91.9,91.15,91.25,25366
2017-03-23 15:15:00+05:30,91.25,91.5,91.1,91.3,13186
2017-03-24 09:15:00+05:30,92.05,92.2,91.5,91.6,13076
2017-03-24 10:15:00+05:30,91.75,92.1,91.6,92.1,17708
2017-03-24 11:15:00+05:30,92.1,92.35,91.8,92.0,13243
2017-03-24 12:15:00+05:30,92.0,92.1,91.65,91.65,5890
2017-03-24 13:15:00+05:30,91.65,92.3,91.5,91.8,13910
2017-03-24 14:15:00+05:30,91.8,92.45,91.5,91.6,20110
2017-03-24 15:15:00+05:30,91.6,91.6,91.5,91.6,8159
2017-03-27 09:15:00+05:30,92.35,92.35,91.1,91.4,31153
2017-03-27 10:15:00+05:30,91.4,91.7,91.15,91.5,5226
2017-03-27 11:15:00+05:30,91.5,91.6,91.1,91.25,17158
2017-03-27 12:15:00+05:30,91.25,91.25,91.0,91.15,25521
2017-03-27 13:15:00+05:30,91.15,91.15,90.5,90.8,17057
2017-03-27 14:15:00+05:30,90.8,91.15,90.8,91.15,11305
2017-03-27 15:15:00+05:30,91.15,91.15,90.7,91.1,7729
2017-03-28 09:15:00+05:30,91.0,92.2,90.75,92.0,30683
2017-03-28 10:15:00+05:30,92.0,92.0,91.5,91.75,10720
2017-03-28 11:15:00+05:30,91.75,92.0,91.5,91.65,7375
2017-03-28 12:15:00+05:30,91.65,91.85,91.5,91.7,8102
2017-03-28 13:15:00+05:30,91.7,91.75,91.2,91.4,28495
2017-03-28 14:15:00+05:30,91.6,91.9,91.3,91.45,6706
2017-03-28 15:15:00+05:30,91.45,91.5,91.1,91.5,5529
2017-03-29 09:15:00+05:30,93.0,95.5,92.5,95.0,132901
2017-03-29 10:15:00+05:30,95.0,96.2,94.5,95.45,73753
2017-03-29 11:15:00+05:30,95.5,95.9,95.35,95.45,33882
2017-03-29 12:15:00+05:30,95.45,95.65,94.55,94.9,27538
2017-03-29 13:15:00+05:30,94.9,95.3,94.5,94.8,37092
2017-03-29 14:15:00+05:30,94.8,94.95,93.3,94.6,51190
2017-03-29 15:15:00+05:30,94.6,95.1,94.45,95.0,25733
2017-03-30 09:15:00+05:30,94.95,96.05,94.5,94.95,59277
2017-03-30 10:15:00+05:30,94.95,95.15,94.75,94.95,20816
2017-03-30 11:15:00+05:30,94.95,95.7,94.5,95.3,31641
2017-03-30 12:15:00+05:30,95.3,95.4,94.8,94.8,8803
2017-03-30 13:15:00+05:30,94.8,95.4,94.8,95.1,9823
2017-03-30 14:15:00+05:30,95.45,95.45,94.0,94.35,56159
2017-03-30 15:15:00+05:30,94.05,94.45,94.0,94.1,19252
2017-03-31 09:15:00+05:30,95.4,95.45,94.3,94.45,12572
2017-03-31 10:15:00+05:30,94.45,95.35,94.45,95.2,29672
2017-03-31 11:15:00+05:30,95.2,95.35,95.0,95.3,9776
2017-03-31 12:15:00+05:30,95.35,95.45,94.75,95.0,11135
2017-03-31 13:15:00+05:30,95.0,95.0,93.65,94.15,25669
2017-03-31 14:15:00+05:30,94.15,94.45,93.8,93.9,8358
2017-03-31 15:15:00+05:30,93.8,94.35,93.75,94.35,9789
2017-04-03 09:15:00+05:30,95.25,96.9,94.05,96.0,95521
2017-04-03 10:15:00+05:30,96.0,96.85,95.75,96.5,31553
2017-04-03 11:15:00+05:30,96.5,97.05,96.1,96.15,29504
2017-04-03 12:15:00+05:30,96.15,96.4,95.8,95.95,11801
2017-04-03 13:15:00+05:30,95.95,96.1,95.0,96.0,25176
2017-04-03 14:15:00+05:30,96.0,96.15,95.0,95.6,13369
2017-04-03 15:15:00+05:30,95.6,95.9,95.2,95.75,13855
2017-04-05 09:15:00+05:30,99.9,101.5,99.15,100.6,252898
2017-04-05 10:15:00+05:30,100.6,101.0,100.05,100.7,112711
2017-04-05 11:15:00+05:30,100.75,100.75,100.05,100.3,52037
2017-04-05 12:15:00+05:30,100.3,100.75,100.05,100.3,49071
2017-04-05 13:15:00+05:30,100.3,101.2,100.15,101.05,67437
2017-04-05 14:15:00+05:30,101.05,103.2,100.7,102.35,197946
2017-04-05 15:15:00+05:30,102.3,102.6,102.0,102.05,81952
2017-04-06 09:15:00+05:30,103.9,103.9,100.8,101.1,74946
2017-04-06 10:15:00+05:30,101.1,101.45,100.3,100.5,23986
2017-04-06 11:15:00+05:30,100.5,101.65,100.3,100.95,17390
2017-04-06 12:15:00+05:30,100.95,105.2,100.9,104.4,261907
2017-04-06 13:15:00+05:30,104.5,107.5,103.0,105.0,231037
2017-04-06 14:15:00+05:30,105.0,106.95,103.65,104.8,130241
2017-04-06 15:15:00+05:30,104.8,105.7,104.1,104.9,41586
2017-04-07 09:15:00+05:30,104.7,105.9,103.0,104.7,108548
2017-04-07 10:15:00+05:30,104.7,105.75,104.65,105.25,37981
2017-04-07 11:15:00+05:30,105.25,105.7,103.85,104.0,47332
2017-04-07 12:15:00+05:30,104.0,105.0,103.95,105.0,48380
2017-04-07 13:15:00+05:30,105.0,107.0,104.55,105.85,127160
2017-04-07 14:15:00+05:30,105.85,106.5,102.0,102.5,150600
2017-04-07 15:15:00+05:30,102.5,102.55,101.7,102.25,74650
2017-04-10 09:15:00+05:30,103.85,104.95,102.8,103.05,80219
2017-04-10 10:15:00+05:30,103.05,104.0,103.05,103.85,37509
2017-04-10 11:15:00+05:30,103.85,104.2,103.25,104.15,15730
2017-04-10 12:15:00+05:30,104.15,104.2,103.3,103.95,28370
2017-04-10 13:15:00+05:30,103.95,103.95,102.1,102.75,47177
2017-04-10 14:15:00+05:30,102.75,103.5,102.75,103.3,22545
2017-04-10 15:15:00+05:30,103.1,104.35,102.2,103.5,18693
2017-04-11 09:15:00+05:30,103.65,105.25,102.8,104.65,35709
2017-04-11 10:15:00+05:30,104.65,104.7,103.65,104.0,21768
2017-04-11 11:15:00+05:30,104.0,104.85,103.5,104.65,40825
2017-04-11 12:15:00+05:30,104.65,108.2,104.4,106.6,146355
2017-04-11 13:15:00+05:30,106.6,107.45,106.15,106.65,34668
2017-04-11 14:15:00+05:30,106.65,107.8,106.1,107.5,114133
2017-04-11 15:15:00+05:30,107.5,107.5,106.95,107.0,55465
2017-04-12 09:15:00+05:30,108.3,109.5,104.65,105.05,166950
2017-04-12 10:15:00+05:30,105.05,107.5,105.05,106.55,54076
2017-04-12 11:15:00+05:30,106.55,107.0,105.8,106.4,29587
2017-04-12 12:15:00+05:30,106.4,109.0,106.3,109.0,106690
2017-04-12 13:15:00+05:30,109.0,112.0,107.45,109.6,293723
2017-04-12 14:15:00+05:30,109.85,111.3,109.2,111.1,110849
2017-04-12 15:15:00+05:30,111.1,111.85,111.0,111.7,94910
2017-04-13 09:15:00+05:30,111.8,115.25,111.15,113.35,288642
2017-04-13 10:15:00+05:30,113.35,114.0,113.15,113.55,71369
2017-04-13 11:15:00+05:30,113.55,113.95,113.15,113.7,29146
2017-04-13 12:15:00+05:30,113.7,117.75,113.7,114.8,355153
2017-04-13 13:15:00+05:30,114.8,116.15,114.05,115.6,52489
2017-04-13 14:15:00+05:30,115.55,116.0,112.8,112.8,129322
2017-04-13 15:15:00+05:30,112.8,114.0,112.7,113.5,100918
2017-04-17 09:15:00+05:30,114.0,115.2,111.15,113.75,169372
2017-04-17 10:15:00+05:30,114.05,115.1,113.0,114.25,54880
2017-04-17 11:15:00+05:30,114.25,115.0,113.2,113.8,52722
2017-04-17 12:15:00+05:30,113.8,114.0,112.3,114.0,35305
2017-04-17 13:15:00+05:30,114.0,114.2,113.1,113.95,20989
2017-04-17 14:15:00+05:30,113.95,114.65,112.75,113.35,34291
2017-04-17 15:15:00+05:30,113.35,115.1,113.35,115.1,45406
2017-04-18 09:15:00+05:30,114.9,116.1,114.0,115.05,97058
2017-04-18 10:15:00+05:30,115.0,117.35,115.0,115.5,92948
2017-04-18 11:15:00+05:30,115.8,116.0,112.8,113.75,59580
2017-04-18 12:15:00+05:30,113.6,114.9,113.1,113.2,33481
2017-04-18 13:15:00+05:30,113.2,113.6,111.5,113.0,64500
2017-04-18 14:15:00+05:30,113.0,113.3,110.4,111.55,129986
2017-04-18 15:15:00+05:30,111.55,113.6,111.55,113.6,83508
2017-04-19 09:15:00+05:30,113.85,116.0,112.2,113.25,83475
2017-04-19 10:15:00+05:30,113.25,113.9,112.5,113.6,19978
2017-04-19 11:15:00+05:30,113.6,114.0,112.4,113.65,26049
2017-04-19 12:15:00+05:30,113.65,114.0,113.0,113.95,23187
2017-04-19 13:15:00+05:30,113.95,116.0,113.95,115.3,112134
2017-04-19 14:15:00+05:30,115.0,115.95,112.95,112.95,113129
2017-04-19 15:15:00+05:30,112.95,114.6,112.0,114.5,258031
2017-04-20 09:15:00+05:30,115.1,119.9,114.35,118.5,492102
2017-04-20 10:15:00+05:30,118.5,119.5,117.45,119.0,129309
2017-04-20 11:15:00+05:30,119.0,119.1,118.05,118.7,38639
2017-04-20 12:15:00+05:30,118.7,119.0,118.0,118.55,40907
2017-04-20 13:15:00+05:30,119.0,120.75,117.75,120.5,152761
2017-04-20 14:15:00+05:30,120.5,122.3,118.65,119.0,339743
2017-04-20 15:15:00+05:30,119.0,120.4,119.0,120.3,72214
2017-04-21 09:15:00+05:30,121.3,122.0,119.0,119.7,135139
2017-04-21 10:15:00+05:30,119.7,122.4,119.65,121.0,138756
2017-04-21 11:15:00+05:30,121.0,123.2,121.0,121.5,105112
2017-04-21 12:15:00+05:30,121.7,121.7,118.7,119.35,61078
2017-04-21 13:15:00+05:30,119.35,119.75,118.7,119.75,36891
2017-04-21 14:15:00+05:30,119.75,121.0,119.5,120.1,103053
2017-04-21 15:15:00+05:30,120.1,120.7,120.0,120.5,40755
2017-04-24 09:15:00+05:30,120.25,124.4,119.9,123.25,176941
2017-04-24 10:15:00+05:30,123.25,123.75,122.5,123.7,70091
2017-04-24 11:15:00+05:30,123.5,123.55,121.35,122.45,47217
2017-04-24 12:15:00+05:30,122.65,122.7,121.5,121.7,24118
2017-04-24 13:15:00+05:30,121.7,121.9,121.25,121.55,17608
2017-04-24 14:15:00+05:30,121.55,122.05,120.5,120.9,107610
2017-04-24 15:15:00+05:30,120.9,121.8,120.3,121.7,39023
2017-04-25 09:15:00+05:30,122.5,123.0,120.1,120.6,73871
2017-04-25 10:15:00+05:30,120.6,120.95,119.1,119.25,62137
2017-04-25 11:15:00+05:30,119.25,120.0,118.1,119.6,47980
2017-04-25 12:15:00+05:30,119.6,122.35,119.1,119.75,741984
2017-04-25 13:15:00+05:30,119.75,120.0,118.6,119.0,76087
2017-04-25 14:15:00+05:30,119.0,119.45,118.65,118.85,70213
2017-04-25 15:15:00+05:30,118.85,118.9,118.35,118.35,34163
2017-04-26 09:15:00+05:30,119.75,119.85,115.6,116.0,78378
2017-04-26 10:15:00+05:30,116.0,118.0,115.9,116.6,55615
2017-04-26 11:15:00+05:30,116.6,116.7,115.8,116.35,32786
2017-04-26 12:15:00+05:30,116.3,116.6,115.3,115.45,45555
2017-04-26 13:15:00+05:30,115.5,115.8,114.8,115.0,44363
2017-04-26 14:15:00+05:30,114.85,114.85,112.1,113.9,117923
2017-04-26 15:15:00+05:30,113.9,114.0,113.15,113.95,33048
2017-04-27 09:15:00+05:30,115.0,115.5,113.05,113.05,54766
2017-04-27 10:15:00+05:30,113.35,114.25,113.0,114.0,26463
2017-04-27 11:15:00+05:30,114.0,114.0,113.25,113.6,5660
2017-04-27 12:15:00+05:30,113.6,114.85,113.6,114.35,16219
2017-04-27 13:15:00+05:30,114.35,116.1,114.15,114.95,36742
2017-04-27 14:15:00+05:30,114.95,115.0,113.7,114.5,35814
2017-04-27 15:15:00+05:30,114.5,115.0,114.0,115.0,24581
2017-04-28 09:15:00+05:30,114.55,115.7,113.6,114.2,26744
2017-04-28 10:15:00+05:30,114.2,115.0,113.45,114.85,8294
2017-04-28 11:15:00+05:30,114.85,114.9,110.0,112.0,87168
2017-04-28 12:15:00+05:30,112.0,113.15,111.1,113.15,13847
2017-04-28 13:15:00+05:30,113.15,113.15,111.75,112.0,11633
2017-04-28 14:15:00+05:30,112.0,113.0,111.0,112.0,35099
2017-04-28 15:15:00+05:30,112.15,113.25,112.0,113.0,15348
2017-05-02 09:15:00+05:30,114.8,114.8,113.5,114.0,44032
2017-05-02 10:15:00+05:30,114.0,114.0,112.25,112.25,27811
2017-05-02 11:15:00+05:30,112.25,112.4,111.0,112.4,25314
2017-05-02 12:15:00+05:30,112.4,113.8,112.3,113.5,13375
2017-05-02 13:15:00+05:30,113.5,113.9,112.7,112.7,10919
2017-05-02 14:15:00+05:30,112.7,113.85,112.7,113.55,30314
2017-05-02 15:15:00+05:30,113.55,114.0,113.0,113.8,12880
2017-05-03 09:15:00+05:30,114.35,114.6,113.45,114.0,29423
2017-05-03 10:15:00+05:30,114.0,114.5,113.3,113.5,15491
2017-05-03 11:15:00+05:30,113.55,113.65,113.0,113.55,7358
2017-05-03 12:15:00+05:30,113.55,113.6,112.7,113.4,13035
2017-05-03 13:15:00+05:30,113.5,114.5,112.85,114.5,20360
2017-05-03 14:15:00+05:30,114.5,118.3,114.2,117.0,273517
2017-05-03 15:15:00+05:30,117.0,117.35,116.4,116.5,47830
2017-05-04 09:15:00+05:30,117.5,118.25,115.25,115.8,40184
2017-05-04 10:15:00+05:30,115.8,116.8,115.55,116.8,20020
2017-05-04 11:15:00+05:30,116.8,116.8,115.8,116.0,37929
2017-05-04 12:15:00+05:30,116.0,116.4,115.6,115.9,15906
2017-05-04 13:15:00+05:30,115.9,116.0,115.6,115.7,5904
2017-05-04 14:15:00+05:30,115.7,116.0,114.55,114.6,29071
2017-05-04 15:15:00+05:30,114.6,114.7,113.45,114.5,25624
2017-05-05 09:15:00+05:30,114.2,114.6,112.65,112.8,21213
2017-05-05 10:15:00+05:30,112.75,113.5,112.35,112.65,22780
2017-05-05 11:15:00+05:30,112.9,113.2,111.4,111.9,24241
2017-05-05 12:15:00+05:30,111.9,112.0,110.5,110.7,27426
2017-05-05 13:15:00+05:30,110.7,110.9,110.0,110.7,40200
2017-05-05 14:15:00+05:30,110.7,110.75,110.0,110.25,25227
2017-05-05 15:15:00+05:30,110.25,110.75,110.1,110.7,16065
2017-05-08 09:15:00+05:30,111.9,113.15,111.25,112.6,15647
2017-05-08 10:15:00+05:30,112.6,112.85,112.35,112.6,7025
2017-05-08 11:15:00+05:30,112.6,113.0,112.5,112.6,9601
2017-05-08 12:15:00+05:30,112.6,112.7,112.4,112.55,12993
2017-05-08 13:15:00+05:30,112.5,112.5,111.75,111.9,3586
2017-05-08 14:15:00+05:30,111.85,112.0,111.1,111.5,19647
2017-05-08 15:15:00+05:30,111.5,112.5,111.5,112.4,11546
2017-05-09 09:15:00+05:30,111.35,113.45,111.35,111.5,17464
2017-05-09 10:15:00+05:30,111.2,113.15,111.2,113.0,13410
2017-05-09 11:15:00+05:30,113.0,114.0,112.55,113.7,12631
2017-05-09 12:15:00+05:30,113.7,115.4,113.6,113.85,38251
2017-05-09 13:15:00+05:30,113.85,114.15,113.6,113.6,8721
2017-05-09 14:15:00+05:30,113.6,114.0,113.5,113.7,17745
2017-05-09 15:15:00+05:30,113.7,115.0,113.7,113.7,24105
2017-05-10 09:15:00+05:30,113.5,114.0,112.55,113.95,20516
2017-05-10 10:15:00+05:30,113.95,115.85,113.7,114.05,21237
2017-05-10 11:15:00+05:30,114.0,115.15,113.6,114.0,11031
2017-05-10 12:15:00+05:30,114.0,114.7,113.5,114.7,13226
2017-05-10 13:15:00+05:30,114.7,114.9,113.75,114.05,9171
2017-05-10 14:15:00+05:30,114.05,114.55,113.4,113.6,19906
2017-05-10 15:15:00+05:30,113.6,114.0,113.25,113.25,8862
2017-05-11 09:15:00+05:30,113.0,115.0,113.0,114.15,20922
2017-05-11 10:15:00+05:30,114.3,114.3,114.0,114.05,12947
2017-05-11 11:15:00+05:30,114.05,114.75,114.0,114.7,8824
2017-05-11 12:15:00+05:30,114.7,115.0,114.05,114.75,18853
2017-05-11 13:15:00+05:30,114.75,115.0,114.55,114.75,16996
2017-05-11 14:15:00+05:30,114.75,115.5,114.0,114.0,26618
2017-05-11 15:15:00+05:30,114.0,114.2,113.8,114.0,21463
2017-05-12 09:15:00+05:30,114.7,114.7,112.25,112.5,10844
2017-05-12 10:15:00+05:30,112.7,113.2,112.5,112.9,13148
2017-05-12 11:15:00+05:30,112.9,113.2,112.9,112.95,9627
2017-05-12 12:15:00+05:30,112.95,113.35,112.5,112.5,7765
2017-05-12 13:15:00+05:30,112.5,113.0,112.5,112.55,4861
2017-05-12 14:15:00+05:30,112.55,112.95,111.75,112.5,25835
2017-05-12 15:15:00+05:30,112.5,113.0,112.5,112.55,5357
2017-05-15 09:15:00+05:30,113.25,113.7,112.25,113.45,8827
2017-05-15 10:15:00+05:30,113.45,113.45,112.5,112.5,9243
2017-05-15 11:15:00+05:30,112.5,112.9,112.2,112.5,26693
2017-05-15 12:15:00+05:30,112.25,112.7,112.2,112.7,33211
2017-05-15 13:15:00+05:30,112.7,112.7,111.7,112.65,14763
2017-05-15 14:15:00+05:30,112.35,115.4,112.35,114.65,66024
2017-05-15 15:15:00+05:30,114.65,115.8,114.0,115.15,28513
2017-05-16 09:15:00+05:30,115.8,115.8,112.6,113.3,40040
2017-05-16 10:15:00+05:30,113.3,114.3,112.9,114.25,17132
2017-05-16 11:15:00+05:30,114.25,114.4,112.75,114.0,25998
2017-05-16 12:15:00+05:30,113.95,114.1,113.6,113.95,6857
2017-05-16 13:15:00+05:30,114.0,115.9,113.7,114.5,35808
2017-05-16 14:15:00+05:30,114.5,115.9,113.55,115.55,75936
2017-05-16 15:15:00+05:30,115.55,116.0,114.7,114.85,28727
2017-05-17 09:15:00+05:30,115.0,118.45,115.0,116.5,100457
2017-05-17 10:15:00+05:30,116.5,117.75,116.45,116.55,21723
2017-05-17 11:15:00+05:30,116.55,117.1,116.5,116.9,10061
2017-05-17 12:15:00+05:30,116.6,117.5,116.55,116.9,16499
2017-05-17 13:15:00+05:30,116.9,117.5,116.35,117.0,24037
2017-05-17 14:15:00+05:30,117.0,117.25,116.5,116.55,21048
2017-05-17 15:15:00+05:30,116.5,117.05,116.5,116.7,17816
2017-05-18 09:15:00+05:30,115.5,115.5,113.1,113.6,30732
2017-05-18 10:15:00+05:30,113.6,114.0,113.15,113.15,16013
2017-05-18 11:15:00+05:30,113.15,114.8,113.15,114.2,8470
2017-05-18 12:15:00+05:30,114.2,115.45,114.2,115.3,13922
2017-05-18 13:15:00+05:30,115.3,115.3,114.7,115.05,14148
2017-05-18 14:15:00+05:30,115.05,115.05,113.65,114.3,31698
2017-05-18 15:15:00+05:30,114.3,114.5,114.05,114.2,13265
2017-05-19 09:15:00+05:30,114.0,115.1,114.0,114.4,15930
2017-05-19 10:15:00+05:30,114.0,114.55,112.9,113.3,21788
2017-05-19 11:15:00+05:30,113.3,113.8,109.0,109.9,65928
2017-05-19 12:15:00+05:30,109.9,110.5,109.75,110.35,38418
2017-05-19 13:15:00+05:30,110.35,110.35,110.0,110.3,20714
2017-05-19 14:15:00+05:30,110.3,111.05,110.05,110.7,43838
2017-05-19 15:15:00+05:30,110.7,111.2,110.7,111.0,21694
2017-05-22 09:15:00+05:30,112.1,113.0,111.2,111.2,27700
2017-05-22 10:15:00+05:30,111.2,112.2,111.0,111.65,16619
2017-05-22 11:15:00+05:30,111.65,111.65,110.9,111.15,29591
2017-05-22 12:15:00+05:30,111.15,111.65,111.15,111.45,6598
2017-05-22 13:15:00+05:30,111.45,111.5,111.05,111.1,23132
2017-05-22 14:15:00+05:30,111.1,111.25,109.2,109.2,64655
2017-05-22 15:15:00+05:30,109.2,109.75,109.0,109.05,7210
2017-05-23 09:15:00+05:30,109.35,109.35,102.35,104.55,70282
2017-05-23 10:15:00+05:30,104.55,106.0,104.2,105.3,41706
2017-05-23 11:15:00+05:30,105.3,105.6,103.85,104.85,12694
2017-05-23 12:15:00+05:30,104.85,105.0,103.8,104.0,13127
2017-05-23 13:15:00+05:30,104.0,105.05,103.85,105.0,61391
2017-05-23 14:15:00+05:30,105.45,105.45,103.65,104.25,71801
2017-05-23 15:15:00+05:30,104.25,104.25,103.45,103.6,10058
2017-05-24 09:15:00+05:30,105.9,107.9,103.0,104.35,24824
2017-05-24 10:15:00+05:30,104.4,104.5,104.0,104.25,10413
2017-05-24 11:15:00+05:30,104.25,104.5,103.45,104.5,22272
2017-05-24 12:15:00+05:30,104.4,104.5,102.2,103.0,17864
2017-05-24 13:15:00+05:30,103.0,103.5,102.75,102.75,13422
2017-05-24 14:15:00+05:30,102.75,104.5,101.5,101.95,88373
2017-05-24 15:15:00+05:30,101.95,104.7,101.95,103.7,34290
2017-05-25 09:15:00+05:30,99.45,99.5,95.0,98.95,121520
2017-05-25 10:15:00+05:30,98.95,103.15,98.05,102.9,77634
2017-05-25 11:15:00+05:30,102.7,102.7,101.15,102.0,15938
2017-05-25 12:15:00+05:30,102.0,102.0,101.15,101.2,9281
2017-05-25 13:15:00+05:30,101.2,101.8,101.0,101.05,9171
2017-05-25 14:15:00+05:30,101.05,102.7,97.5,101.95,95536
2017-05-25 15:15:00+05:30,101.95,103.0,101.15,102.9,23131
2017-05-26 09:15:00+05:30,102.1,105.4,100.8,104.9,41959
2017-05-26 10:15:00+05:30,104.9,106.8,104.5,104.75,30526
2017-05-26 11:15:00+05:30,104.75,105.0,103.8,103.8,22342
2017-05-26 12:15:00+05:30,104.0,104.25,103.0,104.0,17660
2017-05-26 13:15:00+05:30,103.95,104.15,103.7,104.0,23173
2017-05-26 14:15:00+05:30,104.0,104.0,102.65,103.45,14644
2017-05-26 15:15:00+05:30,103.45,103.9,102.85,103.9,13191
2017-05-29 09:15:00+05:30,105.0,105.6,101.0,101.0,48582
2017-05-29 10:15:00+05:30,101.5,102.0,100.1,101.6,17158
2017-05-29 11:15:00+05:30,101.6,102.0,101.25,101.3,5592
2017-05-29 12:15:00+05:30,101.3,102.0,101.3,101.95,13534
2017-05-29 13:15:00+05:30,101.95,102.0,101.25,101.5,7158
2017-05-29 14:15:00+05:30,101.5,102.0,99.7,100.1,33880
2017-05-29 15:15:00+05:30,100.1,100.75,100.1,100.5,10513
2017-05-30 09:15:00+05:30,101.5,102.0,100.05,102.0,37355
2017-05-30 10:15:00+05:30,102.0,102.0,100.05,101.3,23268
2017-05-30 11:15:00+05:30,101.3,102.0,101.0,101.8,8245
2017-05-30 12:15:00+05:30,101.8,102.0,101.55,102.0,31720
2017-05-30 13:15:00+05:30,102.0,102.0,101.8,102.0,14402
2017-05-30 14:15:00+05:30,102.0,102.0,101.5,101.7,11074
2017-05-30 15:15:00+05:30,101.65,101.65,100.5,100.5,15064
2017-05-31 09:15:00+05:30,102.4,102.8,101.45,102.75,12758
2017-05-31 10:15:00+05:30,102.75,103.1,102.6,102.75,9316
2017-05-31 11:15:00+05:30,102.75,103.5,102.3,103.3,14665
2017-05-31 12:15:00+05:30,103.3,103.9,102.55,103.25,12733
2017-05-31 13:15:00+05:30,102.55,103.25,102.3,103.0,4904
2017-05-31 14:15:00+05:30,103.25,103.9,101.45,102.45,22911
2017-05-31 15:15:00+05:30,102.45,102.45,101.1,101.8,12179
2017-06-01 09:15:00+05:30,102.65,102.9,102.0,102.75,13550
2017-06-01 10:15:00+05:30,102.75,103.5,102.35,103.4,13937
2017-06-01 11:15:00+05:30,103.4,103.45,102.7,102.9,15844
2017-06-01 12:15:00+05:30,102.9,103.0,102.55,102.8,3168
2017-06-01 13:15:00+05:30,102.8,102.9,101.65,101.65,13838
2017-06-01 14:15:00+05:30,101.65,102.2,101.5,101.55,15427
2017-06-01 15:15:00+05:30,101.55,102.0,101.55,102.0,11247
2017-06-02 09:15:00+05:30,103.25,103.3,101.75,103.1,22404
2017-06-02 10:15:00+05:30,103.1,103.75,102.9,103.35,6009
2017-06-02 11:15:00+05:30,103.35,103.6,103.25,103.25,6385
2017-06-02 12:15:00+05:30,103.25,103.7,103.0,103.55,9511
2017-06-02 13:15:00+05:30,103.55,103.7,103.0,103.4,5101
2017-06-02 14:15:00+05:30,103.4,103.4,101.75,102.3,17210
2017-06-02 15:15:00+05:30,102.3,102.3,101.0,101.6,16563
2017-06-05 09:15:00+05:30,101.8,102.5,101.15,102.35,13926
2017-06-05 10:15:00+05:30,102.35,103.7,102.1,103.35,25189
2017-06-05 11:15:00+05:30,103.4,103.6,103.05,103.55,6800
2017-06-05 12:15:00+05:30,103.5,103.6,103.0,103.05,8317
2017-06-05 13:15:00+05:30,103.05,103.7,103.0,103.7,6292
2017-06-05 14:15:00+05:30,103.7,103.7,103.0,103.3,17430
2017-06-05 15:15:00+05:30,103.3,103.65,103.15,103.4,12565
2017-06-06 09:15:00+05:30,104.5,104.5,101.1,102.8,26001
2017-06-06 10:15:00+05:30,102.8,102.8,102.0,102.5,7425
2017-06-06 11:15:00+05:30,102.5,102.5,102.0,102.0,5125
2017-06-06 12:15:00+05:30,102.0,102.0,101.0,101.3,11893
2017-06-06 13:15:00+05:30,101.3,101.9,101.0,101.9,5015
2017-06-06 14:15:00+05:30,101.9,101.9,101.1,101.45,13102
2017-06-06 15:15:00+05:30,101.45,101.7,101.45,101.5,2118
2017-06-07 09:15:00+05:30,101.5,102.25,101.2,102.2,6006
2017-06-07 10:15:00+05:30,102.2,102.3,101.6,102.0,416397
2017-06-07 11:15:00+05:30,101.9,102.3,101.5,101.9,9086
2017-06-07 12:15:00+05:30,101.9,103.0,101.55,103.0,56504
2017-06-07 13:15:00+05:30,103.0,103.7,101.5,101.9,16265
2017-06-07 14:15:00+05:30,101.9,102.2,101.5,101.55,40944
2017-06-07 15:15:00+05:30,101.5,102.25,101.5,101.55,5799
2017-06-08 09:15:00+05:30,101.2,104.7,101.2,104.45,27312
2017-06-08 10:15:00+05:30,104.45,104.45,102.0,103.5,22869
2017-06-08 11:15:00+05:30,103.5,104.15,103.0,103.7,22457
2017-06-08 12:15:00+05:30,103.7,104.5,103.0,104.2,13952
2017-06-08 13:15:00+05:30,104.2,107.25,104.0,105.3,57013
2017-06-08 14:15:00+05:30,105.3,111.6,105.25,109.65,197621
2017-06-08 15:15:00+05:30,109.65,109.65,107.6,107.7,50681
2017-06-09 09:15:00+05:30,110.0,110.0,107.55,108.85,56700
2017-06-09 10:15:00+05:30,108.85,109.8,108.1,109.75,15396
2017-06-09 11:15:00+05:30,109.75,110.9,108.6,108.6,29781
2017-06-09 12:15:00+05:30,108.75,109.75,108.5,109.75,7495
2017-06-09 13:15:00+05:30,109.75,109.75,108.7,109.0,8154
2017-06-09 14:15:00+05:30,109.0,109.45,108.0,108.0,6474
2017-06-09 15:15:00+05:30,108.0,109.0,108.0,108.95,10158
2017-06-12 09:15:00+05:30,108.25,108.3,106.25,106.75,66541
2017-06-12 10:15:00+05:30,106.75,107.9,106.7,107.3,25735
2017-06-12 11:15:00+05:30,107.3,107.85,106.95,106.95,10847
2017-06-12 12:15:00+05:30,106.9,106.95,106.0,106.5,22306
2017-06-12 13:15:00+05:30,106.5,106.7,103.7,105.0,48251
2017-06-12 14:15:00+05:30,105.0,106.25,104.75,105.7,14937
2017-06-12 15:15:00+05:30,105.7,106.2,105.45,106.1,7925
2017-06-13 09:15:00+05:30,104.65,108.8,104.65,107.3,23115
2017-06-13 10:15:00+05:30,107.3,108.55,107.3,107.7,15495
2017-06-13 11:15:00+05:30,107.7,108.0,106.15,107.2,11066
2017-06-13 12:15:00+05:30,107.2,107.55,106.65,107.25,3709
2017-06-13 13:15:00+05:30,107.25,107.7,107.0,107.0,13350
2017-06-13 14:15:00+05:30,107.0,107.95,106.5,107.2,13204
2017-06-13 15:15:00+05:30,107.25,107.85,106.9,107.2,4914
2017-06-14 09:15:00+05:30,108.25,108.25,105.1,105.1,15039
2017-06-14 10:15:00+05:30,105.1,106.0,105.1,105.6,8129
2017-06-14 11:15:00+05:30,105.6,106.45,105.5,106.0,5292
2017-06-14 12:15:00+05:30,105.95,106.05,105.65,105.65,2309
2017-06-14 13:15:00+05:30,105.65,107.25,105.5,106.65,8039
2017-06-14 14:15:00+05:30,106.65,107.15,105.95,106.4,8027
2017-06-14 15:15:00+05:30,106.4,106.85,106.25,106.85,2016
2017-06-15 09:15:00+05:30,105.8,107.75,105.0,107.3,10521
2017-06-15 10:15:00+05:30,107.3,109.0,107.0,108.75,22541
2017-06-15 11:15:00+05:30,108.8,108.85,107.55,107.7,7322
2017-06-15 12:15:00+05:30,107.7,108.45,107.55,107.75,3971
2017-06-15 13:15:00+05:30,107.75,107.8,107.1,107.15,6305
2017-06-15 14:15:00+05:30,107.15,107.8,107.0,107.4,10339
2017-06-15 15:15:00+05:30,107.4,108.0,107.0,107.25,5663
2017-06-16 09:15:00+05:30,107.65,109.5,107.65,107.9,27077
2017-06-16 10:15:00+05:30,107.9,108.15,106.6,106.7,10892
2017-06-16 11:15:00+05:30,106.7,107.25,106.25,106.65,9487
2017-06-16 12:15:00+05:30,106.65,106.7,106.35,106.55,8321
2017-06-16 13:15:00+05:30,106.55,107.2,105.8,106.5,16632
2017-06-16 14:15:00+05:30,106.5,107.0,106.35,106.5,11155
2017-06-16 15:15:00+05:30,106.5,107.2,106.4,106.5,7250
2017-06-19 09:15:00+05:30,106.7,108.4,106.7,107.35,24604
2017-06-19 10:15:00+05:30,107.35,107.7,106.1,106.4,10101
2017-06-19 11:15:00+05:30,106.4,106.7,106.0,106.5,8530
2017-06-19 12:15:00+05:30,106.5,106.75,106.4,106.7,1922
2017-06-19 13:15:00+05:30,106.7,107.0,106.5,106.9,7627
2017-06-19 14:15:00+05:30,106.6,106.95,106.2,106.3,11508
2017-06-19 15:15:00+05:30,106.3,106.35,105.55,105.75,7855
2017-06-20 09:15:00+05:30,107.75,107.75,105.5,106.75,23628
2017-06-20 10:15:00+05:30,106.75,107.0,106.7,107.0,4754
2017-06-20 11:15:00+05:30,107.0,107.0,106.8,106.8,2178
2017-06-20 12:15:00+05:30,106.8,106.95,106.55,106.6,5578
2017-06-20 13:15:00+05:30,106.0,106.9,106.0,106.9,7928
2017-06-20 14:15:00+05:30,106.8,107.0,106.7,107.0,15089
2017-06-20 15:15:00+05:30,106.9,108.0,106.1,107.0,29235
2017-06-21 09:15:00+05:30,106.15,107.35,105.75,105.85,6374
2017-06-21 10:15:00+05:30,105.85,106.0,105.85,105.9,6283
2017-06-21 11:15:00+05:30,106.0,106.5,105.9,106.45,4782
2017-06-21 12:15:00+05:30,106.45,108.3,106.1,107.5,16368
2017-06-21 13:15:00+05:30,107.5,107.5,107.1,107.15,2845
2017-06-21 14:15:00+05:30,107.15,107.9,106.35,107.2,15370
2017-06-21 15:15:00+05:30,107.2,107.65,106.35,106.35,3927
2017-06-22 09:15:00+05:30,107.85,107.85,106.55,106.85,14324
2017-06-22 10:15:00+05:30,106.85,109.05,106.8,108.5,39579
2017-06-22 11:15:00+05:30,108.5,114.0,108.5,111.15,157887
2017-06-22 12:15:00+05:30,111.45,111.5,110.5,110.5,9481
2017-06-22 13:15:00+05:30,110.5,112.5,110.0,111.2,23728
2017-06-22 14:15:00+05:30,111.2,111.75,107.6,108.0,33585
2017-06-22 15:15:00+05:30,107.5,109.25,107.5,108.75,21099
2017-06-23 09:15:00+05:30,109.4,110.9,106.65,107.7,64420
2017-06-23 10:15:00+05:30,107.7,108.0,107.0,107.45,23471
2017-06-23 11:15:00+05:30,107.45,107.45,106.8,107.25,6247
2017-06-23 12:15:00+05:30,107.25,109.2,106.8,108.45,26287
2017-06-23 13:15:00+05:30,108.45,110.0,107.95,110.0,21656
2017-06-23 14:15:00+05:30,110.0,110.15,108.85,109.95,24600
2017-06-23 15:15:00+05:30,109.95,110.0,109.1,109.25,14652
2017-06-27 09:15:00+05:30,108.1,110.0,107.1,107.75,33113
2017-06-27 10:15:00+05:30,107.75,108.35,107.2,107.5,8590
2017-06-27 11:15:00+05:30,107.5,109.4,107.15,108.0,13260
2017-06-27 12:15:00+05:30,108.0,108.0,107.35,107.5,6993
2017-06-27 13:15:00+05:30,107.5,107.75,107.2,107.3,6303
2017-06-27 14:15:00+05:30,107.3,108.0,107.25,107.9,19932
2017-06-27 15:15:00+05:30,107.9,107.9,107.3,107.4,2966
2017-06-28 09:15:00+05:30,107.5,107.5,107.0,107.3,12022
2017-06-28 10:15:00+05:30,107.3,107.45,107.0,107.4,8674
2017-06-28 11:15:00+05:30,107.4,107.45,107.0,107.25,9498
2017-06-28 12:15:00+05:30,107.25,107.25,107.0,107.0,5589
2017-06-28 13:15:00+05:30,107.0,107.1,107.0,107.05,11413
2017-06-28 14:15:00+05:30,107.05,107.4,107.0,107.0,9756
2017-06-28 15:15:00+05:30,107.0,107.45,107.0,107.2,5099
2017-06-29 09:15:00+05:30,107.25,113.2,107.25,111.45,129864
2017-06-29 10:15:00+05:30,111.45,112.2,110.2,110.5,30318
2017-06-29 11:15:00+05:30,110.7,111.0,109.6,110.0,13786
2017-06-29 12:15:00+05:30,110.0,110.8,109.6,109.8,6683
2017-06-29 13:15:00+05:30,109.8,109.8,108.35,108.75,9115
2017-06-29 14:15:00+05:30,108.75,109.5,108.35,108.5,12648
2017-06-29 15:15:00+05:30,108.5,108.5,108.35,108.5,39198
2017-06-30 09:15:00+05:30,108.05,109.0,107.0,108.05,21110
2017-06-30 10:15:00+05:30,108.05,108.65,107.2,107.5,6520
2017-06-30 11:15:00+05:30,107.5,107.85,107.2,107.3,5408
2017-06-30 12:15:00+05:30,107.3,109.0,107.25,108.05,10530
2017-06-30 13:15:00+05:30,108.05,108.2,107.5,107.6,7706
2017-06-30 14:15:00+05:30,107.6,109.2,107.6,108.75,17599
2017-06-30 15:15:00+05:30,108.75,110.35,108.65,109.6,14044
2017-07-03 09:15:00+05:30,110.0,111.25,108.25,109.95,17024
2017-07-03 10:15:00+05:30,109.95,110.25,109.6,110.0,5895
2017-07-03 11:15:00+05:30,110.0,111.05,110.0,111.0,22968
2017-07-03 12:15:00+05:30,111.0,112.0,110.7,110.95,32490
2017-07-03 13:15:00+05:30,111.0,114.7,111.0,112.5,111831
2017-07-03 14:15:00+05:30,112.5,113.0,112.0,112.75,21968
2017-07-03 15:15:00+05:30,112.6,113.1,112.1,112.7,16074
2017-07-04 09:15:00+05:30,113.0,113.0,111.35,111.75,23772
2017-07-04 10:15:00+05:30,111.75,111.9,111.1,111.1,11717
2017-07-04 11:15:00+05:30,111.1,111.85,110.7,111.35,13232
2017-07-04 12:15:00+05:30,111.35,111.75,111.3,111.75,2433
2017-07-04 13:15:00+05:30,111.75,112.5,111.35,112.35,8122
2017-07-04 14:15:00+05:30,112.35,113.1,111.5,111.9,20690
2017-07-04 15:15:00+05:30,111.9,111.9,110.2,110.55,12264
2017-07-05 09:15:00+05:30,110.15,113.9,110.15,113.75,47827
2017-07-05 10:15:00+05:30,113.75,116.0,113.5,114.75,122967
2017-07-05 11:15:00+05:30,114.75,115.6,114.5,115.5,47795
2017-07-05 12:15:00+05:30,115.5,116.0,114.3,115.3,26260
2017-07-05 13:15:00+05:30,115.3,115.45,114.1,114.25,13020
2017-07-05 14:15:00+05:30,114.25,114.9,114.15,114.55,24149
2017-07-05 15:15:00+05:30,114.55,114.55,114.0,114.2,27131
2017-07-06 09:15:00+05:30,121.9,121.9,118.1,119.05,291347
2017-07-06 10:15:00+05:30,119.05,119.9,118.0,118.9,140984
2017-07-06 11:15:00+05:30,118.95,120.3,118.55,119.75,81188
2017-07-06 12:15:00+05:30,119.75,120.3,119.0,119.6,59825
2017-07-06 13:15:00+05:30,119.6,121.45,118.75,119.8,112631
2017-07-06 14:15:00+05:30,120.0,120.2,118.2,119.0,53712
2017-07-06 15:15:00+05:30,119.0,119.0,118.1,118.1,44592
2017-07-07 09:15:00+05:30,118.9,119.95,116.5,117.2,35337
2017-07-07 10:15:00+05:30,117.2,119.0,117.2,118.1,17223
2017-07-07 11:15:00+05:30,118.1,119.8,118.05,118.6,13619
2017-07-07 12:15:00+05:30,118.6,118.8,118.0,118.1,17396
2017-07-07 13:15:00+05:30,118.1,120.7,118.05,119.5,48042
2017-07-07 14:15:00+05:30,119.5,119.5,118.05,118.1,43616
2017-07-07 15:15:00+05:30,118.1,118.5,118.05,118.15,18842
2017-07-10 12:15:00+05:30,119.35,119.35,116.0,118.5,6500
2017-07-10 13:15:00+05:30,118.5,118.9,118.0,118.9,14094
2017-07-10 14:15:00+05:30,118.9,118.95,117.7,118.9,24799
2017-07-10 15:15:00+05:30,118.25,118.7,117.1,117.65,5600
2017-07-11 09:15:00+05:30,118.0,120.1,117.7,119.0,47632
2017-07-11 10:15:00+05:30,119.0,119.45,118.95,119.0,20586
2017-07-11 11:15:00+05:30,119.0,119.35,118.95,119.0,27351
2017-07-11 12:15:00+05:30,119.0,119.3,118.95,119.25,16880
2017-07-11 13:15:00+05:30,119.05,119.35,118.95,119.0,36786
2017-07-11 14:15:00+05:30,119.0,119.35,118.1,118.95,66555
2017-07-11 15:15:00+05:30,118.95,119.0,118.0,118.2,17609
2017-07-12 09:15:00+05:30,120.0,120.0,117.65,118.0,33450
2017-07-12 10:15:00+05:30,118.0,124.2,117.65,123.95,257159
2017-07-12 11:15:00+05:30,123.95,125.35,122.5,122.7,264360
2017-07-12 12:15:00+05:30,122.7,123.5,122.7,123.3,28251
2017-07-12 13:15:00+05:30,123.5,123.5,122.45,122.6,24922
2017-07-12 14:15:00+05:30,122.6,123.4,121.2,122.0,71062
2017-07-12 15:15:00+05:30,122.0,122.0,121.55,122.0,41859
2017-07-13 09:15:00+05:30,123.65,124.0,121.7,123.0,84850
2017-07-13 10:15:00+05:30,123.0,123.5,122.5,123.4,34119
2017-07-13 11:15:00+05:30,123.4,126.7,123.3,124.0,274031
2017-07-13 12:15:00+05:30,124.0,124.5,123.6,124.0,33783
2017-07-13 13:15:00+05:30,124.0,124.8,123.3,124.0,29395
2017-07-13 14:15:00+05:30,124.0,124.25,123.3,123.65,46909
2017-07-13 15:15:00+05:30,123.65,124.0,123.3,123.8,46333
2017-07-14 09:15:00+05:30,123.85,124.0,111.8,115.0,565884
2017-07-14 10:15:00+05:30,115.0,116.4,112.5,113.35,330236
2017-07-14 11:15:00+05:30,113.35,114.75,113.05,113.85,102226
2017-07-14 12:15:00+05:30,113.85,114.2,113.4,113.65,68866
2017-07-14 13:15:00+05:30,113.85,114.1,113.2,113.55,49868
2017-07-14 14:15:00+05:30,113.55,113.7,112.0,113.45,120808
2017-07-14 15:15:00+05:30,113.45,113.5,112.7,112.9,54366
2017-07-17 09:15:00+05:30,112.1,112.8,108.55,108.95,166761
2017-07-17 10:15:00+05:30,108.75,110.8,108.75,110.7,76782
2017-07-17 11:15:00+05:30,110.7,111.35,110.0,110.2,57035
2017-07-17 12:15:00+05:30,110.2,110.75,110.05,110.4,18541
2017-07-17 13:15:00+05:30,110.4,110.85,110.0,110.65,14554
2017-07-17 14:15:00+05:30,110.65,110.8,110.05,110.2,24075
2017-07-17 15:15:00+05:30,110.2,110.65,110.05,110.55,34355
2017-07-18 09:15:00+05:30,108.25,112.0,108.25,111.95,58236
2017-07-18 10:15:00+05:30,111.95,112.6,110.85,111.2,43599
2017-07-18 11:15:00+05:30,111.2,111.85,110.95,111.75,10326
2017-07-18 12:15:00+05:30,111.7,113.7,111.0,113.15,94600
2017-07-18 13:15:00+05:30,113.05,113.8,112.95,113.5,60880
2017-07-18 14:15:00+05:30,113.5,113.7,112.05,112.05,41785
2017-07-18 15:15:00+05:30,112.05,112.4,111.95,112.1,16511
2017-07-19 09:15:00+05:30,113.3,113.55,111.15,112.5,29521
2017-07-19 10:15:00+05:30,112.5,113.0,111.8,111.8,39288
2017-07-19 11:15:00+05:30,111.95,112.2,111.8,112.0,20400
2017-07-19 12:15:00+05:30,112.0,112.0,111.05,111.95,16491
2017-07-19 13:15:00+05:30,111.95,112.0,111.2,111.9,9031
2017-07-19 14:15:00+05:30,111.9,112.0,111.1,111.75,37121
2017-07-19 15:15:00+05:30,111.75,112.25,111.35,112.0,30574
2017-07-20 09:15:00+05:30,112.0,113.4,111.3,112.0,32603
2017-07-20 10:15:00+05:30,111.95,112.3,111.5,111.8,32646
2017-07-20 11:15:00+05:30,111.95,112.0,111.6,111.75,20237
2017-07-20 12:15:00+05:30,111.75,111.75,110.1,111.3,32470
2017-07-20 13:15:00+05:30,111.3,111.3,110.5,111.15,14135
2017-07-20 14:15:00+05:30,111.15,111.4,110.2,110.8,18387
2017-07-20 15:15:00+05:30,110.8,110.8,110.15,110.35,17985
2017-07-21 09:15:00+05:30,111.65,112.0,110.55,111.85,30563
2017-07-21 10:15:00+05:30,111.85,112.0,111.1,111.65,30013
2017-07-21 11:15:00+05:30,111.6,112.0,111.2,111.25,16748
2017-07-21 12:15:00+05:30,111.25,111.45,110.5,111.0,21514
2017-07-21 13:15:00+05:30,111.0,111.0,110.05,110.1,16106
2017-07-21 14:15:00+05:30,110.1,110.8,110.1,110.75,23969
2017-07-21 15:15:00+05:30,110.75,111.35,110.15,110.7,21079
2017-07-24 09:15:00+05:30,111.45,111.7,109.35,109.65,57037
2017-07-24 10:15:00+05:30,109.65,109.85,108.9,109.75,24695
2017-07-24 11:15:00+05:30,109.75,109.85,109.45,109.7,9515
2017-07-24 12:15:00+05:30,109.7,110.3,109.5,110.3,11227
2017-07-24 13:15:00+05:30,110.3,110.8,109.65,109.8,16076
2017-07-24 14:15:00+05:30,109.8,110.1,109.15,109.2,18027
2017-07-24 15:15:00+05:30,109.2,109.75,109.2,109.4,15468
2017-07-25 09:15:00+05:30,109.9,109.9,108.55,108.75,26084
2017-07-25 10:15:00+05:30,108.85,109.3,108.65,108.7,9324
2017-07-25 11:15:00+05:30,108.7,108.8,107.65,107.9,21708
2017-07-25 12:15:00+05:30,107.9,108.45,107.9,108.45,17776
2017-07-25 13:15:00+05:30,108.45,108.8,108.1,108.8,14507
2017-07-25 14:15:00+05:30,108.8,110.4,108.6,109.3,62819
2017-07-25 15:15:00+05:30,109.3,109.9,109.2,109.5,20700
2017-07-26 09:15:00+05:30,110.7,111.2,109.25,109.35,24876
2017-07-26 10:15:00+05:30,109.35,110.8,109.35,110.6,23128
2017-07-26 11:15:00+05:30,110.6,110.7,110.0,110.15,5889
2017-07-26 12:15:00+05:30,110.15,110.15,109.35,109.35,6081
2017-07-26 13:15:00+05:30,109.35,109.6,109.15,109.2,7911
2017-07-26 14:15:00+05:30,109.2,109.45,108.95,109.0,12092
2017-07-26 15:15:00+05:30,109.0,109.25,108.55,108.95,13815
2017-07-27 09:15:00+05:30,108.15,109.75,108.05,108.7,20186
2017-07-27 10:15:00+05:30,108.7,109.1,108.45,108.5,10857
2017-07-27 11:15:00+05:30,108.45,108.95,108.0,108.1,15299
2017-07-27 12:15:00+05:30,108.05,108.1,107.05,107.15,21726
2017-07-27 13:15:00+05:30,107.15,107.6,107.15,107.4,10050
2017-07-27 14:15:00+05:30,107.4,107.6,106.6,107.0,34137
2017-07-27 15:15:00+05:30,107.0,107.15,106.4,106.75,15615
2017-07-28 09:15:00+05:30,106.1,107.9,105.55,107.4,17603
2017-07-28 10:15:00+05:30,107.5,108.0,107.3,107.8,4351
2017-07-28 11:15:00+05:30,107.8,108.0,106.7,107.35,8686
2017-07-28 12:15:00+05:30,107.35,107.55,107.0,107.0,5420
2017-07-28 13:15:00+05:30,107.0,108.15,107.0,107.35,10712
2017-07-28 14:15:00+05:30,107.35,107.65,107.0,107.3,12685
2017-07-28 15:15:00+05:30,107.3,107.75,107.0,107.0,7232
2017-07-31 09:15:00+05:30,109.0,109.0,105.75,106.75,28143
2017-07-31 10:15:00+05:30,106.75,107.0,106.0,106.7,8599
2017-07-31 11:15:00+05:30,106.7,106.95,106.15,106.55,8379
2017-07-31 12:15:00+05:30,106.55,106.9,106.15,106.4,8285
2017-07-31 13:15:00+05:30,106.4,106.5,105.25,105.55,22297
2017-07-31 14:15:00+05:30,105.55,106.1,105.2,105.2,21108
2017-07-31 15:15:00+05:30,105.2,105.85,105.05,105.3,13213
2017-08-01 09:15:00+05:30,106.6,106.8,105.2,106.1,10067
2017-08-01 10:15:00+05:30,106.1,107.8,105.5,107.8,13173
2017-08-01 11:15:00+05:30,107.8,108.35,105.7,107.15,26377
2017-08-01 12:15:00+05:30,107.15,107.4,106.35,106.7,2916
2017-08-01 13:15:00+05:30,106.7,106.7,105.6,105.9,4476
2017-08-01 14:15:00+05:30,105.9,106.65,105.65,106.5,6605
2017-08-01 15:15:00+05:30,106.5,106.85,106.0,106.35,9186
2017-08-02 09:15:00+05:30,106.95,106.95,106.5,106.65,12236
2017-08-02 10:15:00+05:30,106.65,106.85,106.15,106.35,6604
2017-08-02 11:15:00+05:30,106.35,106.85,106.0,106.05,3896
2017-08-02 12:15:00+05:30,106.05,106.95,106.05,106.2,5302
2017-08-02 13:15:00+05:30,106.65,106.75,104.3,104.8,20761
2017-08-02 14:15:00+05:30,104.8,105.0,104.25,104.35,15787
2017-08-02 15:15:00+05:30,104.35,104.5,103.7,104.0,10332
2017-08-03 09:15:00+05:30,106.4,107.4,105.9,105.9,25448
2017-08-03 10:15:00+05:30,105.85,105.9,104.2,104.95,11060
2017-08-03 11:15:00+05:30,104.95,105.35,104.7,105.0,3256
2017-08-03 12:15:00+05:30,105.0,105.25,104.8,104.9,5054
2017-08-03 13:15:00+05:30,104.9,105.0,104.9,105.0,3841
2017-08-03 14:15:00+05:30,105.0,105.05,104.0,104.55,15925
2017-08-03 15:15:00+05:30,104.55,104.55,102.5,103.45,13753
2017-08-04 09:15:00+05:30,105.9,107.9,104.7,106.25,73399
2017-08-04 10:15:00+05:30,106.25,106.95,105.8,106.1,13672
2017-08-04 11:15:00+05:30,106.1,108.35,105.9,108.3,40756
2017-08-04 12:15:00+05:30,108.3,110.0,107.05,107.8,97258
2017-08-04 13:15:00+05:30,107.8,108.35,107.45,107.7,10762
2017-08-04 14:15:00+05:30,107.7,108.5,107.65,108.05,26328
2017-08-04 15:15:00+05:30,108.05,109.45,107.9,109.4,26917
2017-08-07 09:15:00+05:30,108.8,111.0,108.8,109.1,44661
2017-08-07 10:15:00+05:30,109.1,109.75,109.1,109.75,9764
2017-08-07 11:15:00+05:30,109.75,109.75,107.85,108.45,9013
2017-08-07 12:15:00+05:30,108.45,108.95,108.0,108.35,2214
2017-08-07 13:15:00+05:30,108.4,109.05,107.55,108.95,15370
2017-08-07 14:15:00+05:30,108.95,109.35,107.3,107.95,20052
2017-08-07 15:15:00+05:30,107.95,108.0,107.2,107.9,10913
2017-08-08 09:15:00+05:30,107.9,109.35,106.0,106.2,15694
2017-08-08 10:15:00+05:30,106.5,107.5,105.65,107.05,26706
2017-08-08 11:15:00+05:30,107.05,107.5,106.85,107.3,4845
2017-08-08 12:15:00+05:30,107.3,107.5,107.0,107.15,4908
2017-08-08 13:15:00+05:30,107.15,107.4,106.0,106.3,12504
2017-08-08 14:15:00+05:30,106.3,107.0,105.7,105.7,9318
2017-08-08 15:15:00+05:30,105.7,105.75,105.3,105.7,11261
2017-08-09 09:15:00+05:30,105.5,106.5,104.2,106.0,15724
2017-08-09 10:15:00+05:30,105.9,107.0,104.85,106.5,15701
2017-08-09 11:15:00+05:30,106.5,106.5,105.2,105.25,2431
2017-08-09 12:15:00+05:30,104.95,105.5,104.5,105.5,6359
2017-08-09 13:15:00+05:30,105.5,105.5,104.5,104.75,10211
2017-08-09 14:15:00+05:30,104.75,105.15,104.2,104.2,11333
2017-08-09 15:15:00+05:30,104.2,104.4,103.5,103.5,15818
2017-08-10 09:15:00+05:30,104.85,104.85,102.8,103.1,23071
2017-08-10 10:15:00+05:30,103.1,105.45,102.55,105.25,21679
2017-08-10 11:15:00+05:30,104.85,106.5,104.85,106.2,21073
2017-08-10 12:15:00+05:30,106.2,106.45,105.5,106.15,22030
2017-08-10 13:15:00+05:30,106.0,106.1,104.4,105.45,55992
2017-08-10 14:15:00+05:30,105.5,105.75,101.2,103.1,151738
2017-08-10 15:15:00+05:30,103.1,103.9,102.0,103.9,8406
2017-08-11 09:15:00+05:30,99.85,102.6,99.0,102.0,32600
2017-08-11 10:15:00+05:30,102.0,103.3,101.85,103.3,14648
2017-08-11 11:15:00+05:30,103.3,103.9,102.0,103.45,13540
2017-08-11 12:15:00+05:30,103.45,104.0,102.65,104.0,22130
2017-08-11 13:15:00+05:30,104.0,105.2,102.8,103.35,15125
2017-08-11 14:15:00+05:30,103.35,103.5,102.65,103.0,18316
2017-08-11 15:15:00+05:30,103.0,104.1,103.0,103.1,6716
2017-08-14 09:15:00+05:30,108.9,108.9,105.05,106.05,24367
2017-08-14 10:15:00+05:30,105.85,106.0,105.3,105.5,10922
2017-08-14 11:15:00+05:30,105.5,106.0,103.65,105.55,15113
2017-08-14 12:15:00+05:30,105.55,105.8,104.05,104.9,11947
2017-08-14 13:15:00+05:30,104.9,105.25,104.1,105.0,12130
2017-08-14 14:15:00+05:30,104.95,106.15,104.35,106.05,16574
2017-08-14 15:15:00+05:30,106.05,107.95,105.7,106.6,29188
2017-08-16 09:15:00+05:30,106.65,108.45,105.5,106.0,18223
2017-08-16 10:15:00+05:30,106.0,106.65,105.3,106.0,14284
2017-08-16 11:15:00+05:30,106.0,107.0,105.75,106.4,13988
2017-08-16 12:15:00+05:30,106.4,107.0,106.3,106.45,5852
2017-08-16 13:15:00+05:30,106.4,106.6,105.5,106.0,10527
2017-08-16 14:15:00+05:30,106.0,107.35,105.5,106.5,16772
2017-08-16 15:15:00+05:30,106.5,107.0,105.5,107.0,14164
2017-08-17 09:15:00+05:30,107.2,107.95,105.9,107.0,19260
2017-08-17 10:15:00+05:30,107.0,108.0,106.55,107.3,13456
2017-08-17 11:15:00+05:30,107.3,107.3,106.45,106.85,4317
2017-08-17 12:15:00+05:30,106.85,107.65,105.05,106.25,22206
2017-08-17 13:15:00+05:30,106.25,106.35,105.65,106.25,4505
2017-08-17 14:15:00+05:30,106.1,109.15,106.0,107.05,105430
2017-08-17 15:15:00+05:30,107.2,108.9,107.1,108.9,10358
2017-08-18 09:15:00+05:30,107.45,109.6,106.4,109.25,40706
2017-08-18 10:15:00+05:30,109.25,110.0,109.05,109.75,48756
2017-08-18 11:15:00+05:30,109.75,114.4,108.55,110.35,170760
2017-08-18 12:15:00+05:30,110.35,110.55,108.25,108.85,37021
2017-08-18 13:15:00+05:30,108.85,109.4,107.4,109.35,31490
2017-08-18 14:15:00+05:30,109.35,109.9,109.0,109.15,24142
2017-08-18 15:15:00+05:30,109.25,110.8,109.0,110.55,40562
2017-08-21 09:15:00+05:30,113.5,113.75,111.2,112.3,95920
2017-08-21 10:15:00+05:30,112.3,113.65,112.1,113.15,70975
2017-08-21 11:15:00+05:30,113.15,113.5,112.1,112.25,37745
2017-08-21 12:15:00+05:30,112.25,113.4,112.1,113.0,38330
2017-08-21 13:15:00+05:30,113.0,113.4,111.25,111.25,36125
2017-08-21 14:15:00+05:30,111.25,111.7,110.5,110.85,38141
2017-08-21 15:15:00+05:30,110.7,111.1,110.1,110.45,28214
2017-08-22 09:15:00+05:30,111.8,112.85,108.15,109.5,29402
2017-08-22 10:15:00+05:30,109.5,109.95,109.1,109.65,24213
2017-08-22 11:15:00+05:30,109.65,109.95,109.5,109.8,4911
2017-08-22 12:15:00+05:30,109.8,109.95,109.15,109.65,4713
2017-08-22 13:15:00+05:30,109.65,111.35,109.25,109.5,21071
2017-08-22 14:15:00+05:30,109.5,109.5,109.1,109.3,17489
2017-08-22 15:15:00+05:30,109.45,110.9,109.3,110.4,8721
2017-08-23 09:15:00+05:30,111.4,112.0,110.5,110.7,17067
2017-08-23 10:15:00+05:30,110.7,111.0,110.25,110.65,6600
2017-08-23 11:15:00+05:30,110.65,111.0,110.2,110.75,17703
2017-08-23 12:15:00+05:30,110.75,110.75,109.3,109.75,10406
2017-08-23 13:15:00+05:30,109.75,110.05,109.2,110.0,4204
2017-08-23 14:15:00+05:30,110.0,110.0,109.4,109.6,8088
2017-08-23 15:15:00+05:30,109.6,109.7,109.1,109.1,17075
2017-08-24 09:15:00+05:30,109.4,109.9,108.55,109.0,14683
2017-08-24 10:15:00+05:30,109.0,110.0,108.55,108.95,11404
2017-08-24 11:15:00+05:30,108.95,109.35,108.7,109.25,2931
2017-08-24 12:15:00+05:30,109.25,109.5,108.8,109.5,3869
2017-08-24 13:15:00+05:30,109.5,109.5,108.3,108.75,7512
2017-08-24 14:15:00+05:30,108.75,109.15,108.3,108.45,14589
2017-08-24 15:15:00+05:30,108.45,108.65,107.8,108.4,13554
2017-08-28 09:15:00+05:30,108.45,110.65,108.45,109.8,14742
2017-08-28 10:15:00+05:30,109.8,109.8,108.8,109.0,6875
2017-08-28 11:15:00+05:30,109.0,109.5,108.75,108.85,2586
2017-08-28 12:15:00+05:30,108.85,109.5,108.65,109.3,3093
2017-08-28 13:15:00+05:30,109.3,109.3,108.45,108.6,4389
2017-08-28 14:15:00+05:30,108.6,109.0,108.5,108.75,6363
2017-08-28 15:15:00+05:30,108.75,109.55,108.5,109.5,11451
2017-08-29 09:15:00+05:30,108.85,109.9,108.0,108.3,9320
2017-08-29 10:15:00+05:30,108.3,108.3,107.2,107.95,5961
2017-08-29 11:15:00+05:30,107.95,108.15,107.5,108.05,3733
2017-08-29 12:15:00+05:30,108.05,108.3,107.6,107.95,5692
2017-08-29 13:15:00+05:30,107.95,107.95,107.2,107.25,6913
2017-08-29 14:15:00+05:30,107.25,107.5,106.4,106.85,11616
2017-08-29 15:15:00+05:30,106.85,107.25,106.25,107.25,9657
2017-08-30 09:15:00+05:30,106.7,108.7,106.3,108.05,10269
2017-08-30 10:15:00+05:30,108.0,108.5,106.2,107.75,24862
2017-08-30 11:15:00+05:30,107.75,107.95,107.05,107.6,3355
2017-08-30 12:15:00+05:30,107.6,108.0,107.2,107.65,4872
2017-08-30 13:15:00+05:30,107.65,107.65,107.0,107.05,7367
2017-08-30 14:15:00+05:30,107.05,107.55,106.8,107.2,12092
2017-08-30 15:15:00+05:30,107.2,107.4,106.9,107.2,12565
2017-08-31 09:15:00+05:30,107.75,111.5,107.15,110.55,143156
2017-08-31 10:15:00+05:30,110.55,110.8,108.9,109.0,33413
2017-08-31 11:15:00+05:30,109.0,109.25,109.0,109.15,5959
2017-08-31 12:15:00+05:30,109.15,109.15,108.3,108.6,15472
2017-08-31 13:15:00+05:30,108.6,108.9,108.55,108.7,8521
2017-08-31 14:15:00+05:30,108.7,109.25,108.3,108.85,23541
2017-08-31 15:15:00+05:30,108.85,109.25,108.65,108.9,21876
2017-09-01 09:15:00+05:30,108.45,110.0,108.45,110.0,14678
2017-09-01 10:15:00+05:30,110.0,110.0,108.95,108.95,12612
2017-09-01 11:15:00+05:30,108.95,109.35,108.3,108.8,21164
2017-09-01 12:15:00+05:30,108.8,109.0,108.25,108.65,7197
2017-09-01 13:15:00+05:30,108.65,109.95,108.45,108.75,22102
2017-09-01 14:15:00+05:30,108.75,109.9,108.2,108.75,20536
2017-09-01 15:15:00+05:30,108.75,108.75,108.0,108.2,11505
2017-09-04 09:15:00+05:30,108.0,112.8,108.0,112.25,151684
2017-09-04 10:15:00+05:30,112.25,112.6,110.5,111.4,44611
2017-09-04 11:15:00+05:30,111.4,111.75,109.55,110.25,29598
2017-09-04 12:15:00+05:30,110.25,111.85,109.65,111.6,26872
2017-09-04 13:15:00+05:30,111.6,111.9,110.5,110.6,14985
2017-09-04 14:15:00+05:30,110.6,111.5,109.9,111.3,38388
2017-09-04 15:15:00+05:30,111.3,111.6,111.15,111.15,11749
2017-09-05 09:15:00+05:30,112.75,113.5,111.4,111.8,46649
2017-09-05 10:15:00+05:30,111.8,113.0,111.8,112.8,30232
2017-09-05 11:15:00+05:30,112.8,112.8,112.0,112.1,14299
2017-09-05 12:15:00+05:30,112.1,112.3,111.0,111.35,38041
2017-09-05 13:15:00+05:30,111.35,112.0,111.35,111.75,8590
2017-09-05 14:15:00+05:30,111.75,112.0,111.4,111.85,20157
2017-09-05 15:15:00+05:30,111.85,112.5,111.55,112.25,21834
2017-09-06 09:15:00+05:30,111.0,112.55,111.0,111.8,12259
2017-09-06 10:15:00+05:30,111.8,112.6,111.8,112.25,22514
2017-09-06 11:15:00+05:30,112.25,112.55,112.25,112.25,6281
2017-09-06 12:15:00+05:30,112.25,114.2,112.2,114.0,48675
2017-09-06 13:15:00+05:30,114.0,114.05,113.25,113.5,21556
2017-09-06 14:15:00+05:30,113.5,114.4,113.3,114.0,31747
2017-09-06 15:15:00+05:30,114.0,114.5,113.8,114.4,26672
2017-09-07 09:15:00+05:30,114.9,115.0,113.2,113.25,28144
2017-09-07 10:15:00+05:30,113.25,119.2,113.25,118.05,207967
2017-09-07 11:15:00+05:30,118.0,118.25,116.3,116.5,54065
2017-09-07 12:15:00+05:30,116.5,117.25,114.0,115.0,63417
2017-09-07 13:15:00+05:30,115.0,115.0,114.4,115.0,25200
2017-09-07 14:15:00+05:30,115.0,115.0,114.0,114.15,29618
2017-09-07 15:15:00+05:30,114.4,114.4,113.1,114.0,30511
2017-09-08 09:15:00+05:30,114.15,116.0,114.1,115.0,46452
2017-09-08 10:15:00+05:30,114.85,115.1,114.1,114.2,19899
2017-09-08 11:15:00+05:30,114.1,114.25,113.15,114.05,17781
2017-09-08 12:15:00+05:30,113.95,116.0,113.15,113.85,54713
2017-09-08 13:15:00+05:30,113.85,113.85,113.3,113.5,4492
2017-09-08 14:15:00+05:30,113.5,114.9,113.15,113.8,29064
2017-09-08 15:15:00+05:30,113.8,114.45,113.25,114.0,23638
2017-09-11 09:15:00+05:30,114.5,115.55,114.0,114.75,37446
2017-09-11 10:15:00+05:30,114.75,120.0,114.3,119.8,2273427
2017-09-11 11:15:00+05:30,119.9,122.0,115.55,122.0,659881
2017-09-11 12:15:00+05:30,122.0,126.9,120.4,126.25,2034866
2017-09-11 13:15:00+05:30,126.35,133.8,124.75,132.6,2859659
2017-09-11 14:15:00+05:30,132.6,136.5,129.5,136.3,1928128
2017-09-11 15:15:00+05:30,136.3,136.7,136.0,136.7,284166
2017-09-12 09:15:00+05:30,138.55,141.2,130.35,136.3,3765293
2017-09-12 10:15:00+05:30,136.3,137.7,134.7,136.5,340671
2017-09-12 11:15:00+05:30,136.5,137.3,135.65,135.65,170301
2017-09-12 12:15:00+05:30,135.65,136.05,133.3,134.35,268577
2017-09-12 13:15:00+05:30,134.4,138.4,132.1,136.3,552092
2017-09-12 14:15:00+05:30,136.05,137.6,134.2,134.5,440373
2017-09-12 15:15:00+05:30,134.5,134.8,133.95,134.0,250560
2017-09-13 09:15:00+05:30,134.5,134.7,131.4,131.85,303054
2017-09-13 10:15:00+05:30,131.85,132.8,130.75,132.0,132167
2017-09-13 11:15:00+05:30,132.0,132.5,131.0,131.0,78659
2017-09-13 12:15:00+05:30,131.0,134.2,129.7,133.65,236978
2017-09-13 13:15:00+05:30,133.65,137.55,132.0,133.75,523252
2017-09-13 14:15:00+05:30,133.75,135.25,132.0,132.2,312042
2017-09-13 15:15:00+05:30,132.2,133.65,131.0,132.8,104902
2017-09-14 09:15:00+05:30,132.0,136.0,132.0,135.05,441989
2017-09-14 10:15:00+05:30,135.05,135.2,131.4,132.0,184070
2017-09-14 11:15:00+05:30,132.0,132.4,131.0,132.0,122057
2017-09-14 12:15:00+05:30,132.0,134.4,131.8,134.2,97532
2017-09-14 13:15:00+05:30,134.2,135.5,133.75,133.75,169720
2017-09-14 14:15:00+05:30,133.75,137.0,133.5,133.65,343130
2017-09-14 15:15:00+05:30,133.65,134.45,133.0,134.2,86768
2017-09-15 09:15:00+05:30,135.35,135.35,130.75,131.65,179883
2017-09-15 10:15:00+05:30,131.8,132.7,131.5,131.5,59304
2017-09-15 11:15:00+05:30,131.5,132.25,131.0,131.5,47791
2017-09-15 12:15:00+05:30,131.5,131.5,130.3,130.85,90988
2017-09-15 13:15:00+05:30,130.85,133.0,129.1,132.2,162240
2017-09-15 14:15:00+05:30,132.2,133.25,131.05,132.05,215216
2017-09-15 15:15:00+05:30,132.05,132.35,132.0,132.0,61906
2017-09-18 09:15:00+05:30,132.5,133.95,131.85,132.6,108937
2017-09-18 10:15:00+05:30,132.6,133.0,131.0,131.75,68067
2017-09-18 11:15:00+05:30,131.75,137.0,131.0,137.0,398703
2017-09-18 12:15:00+05:30,137.0,138.8,136.0,136.75,372255
2017-09-18 13:15:00+05:30,136.75,138.0,136.45,137.0,140142
2017-09-18 14:15:00+05:30,137.0,143.45,136.95,139.4,1415253
2017-09-18 15:15:00+05:30,139.5,140.05,138.5,138.5,163278
2017-09-19 09:15:00+05:30,139.9,139.9,136.75,137.95,210277
2017-09-19 10:15:00+05:30,137.95,138.9,136.35,138.85,107665
2017-09-19 11:15:00+05:30,139.0,139.45,137.5,138.0,45542
2017-09-19 12:15:00+05:30,138.0,138.25,136.6,137.5,69260
2017-09-19 13:15:00+05:30,137.5,137.95,136.95,137.45,29513
2017-09-19 14:15:00+05:30,137.45,138.35,137.0,137.75,226073
2017-09-19 15:15:00+05:30,137.65,138.45,137.5,138.25,83439
2017-09-20 09:15:00+05:30,138.0,142.6,137.2,140.4,328389
2017-09-20 10:15:00+05:30,140.0,140.5,138.7,140.3,90312
2017-09-20 11:15:00+05:30,140.3,140.3,138.85,139.45,44026
2017-09-20 12:15:00+05:30,139.45,139.5,138.0,138.4,48575
2017-09-20 13:15:00+05:30,138.4,138.7,137.25,138.25,58386
2017-09-20 14:15:00+05:30,138.25,138.5,134.4,135.5,177365
2017-09-20 15:15:00+05:30,135.5,137.0,134.75,135.9,75274
2017-09-21 09:15:00+05:30,136.95,137.5,132.65,133.4,185146
2017-09-21 10:15:00+05:30,133.4,134.2,130.7,133.9,100772
2017-09-21 11:15:00+05:30,134.0,134.95,133.4,134.5,36473
2017-09-21 12:15:00+05:30,134.5,135.0,133.3,133.5,36899
2017-09-21 13:15:00+05:30,133.5,133.5,131.3,132.7,86935
2017-09-21 14:15:00+05:30,132.7,135.6,132.55,134.3,164711
2017-09-21 15:15:00+05:30,134.3,136.5,134.15,135.6,83518
2017-09-22 09:15:00+05:30,134.95,134.95,131.5,132.05,116531
2017-09-22 10:15:00+05:30,132.05,132.9,131.0,131.9,62469
2017-09-22 11:15:00+05:30,131.9,132.0,130.7,130.9,33993
2017-09-22 12:15:00+05:30,131.0,131.5,130.15,131.2,47116
2017-09-22 13:15:00+05:30,131.2,131.5,128.2,129.25,119362
2017-09-22 14:15:00+05:30,129.4,130.15,127.0,127.4,104206
2017-09-22 15:15:00+05:30,127.4,128.45,126.5,127.95,45640
2017-09-25 09:15:00+05:30,127.65,129.4,120.6,121.2,134978
2017-09-25 10:15:00+05:30,121.2,123.95,120.15,123.0,63977
2017-09-25 11:15:00+05:30,123.0,124.4,122.9,124.0,30618
2017-09-25 12:15:00+05:30,124.0,126.75,124.0,125.0,49077
2017-09-25 13:15:00+05:30,125.0,125.2,121.5,123.8,43719
2017-09-25 14:15:00+05:30,123.8,124.65,123.25,124.55,33380
2017-09-25 15:15:00+05:30,124.55,126.9,124.5,126.35,46811
2017-09-26 09:15:00+05:30,126.5,127.45,124.25,124.5,57577
2017-09-26 10:15:00+05:30,124.5,125.45,123.0,124.0,21659
2017-09-26 11:15:00+05:30,124.0,124.5,123.0,124.5,25696
2017-09-26 12:15:00+05:30,124.7,125.5,124.0,124.9,19085
2017-09-26 13:15:00+05:30,124.9,128.5,124.6,127.8,415122
2017-09-26 14:15:00+05:30,127.7,129.25,126.8,128.45,175530
2017-09-26 15:15:00+05:30,128.45,129.05,127.0,127.2,49130
2017-09-27 09:15:00+05:30,129.5,131.85,127.6,128.7,116721
2017-09-27 10:15:00+05:30,128.5,128.7,125.35,127.1,46334
2017-09-27 11:15:00+05:30,127.4,127.75,126.8,126.8,10135
2017-09-27 12:15:00+05:30,126.8,126.95,124.2,125.0,56227
2017-09-27 13:15:00+05:30,125.0,125.85,124.0,124.4,47936
2017-09-27 14:15:00+05:30,124.45,124.55,121.15,122.6,108857
2017-09-27 15:15:00+05:30,122.6,123.75,121.1,123.0,66551
2017-09-28 09:15:00+05:30,123.0,124.95,122.1,124.15,77191
2017-09-28 10:15:00+05:30,124.3,124.9,123.55,124.05,34294
2017-09-28 11:15:00+05:30,124.05,124.5,123.6,124.0,14381
2017-09-28 12:15:00+05:30,124.0,124.7,122.5,122.9,22576
2017-09-28 13:15:00+05:30,122.9,123.85,122.75,123.0,12538
2017-09-28 14:15:00+05:30,123.0,123.9,121.55,123.1,49356
2017-09-28 15:15:00+05:30,123.1,123.8,122.5,123.5,27794
2017-09-29 09:15:00+05:30,124.8,126.65,124.05,125.25,57074
2017-09-29 10:15:00+05:30,125.25,125.5,125.0,125.3,25954
2017-09-29 11:15:00+05:30,125.3,128.15,125.0,127.0,72629
2017-09-29 12:15:00+05:30,127.0,128.0,125.6,127.4,43684
2017-09-29 13:15:00+05:30,127.4,127.4,126.35,127.25,18207
2017-09-29 14:15:00+05:30,127.25,127.25,124.55,124.55,62840
2017-09-29 15:15:00+05:30,124.5,125.85,124.5,125.0,27534
2017-10-03 09:15:00+05:30,128.0,128.8,125.25,125.8,39420
2017-10-03 10:15:00+05:30,125.8,126.8,125.8,126.25,16245
2017-10-03 11:15:00+05:30,126.25,126.8,125.0,126.6,37308
2017-10-03 12:15:00+05:30,126.6,127.5,125.7,125.7,15750
2017-10-03 13:15:00+05:30,125.7,125.95,125.0,125.5,12065
2017-10-03 14:15:00+05:30,125.5,125.7,125.05,125.3,10851
2017-10-03 15:15:00+05:30,125.3,126.0,124.05,124.3,26920
2017-10-04 09:15:00+05:30,124.65,127.0,124.25,126.85,70549
2017-10-04 10:15:00+05:30,126.7,127.65,126.2,126.25,28430
2017-10-04 11:15:00+05:30,126.25,127.8,126.05,126.05,18607
2017-10-04 12:15:00+05:30,126.1,126.5,125.9,126.45,13923
2017-10-04 13:15:00+05:30,126.45,126.75,125.8,126.25,11454
2017-10-04 14:15:00+05:30,126.25,131.0,126.0,130.2,179774
2017-10-04 15:15:00+05:30,130.15,130.8,129.15,129.5,55560
2017-10-05 09:15:00+05:30,131.0,133.05,131.0,131.6,92928
2017-10-05 10:15:00+05:30,131.6,131.75,130.65,131.35,24927
2017-10-05 11:15:00+05:30,131.35,132.9,131.1,132.55,36181
2017-10-05 12:15:00+05:30,132.55,132.55,131.4,131.85,18483
2017-10-05 13:15:00+05:30,131.85,132.0,131.15,131.55,12837
2017-10-05 14:15:00+05:30,131.55,131.65,130.0,130.05,36100
2017-10-05 15:15:00+05:30,130.05,130.6,129.1,130.5,25136
2017-10-06 09:15:00+05:30,131.0,134.0,131.0,133.25,80174
2017-10-06 10:15:00+05:30,133.3,138.55,131.55,138.2,231077
2017-10-06 11:15:00+05:30,138.2,144.8,136.2,139.35,616237
2017-10-06 12:15:00+05:30,139.35,142.0,139.35,141.0,126328
2017-10-06 13:15:00+05:30,141.0,148.5,140.75,147.8,745780
2017-10-06 14:15:00+05:30,147.9,150.4,144.8,146.7,1273876
2017-10-06 15:15:00+05:30,146.7,147.15,145.8,146.6,239868
2017-10-09 09:15:00+05:30,147.85,153.9,140.6,148.75,1387221
2017-10-09 10:15:00+05:30,148.55,152.75,148.0,149.35,279856
2017-10-09 11:15:00+05:30,149.35,150.0,148.0,148.95,118361
2017-10-09 12:15:00+05:30,148.95,150.0,148.5,149.15,112529
2017-10-09 13:15:00+05:30,149.15,151.0,148.75,149.25,116053
2017-10-09 14:15:00+05:30,149.25,149.5,146.8,146.95,147610
2017-10-09 15:15:00+05:30,146.8,147.5,146.0,146.0,165849
2017-10-10 09:15:00+05:30,146.95,148.0,145.2,146.6,157096
2017-10-10 10:15:00+05:30,146.6,147.9,146.05,146.65,80903
2017-10-10 11:15:00+05:30,146.95,149.9,146.2,149.9,93420
2017-10-10 12:15:00+05:30,150.5,152.45,146.2,147.6,302662
2017-10-10 13:15:00+05:30,147.6,148.15,146.0,146.5,36767
2017-10-10 14:15:00+05:30,146.5,146.95,145.3,145.65,73789
2017-10-10 15:15:00+05:30,145.65,146.5,145.4,145.6,67315
2017-10-11 09:15:00+05:30,147.0,149.35,146.0,147.25,125168
2017-10-11 10:15:00+05:30,147.25,147.4,146.15,146.75,29543
2017-10-11 11:15:00+05:30,146.75,146.95,145.0,145.25,49880
2017-10-11 12:15:00+05:30,145.25,145.4,142.0,143.9,100074
2017-10-11 13:15:00+05:30,143.9,144.0,138.1,139.9,107343
2017-10-11 14:15:00+05:30,139.9,140.4,137.4,139.0,120364
2017-10-11 15:15:00+05:30,139.0,139.2,137.35,137.95,76934
2017-10-12 09:15:00+05:30,141.0,142.75,139.25,139.6,221953
2017-10-12 10:15:00+05:30,139.6,140.3,139.1,139.8,27790
2017-10-12 11:15:00+05:30,139.8,140.6,139.05,140.1,61452
2017-10-12 12:15:00+05:30,140.1,140.65,138.55,139.35,35888
2017-10-12 13:15:00+05:30,139.35,139.65,137.85,139.0,36092
2017-10-12 14:15:00+05:30,139.0,140.75,138.85,140.0,41902
2017-10-12 15:15:00+05:30,140.0,141.45,139.85,140.8,51645
2017-10-13 09:15:00+05:30,141.3,145.0,141.05,144.25,134894
2017-10-13 10:15:00+05:30,144.25,148.2,144.0,145.4,188076
2017-10-13 11:15:00+05:30,145.4,145.65,144.2,145.65,21551
2017-10-13 12:15:00+05:30,145.65,145.85,142.35,143.25,63077
2017-10-13 13:15:00+05:30,143.25,143.3,140.7,141.35,94562
2017-10-13 14:15:00+05:30,141.35,142.3,140.15,140.35,41696
2017-10-13 15:15:00+05:30,140.35,141.55,140.35,141.1,43591
2017-10-16 09:15:00+05:30,142.25,145.9,142.25,143.7,93488
2017-10-16 10:15:00+05:30,143.7,144.0,140.6,142.0,50683
2017-10-16 11:15:00+05:30,142.0,143.75,141.6,143.55,27718
2017-10-16 12:15:00+05:30,143.55,143.65,142.0,142.5,26867
2017-10-16 13:15:00+05:30,142.5,144.0,142.4,143.8,13064
2017-10-16 14:15:00+05:30,143.8,144.6,143.5,143.75,51388
2017-10-16 15:15:00+05:30,143.75,144.0,143.5,143.75,36308
2017-10-17 09:15:00+05:30,144.8,148.8,143.65,147.5,462211
2017-10-17 10:15:00+05:30,147.5,148.8,146.7,146.85,171351
2017-10-17 11:15:00+05:30,146.85,147.25,145.6,146.1,47431
2017-10-17 12:15:00+05:30,146.1,146.35,144.25,145.65,46574
2017-10-17 13:15:00+05:30,145.65,146.6,145.1,146.5,58991
2017-10-17 14:15:00+05:30,146.5,146.9,145.0,145.75,86314
2017-10-17 15:15:00+05:30,145.75,146.0,144.55,145.0,54101
2017-10-18 09:15:00+05:30,143.55,147.0,143.55,145.65,106672
2017-10-18 10:15:00+05:30,145.65,146.5,145.05,145.35,60374
2017-10-18 11:15:00+05:30,145.35,145.9,144.35,144.55,29547
2017-10-18 12:15:00+05:30,144.55,146.5,144.15,145.8,31715
2017-10-18 13:15:00+05:30,145.8,146.4,144.9,145.7,33394
2017-10-18 14:15:00+05:30,145.7,145.75,144.75,144.95,51161
2017-10-18 15:15:00+05:30,144.95,145.15,144.15,144.3,46360
2017-10-19 18:15:00+05:30,146.35,149.6,146.35,148.2,379646
2017-10-19 19:15:00+05:30,148.2,148.4,147.5,147.5,79782
2017-10-23 09:15:00+05:30,150.05,152.75,147.95,149.35,227871
2017-10-23 10:15:00+05:30,149.35,149.5,147.15,147.15,96632
2017-10-23 11:15:00+05:30,147.15,147.45,143.6,143.95,96252
2017-10-23 12:15:00+05:30,143.95,145.3,142.65,145.2,84174
2017-10-23 13:15:00+05:30,145.2,145.95,144.6,145.7,23816
2017-10-23 14:15:00+05:30,145.7,145.95,144.1,144.5,28800
2017-10-23 15:15:00+05:30,144.3,144.55,143.6,143.6,64889
2017-10-24 09:15:00+05:30,145.05,145.5,144.1,144.85,119119
2017-10-24 10:15:00+05:30,144.85,145.0,143.5,143.5,39616
2017-10-24 11:15:00+05:30,143.85,144.5,143.5,143.7,60403
2017-10-24 12:15:00+05:30,143.7,144.2,143.5,144.0,20069
2017-10-24 13:15:00+05:30,143.75,143.9,141.5,141.9,39017
2017-10-24 14:15:00+05:30,141.7,144.55,141.05,142.0,56604
2017-10-24 15:15:00+05:30,142.0,142.0,139.5,140.0,75049
2017-10-25 09:15:00+05:30,142.3,143.2,140.45,140.8,78574
2017-10-25 10:15:00+05:30,141.0,142.0,139.8,140.0,67280
2017-10-25 11:15:00+05:30,140.0,140.35,139.5,140.1,45169
2017-10-25 12:15:00+05:30,139.8,140.05,139.05,139.45,33322
2017-10-25 13:15:00+05:30,139.45,140.8,139.1,140.55,30388
2017-10-25 14:15:00+05:30,140.55,141.4,139.05,139.6,49603
2017-10-25 15:15:00+05:30,139.6,141.0,139.6,141.0,20784
2017-10-26 09:15:00+05:30,140.0,144.5,138.7,143.55,74442
2017-10-26 10:15:00+05:30,143.55,143.8,141.1,143.3,33523
2017-10-26 11:15:00+05:30,143.3,144.15,142.4,143.15,26889
2017-10-26 12:15:00+05:30,143.15,144.0,143.0,143.9,12540
2017-10-26 13:15:00+05:30,143.9,145.35,142.55,142.8,50608
2017-10-26 14:15:00+05:30,142.8,143.15,141.55,142.6,37694
2017-10-26 15:15:00+05:30,142.6,142.8,141.0,141.5,43289
2017-10-27 09:15:00+05:30,142.35,144.8,141.65,144.6,109104
2017-10-27 10:15:00+05:30,144.6,144.95,143.15,143.75,60091
2017-10-27 11:15:00+05:30,143.75,144.25,143.1,143.65,32826
2017-10-27 12:15:00+05:30,143.65,143.95,143.15,143.55,13274
2017-10-27 13:15:00+05:30,143.55,144.3,143.25,143.5,29875
2017-10-27 14:15:00+05:30,143.5,144.25,142.65,143.25,49075
2017-10-27 15:15:00+05:30,143.25,144.0,142.5,143.4,32349
2017-10-30 09:15:00+05:30,145.7,147.45,144.2,145.75,110154
2017-10-30 10:15:00+05:30,145.75,145.8,144.5,144.6,27620
2017-10-30 11:15:00+05:30,144.6,144.6,143.6,143.85,41552
2017-10-30 12:15:00+05:30,143.85,144.6,143.8,144.35,13350
2017-10-30 13:15:00+05:30,144.35,144.4,143.85,144.0,11934
2017-10-30 14:15:00+05:30,144.0,144.05,142.8,143.2,29740
2017-10-30 15:15:00+05:30,143.2,144.0,143.0,143.65,28421
2017-10-31 09:15:00+05:30,144.1,144.5,142.85,143.0,31916
2017-10-31 10:15:00+05:30,143.0,143.3,141.5,142.8,27477
2017-10-31 11:15:00+05:30,143.0,143.5,142.9,143.25,11538
2017-10-31 12:15:00+05:30,143.25,143.3,142.4,142.4,10932
2017-10-31 13:15:00+05:30,142.4,143.2,142.2,142.25,20635
2017-10-31 14:15:00+05:30,142.25,143.0,141.95,142.25,28173
2017-10-31 15:15:00+05:30,142.45,142.85,142.0,142.65,14937
2017-11-01 09:15:00+05:30,143.5,144.4,142.6,143.8,40474
2017-11-01 10:15:00+05:30,143.8,144.0,142.65,143.6,50648
2017-11-01 11:15:00+05:30,143.6,144.85,143.0,144.25,54929
2017-11-01 12:15:00+05:30,144.0,144.85,143.4,143.45,22771
2017-11-01 13:15:00+05:30,143.45,144.0,142.55,143.1,23683
2017-11-01 14:15:00+05:30,143.1,143.5,142.15,142.15,33333
2017-11-01 15:15:00+05:30,142.15,143.0,142.15,143.0,20038
2017-11-02 09:15:00+05:30,143.0,144.4,142.55,142.9,67453
2017-11-02 10:15:00+05:30,142.9,144.0,142.7,143.4,39713
2017-11-02 11:15:00+05:30,143.4,143.75,142.4,143.25,37674
2017-11-02 12:15:00+05:30,143.25,143.4,142.3,142.8,11459
2017-11-02 13:15:00+05:30,142.8,142.8,142.35,142.65,10529
2017-11-02 14:15:00+05:30,142.65,142.8,140.05,140.95,66237
2017-11-02 15:15:00+05:30,140.95,141.15,140.0,141.0,30367
2017-11-03 09:15:00+05:30,141.9,142.85,140.95,142.35,26473
2017-11-03 10:15:00+05:30,142.35,142.55,141.5,142.2,21959
2017-11-03 11:15:00+05:30,142.2,142.35,141.6,141.9,8973
2017-11-03 12:15:00+05:30,141.9,142.5,141.8,142.1,14326
2017-11-03 13:15:00+05:30,142.1,142.2,140.3,140.65,17003
2017-11-03 14:15:00+05:30,140.65,141.85,140.4,140.4,35562
2017-11-03 15:15:00+05:30,140.4,142.5,140.4,141.6,30938
2017-11-06 09:15:00+05:30,141.4,142.4,140.45,141.5,29988
2017-11-06 10:15:00+05:30,141.9,145.5,141.1,145.0,87789
2017-11-06 11:15:00+05:30,145.0,146.7,144.85,145.85,101131
2017-11-06 12:15:00+05:30,145.85,145.85,144.85,145.05,20978
2017-11-06 13:15:00+05:30,145.05,145.9,144.85,145.3,32397
2017-11-06 14:15:00+05:30,145.3,145.5,144.85,145.1,46933
2017-11-06 15:15:00+05:30,145.1,145.5,145.0,145.35,32864
2017-11-07 09:15:00+05:30,143.6,145.9,143.6,145.0,87845
2017-11-07 10:15:00+05:30,145.0,149.8,144.4,146.75,218045
2017-11-07 11:15:00+05:30,146.75,147.0,145.0,146.55,114424
2017-11-07 12:15:00+05:30,146.55,147.1,145.0,145.55,41147
2017-11-07 13:15:00+05:30,145.55,145.55,144.6,145.0,110589
2017-11-07 14:15:00+05:30,145.0,146.0,145.0,145.0,59470
2017-11-07 15:15:00+05:30,145.0,145.5,144.4,145.5,41155
2017-11-08 09:15:00+05:30,146.25,147.3,145.0,145.65,49798
2017-11-08 10:15:00+05:30,145.65,145.9,145.1,145.6,27343
2017-11-08 11:15:00+05:30,145.6,145.6,144.1,144.55,16506
2017-11-08 12:15:00+05:30,144.55,145.4,144.5,144.8,10060
2017-11-08 13:15:00+05:30,144.5,145.15,144.0,144.1,18657
2017-11-08 14:15:00+05:30,144.0,144.0,139.25,142.15,94826
2017-11-08 15:15:00+05:30,142.15,142.45,140.15,141.0,20560
2017-11-09 09:15:00+05:30,142.7,143.65,141.7,143.25,21303
2017-11-09 10:15:00+05:30,143.25,145.0,142.5,144.2,37503
2017-11-09 11:15:00+05:30,144.1,144.5,144.0,144.1,51419
2017-11-09 12:15:00+05:30,144.1,144.45,143.2,144.05,40035
2017-11-09 13:15:00+05:30,144.05,144.5,142.8,143.0,23328
2017-11-09 14:15:00+05:30,143.0,146.2,142.65,146.2,38812
2017-11-09 15:15:00+05:30,146.2,146.4,145.1,145.5,35659
2017-11-10 09:15:00+05:30,145.6,145.6,142.7,143.8,18202
2017-11-10 10:15:00+05:30,143.8,146.8,143.8,146.2,27080
2017-11-10 11:15:00+05:30,146.2,146.2,143.7,144.1,50473
2017-11-10 12:15:00+05:30,144.1,145.0,143.75,144.55,7367
2017-11-10 13:15:00+05:30,144.55,145.5,144.5,144.5,22854
2017-11-10 14:15:00+05:30,144.5,144.6,142.5,143.7,57472
2017-11-10 15:15:00+05:30,143.7,144.5,143.5,144.5,24269
2017-11-13 09:15:00+05:30,150.05,155.8,147.55,151.0,545187
2017-11-13 10:15:00+05:30,151.0,155.6,150.35,153.6,441028
2017-11-13 11:15:00+05:30,153.6,154.85,152.6,154.05,100632
2017-11-13 12:15:00+05:30,154.05,155.0,153.55,154.4,88607
2017-11-13 13:15:00+05:30,154.35,155.0,154.0,155.0,88828
2017-11-13 14:15:00+05:30,154.75,156.0,154.65,155.25,250731
2017-11-13 15:15:00+05:30,155.25,156.0,155.0,155.85,155689
2017-11-14 09:15:00+05:30,157.3,162.45,157.15,157.5,628211
2017-11-14 10:15:00+05:30,157.5,164.8,157.15,161.45,460983
2017-11-14 11:15:00+05:30,161.45,163.6,160.85,161.8,147191
2017-11-14 12:15:00+05:30,161.8,163.0,160.5,161.5,120324
2017-11-14 13:15:00+05:30,161.5,167.25,161.5,165.35,478994
2017-11-14 14:15:00+05:30,165.35,165.5,163.2,164.45,231596
2017-11-14 15:15:00+05:30,164.45,164.6,162.85,163.7,190415
2017-11-15 09:15:00+05:30,163.9,168.35,163.9,165.25,509318
2017-11-15 10:15:00+05:30,165.45,169.7,164.75,168.7,315356
2017-11-15 11:15:00+05:30,168.7,169.5,167.05,168.2,128050
2017-11-15 12:15:00+05:30,168.2,169.95,166.6,169.85,146216
2017-11-15 13:15:00+05:30,169.75,172.7,167.3,168.45,502460
2017-11-15 14:15:00+05:30,168.45,168.45,164.05,166.55,194544
2017-11-15 15:15:00+05:30,166.55,168.25,166.55,166.8,125792
2017-11-16 09:15:00+05:30,168.8,171.8,168.8,169.35,232097
2017-11-16 10:15:00+05:30,169.35,169.95,167.35,168.5,81321
2017-11-16 11:15:00+05:30,168.5,169.5,167.55,168.25,28173
2017-11-16 12:15:00+05:30,168.3,168.4,166.15,167.15,46923
2017-11-16 13:15:00+05:30,167.25,169.5,167.25,169.0,96349
2017-11-16 14:15:00+05:30,169.0,169.8,168.05,169.2,62126
2017-11-16 15:15:00+05:30,168.95,171.9,168.95,170.25,108576
2017-11-17 09:15:00+05:30,171.8,174.9,167.5,172.5,249517
2017-11-17 10:15:00+05:30,172.5,182.5,172.5,178.3,900123
2017-11-17 11:15:00+05:30,178.3,178.75,176.35,177.6,96501
2017-11-17 12:15:00+05:30,177.6,179.75,177.6,178.25,80304
2017-11-17 13:15:00+05:30,178.25,184.25,177.0,181.95,283613
2017-11-17 14:15:00+05:30,181.95,183.3,178.0,182.5,336497
2017-11-17 15:15:00+05:30,182.5,186.3,181.75,185.0,428038
2017-11-20 09:15:00+05:30,186.0,191.55,182.25,191.55,531295
2017-11-20 10:15:00+05:30,191.5,192.9,189.0,190.5,412429
2017-11-20 11:15:00+05:30,190.3,191.15,189.55,190.45,121323
2017-11-20 12:15:00+05:30,190.45,192.9,190.0,192.25,108707
2017-11-20 13:15:00+05:30,192.25,210.45,191.75,208.0,1991156
2017-11-20 14:15:00+05:30,208.0,208.95,199.0,202.65,898946
2017-11-20 15:15:00+05:30,202.75,203.75,200.15,203.5,249091
2017-11-21 09:15:00+05:30,205.5,208.4,190.95,192.9,1026286
2017-11-21 10:15:00+05:30,192.4,193.9,190.0,193.0,346250
2017-11-21 11:15:00+05:30,193.25,197.95,191.65,197.6,299471
2017-11-21 12:15:00+05:30,197.6,202.4,195.1,198.35,379279
2017-11-21 13:15:00+05:30,198.35,205.85,196.65,202.0,556144
2017-11-21 14:15:00+05:30,202.1,203.9,197.0,201.95,449550
2017-11-21 15:15:00+05:30,201.95,202.4,198.85,199.75,191613
2017-11-22 09:15:00+05:30,201.0,203.5,195.0,195.2,295157
2017-11-22 10:15:00+05:30,195.05,198.5,194.1,195.0,173589
2017-11-22 11:15:00+05:30,195.0,197.0,194.7,196.0,125958
2017-11-22 12:15:00+05:30,196.0,197.4,195.85,196.65,44306
2017-11-22 13:15:00+05:30,196.65,197.5,195.5,197.0,60761
2017-11-22 14:15:00+05:30,197.0,197.2,194.5,195.45,115420
2017-11-22 15:15:00+05:30,195.15,195.55,193.85,194.95,109344
2017-11-23 09:15:00+05:30,195.5,204.8,191.35,201.2,631787
2017-11-23 10:15:00+05:30,201.15,201.7,198.65,199.65,146331
2017-11-23 11:15:00+05:30,199.65,201.0,198.5,199.95,50284
2017-11-23 12:15:00+05:30,199.95,200.25,196.15,197.2,98395
2017-11-23 13:15:00+05:30,197.05,199.5,196.1,198.75,81036
2017-11-23 14:15:00+05:30,198.85,199.5,198.0,199.15,92395
2017-11-23 15:15:00+05:30,199.15,200.0,198.75,199.65,92458
2017-11-24 09:15:00+05:30,200.65,203.7,197.25,201.55,190354
2017-11-24 10:15:00+05:30,201.55,202.5,201.05,201.2,61453
2017-11-24 11:15:00+05:30,201.2,204.8,200.25,201.8,153597
2017-11-24 12:15:00+05:30,201.8,201.9,198.6,198.6,92264
2017-11-24 13:15:00+05:30,198.6,199.85,197.55,198.0,66788
2017-11-24 14:15:00+05:30,198.0,198.2,196.0,198.0,98159
2017-11-24 15:15:00+05:30,198.0,198.8,196.2,198.0,78535
2017-11-27 09:15:00+05:30,196.9,199.0,196.25,198.3,112790
2017-11-27 10:15:00+05:30,198.3,198.45,197.0,197.2,39336
2017-11-27 11:15:00+05:30,197.2,198.5,195.0,197.05,55004
2017-11-27 12:15:00+05:30,197.05,197.5,196.0,196.4,39564
2017-11-27 13:15:00+05:30,196.4,197.0,196.0,196.5,16553
2017-11-27 14:15:00+05:30,196.5,197.5,196.05,197.0,77853
2017-11-27 15:15:00+05:30,197.0,197.2,195.85,197.0,65872
2017-11-28 09:15:00+05:30,197.55,199.95,196.4,196.95,98755
2017-11-28 10:15:00+05:30,196.95,198.0,196.65,197.05,55777
2017-11-28 11:15:00+05:30,197.05,197.5,196.45,197.0,40615
2017-11-28 12:15:00+05:30,197.0,197.5,196.85,197.0,19068
2017-11-28 13:15:00+05:30,197.0,197.3,194.9,195.35,51104
2017-11-28 14:15:00+05:30,195.35,195.5,192.15,193.05,96289
2017-11-28 15:15:00+05:30,192.65,193.0,191.4,191.95,61033
2017-11-29 09:15:00+05:30,194.0,197.5,193.0,193.45,115148
2017-11-29 10:15:00+05:30,193.45,195.0,193.3,194.05,21365
2017-11-29 11:15:00+05:30,194.05,195.0,194.0,194.25,27476
2017-11-29 12:15:00+05:30,194.25,196.55,194.0,194.65,73888
2017-11-29 13:15:00+05:30,194.65,195.15,193.5,194.0,27202
2017-11-29 14:15:00+05:30,193.7,194.1,192.3,192.85,70210
2017-11-29 15:15:00+05:30,192.85,193.3,192.5,193.3,42247
2017-11-30 09:15:00+05:30,192.0,206.25,190.0,201.4,739264
2017-11-30 10:15:00+05:30,200.3,203.3,195.15,196.9,997545
2017-11-30 11:15:00+05:30,196.9,197.5,195.55,197.0,121387
2017-11-30 12:15:00+05:30,197.0,197.05,195.15,196.8,91716
2017-11-30 13:15:00+05:30,196.95,197.0,195.5,196.45,90325
2017-11-30 14:15:00+05:30,196.45,197.0,194.05,195.5,177333
2017-11-30 15:15:00+05:30,195.5,196.7,193.15,195.5,188912
2017-12-01 09:15:00+05:30,197.5,201.8,197.5,197.9,203499
2017-12-01 10:15:00+05:30,197.9,198.75,195.45,196.0,85949
2017-12-01 11:15:00+05:30,196.0,196.95,195.5,196.45,38079
2017-12-01 12:15:00+05:30,196.5,197.7,196.0,197.35,30023
2017-12-01 13:15:00+05:30,197.35,197.95,196.1,196.75,40693
2017-12-01 14:15:00+05:30,196.75,196.85,192.45,193.8,135916
2017-12-01 15:15:00+05:30,193.85,194.35,191.95,192.9,101413
2017-12-04 09:15:00+05:30,195.25,195.9,192.0,193.35,121518
2017-12-04 10:15:00+05:30,193.35,194.7,193.2,193.5,28482
2017-12-04 11:15:00+05:30,193.25,194.0,193.0,193.6,22751
2017-12-04 12:15:00+05:30,193.6,193.65,192.2,192.35,17058
2017-12-04 13:15:00+05:30,192.35,193.0,190.6,191.2,45223
2017-12-04 14:15:00+05:30,191.2,192.1,185.6,187.45,125552
2017-12-04 15:15:00+05:30,187.2,189.75,184.35,189.0,108770
2017-12-05 09:15:00+05:30,187.45,187.6,181.35,185.85,150288
2017-12-05 10:15:00+05:30,185.85,187.3,183.6,184.85,43602
2017-12-05 11:15:00+05:30,184.8,184.8,182.1,183.85,76880
2017-12-05 12:15:00+05:30,183.85,185.0,183.35,183.75,16475
2017-12-05 13:15:00+05:30,183.75,184.75,183.0,184.1,74941
2017-12-05 14:15:00+05:30,184.1,186.5,184.05,184.75,48082
2017-12-05 15:15:00+05:30,184.3,184.9,183.15,183.9,35417
2017-12-06 09:15:00+05:30,183.5,187.95,181.35,185.0,102687
2017-12-06 10:15:00+05:30,184.95,186.55,184.95,186.35,27908
2017-12-06 11:15:00+05:30,186.55,187.25,184.05,184.25,66803
2017-12-06 12:15:00+05:30,184.25,184.85,183.15,183.65,46642
2017-12-06 13:15:00+05:30,183.65,184.7,183.55,184.05,19437
2017-12-06 14:15:00+05:30,184.05,184.95,181.8,182.2,52056
2017-12-06 15:15:00+05:30,182.2,184.0,181.5,184.0,28067
2017-12-07 09:15:00+05:30,184.0,185.15,183.25,184.15,99429
2017-12-07 10:15:00+05:30,184.15,184.15,183.0,183.8,42046
2017-12-07 11:15:00+05:30,183.8,183.95,182.55,183.65,31936
2017-12-07 12:15:00+05:30,183.65,184.0,183.1,183.5,28348
2017-12-07 13:15:00+05:30,183.5,183.9,183.0,183.45,21621
2017-12-07 14:15:00+05:30,183.3,184.15,183.1,183.7,49470
2017-12-07 15:15:00+05:30,183.7,183.9,182.5,182.55,44556
2017-12-08 09:15:00+05:30,184.8,187.4,184.0,185.8,105691
2017-12-08 10:15:00+05:30,185.8,186.4,185.2,185.85,47072
2017-12-08 11:15:00+05:30,185.85,186.1,183.5,184.45,86024
2017-12-08 12:15:00+05:30,184.45,186.0,184.4,185.2,46559
2017-12-08 13:15:00+05:30,185.2,185.95,185.2,185.85,22155
2017-12-08 14:15:00+05:30,185.85,185.95,181.95,182.65,70071
2017-12-08 15:15:00+05:30,182.65,183.0,181.7,182.65,44123
2017-12-11 09:15:00+05:30,185.0,193.0,184.25,192.2,270610
2017-12-11 10:15:00+05:30,192.0,198.45,192.0,194.6,582605
2017-12-11 11:15:00+05:30,194.6,195.5,192.25,194.35,162923
2017-12-11 12:15:00+05:30,194.35,194.7,192.75,193.05,61922
2017-12-11 13:15:00+05:30,193.05,194.15,193.05,194.0,35797
2017-12-11 14:15:00+05:30,194.0,195.0,193.25,195.0,141973
2017-12-11 15:15:00+05:30,195.0,195.5,194.0,194.15,205955
2017-12-12 09:15:00+05:30,195.0,195.0,192.6,193.75,161890
2017-12-12 10:15:00+05:30,193.75,194.7,193.0,193.5,67475
2017-12-12 11:15:00+05:30,193.5,193.95,193.0,193.1,29876
2017-12-12 12:15:00+05:30,193.35,193.8,190.25,192.5,71971
2017-12-12 13:15:00+05:30,192.5,193.45,192.0,192.75,30043
2017-12-12 14:15:00+05:30,192.75,193.2,190.15,190.8,37786
2017-12-12 15:15:00+05:30,190.8,191.95,190.0,191.7,44310
2017-12-13 09:15:00+05:30,191.55,191.7,188.05,190.9,84294
2017-12-13 10:15:00+05:30,190.9,190.9,190.0,190.55,20921
2017-12-13 11:15:00+05:30,190.55,190.9,190.0,190.3,25814
2017-12-13 12:15:00+05:30,190.3,190.85,188.55,188.75,20381
2017-12-13 13:15:00+05:30,188.75,189.65,188.0,189.15,50035
2017-12-13 14:15:00+05:30,189.15,189.7,185.3,186.0,87397
2017-12-13 15:15:00+05:30,186.0,186.2,185.1,185.8,31021
2017-12-14 09:15:00+05:30,187.5,187.55,185.8,187.0,46976
2017-12-14 10:15:00+05:30,187.0,194.3,186.55,188.75,220322
2017-12-14 11:15:00+05:30,188.75,190.4,187.0,188.7,64186
2017-12-14 12:15:00+05:30,188.7,189.7,187.7,189.0,19574
2017-12-14 13:15:00+05:30,189.0,189.9,188.15,189.05,18736
2017-12-14 14:15:00+05:30,189.05,189.35,187.5,188.5,25070
2017-12-14 15:15:00+05:30,188.5,189.3,187.2,187.85,31266
2017-12-15 09:15:00+05:30,192.5,193.8,189.2,193.0,121973
2017-12-15 10:15:00+05:30,193.0,193.7,191.7,191.7,42762
2017-12-15 11:15:00+05:30,191.7,193.4,190.5,192.25,49444
2017-12-15 12:15:00+05:30,192.25,193.5,191.45,192.15,33630
2017-12-15 13:15:00+05:30,192.25,192.45,191.35,191.7,21126
2017-12-15 14:15:00+05:30,191.7,192.5,190.5,191.3,27972
2017-12-15 15:15:00+05:30,191.3,192.0,190.45,191.6,24627
2017-12-18 09:15:00+05:30,188.0,193.4,185.05,192.8,138612
2017-12-18 10:15:00+05:30,192.8,194.7,192.0,194.5,60107
2017-12-18 11:15:00+05:30,194.5,195.5,193.3,195.4,116406
2017-12-18 12:15:00+05:30,195.4,196.0,194.0,194.95,59653
2017-12-18 13:15:00+05:30,194.95,195.35,194.0,194.35,57026
2017-12-18 14:15:00+05:30,194.45,194.75,191.0,193.3,62158
2017-12-18 15:15:00+05:30,192.95,193.9,191.7,193.0,28708
2017-12-19 09:15:00+05:30,194.45,195.5,194.0,195.1,78754
2017-12-19 10:15:00+05:30,195.1,195.2,192.5,192.7,44035
2017-12-19 11:15:00+05:30,192.7,193.5,191.2,192.0,51785
2017-12-19 12:15:00+05:30,192.0,192.4,189.4,190.0,76009
2017-12-19 13:15:00+05:30,190.0,190.8,189.1,190.65,82664
2017-12-19 14:15:00+05:30,190.65,192.25,189.5,190.8,172913
2017-12-19 15:15:00+05:30,190.8,193.0,190.75,191.95,120388
2017-12-20 09:15:00+05:30,193.0,193.25,191.0,191.8,74648
2017-12-20 10:15:00+05:30,191.8,192.5,191.05,191.7,61512
2017-12-20 11:15:00+05:30,191.7,193.5,191.7,192.7,107640
2017-12-20 12:15:00+05:30,192.7,193.0,191.5,192.5,42265
2017-12-20 13:15:00+05:30,192.5,192.95,191.8,191.85,34241
2017-12-20 14:15:00+05:30,191.85,192.25,189.5,189.75,75052
2017-12-20 15:15:00+05:30,190.1,191.95,189.5,191.95,32689
2017-12-21 09:15:00+05:30,191.25,192.0,190.2,191.05,111434
2017-12-21 10:15:00+05:30,191.05,191.75,190.6,191.1,66319
2017-12-21 11:15:00+05:30,191.1,191.2,190.3,190.7,30622
2017-12-21 12:15:00+05:30,191.0,191.2,190.5,190.7,86315
2017-12-21 13:15:00+05:30,190.7,191.7,189.8,190.05,110649
2017-12-21 14:15:00+05:30,190.05,190.9,189.15,189.55,144669
2017-12-21 15:15:00+05:30,189.5,190.4,189.25,190.0,25392
2017-12-22 09:15:00+05:30,190.5,191.5,190.2,191.0,36499
2017-12-22 10:15:00+05:30,191.0,203.5,190.85,197.75,731049
2017-12-22 11:15:00+05:30,197.75,199.95,196.85,198.0,193418
2017-12-22 12:15:00+05:30,197.95,199.75,197.5,199.35,61483
2017-12-22 13:15:00+05:30,199.35,199.85,197.3,197.45,88602
2017-12-22 14:15:00+05:30,197.45,198.75,195.5,198.45,121779
2017-12-22 15:15:00+05:30,198.35,198.45,197.25,198.0,67431
2017-12-26 09:15:00+05:30,198.7,202.95,196.0,202.35,389244
2017-12-26 10:15:00+05:30,202.35,209.7,201.6,207.25,1019010
2017-12-26 11:15:00+05:30,207.25,207.7,206.25,206.75,93133
2017-12-26 12:15:00+05:30,206.75,207.1,206.05,206.2,80049
2017-12-26 13:15:00+05:30,206.2,207.7,206.05,206.9,102808
2017-12-26 14:15:00+05:30,206.9,220.35,206.25,220.35,1493496
2017-12-26 15:15:00+05:30,220.1,224.7,219.25,224.45,651289
2017-12-27 09:15:00+05:30,226.0,228.8,218.85,219.5,1264406
2017-12-27 10:15:00+05:30,219.5,221.0,218.5,219.2,293100
2017-12-27 11:15:00+05:30,219.2,219.5,214.65,215.25,350808
2017-12-27 12:15:00+05:30,215.0,215.95,214.5,214.9,149361
2017-12-27 13:15:00+05:30,214.9,215.5,214.5,214.75,96212
2017-12-27 14:15:00+05:30,214.75,218.25,210.15,216.7,487534
2017-12-27 15:15:00+05:30,216.75,217.5,214.95,215.6,160126
2017-12-28 09:15:00+05:30,217.0,222.8,216.35,218.0,422295
2017-12-28 10:15:00+05:30,218.4,219.4,217.15,219.3,80737
2017-12-28 11:15:00+05:30,219.3,219.8,219.0,219.5,53015
2017-12-28 12:15:00+05:30,219.3,219.7,217.6,219.0,45576
2017-12-28 13:15:00+05:30,219.0,221.5,218.1,219.45,50518
2017-12-28 14:15:00+05:30,219.5,224.3,217.6,219.0,337557
2017-12-28 15:15:00+05:30,218.85,220.4,218.8,220.0,93914
2017-12-29 09:15:00+05:30,220.85,221.9,216.5,217.6,132926
2017-12-29 10:15:00+05:30,217.6,219.7,215.0,218.75,83045
2017-12-29 11:15:00+05:30,218.75,219.55,215.5,216.15,139826
2017-12-29 12:15:00+05:30,216.15,216.25,214.05,214.3,70523
2017-12-29 13:15:00+05:30,214.3,215.4,214.0,214.45,59225
2017-12-29 14:15:00+05:30,214.45,215.35,213.05,214.2,96168
2017-12-29 15:15:00+05:30,214.2,215.0,213.6,214.4,90107
2018-01-01 09:15:00+05:30,214.35,217.25,214.0,214.65,103826
2018-01-01 10:15:00+05:30,214.65,216.5,214.1,214.65,82149
2018-01-01 11:15:00+05:30,214.65,215.0,214.5,214.75,13497
2018-01-01 12:15:00+05:30,214.75,215.65,214.75,215.0,31835
2018-01-01 13:15:00+05:30,215.0,215.1,213.25,214.0,33560
2018-01-01 14:15:00+05:30,214.0,214.0,210.0,212.75,77232
2018-01-01 15:15:00+05:30,212.6,212.8,211.0,211.5,30319
2018-01-02 09:15:00+05:30,214.3,214.7,203.2,205.65,233051
2018-01-02 10:15:00+05:30,205.65,209.7,205.6,208.65,77387
2018-01-02 11:15:00+05:30,208.65,209.6,208.1,209.05,39179
2018-01-02 12:15:00+05:30,209.05,211.25,208.5,211.15,29308
2018-01-02 13:15:00+05:30,211.15,215.0,208.85,212.0,137747
2018-01-02 14:15:00+05:30,212.0,214.0,209.15,213.4,66520
2018-01-02 15:15:00+05:30,213.4,213.8,212.45,213.05,38212
2018-01-03 09:15:00+05:30,213.9,214.45,208.0,213.45,98533
2018-01-03 10:15:00+05:30,213.45,215.2,212.05,212.7,78246
2018-01-03 11:15:00+05:30,212.7,212.75,212.0,212.55,24371
2018-01-03 12:15:00+05:30,212.55,213.7,210.9,212.15,30162
2018-01-03 13:15:00+05:30,212.15,213.8,212.0,213.05,34747
2018-01-03 14:15:00+05:30,213.0,213.0,209.45,211.0,55993
2018-01-03 15:15:00+05:30,210.55,212.95,210.55,212.25,41180
2018-01-04 09:15:00+05:30,213.95,213.95,210.25,212.4,63150
2018-01-04 10:15:00+05:30,212.4,213.0,210.5,211.35,27411
2018-01-04 11:15:00+05:30,211.35,215.5,211.1,215.1,173124
2018-01-04 12:15:00+05:30,215.1,215.7,213.0,213.7,116776
2018-01-04 13:15:00+05:30,213.7,214.85,212.0,213.5,38929
2018-01-04 14:15:00+05:30,213.5,213.9,212.3,213.2,28873
2018-01-04 15:15:00+05:30,213.15,213.9,212.9,213.8,47757
2018-01-05 09:15:00+05:30,214.7,216.9,213.3,216.0,207072
2018-01-05 10:15:00+05:30,215.7,216.6,215.65,215.65,137694
2018-01-05 11:15:00+05:30,215.65,216.0,214.0,214.4,61006
2018-01-05 12:15:00+05:30,214.4,214.95,213.0,213.4,80866
2018-01-05 13:15:00+05:30,213.4,214.9,213.0,213.8,26335
2018-01-05 14:15:00+05:30,214.0,215.0,213.7,214.05,54614
2018-01-05 15:15:00+05:30,213.8,214.25,213.0,213.1,48939
2018-01-08 09:15:00+05:30,214.0,218.95,214.0,216.4,105881
2018-01-08 10:15:00+05:30,216.4,218.85,215.65,217.4,75273
2018-01-08 11:15:00+05:30,217.4,218.0,216.25,217.25,39016
2018-01-08 12:15:00+05:30,217.25,217.75,216.0,216.4,24014
2018-01-08 13:15:00+05:30,216.4,216.5,215.0,215.95,30336
2018-01-08 14:15:00+05:30,215.95,216.5,215.05,215.5,44420
2018-01-08 15:15:00+05:30,215.55,215.95,214.2,215.1,32202
2018-01-09 09:15:00+05:30,215.9,216.85,213.4,216.25,80817
2018-01-09 10:15:00+05:30,216.25,216.25,214.25,215.0,39688
2018-01-09 11:15:00+05:30,215.0,215.55,214.25,214.5,22875
2018-01-09 12:15:00+05:30,214.7,215.0,212.5,214.05,38048
2018-01-09 13:15:00+05:30,214.05,214.05,212.05,212.55,20564
2018-01-09 14:15:00+05:30,212.55,213.5,212.05,212.8,29893
2018-01-09 15:15:00+05:30,212.8,212.8,211.95,212.35,22750
2018-01-10 09:15:00+05:30,212.8,213.9,211.35,212.4,83173
2018-01-10 10:15:00+05:30,212.4,213.0,211.5,212.1,17002
2018-01-10 11:15:00+05:30,212.1,213.0,210.0,210.5,32679
2018-01-10 12:15:00+05:30,210.5,211.8,209.0,211.5,42670
2018-01-10 13:15:00+05:30,211.5,212.7,210.5,211.5,21048
2018-01-10 14:15:00+05:30,211.5,212.6,210.5,211.5,26869
2018-01-10 15:15:00+05:30,211.4,211.85,210.2,211.2,26036
2018-01-11 09:15:00+05:30,211.5,221.5,210.65,219.6,345743
2018-01-11 10:15:00+05:30,219.6,220.75,218.05,220.7,118281
2018-01-11 11:15:00+05:30,220.95,221.0,219.25,219.9,119701
2018-01-11 12:15:00+05:30,219.9,220.0,217.5,219.6,76039
2018-01-11 13:15:00+05:30,219.6,219.95,217.5,217.95,35105
2018-01-11 14:15:00+05:30,217.95,219.0,215.4,217.65,99504
2018-01-11 15:15:00+05:30,217.65,217.7,215.8,216.0,52740
2018-01-12 09:15:00+05:30,219.95,221.95,217.0,218.35,166313
2018-01-12 10:15:00+05:30,218.25,218.55,211.4,215.3,116196
2018-01-12 11:15:00+05:30,215.3,216.45,215.25,215.65,31282
2018-01-12 12:15:00+05:30,215.65,215.65,211.5,213.7,90558
2018-01-12 13:15:00+05:30,213.7,215.55,213.1,214.7,53632
2018-01-12 14:15:00+05:30,214.75,215.0,214.0,214.1,39126
2018-01-12 15:15:00+05:30,214.1,214.6,213.1,213.1,45972
2018-01-15 09:15:00+05:30,214.9,215.65,213.75,214.7,86140
2018-01-15 10:15:00+05:30,214.6,214.95,214.1,214.5,21963
2018-01-15 11:15:00+05:30,214.5,214.95,213.4,214.15,46392
2018-01-15 12:15:00+05:30,214.15,215.0,213.75,214.0,14687
2018-01-15 13:15:00+05:30,214.0,214.8,212.9,212.9,14156
2018-01-15 14:15:00+05:30,212.9,213.75,212.75,213.2,23229
2018-01-15 15:15:00+05:30,213.2,213.85,213.0,213.0,19737
2018-01-16 09:15:00+05:30,214.75,215.25,212.0,214.35,69498
2018-01-16 10:15:00+05:30,214.35,215.5,205.0,208.9,159268
2018-01-16 11:15:00+05:30,208.9,212.5,208.45,211.25,42562
2018-01-16 12:15:00+05:30,211.25,212.5,210.3,210.9,47089
2018-01-16 13:15:00+05:30,210.9,210.9,207.9,208.8,43288
2018-01-16 14:15:00+05:30,208.8,210.85,207.15,207.95,58145
2018-01-16 15:15:00+05:30,207.95,209.35,207.55,208.3,28725
2018-01-17 09:15:00+05:30,207.05,208.0,202.0,205.1,95895
2018-01-17 10:15:00+05:30,205.35,217.8,205.25,215.0,271602
2018-01-17 11:15:00+05:30,214.9,215.45,212.6,213.5,65817
2018-01-17 12:15:00+05:30,213.5,213.5,210.0,211.25,65954
2018-01-17 13:15:00+05:30,211.25,213.95,211.0,211.65,61442
2018-01-17 14:15:00+05:30,211.65,213.7,211.3,213.0,37745
2018-01-17 15:15:00+05:30,213.0,216.8,212.55,214.8,61891
2018-01-18 09:15:00+05:30,215.85,218.05,214.0,215.0,88268
2018-01-18 10:15:00+05:30,215.0,218.0,214.9,215.6,74606
2018-01-18 11:15:00+05:30,215.6,216.0,214.0,214.5,28247
2018-01-18 12:15:00+05:30,214.85,214.85,212.45,213.5,48003
2018-01-18 13:15:00+05:30,213.5,213.75,210.5,211.0,36149
2018-01-18 14:15:00+05:30,210.5,211.7,207.25,208.6,115196
2018-01-18 15:15:00+05:30,208.9,208.9,205.3,208.0,70987
2018-01-19 09:15:00+05:30,208.25,211.25,206.6,210.5,78512
2018-01-19 10:15:00+05:30,210.3,210.5,208.6,209.0,18880
2018-01-19 11:15:00+05:30,209.0,209.1,206.65,206.95,21723
2018-01-19 12:15:00+05:30,206.95,207.0,205.0,206.05,50516
2018-01-19 13:15:00+05:30,206.05,207.65,205.0,206.0,19476
2018-01-19 14:15:00+05:30,206.0,208.75,204.9,208.4,71952
2018-01-19 15:15:00+05:30,208.4,209.0,208.0,208.8,36745
2018-01-22 09:15:00+05:30,208.95,209.7,206.5,208.3,51012
2018-01-22 10:15:00+05:30,208.3,208.65,207.5,208.25,16361
2018-01-22 11:15:00+05:30,208.25,209.0,207.85,208.25,17602
2018-01-22 12:15:00+05:30,208.25,208.65,207.1,208.5,22956
2018-01-22 13:15:00+05:30,208.55,208.8,207.75,208.0,9443
2018-01-22 14:15:00+05:30,208.0,209.0,207.9,208.9,24791
2018-01-22 15:15:00+05:30,208.9,209.0,207.65,209.0,18301
2018-01-23 09:15:00+05:30,209.05,210.5,208.2,209.0,46355
2018-01-23 10:15:00+05:30,209.0,216.4,208.45,214.1,90016
2018-01-23 11:15:00+05:30,214.1,215.9,213.35,215.25,121055
2018-01-23 12:15:00+05:30,215.25,215.5,211.0,211.85,65604
2018-01-23 13:15:00+05:30,211.85,213.8,211.05,212.0,16744
2018-01-23 14:15:00+05:30,211.7,212.75,211.15,211.55,41143
2018-01-23 15:15:00+05:30,211.55,213.05,211.55,212.95,23061
2018-01-24 09:15:00+05:30,211.45,213.0,210.0,212.1,74795
2018-01-24 10:15:00+05:30,212.45,212.45,210.55,210.85,16559
2018-01-24 11:15:00+05:30,210.85,210.95,209.65,209.7,11837
2018-01-24 12:15:00+05:30,209.5,212.35,208.55,212.1,46006
2018-01-24 13:15:00+05:30,212.1,214.9,210.35,210.5,35414
2018-01-24 14:15:00+05:30,210.5,211.55,209.05,209.2,26210
2018-01-24 15:15:00+05:30,209.2,210.15,207.0,208.3,24635
2018-01-25 09:15:00+05:30,208.35,212.8,208.3,210.05,37433
2018-01-25 10:15:00+05:30,210.05,211.35,209.5,209.65,11917
2018-01-25 11:15:00+05:30,209.65,210.15,209.05,209.7,10743
2018-01-25 12:15:00+05:30,209.4,210.1,209.1,209.45,10170
2018-01-25 13:15:00+05:30,209.45,213.85,209.2,212.05,57153
2018-01-25 14:15:00+05:30,212.05,212.45,211.25,211.25,46609
2018-01-25 15:15:00+05:30,211.5,211.5,209.5,210.75,25021
2018-01-29 09:15:00+05:30,210.8,211.8,209.0,209.5,34558
2018-01-29 10:15:00+05:30,209.95,210.1,209.1,209.55,8120
2018-01-29 11:15:00+05:30,209.55,209.9,207.5,207.55,23666
2018-01-29 12:15:00+05:30,207.55,208.0,207.5,207.8,17206
2018-01-29 13:15:00+05:30,208.0,208.0,205.9,206.75,22729
2018-01-29 14:15:00+05:30,206.75,207.3,206.0,206.65,13694
2018-01-29 15:15:00+05:30,206.75,206.8,206.0,206.5,14171
2018-01-30 09:15:00+05:30,206.8,206.8,196.7,199.85,68762
2018-01-30 10:15:00+05:30,199.9,203.3,199.5,202.85,29796
2018-01-30 11:15:00+05:30,202.85,206.1,202.2,202.9,33671
2018-01-30 12:15:00+05:30,202.9,203.0,201.6,202.45,12212
2018-01-30 13:15:00+05:30,202.45,202.95,201.9,202.5,11006
2018-01-30 14:15:00+05:30,202.5,202.5,200.35,200.5,25835
2018-01-30 15:15:00+05:30,200.5,201.8,200.0,201.0,15711
2018-01-31 09:15:00+05:30,200.3,204.1,199.5,202.75,31460
2018-01-31 10:15:00+05:30,202.75,204.15,201.9,202.95,35824
2018-01-31 11:15:00+05:30,202.7,205.0,202.5,202.6,18946
2018-01-31 12:15:00+05:30,202.6,203.5,201.0,201.0,24465
2018-01-31 13:15:00+05:30,201.0,202.5,199.4,199.75,22732
2018-01-31 14:15:00+05:30,199.75,202.0,198.0,199.5,35504
2018-01-31 15:15:00+05:30,199.5,200.05,198.75,199.3,15272
2018-02-01 09:15:00+05:30,201.75,204.0,199.25,203.3,40728
2018-02-01 10:15:00+05:30,203.3,203.3,199.3,202.0,23878
2018-02-01 11:15:00+05:30,202.0,203.05,199.15,199.15,19974
2018-02-01 12:15:00+05:30,199.15,204.95,197.0,203.0,76083
2018-02-01 13:15:00+05:30,203.0,204.9,201.45,203.4,22997
2018-02-01 14:15:00+05:30,203.4,203.7,200.8,202.8,26892
2018-02-01 15:15:00+05:30,202.8,203.25,201.5,203.25,6864
2018-02-02 09:15:00+05:30,196.7,201.0,196.7,197.05,47087
2018-02-02 10:15:00+05:30,197.0,199.0,190.0,197.8,120940
2018-02-02 11:15:00+05:30,197.8,199.0,196.8,198.35,31853
2018-02-02 12:15:00+05:30,198.35,199.9,198.0,198.9,51238
2018-02-02 13:15:00+05:30,198.9,199.5,195.05,198.35,75966
2018-02-02 14:15:00+05:30,198.35,198.9,191.5,194.9,63989
2018-02-02 15:15:00+05:30,194.9,194.9,190.0,190.0,53738
2018-02-05 09:15:00+05:30,184.95,188.0,180.0,187.0,99655
2018-02-05 10:15:00+05:30,187.0,189.5,186.05,189.45,32990
2018-02-05 11:15:00+05:30,189.15,190.6,188.05,188.05,36080
2018-02-05 12:15:00+05:30,188.05,188.35,182.5,187.5,126736
2018-02-05 13:15:00+05:30,187.5,187.9,184.25,186.0,32277
2018-02-05 14:15:00+05:30,186.0,188.0,185.0,186.0,38744
2018-02-05 15:15:00+05:30,186.0,187.9,185.65,186.7,27788
2018-02-06 09:15:00+05:30,168.0,180.0,168.0,172.1,197251
2018-02-06 10:15:00+05:30,171.55,174.0,171.0,173.3,94131
2018-02-06 11:15:00+05:30,173.3,174.8,171.15,172.0,98025
2018-02-06 12:15:00+05:30,171.0,176.0,170.6,173.6,79124
2018-02-06 13:15:00+05:30,173.4,181.7,172.95,180.5,67011
2018-02-06 14:15:00+05:30,180.5,184.9,178.0,182.5,99530
2018-02-06 15:15:00+05:30,182.7,183.7,180.7,181.9,18156
2018-02-07 09:15:00+05:30,189.45,201.7,188.4,194.05,123672
2018-02-07 10:15:00+05:30,194.05,194.9,191.15,194.2,42914
2018-02-07 11:15:00+05:30,194.2,194.4,190.95,193.95,40852
2018-02-07 12:15:00+05:30,193.95,196.9,193.8,195.0,55145
2018-02-07 13:15:00+05:30,195.0,195.75,194.0,194.95,33008
2018-02-07 14:15:00+05:30,194.95,199.2,194.25,197.5,96384
2018-02-07 15:15:00+05:30,197.15,197.15,193.0,193.0,27427
2018-02-08 09:15:00+05:30,195.8,199.45,194.0,196.65,43263
2018-02-08 10:15:00+05:30,196.75,197.0,195.65,196.0,17390
2018-02-08 11:15:00+05:30,196.0,197.5,195.5,196.7,13328
2018-02-08 12:15:00+05:30,196.7,198.45,196.0,198.0,13226
2018-02-08 13:15:00+05:30,198.0,198.45,195.5,196.15,19132
2018-02-08 14:15:00+05:30,196.0,196.65,194.8,195.9,18655
2018-02-08 15:15:00+05:30,195.9,196.0,195.1,195.7,16428
2018-02-09 09:15:00+05:30,187.95,194.75,187.95,193.5,49412
2018-02-09 10:15:00+05:30,193.4,194.5,193.35,193.65,13099
2018-02-09 11:15:00+05:30,193.65,197.45,193.0,194.35,50645
2018-02-09 12:15:00+05:30,194.05,197.65,194.0,197.3,28579
2018-02-09 13:15:00+05:30,197.25,201.45,196.3,200.4,49522
2018-02-09 14:15:00+05:30,200.4,201.0,196.15,199.5,42352
2018-02-09 15:15:00+05:30,199.5,200.0,196.1,196.1,35442
2018-02-12 09:15:00+05:30,200.0,214.95,200.0,212.6,210166
2018-02-12 10:15:00+05:30,213.0,215.75,207.9,210.7,203246
2018-02-12 11:15:00+05:30,210.7,213.7,210.0,212.15,53114
2018-02-12 12:15:00+05:30,212.15,213.5,210.0,211.55,59992
2018-02-12 13:15:00+05:30,211.55,213.0,211.05,211.65,29452
2018-02-12 14:15:00+05:30,211.65,215.0,211.55,211.75,97454
2018-02-12 15:15:00+05:30,211.75,211.9,210.0,210.9,52877
2018-02-14 09:15:00+05:30,210.9,213.4,203.0,206.6,150192
2018-02-14 10:15:00+05:30,206.85,207.0,205.05,205.4,31768
2018-02-14 11:15:00+05:30,205.4,206.55,203.55,205.7,45148
2018-02-14 12:15:00+05:30,205.7,205.95,203.5,205.0,27593
2018-02-14 13:15:00+05:30,204.05,204.95,203.55,204.7,27658
2018-02-14 14:15:00+05:30,204.7,205.25,202.6,202.65,52100
2018-02-14 15:15:00+05:30,202.65,204.0,202.2,203.0,29833
2018-02-15 09:15:00+05:30,206.5,207.1,205.0,206.3,29940
2018-02-15 10:15:00+05:30,206.3,206.65,203.75,204.1,18566
2018-02-15 11:15:00+05:30,204.1,204.1,202.5,202.65,25876
2018-02-15 12:15:00+05:30,202.9,204.0,201.9,202.55,22809
2018-02-15 13:15:00+05:30,202.55,202.75,198.65,201.0,31715
2018-02-15 14:15:00+05:30,201.0,201.75,184.3,185.0,241504
2018-02-15 15:15:00+05:30,185.0,200.05,184.95,198.0,193730
2018-02-16 09:15:00+05:30,195.35,197.9,192.05,194.25,90066
2018-02-16 10:15:00+05:30,194.25,195.25,192.55,193.85,22520
2018-02-16 11:15:00+05:30,193.85,194.4,191.6,191.75,28032
2018-02-16 12:15:00+05:30,191.75,192.5,191.0,191.9,38731
2018-02-16 13:15:00+05:30,191.9,192.0,187.0,191.15,55141
2018-02-16 14:15:00+05:30,191.15,192.0,188.25,190.0,62629
2018-02-16 15:15:00+05:30,190.0,190.3,188.5,190.0,32203
2018-02-19 09:15:00+05:30,192.1,193.3,185.2,188.55,44990
2018-02-19 10:15:00+05:30,188.55,191.95,188.55,189.2,26460
2018-02-19 11:15:00+05:30,189.1,190.35,186.9,188.4,22413
2018-02-19 12:15:00+05:30,188.4,189.4,186.8,188.65,28785
2018-02-19 13:15:00+05:30,188.65,189.0,187.0,188.0,14226
2018-02-19 14:15:00+05:30,188.0,191.55,187.4,188.75,24601
2018-02-19 15:15:00+05:30,188.5,190.6,188.0,190.6,10672
2018-02-20 09:15:00+05:30,190.0,191.7,187.7,190.9,49717
2018-02-20 10:15:00+05:30,190.9,193.65,189.1,189.55,49683
2018-02-20 11:15:00+05:30,189.55,189.95,188.55,189.1,16391
2018-02-20 12:15:00+05:30,189.1,190.4,188.3,190.0,52676
2018-02-20 13:15:00+05:30,190.0,190.15,189.3,190.0,6690
2018-02-20 14:15:00+05:30,190.0,191.55,188.9,188.9,31656
2018-02-20 15:15:00+05:30,188.9,190.4,188.9,189.5,12446
2018-02-21 09:15:00+05:30,191.15,191.8,189.7,190.65,24257
2018-02-21 10:15:00+05:30,190.9,191.55,189.2,189.95,25007
2018-02-21 11:15:00+05:30,189.95,190.0,189.25,189.55,2860
2018-02-21 12:15:00+05:30,189.55,189.9,189.0,189.0,10743
2018-02-21 13:15:00+05:30,189.0,190.85,189.0,189.95,29430
2018-02-21 14:15:00+05:30,189.95,193.25,189.95,193.1,38815
2018-02-21 15:15:00+05:30,193.1,193.95,192.75,193.5,34805
2018-02-22 09:15:00+05:30,192.05,193.3,189.6,192.85,76461
2018-02-22 10:15:00+05:30,192.85,195.75,192.55,194.8,56275
2018-02-22 11:15:00+05:30,194.95,197.3,194.75,195.9,36797
2018-02-22 12:15:00+05:30,195.9,195.9,195.05,195.25,15506
2018-02-22 13:15:00+05:30,195.25,195.9,195.0,195.0,17530
2018-02-22 14:15:00+05:30,195.0,196.35,195.0,195.5,51132
2018-02-22 15:15:00+05:30,195.5,195.8,194.5,195.0,16018
2018-02-23 09:15:00+05:30,197.4,197.45,195.1,195.5,39737
2018-02-23 10:15:00+05:30,195.5,196.85,195.5,195.85,19825
2018-02-23 11:15:00+05:30,195.85,196.95,195.5,196.5,5793
2018-02-23 12:15:00+05:30,196.5,196.95,196.05,196.3,2365
2018-02-23 13:15:00+05:30,196.3,197.85,196.0,197.35,16174
2018-02-23 14:15:00+05:30,197.35,197.5,195.7,195.7,21570
2018-02-23 15:15:00+05:30,195.5,196.0,194.5,195.05,15815
2018-02-26 09:15:00+05:30,196.8,197.0,194.5,196.15,28399
2018-02-26 10:15:00+05:30,196.15,196.8,195.35,195.65,13905
2018-02-26 11:15:00+05:30,195.65,196.0,194.75,195.4,8499
2018-02-26 12:15:00+05:30,195.4,195.95,195.0,195.4,6078
2018-02-26 13:15:00+05:30,195.4,195.4,191.0,192.65,31496
2018-02-26 14:15:00+05:30,192.7,192.7,191.5,192.15,17821
2018-02-26 15:15:00+05:30,192.15,192.6,191.5,192.55,14958
2018-02-27 09:15:00+05:30,193.65,195.65,192.15,192.4,31026
2018-02-27 10:15:00+05:30,192.4,193.6,192.25,193.5,30522
2018-02-27 11:15:00+05:30,193.5,194.3,192.4,192.4,7811
2018-02-27 12:15:00+05:30,192.4,193.4,192.3,192.5,6054
2018-02-27 13:15:00+05:30,192.5,193.85,192.5,192.55,22625
2018-02-27 14:15:00+05:30,192.55,193.0,191.75,192.0,18643
2018-02-27 15:15:00+05:30,192.0,192.0,190.1,191.0,7302
2018-02-28 09:15:00+05:30,190.05,190.65,188.45,189.2,33759
2018-02-28 10:15:00+05:30,189.2,190.3,189.0,190.15,13219
2018-02-28 11:15:00+05:30,190.15,190.7,189.8,189.8,22865
2018-02-28 12:15:00+05:30,189.8,189.8,188.75,189.1,19147
2018-02-28 13:15:00+05:30,189.1,189.65,188.1,188.4,26608
2018-02-28 14:15:00+05:30,188.4,189.2,186.55,187.9,24480
2018-02-28 15:15:00+05:30,187.9,187.9,187.0,187.0,11016
2018-03-01 09:15:00+05:30,187.25,192.4,187.25,190.0,45355
2018-03-01 10:15:00+05:30,190.0,192.0,189.6,191.3,32232
2018-03-01 11:15:00+05:30,191.3,191.4,190.25,190.75,23999
2018-03-01 12:15:00+05:30,190.75,191.0,189.4,190.05,15987
2018-03-01 13:15:00+05:30,190.05,191.65,190.0,191.45,31819
2018-03-01 14:15:00+05:30,191.55,193.8,191.35,191.7,138875
2018-03-01 15:15:00+05:30,191.7,191.75,189.95,189.95,23174
2018-03-05 09:15:00+05:30,191.0,192.35,188.0,189.85,37368
2018-03-05 10:15:00+05:30,189.85,190.25,189.1,189.5,13595
2018-03-05 11:15:00+05:30,189.5,189.5,186.05,187.85,22677
2018-03-05 12:15:00+05:30,187.85,188.2,186.9,187.15,6724
2018-03-05 13:15:00+05:30,187.15,187.95,186.25,187.5,10856
2018-03-05 14:15:00+05:30,187.5,187.9,186.2,186.55,27105
2018-03-05 15:15:00+05:30,186.55,187.7,186.0,187.45,11631
2018-03-06 09:15:00+05:30,188.05,190.65,188.05,189.7,13930
2018-03-06 10:15:00+05:30,189.75,189.95,188.75,188.8,8380
2018-03-06 11:15:00+05:30,188.8,189.2,188.75,189.15,4757
2018-03-06 12:15:00+05:30,189.15,189.9,188.3,188.7,11602
2018-03-06 13:15:00+05:30,188.55,189.7,188.55,189.05,11091
2018-03-06 14:15:00+05:30,189.05,189.3,185.0,185.15,22700
2018-03-06 15:15:00+05:30,185.2,185.4,184.15,184.75,11085
2018-03-07 09:15:00+05:30,185.2,185.2,182.05,183.0,27471
2018-03-07 10:15:00+05:30,183.0,183.5,182.0,182.0,11908
2018-03-07 11:15:00+05:30,181.55,181.85,180.0,181.05,17259
2018-03-07 12:15:00+05:30,181.05,181.2,176.0,178.55,36319
2018-03-07 13:15:00+05:30,178.55,181.45,177.9,178.25,17176
2018-03-07 14:15:00+05:30,178.25,181.0,177.5,178.45,15045
2018-03-07 15:15:00+05:30,178.4,179.0,177.0,177.8,15528
2018-03-08 09:15:00+05:30,179.0,181.0,174.0,175.25,35413
2018-03-08 10:15:00+05:30,175.25,175.25,170.1,171.7,44729
2018-03-08 11:15:00+05:30,171.7,175.5,171.3,175.05,50884
2018-03-08 12:15:00+05:30,175.05,175.25,172.0,172.4,19835
2018-03-08 13:15:00+05:30,172.35,176.8,171.7,176.1,23146
2018-03-08 14:15:00+05:30,176.8,179.45,175.65,176.45,127370
2018-03-08 15:15:00+05:30,176.45,176.9,175.0,175.1,17003
2018-03-09 09:15:00+05:30,179.65,179.65,174.0,175.75,22321
2018-03-09 10:15:00+05:30,175.75,178.5,174.3,178.5,34144
2018-03-09 11:15:00+05:30,178.5,178.75,175.5,176.8,24429
2018-03-09 12:15:00+05:30,176.8,177.4,176.25,177.15,15438
2018-03-09 13:15:00+05:30,177.2,177.2,175.75,175.8,12750
2018-03-09 14:15:00+05:30,176.0,177.0,174.55,175.45,12720
2018-03-09 15:15:00+05:30,175.1,175.5,174.5,174.55,8210
2018-03-12 09:15:00+05:30,178.1,183.0,176.5,180.6,87759
2018-03-12 10:15:00+05:30,180.6,182.0,179.55,179.65,33607
2018-03-12 11:15:00+05:30,179.65,180.25,178.9,179.9,18795
2018-03-12 12:15:00+05:30,179.7,180.2,179.0,180.0,9398
2018-03-12 13:15:00+05:30,180.0,180.5,179.5,179.8,7127
2018-03-12 14:15:00+05:30,179.8,181.75,179.8,180.3,19994
2018-03-12 15:15:00+05:30,180.3,180.7,180.0,180.0,13472
2018-03-13 09:15:00+05:30,181.05,183.5,179.6,183.2,39135
2018-03-13 10:15:00+05:30,183.2,186.45,182.2,186.05,36440
2018-03-13 11:15:00+05:30,186.0,186.4,184.5,185.3,36764
2018-03-13 12:15:00+05:30,185.3,187.4,184.8,185.35,33809
2018-03-13 13:15:00+05:30,185.35,186.0,184.4,185.25,34958
2018-03-13 14:15:00+05:30,185.3,187.0,185.0,186.1,37800
2018-03-13 15:15:00+05:30,186.0,188.7,185.0,188.7,26103
2018-03-14 09:15:00+05:30,185.9,187.55,182.3,186.7,32901
2018-03-14 10:15:00+05:30,186.7,188.0,185.1,185.75,18756
2018-03-14 11:15:00+05:30,185.35,186.9,185.05,186.35,23343
2018-03-14 12:15:00+05:30,186.35,186.35,185.0,185.3,9499
2018-03-14 13:15:00+05:30,185.3,186.45,185.05,185.65,6954
2018-03-14 14:15:00+05:30,185.65,185.65,183.05,185.3,19378
2018-03-14 15:15:00+05:30,185.3,186.8,184.1,185.45,12051
2018-03-15 09:15:00+05:30,185.4,192.75,184.0,192.1,131394
2018-03-15 10:15:00+05:30,192.65,192.9,190.1,190.6,25066
2018-03-15 11:15:00+05:30,190.6,191.5,190.25,191.5,12889
2018-03-15 12:15:00+05:30,191.5,198.0,190.85,193.35,97426
2018-03-15 13:15:00+05:30,193.4,193.65,191.0,192.0,19743
2018-03-15 14:15:00+05:30,192.25,193.0,191.35,192.0,21157
2018-03-15 15:15:00+05:30,192.0,192.95,191.85,192.15,25291
2018-03-16 09:15:00+05:30,192.55,197.8,192.0,196.1,108967
2018-03-16 10:15:00+05:30,196.1,197.8,194.5,196.45,81051
2018-03-16 11:15:00+05:30,196.45,197.0,193.5,194.0,42870
2018-03-16 12:15:00+05:30,194.0,194.9,193.05,194.35,12781
2018-03-16 13:15:00+05:30,194.35,195.0,193.0,193.0,15448
2018-03-16 14:15:00+05:30,193.0,193.05,188.8,190.0,59628
2018-03-16 15:15:00+05:30,190.05,191.9,190.05,191.2,32552
2018-03-19 09:15:00+05:30,194.1,194.5,189.05,189.8,33354
2018-03-19 10:15:00+05:30,189.4,189.9,186.5,189.3,25192
2018-03-19 11:15:00+05:30,189.3,191.75,187.0,189.8,32858
2018-03-19 12:15:00+05:30,189.8,190.7,186.05,187.65,33781
2018-03-19 13:15:00+05:30,187.65,188.7,186.05,187.0,19341
2018-03-19 14:15:00+05:30,187.0,187.95,184.35,184.45,15724
2018-03-19 15:15:00+05:30,184.4,185.75,183.5,185.55,11598
2018-03-20 09:15:00+05:30,186.55,188.3,183.5,185.65,34703
2018-03-20 10:15:00+05:30,185.65,186.0,183.95,184.2,13919
2018-03-20 11:15:00+05:30,184.2,188.0,183.7,187.1,314654
2018-03-20 12:15:00+05:30,187.4,187.75,184.0,184.85,39365
2018-03-20 13:15:00+05:30,184.85,184.85,182.0,182.95,21264
2018-03-20 14:15:00+05:30,182.95,183.2,180.0,180.55,35153
2018-03-20 15:15:00+05:30,180.55,180.55,179.6,180.0,28354
2018-03-21 09:15:00+05:30,182.4,186.4,181.35,184.8,141069
2018-03-21 10:15:00+05:30,184.8,185.25,184.3,185.0,20651
2018-03-21 11:15:00+05:30,185.0,185.25,183.0,183.3,31349
2018-03-21 12:15:00+05:30,183.3,183.5,181.65,182.95,20367
2018-03-21 13:15:00+05:30,182.95,183.35,181.45,181.5,16642
2018-03-21 14:15:00+05:30,181.5,182.75,181.0,182.25,33102
2018-03-21 15:15:00+05:30,182.25,183.3,182.0,183.0,19277
2018-03-22 09:15:00+05:30,182.7,184.0,181.4,182.1,24928
2018-03-22 10:15:00+05:30,182.1,182.8,182.0,182.0,7231
2018-03-22 11:15:00+05:30,182.0,182.35,179.0,179.3,23474
2018-03-22 12:15:00+05:30,179.3,180.35,178.65,179.25,9321
2018-03-22 13:15:00+05:30,179.25,181.1,179.2,181.0,79900
2018-03-22 14:15:00+05:30,181.0,181.0,179.25,180.0,28409
2018-03-22 15:15:00+05:30,180.0,180.5,179.3,180.45,13178
2018-03-23 09:15:00+05:30,175.95,180.1,173.0,177.9,63493
2018-03-23 10:15:00+05:30,177.9,177.9,175.5,176.55,90798
2018-03-23 11:15:00+05:30,176.55,177.5,175.25,175.45,15961
2018-03-23 12:15:00+05:30,175.45,176.75,175.0,175.85,40521
2018-03-23 13:15:00+05:30,175.85,176.5,175.45,176.35,6280
2018-03-23 14:15:00+05:30,176.35,176.9,175.1,176.0,12205
2018-03-23 15:15:00+05:30,175.9,176.0,174.8,175.7,12816
2018-03-26 09:15:00+05:30,175.5,181.5,175.5,177.9,100594
2018-03-26 10:15:00+05:30,177.9,178.7,172.0,175.15,47381
2018-03-26 11:15:00+05:30,175.15,176.35,175.0,175.6,16617
2018-03-26 12:15:00+05:30,175.6,177.35,174.55,176.9,27283
2018-03-26 13:15:00+05:30,176.95,179.3,176.7,178.95,22127
2018-03-26 14:15:00+05:30,179.0,181.0,178.5,180.5,188046
2018-03-26 15:15:00+05:30,180.5,180.65,177.45,179.9,30096
2018-03-27 09:15:00+05:30,182.0,184.25,180.05,181.8,33591
2018-03-27 10:15:00+05:30,181.8,184.0,181.5,182.1,30649
2018-03-27 11:15:00+05:30,182.1,182.1,181.2,182.0,7048
2018-03-27 12:15:00+05:30,182.0,182.75,181.6,181.85,50171
2018-03-27 13:15:00+05:30,181.85,182.45,181.2,181.9,10247
2018-03-27 14:15:00+05:30,181.8,182.95,180.15,180.6,22733
2018-03-27 15:15:00+05:30,180.5,181.95,180.5,181.95,11081
2018-03-28 09:15:00+05:30,179.5,179.5,177.05,177.05,30999
2018-03-28 10:15:00+05:30,177.05,180.9,177.0,179.55,25959
2018-03-28 11:15:00+05:30,179.55,180.45,179.0,179.65,7606
2018-03-28 12:15:00+05:30,179.65,179.65,178.0,178.7,5022
2018-03-28 13:15:00+05:30,178.7,178.7,177.8,177.8,7328
2018-03-28 14:15:00+05:30,177.8,179.0,177.25,177.5,17230
2018-03-28 15:15:00+05:30,177.5,179.0,176.1,178.9,12691
2018-04-02 09:15:00+05:30,179.0,183.2,179.0,182.3,25579
2018-04-02 10:15:00+05:30,182.3,182.95,182.15,182.2,10062
2018-04-02 11:15:00+05:30,182.2,182.6,181.2,181.2,6954
2018-04-02 12:15:00+05:30,181.2,182.6,181.2,182.25,7522
2018-04-02 13:15:00+05:30,182.25,184.0,182.1,182.9,14196
2018-04-02 14:15:00+05:30,182.9,184.0,182.35,183.6,12811
2018-04-02 15:15:00+05:30,183.6,183.9,183.3,183.8,9180
2018-04-03 09:15:00+05:30,183.75,185.3,182.0,183.95,27608
2018-04-03 10:15:00+05:30,183.95,184.5,181.6,182.45,16003
2018-04-03 11:15:00+05:30,182.4,183.6,182.05,183.05,7278
2018-04-03 12:15:00+05:30,183.05,184.9,182.45,184.5,11438
2018-04-03 13:15:00+05:30,184.5,185.0,183.5,183.8,8780
2018-04-03 14:15:00+05:30,183.8,185.9,183.8,185.9,15251
2018-04-03 15:15:00+05:30,185.75,186.45,185.0,185.0,10815
2018-04-04 09:15:00+05:30,186.85,188.5,185.5,187.95,29694
2018-04-04 10:15:00+05:30,187.95,190.8,187.0,187.4,56391
2018-04-04 11:15:00+05:30,187.4,188.25,187.1,187.25,17827
2018-04-04 12:15:00+05:30,187.25,187.35,185.0,185.9,16484
2018-04-04 13:15:00+05:30,185.9,185.9,182.0,183.2,16995
2018-04-04 14:15:00+05:30,183.2,184.0,182.0,182.0,15049
2018-04-04 15:15:00+05:30,182.0,182.4,181.1,181.75,10592
2018-04-05 09:15:00+05:30,185.9,188.0,185.0,186.95,25641
2018-04-05 10:15:00+05:30,186.95,186.95,183.45,184.95,20024
2018-04-05 11:15:00+05:30,184.95,186.0,184.35,185.3,4760
2018-04-05 12:15:00+05:30,185.5,185.5,184.55,184.65,4150
2018-04-05 13:15:00+05:30,184.65,185.0,182.8,184.85,10521
2018-04-05 14:15:00+05:30,184.85,186.75,184.25,185.2,13970
2018-04-05 15:15:00+05:30,185.2,185.9,184.65,185.4,7805
2018-04-06 09:15:00+05:30,186.0,186.0,184.1,185.45,12082
2018-04-06 10:15:00+05:30,185.45,186.5,184.4,184.5,18936
2018-04-06 11:15:00+05:30,184.5,186.0,184.4,185.95,4411
2018-04-06 12:15:00+05:30,185.4,186.0,184.85,185.55,5043
2018-04-06 13:15:00+05:30,185.5,186.15,184.1,184.5,9041
2018-04-06 14:15:00+05:30,184.5,186.4,184.5,185.45,10241
2018-04-06 15:15:00+05:30,185.4,186.0,184.0,184.0,10083
2018-04-09 09:15:00+05:30,186.0,189.5,184.6,187.3,34217
2018-04-09 10:15:00+05:30,187.3,189.25,187.3,188.45,18421
2018-04-09 11:15:00+05:30,188.45,188.75,186.65,187.0,6576
2018-04-09 12:15:00+05:30,187.0,187.0,186.55,187.0,2513
2018-04-09 13:15:00+05:30,187.0,187.0,186.1,186.8,4806
2018-04-09 14:15:00+05:30,186.8,187.0,186.0,186.0,6662
2018-04-09 15:15:00+05:30,186.0,186.25,185.35,185.4,8410
2018-04-10 09:15:00+05:30,186.95,187.5,186.4,186.5,10120
2018-04-10 10:15:00+05:30,186.5,186.9,184.0,185.35,11444
2018-04-10 11:15:00+05:30,185.35,185.35,184.6,185.0,7359
2018-04-10 12:15:00+05:30,185.0,186.45,184.2,185.7,17430
2018-04-10 13:15:00+05:30,185.7,187.0,185.0,186.55,7026
2018-04-10 14:15:00+05:30,186.55,186.7,184.55,184.55,9879
2018-04-10 15:15:00+05:30,184.85,186.4,184.0,185.5,11222
2018-04-11 09:15:00+05:30,186.0,186.2,183.05,184.5,10765
2018-04-11 10:15:00+05:30,184.5,185.2,181.85,182.25,34972
2018-04-11 11:15:00+05:30,182.2,183.0,181.85,182.3,16555
2018-04-11 12:15:00+05:30,182.3,182.65,181.8,182.45,11559
2018-04-11 13:15:00+05:30,182.45,184.0,181.8,182.0,43609
2018-04-11 14:15:00+05:30,182.0,182.4,181.2,181.85,21463
2018-04-11 15:15:00+05:30,181.85,182.15,181.5,181.9,11730
2018-04-12 09:15:00+05:30,183.35,183.35,180.6,181.65,11119
2018-04-12 10:15:00+05:30,181.65,182.9,181.65,182.0,6565
2018-04-12 11:15:00+05:30,182.0,182.0,181.65,181.65,2696
2018-04-12 12:15:00+05:30,181.65,181.9,180.55,181.0,14882
2018-04-12 13:15:00+05:30,181.0,181.7,180.6,181.2,17078
2018-04-12 14:15:00+05:30,181.2,181.2,178.65,179.45,39008
2018-04-12 15:15:00+05:30,179.45,180.95,179.1,179.3,7733
2018-04-13 09:15:00+05:30,181.2,181.75,179.75,180.0,26502
2018-04-13 10:15:00+05:30,180.0,180.25,179.45,180.25,13017
2018-04-13 11:15:00+05:30,180.25,180.5,178.3,178.65,12461
2018-04-13 12:15:00+05:30,179.0,179.45,178.35,178.7,8210
2018-04-13 13:15:00+05:30,179.0,179.0,178.4,178.45,10140
2018-04-13 14:15:00+05:30,178.4,182.5,178.0,180.0,54170
2018-04-13 15:15:00+05:30,179.95,180.05,179.1,180.0,7909
2018-04-16 09:15:00+05:30,178.35,179.65,178.0,179.0,9062
2018-04-16 10:15:00+05:30,179.0,179.0,176.05,177.35,14029
2018-04-16 11:15:00+05:30,177.35,178.5,177.3,177.65,7018
2018-04-16 12:15:00+05:30,177.65,178.2,177.1,177.8,4348
2018-04-16 13:15:00+05:30,177.8,178.8,177.55,178.0,7170
2018-04-16 14:15:00+05:30,178.0,182.45,177.7,181.5,27988
2018-04-16 15:15:00+05:30,181.5,181.6,180.55,181.0,9259
2018-04-17 09:15:00+05:30,180.75,181.75,179.8,180.2,18475
2018-04-17 10:15:00+05:30,180.2,180.45,179.25,179.4,7774
2018-04-17 11:15:00+05:30,179.4,180.3,178.0,178.4,12418
2018-04-17 12:15:00+05:30,178.4,179.0,178.4,178.9,9788
2018-04-17 13:15:00+05:30,178.9,179.0,177.25,177.75,22015
2018-04-17 14:15:00+05:30,177.75,178.45,177.75,178.0,14352
2018-04-17 15:15:00+05:30,177.65,178.2,177.15,177.4,13504
2018-04-18 09:15:00+05:30,178.9,179.0,177.4,178.2,19221
2018-04-18 10:15:00+05:30,178.2,178.8,177.9,177.9,9602
2018-04-18 11:15:00+05:30,177.9,178.3,177.55,178.0,7084
2018-04-18 12:15:00+05:30,178.0,178.0,177.5,178.0,9330
2018-04-18 13:15:00+05:30,178.0,178.0,177.4,177.7,8647
2018-04-18 14:15:00+05:30,177.7,178.05,176.45,177.4,20015
2018-04-18 15:15:00+05:30,177.4,177.5,176.85,176.85,4025
2018-04-19 09:15:00+05:30,177.95,178.0,175.3,175.5,22050
2018-04-19 10:15:00+05:30,175.5,177.45,175.5,177.15,10908
2018-04-19 11:15:00+05:30,177.15,177.2,176.6,176.9,4727
2018-04-19 12:15:00+05:30,176.9,177.0,176.4,177.0,3963
2018-04-19 13:15:00+05:30,177.0,178.0,176.9,177.85,8233
2018-04-19 14:15:00+05:30,177.65,178.0,176.9,177.0,28289
2018-04-19 15:15:00+05:30,177.0,177.85,175.95,176.15,8592
2018-04-20 09:15:00+05:30,176.75,176.75,175.3,176.65,7325
2018-04-20 10:15:00+05:30,176.65,177.5,175.7,176.35,12278
2018-04-20 11:15:00+05:30,176.05,177.05,176.05,176.65,3402
2018-04-20 12:15:00+05:30,176.65,177.0,176.0,176.0,4824
2018-04-20 13:15:00+05:30,176.0,176.75,176.0,176.6,2193
2018-04-20 14:15:00+05:30,176.1,176.7,175.75,175.75,8114
2018-04-20 15:15:00+05:30,175.75,176.35,175.1,176.0,8315
2018-04-23 09:15:00+05:30,176.9,184.4,176.9,183.3,106246
2018-04-23 10:15:00+05:30,183.3,185.5,181.5,181.7,106052
2018-04-23 11:15:00+05:30,181.7,198.0,181.6,194.0,673625
2018-04-23 12:15:00+05:30,194.0,200.0,183.25,198.0,1558489
2018-04-23 13:15:00+05:30,198.0,207.5,196.0,207.45,1869692
2018-04-23 14:15:00+05:30,207.3,207.45,198.65,201.4,1079972
2018-04-23 15:15:00+05:30,201.3,202.95,199.7,200.55,353503
2018-04-24 09:15:00+05:30,203.0,204.0,196.45,198.8,836500
2018-04-24 10:15:00+05:30,198.9,204.0,198.55,200.5,313180
2018-04-24 11:15:00+05:30,200.5,200.55,198.0,198.85,112880
2018-04-24 12:15:00+05:30,198.85,201.5,198.1,199.0,140944
2018-04-24 13:15:00+05:30,199.0,199.45,195.05,196.5,145461
2018-04-24 14:15:00+05:30,196.5,197.05,193.25,194.8,147443
2018-04-24 15:15:00+05:30,194.8,194.95,192.6,194.0,129304
2018-04-25 09:15:00+05:30,193.05,199.15,192.7,198.3,314977
2018-04-25 10:15:00+05:30,198.3,198.45,195.05,195.35,60065
2018-04-25 11:15:00+05:30,195.35,196.05,195.0,195.25,21596
2018-04-25 12:15:00+05:30,195.35,196.4,195.0,195.25,31567
2018-04-25 13:15:00+05:30,195.25,195.5,190.5,190.55,112076
2018-04-25 14:15:00+05:30,190.5,192.0,189.0,191.8,95293
2018-04-25 15:15:00+05:30,191.85,192.0,191.2,192.0,52017
2018-04-26 09:15:00+05:30,192.0,195.4,189.1,192.0,160176
2018-04-26 10:15:00+05:30,192.0,193.0,191.85,192.4,27612
2018-04-26 11:15:00+05:30,192.4,192.4,190.2,191.35,26656
2018-04-26 12:15:00+05:30,191.35,192.6,191.0,192.15,14689
2018-04-26 13:15:00+05:30,192.15,196.4,191.5,192.0,100058
2018-04-26 14:15:00+05:30,192.0,192.95,191.65,192.8,34115
2018-04-26 15:15:00+05:30,192.1,193.4,191.2,191.8,21497
2018-04-27 09:15:00+05:30,193.25,194.5,192.05,192.95,70030
2018-04-27 10:15:00+05:30,192.95,197.35,192.45,196.0,211342
2018-04-27 11:15:00+05:30,196.0,196.5,194.6,195.95,73163
2018-04-27 12:15:00+05:30,195.95,199.2,195.8,197.5,196853
2018-04-27 13:15:00+05:30,197.5,197.75,194.85,196.0,53953
2018-04-27 14:15:00+05:30,196.0,196.7,194.85,195.4,75434
2018-04-27 15:15:00+05:30,195.4,195.9,194.7,195.3,56716
2018-04-30 09:15:00+05:30,197.75,198.4,193.8,194.4,83500
2018-04-30 10:15:00+05:30,194.4,197.3,194.3,195.2,30911
2018-04-30 11:15:00+05:30,195.2,195.4,193.0,195.1,22100
2018-04-30 12:15:00+05:30,195.1,195.85,194.3,195.05,8517
2018-04-30 13:15:00+05:30,195.4,195.6,185.75,188.7,1042309
2018-04-30 14:15:00+05:30,188.7,188.9,183.5,184.45,195173
2018-04-30 15:15:00+05:30,184.45,185.85,183.0,185.0,108383
2018-05-02 09:15:00+05:30,184.9,187.3,184.9,185.05,85121
2018-05-02 10:15:00+05:30,185.05,186.2,182.1,185.1,51467
2018-05-02 11:15:00+05:30,185.1,186.0,184.15,184.55,17176
2018-05-02 12:15:00+05:30,184.55,191.2,184.55,189.0,392896
2018-05-02 13:15:00+05:30,189.0,191.65,187.5,188.7,252481
2018-05-02 14:15:00+05:30,188.75,189.9,183.5,184.5,134748
2018-05-02 15:15:00+05:30,184.5,184.7,183.0,183.0,81584
2018-05-03 09:15:00+05:30,183.7,183.7,181.25,182.05,62219
2018-05-03 10:15:00+05:30,182.05,182.45,179.1,179.35,54382
2018-05-03 11:15:00+05:30,179.45,181.5,179.45,181.0,23668
2018-05-03 12:15:00+05:30,181.0,181.8,180.0,181.7,15586
2018-05-03 13:15:00+05:30,181.65,183.15,181.1,182.35,26552
2018-05-03 14:15:00+05:30,182.35,182.9,180.6,181.2,38851
2018-05-03 15:15:00+05:30,181.2,181.2,180.3,180.5,26586
2018-05-04 09:15:00+05:30,181.5,183.0,178.7,181.8,96290
2018-05-04 10:15:00+05:30,181.8,183.5,179.0,180.75,119743
2018-05-04 11:15:00+05:30,180.75,180.9,179.35,179.75,50658
2018-05-04 12:15:00+05:30,179.75,180.8,179.65,180.0,40161
2018-05-04 13:15:00+05:30,180.0,180.35,179.5,179.5,40847
2018-05-04 14:15:00+05:30,179.5,180.0,177.7,178.0,91056
2018-05-04 15:15:00+05:30,178.0,178.2,177.5,178.2,45194
2018-05-07 09:15:00+05:30,181.0,182.5,179.55,182.0,72603
2018-05-07 10:15:00+05:30,182.0,186.0,181.85,185.1,142548
2018-05-07 11:15:00+05:30,185.1,185.4,181.9,182.75,55953
2018-05-07 12:15:00+05:30,182.75,183.5,182.55,183.0,18054
2018-05-07 13:15:00+05:30,183.0,184.55,181.65,181.9,54031
2018-05-07 14:15:00+05:30,182.2,182.75,180.6,181.75,73022
2018-05-07 15:15:00+05:30,181.6,182.4,181.5,182.0,43705
2018-05-08 09:15:00+05:30,183.0,184.25,181.3,182.0,58813
2018-05-08 10:15:00+05:30,182.0,183.5,182.0,182.6,28621
2018-05-08 11:15:00+05:30,182.6,183.45,182.6,183.4,19113
2018-05-08 12:15:00+05:30,183.4,185.3,183.2,183.85,69888
2018-05-08 13:15:00+05:30,183.85,184.5,183.6,184.15,20882
2018-05-08 14:15:00+05:30,184.15,187.0,183.55,184.2,145846
2018-05-08 15:15:00+05:30,184.2,186.8,184.2,184.95,43822
2018-05-09 09:15:00+05:30,189.0,190.75,187.25,188.05,276626
2018-05-09 10:15:00+05:30,188.05,189.2,187.65,188.6,54457
2018-05-09 11:15:00+05:30,188.6,189.0,188.15,188.4,26943
2018-05-09 12:15:00+05:30,188.4,188.6,186.7,187.8,38993
2018-05-09 13:15:00+05:30,187.8,188.4,186.3,186.85,30733
2018-05-09 14:15:00+05:30,186.85,187.8,186.25,187.0,45772
2018-05-09 15:15:00+05:30,187.0,188.5,186.1,186.1,57270
2018-05-10 09:15:00+05:30,187.85,187.85,184.1,184.1,41174
2018-05-10 10:15:00+05:30,184.1,185.35,183.25,183.75,37585
2018-05-10 11:15:00+05:30,184.1,185.3,183.15,185.0,16693
2018-05-10 12:15:00+05:30,185.0,185.4,183.4,183.7,22780
2018-05-10 13:15:00+05:30,183.7,185.0,183.4,184.75,9612
2018-05-10 14:15:00+05:30,184.75,185.85,183.5,183.6,21274
2018-05-10 15:15:00+05:30,183.6,183.9,183.0,183.1,18621
2018-05-11 09:15:00+05:30,184.05,184.4,180.5,182.55,40623
2018-05-11 10:15:00+05:30,182.55,183.2,181.9,182.45,15682
2018-05-11 11:15:00+05:30,182.45,182.55,181.85,182.0,4080
2018-05-11 12:15:00+05:30,181.45,182.4,181.25,182.15,7490
2018-05-11 13:15:00+05:30,182.15,182.45,181.4,181.95,4065
2018-05-11 14:15:00+05:30,181.75,182.1,180.1,180.2,28168
2018-05-11 15:15:00+05:30,180.2,181.0,180.0,180.0,17231
2018-05-14 09:15:00+05:30,181.0,185.0,181.0,183.8,36547
2018-05-14 10:15:00+05:30,183.8,184.0,181.4,182.3,18752
2018-05-14 11:15:00+05:30,182.3,182.55,180.5,180.5,17567
2018-05-14 12:15:00+05:30,180.5,181.65,180.0,180.8,22246
2018-05-14 13:15:00+05:30,180.5,180.7,179.0,179.35,19513
2018-05-14 14:15:00+05:30,179.35,182.1,179.0,181.3,42584
2018-05-14 15:15:00+05:30,181.3,181.6,180.85,181.4,19009
2018-05-15 09:15:00+05:30,175.95,182.8,175.95,182.35,54041
2018-05-15 10:15:00+05:30,182.35,184.45,182.15,182.5,21629
2018-05-15 11:15:00+05:30,182.5,182.5,178.5,178.75,98583
2018-05-15 12:15:00+05:30,178.75,179.7,177.0,177.7,34889
2018-05-15 13:15:00+05:30,177.7,179.0,176.0,176.95,40270
2018-05-15 14:15:00+05:30,176.95,179.15,176.3,178.1,38088
2018-05-15 15:15:00+05:30,178.1,178.5,178.0,178.25,22581
2018-05-16 09:15:00+05:30,177.6,179.75,174.2,174.3,44529
2018-05-16 10:15:00+05:30,174.3,177.8,174.0,177.15,18710
2018-05-16 11:15:00+05:30,177.15,178.85,176.85,177.95,19478
2018-05-16 12:15:00+05:30,178.0,178.8,177.3,178.05,18398
2018-05-16 13:15:00+05:30,178.05,179.35,176.6,177.5,14729
2018-05-16 14:15:00+05:30,177.5,177.8,175.45,176.5,22746
2018-05-16 15:15:00+05:30,176.5,177.5,175.7,177.35,16417
2018-05-17 09:15:00+05:30,178.3,179.7,176.2,176.75,26916
2018-05-17 10:15:00+05:30,176.75,177.5,176.45,177.5,28430
2018-05-17 11:15:00+05:30,177.5,178.85,177.1,178.5,20473
2018-05-17 12:15:00+05:30,178.5,180.0,178.25,179.1,31710
2018-05-17 13:15:00+05:30,179.1,179.9,178.3,179.15,11729
2018-05-17 14:15:00+05:30,179.15,181.95,178.65,179.2,37497
2018-05-17 15:15:00+05:30,179.2,181.5,178.65,179.3,19181
2018-05-18 09:15:00+05:30,180.45,182.95,180.45,182.5,33249
2018-05-18 10:15:00+05:30,182.5,183.5,181.95,181.95,26007
2018-05-18 11:15:00+05:30,181.95,182.0,179.25,180.3,17276
2018-05-18 12:15:00+05:30,180.75,180.75,178.65,178.65,8787
2018-05-18 13:15:00+05:30,178.95,180.15,178.1,178.6,6762
2018-05-18 14:15:00+05:30,178.6,178.6,175.95,175.95,31968
2018-05-18 15:15:00+05:30,176.0,176.9,175.85,176.6,14049
2018-05-21 09:15:00+05:30,174.95,176.95,174.1,174.35,36099
2018-05-21 10:15:00+05:30,174.35,175.75,174.1,175.4,32296
2018-05-21 11:15:00+05:30,175.4,175.95,173.5,173.6,15595
2018-05-21 12:15:00+05:30,173.6,173.9,171.1,172.3,15558
2018-05-21 13:15:00+05:30,172.3,173.0,170.0,170.45,46093
2018-05-21 14:15:00+05:30,170.65,172.35,170.05,171.8,20279
2018-05-21 15:15:00+05:30,171.8,175.0,171.15,173.0,27495
2018-05-22 09:15:00+05:30,173.75,174.9,170.6,174.1,30614
2018-05-22 10:15:00+05:30,174.3,174.5,173.2,173.5,10854
2018-05-22 11:15:00+05:30,173.5,174.2,171.75,173.0,13034
2018-05-22 12:15:00+05:30,173.05,174.0,171.25,172.65,9605
2018-05-22 13:15:00+05:30,172.65,173.4,172.65,173.15,4516
2018-05-22 14:15:00+05:30,173.15,173.15,170.0,170.45,30252
2018-05-22 15:15:00+05:30,170.45,172.35,170.0,171.0,19019
2018-05-23 09:15:00+05:30,172.55,174.55,171.65,173.8,50196
2018-05-23 10:15:00+05:30,173.8,176.9,173.0,175.75,53450
2018-05-23 11:15:00+05:30,175.75,178.7,175.5,177.85,55843
2018-05-23 12:15:00+05:30,177.85,179.4,175.65,175.65,60182
2018-05-23 13:15:00+05:30,175.65,176.95,174.1,176.15,38270
2018-05-23 14:15:00+05:30,175.9,176.85,174.25,175.45,42721
2018-05-23 15:15:00+05:30,175.45,176.0,174.25,175.0,26749
2018-05-24 09:15:00+05:30,179.3,179.45,176.15,177.35,61941
2018-05-24 10:15:00+05:30,177.35,181.35,177.05,181.35,52185
2018-05-24 11:15:00+05:30,181.35,186.9,181.15,186.2,330876
2018-05-24 12:15:00+05:30,186.2,189.4,185.15,185.8,339978
2018-05-24 13:15:00+05:30,185.8,186.05,180.0,180.95,162303
2018-05-24 14:15:00+05:30,180.95,181.9,180.6,181.75,48569
2018-05-24 15:15:00+05:30,181.75,182.4,181.1,182.05,56004
2018-05-25 09:15:00+05:30,182.5,185.45,182.5,183.5,100420
2018-05-25 10:15:00+05:30,183.5,185.0,183.35,184.25,30164
2018-05-25 11:15:00+05:30,184.25,184.8,183.35,184.2,13409
2018-05-25 12:15:00+05:30,184.2,189.7,183.2,188.25,435075
2018-05-25 13:15:00+05:30,188.2,190.0,187.65,188.1,141773
2018-05-25 14:15:00+05:30,188.1,191.4,187.9,189.0,330981
2018-05-25 15:15:00+05:30,189.0,189.75,188.3,189.0,76054
2018-05-28 09:15:00+05:30,191.4,194.8,191.0,191.65,245521
2018-05-28 10:15:00+05:30,191.65,192.25,191.0,191.8,51795
2018-05-28 11:15:00+05:30,191.8,191.9,188.1,191.9,74959
2018-05-28 12:15:00+05:30,191.8,191.9,190.0,190.4,22697
2018-05-28 13:15:00+05:30,190.4,191.3,189.6,191.0,24990
2018-05-28 14:15:00+05:30,191.0,192.0,189.3,191.85,116841
2018-05-28 15:15:00+05:30,191.55,192.0,190.5,191.5,71993
2018-05-29 09:15:00+05:30,194.0,194.5,188.1,189.05,336186
2018-05-29 10:15:00+05:30,189.0,189.7,185.05,185.2,113216
2018-05-29 11:15:00+05:30,185.2,186.8,185.1,185.9,75112
2018-05-29 12:15:00+05:30,185.9,187.75,185.2,186.95,151941
2018-05-29 13:15:00+05:30,186.6,186.85,183.25,184.0,82080
2018-05-29 14:15:00+05:30,184.0,185.0,183.3,183.8,80938
2018-05-29 15:15:00+05:30,184.0,185.0,183.05,183.2,75305
2018-05-30 09:15:00+05:30,183.5,187.25,180.0,184.7,312298
2018-05-30 10:15:00+05:30,184.65,185.7,184.3,184.7,72539
2018-05-30 11:15:00+05:30,184.7,185.35,182.65,183.45,60068
2018-05-30 12:15:00+05:30,183.45,184.5,182.55,184.0,55323
2018-05-30 13:15:00+05:30,184.0,184.1,180.4,180.85,62699
2018-05-30 14:15:00+05:30,181.05,181.45,179.1,180.1,83295
2018-05-30 15:15:00+05:30,180.1,180.3,179.15,179.6,27659
2018-05-31 09:15:00+05:30,182.25,183.1,180.9,181.35,63489
2018-05-31 10:15:00+05:30,181.35,182.0,181.0,181.45,21609
2018-05-31 11:15:00+05:30,181.45,181.75,180.55,181.1,21308
2018-05-31 12:15:00+05:30,181.0,181.05,178.9,179.65,36841
2018-05-31 13:15:00+05:30,179.65,179.9,177.1,178.5,37205
2018-05-31 14:15:00+05:30,178.45,179.3,178.0,178.55,41288
2018-05-31 15:15:00+05:30,178.55,179.4,178.05,178.9,24803
2018-06-01 09:15:00+05:30,179.8,179.8,175.1,176.85,55858
2018-06-01 10:15:00+05:30,176.85,177.1,170.1,174.55,173243
2018-06-01 11:15:00+05:30,174.5,174.9,172.5,173.4,53028
2018-06-01 12:15:00+05:30,173.4,174.9,172.0,173.4,40247
2018-06-01 13:15:00+05:30,173.25,174.75,172.6,172.6,20977
2018-06-01 14:15:00+05:30,172.6,173.0,166.95,170.05,190164
2018-06-01 15:15:00+05:30,170.1,171.1,169.5,170.9,37690
2018-06-04 09:15:00+05:30,171.15,172.7,164.0,165.3,131002
2018-06-04 10:15:00+05:30,165.3,165.3,162.3,163.65,136395
2018-06-04 11:15:00+05:30,163.65,163.9,162.55,163.25,33557
2018-06-04 12:15:00+05:30,163.25,166.5,163.1,163.4,69693
2018-06-04 13:15:00+05:30,163.4,163.7,158.5,159.6,62582
2018-06-04 14:15:00+05:30,159.6,161.75,158.85,160.55,151795
2018-06-04 15:15:00+05:30,160.8,160.95,157.95,159.0,74456
2018-06-05 09:15:00+05:30,159.8,159.8,153.55,154.15,112719
2018-06-05 10:15:00+05:30,154.15,154.5,151.4,152.0,69673
2018-06-05 11:15:00+05:30,152.0,154.45,151.0,154.45,122642
2018-06-05 12:15:00+05:30,154.45,156.6,154.0,156.1,47028
2018-06-05 13:15:00+05:30,156.1,156.1,154.5,154.8,28569
2018-06-05 14:15:00+05:30,154.8,154.8,152.8,154.7,162589
2018-06-05 15:15:00+05:30,154.7,156.4,154.65,155.45,24060
2018-06-06 09:15:00+05:30,155.95,164.0,155.3,162.75,190951
2018-06-06 10:15:00+05:30,162.75,162.75,159.1,159.95,70335
2018-06-06 11:15:00+05:30,160.0,162.45,159.4,161.75,42963
2018-06-06 12:15:00+05:30,161.75,162.6,161.35,162.5,53480
2018-06-06 13:15:00+05:30,162.5,163.5,162.25,163.35,39354
2018-06-06 14:15:00+05:30,163.35,167.65,163.0,166.6,164211
2018-06-06 15:15:00+05:30,166.8,168.4,166.05,167.9,48206
2018-06-07 09:15:00+05:30,169.9,172.0,166.95,169.4,187398
2018-06-07 10:15:00+05:30,169.4,170.0,167.8,168.25,49815
2018-06-07 11:15:00+05:30,168.25,168.5,167.75,168.15,17554
2018-06-07 12:15:00+05:30,168.15,168.95,168.0,168.95,17178
2018-06-07 13:15:00+05:30,168.95,169.0,167.9,168.8,20588
2018-06-07 14:15:00+05:30,168.8,168.8,167.1,167.7,39427
2018-06-07 15:15:00+05:30,167.7,168.1,167.0,167.15,34993
2018-06-08 09:15:00+05:30,167.8,167.8,165.0,166.45,56876
2018-06-08 10:15:00+05:30,166.45,166.9,165.95,166.15,16727
2018-06-08 11:15:00+05:30,166.15,167.7,165.9,167.4,27196
2018-06-08 12:15:00+05:30,167.4,167.6,166.5,167.0,14603
2018-06-08 13:15:00+05:30,167.0,170.9,166.85,168.45,57518
2018-06-08 14:15:00+05:30,168.45,170.0,168.1,169.1,28366
2018-06-08 15:15:00+05:30,169.0,169.45,167.2,168.1,30017
2018-06-11 09:15:00+05:30,168.6,172.0,168.35,171.4,84925
2018-06-11 10:15:00+05:30,171.4,171.5,171.0,171.0,22499
2018-06-11 11:15:00+05:30,171.0,171.0,170.0,170.3,18883
2018-06-11 12:15:00+05:30,170.3,170.7,170.0,170.1,9539
2018-06-11 13:15:00+05:30,170.1,170.3,169.45,170.2,14958
2018-06-11 14:15:00+05:30,170.2,170.3,169.75,170.05,45913
2018-06-11 15:15:00+05:30,170.05,170.5,169.95,170.5,30455
2018-06-12 09:15:00+05:30,170.75,171.9,168.65,171.3,36001
2018-06-12 10:15:00+05:30,171.3,172.9,170.15,172.3,54376
2018-06-12 11:15:00+05:30,172.3,174.65,171.75,173.1,90992
2018-06-12 12:15:00+05:30,173.1,173.4,171.5,172.5,29086
2018-06-12 13:15:00+05:30,172.5,173.45,171.8,172.5,17797
2018-06-12 14:15:00+05:30,172.5,173.0,171.65,171.9,21265
2018-06-12 15:15:00+05:30,171.9,172.0,171.1,171.9,23541
2018-06-13 09:15:00+05:30,172.2,173.4,170.2,170.6,51272
2018-06-13 10:15:00+05:30,170.6,170.85,169.25,170.25,15802
2018-06-13 11:15:00+05:30,170.25,171.05,169.55,169.7,15622
2018-06-13 12:15:00+05:30,169.7,170.5,168.65,169.75,40964
2018-06-13 13:15:00+05:30,169.75,170.0,168.85,169.3,16360
2018-06-13 14:15:00+05:30,169.3,169.7,167.6,168.0,31106
2018-06-13 15:15:00+05:30,168.0,168.6,167.55,168.5,10348
2018-06-14 09:15:00+05:30,168.2,169.1,167.25,168.05,29464
2018-06-14 10:15:00+05:30,168.05,168.8,167.5,167.9,13717
2018-06-14 11:15:00+05:30,167.9,168.0,166.6,167.05,9988
2018-06-14 12:15:00+05:30,167.05,170.3,166.75,168.7,72435
2018-06-14 13:15:00+05:30,168.7,169.75,167.2,167.7,24785
2018-06-14 14:15:00+05:30,167.7,168.3,167.6,167.7,20231
2018-06-14 15:15:00+05:30,167.7,168.0,167.3,168.0,21051
2018-06-15 09:15:00+05:30,167.65,168.0,166.65,167.0,22358
2018-06-15 10:15:00+05:30,167.0,167.75,166.5,167.0,5701
2018-06-15 11:15:00+05:30,167.0,167.45,166.25,166.45,7185
2018-06-15 12:15:00+05:30,166.45,166.65,165.1,165.1,10531
2018-06-15 13:15:00+05:30,165.1,165.75,164.6,165.5,15227
2018-06-15 14:15:00+05:30,165.5,167.75,165.5,167.0,55849
2018-06-15 15:15:00+05:30,167.0,167.3,167.0,167.3,6856
2018-06-18 09:15:00+05:30,166.05,167.7,165.3,165.35,27507
2018-06-18 10:15:00+05:30,166.25,167.5,165.35,167.2,25387
2018-06-18 11:15:00+05:30,167.2,168.0,167.0,167.95,21797
2018-06-18 12:15:00+05:30,167.95,167.95,167.25,167.5,8271
2018-06-18 13:15:00+05:30,167.5,167.95,167.25,167.55,6795
2018-06-18 14:15:00+05:30,167.55,167.9,167.0,167.4,18358
2018-06-18 15:15:00+05:30,167.4,167.9,167.0,167.9,14583
2018-06-19 09:15:00+05:30,165.0,167.1,164.85,166.15,21440
2018-06-19 10:15:00+05:30,166.15,166.15,165.1,165.5,11064
2018-06-19 11:15:00+05:30,165.5,166.0,164.3,164.9,15722
2018-06-19 12:15:00+05:30,164.9,170.4,164.45,165.9,85561
2018-06-19 13:15:00+05:30,165.9,166.9,165.8,166.9,6283
2018-06-19 14:15:00+05:30,166.9,167.0,165.9,166.0,16987
2018-06-19 15:15:00+05:30,166.05,166.4,165.8,166.1,16835
2018-06-20 09:15:00+05:30,166.75,167.75,165.5,167.15,37440
2018-06-20 10:15:00+05:30,167.15,167.25,166.3,166.85,9930
2018-06-20 11:15:00+05:30,166.85,166.85,166.0,166.7,7656
2018-06-20 12:15:00+05:30,166.7,167.5,166.05,167.1,30043
2018-06-20 13:15:00+05:30,167.1,167.5,166.85,167.1,5521
2018-06-20 14:15:00+05:30,167.1,167.3,166.9,167.05,14830
2018-06-20 15:15:00+05:30,167.05,167.25,166.9,167.2,16083
2018-06-21 09:15:00+05:30,167.9,167.9,165.45,167.3,22411
2018-06-21 10:15:00+05:30,167.3,167.3,166.6,166.6,7017
2018-06-21 11:15:00+05:30,166.75,167.3,166.1,167.2,13382
2018-06-21 12:15:00+05:30,167.2,167.25,167.0,167.0,6291
2018-06-21 13:15:00+05:30,167.0,167.25,166.45,166.95,9236
2018-06-21 14:15:00+05:30,166.95,167.15,166.9,167.0,22834
2018-06-21 15:15:00+05:30,167.0,167.95,167.0,167.0,18495
2018-06-22 09:15:00+05:30,166.95,167.35,165.8,167.15,15907
2018-06-22 10:15:00+05:30,167.15,167.35,166.8,167.0,4653
2018-06-22 11:15:00+05:30,167.0,167.3,166.65,166.65,17536
2018-06-22 12:15:00+05:30,166.65,166.75,165.2,165.7,13855
2018-06-22 13:15:00+05:30,165.9,166.05,163.85,165.5,17118
2018-06-22 14:15:00+05:30,165.5,165.8,163.25,163.8,21434
2018-06-22 15:15:00+05:30,163.8,164.35,163.25,163.6,10400
2018-06-25 09:15:00+05:30,163.75,168.7,163.5,167.0,37781
2018-06-25 10:15:00+05:30,167.0,167.6,166.1,166.8,35176
2018-06-25 11:15:00+05:30,166.8,167.8,166.0,167.1,25048
2018-06-25 12:15:00+05:30,167.1,168.6,166.75,167.65,22107
2018-06-25 13:15:00+05:30,167.65,168.0,167.2,167.7,10965
2018-06-25 14:15:00+05:30,167.7,168.6,166.2,167.45,25012
2018-06-25 15:15:00+05:30,167.45,168.0,166.6,167.5,22657
2018-06-26 09:15:00+05:30,166.05,166.5,161.8,163.55,37164
2018-06-26 10:15:00+05:30,163.55,164.5,163.2,163.85,10424
2018-06-26 11:15:00+05:30,164.0,165.5,163.1,165.05,39450
2018-06-26 12:15:00+05:30,165.05,167.3,165.0,166.85,26195
2018-06-26 13:15:00+05:30,166.85,167.65,166.4,167.0,18907
2018-06-26 14:15:00+05:30,167.0,167.4,162.9,162.9,40800
2018-06-26 15:15:00+05:30,162.9,163.55,162.7,163.0,11323
2018-06-27 09:15:00+05:30,163.55,164.7,163.0,163.85,21296
2018-06-27 10:15:00+05:30,163.85,164.2,163.6,164.0,7099
2018-06-27 11:15:00+05:30,164.0,164.35,163.05,163.55,25232
2018-06-27 12:15:00+05:30,163.55,165.8,162.5,162.75,55450
2018-06-27 13:15:00+05:30,162.75,166.2,162.55,163.6,26222
2018-06-27 14:15:00+05:30,163.6,165.6,163.0,165.0,31423
2018-06-27 15:15:00+05:30,165.0,165.0,163.25,164.0,8458
2018-06-28 09:15:00+05:30,165.45,165.45,161.9,162.0,22972
2018-06-28 10:15:00+05:30,162.0,162.6,156.55,156.8,44412
2018-06-28 11:15:00+05:30,156.65,156.95,152.25,154.35,87449
2018-06-28 12:15:00+05:30,154.35,154.75,151.0,151.85,77478
2018-06-28 13:15:00+05:30,151.8,152.95,151.6,152.75,137735
2018-06-28 14:15:00+05:30,152.75,164.0,152.2,164.0,182400
2018-06-28 15:15:00+05:30,164.0,165.0,162.05,163.0,36087
2018-06-29 09:15:00+05:30,163.8,164.4,159.6,162.5,37505
2018-06-29 10:15:00+05:30,162.5,163.0,162.0,162.9,17176
2018-06-29 11:15:00+05:30,162.9,177.5,162.0,168.25,204624
2018-06-29 12:15:00+05:30,168.25,172.0,167.05,168.8,154205
2018-06-29 13:15:00+05:30,168.9,170.95,167.65,168.0,82181
2018-06-29 14:15:00+05:30,168.0,168.9,167.0,167.15,89148
2018-06-29 15:15:00+05:30,167.1,167.1,165.2,165.85,57738
2018-07-02 09:15:00+05:30,168.6,168.6,164.25,165.5,65689
2018-07-02 10:15:00+05:30,165.5,165.5,161.2,161.5,33003
2018-07-02 11:15:00+05:30,161.1,161.55,159.1,161.05,36625
2018-07-02 12:15:00+05:30,161.05,161.6,158.6,158.95,38911
2018-07-02 13:15:00+05:30,158.95,160.25,158.65,159.0,30645
2018-07-02 14:15:00+05:30,159.0,160.2,158.75,158.75,35929
2018-07-02 15:15:00+05:30,158.75,159.6,158.1,158.7,20466
2018-07-03 09:15:00+05:30,159.0,160.35,157.05,158.7,34457
2018-07-03 10:15:00+05:30,158.7,158.75,157.3,158.5,11466
2018-07-03 11:15:00+05:30,158.5,159.4,157.1,159.0,37251
2018-07-03 12:15:00+05:30,159.0,159.4,158.35,159.0,19576
2018-07-03 13:15:00+05:30,159.0,159.0,158.05,158.8,6883
2018-07-03 14:15:00+05:30,158.65,159.55,158.0,158.95,26395
2018-07-03 15:15:00+05:30,159.0,159.5,158.1,158.8,10939
2018-07-04 09:15:00+05:30,158.9,163.95,156.1,163.7,94191
2018-07-04 10:15:00+05:30,163.7,165.95,162.45,163.0,84802
2018-07-04 11:15:00+05:30,163.0,165.0,162.35,164.15,42583
2018-07-04 12:15:00+05:30,164.2,164.2,162.7,162.8,10686
2018-07-04 13:15:00+05:30,162.8,163.3,161.95,162.45,14647
2018-07-04 14:15:00+05:30,162.5,165.55,162.05,162.8,43903
2018-07-04 15:15:00+05:30,162.8,162.85,160.2,161.55,33372
2018-07-05 09:15:00+05:30,161.75,164.25,160.25,163.25,24452
2018-07-05 10:15:00+05:30,163.4,163.5,162.35,162.8,5706
2018-07-05 11:15:00+05:30,162.8,163.5,161.5,162.0,21583
2018-07-05 12:15:00+05:30,162.0,163.4,161.5,163.3,7549
2018-07-05 13:15:00+05:30,163.3,163.3,161.55,161.55,858604
2018-07-05 14:15:00+05:30,161.55,164.75,159.25,159.8,121145
2018-07-05 15:15:00+05:30,159.8,160.25,158.5,159.0,19028
2018-07-06 09:15:00+05:30,159.6,161.85,158.3,161.2,34998
2018-07-06 10:15:00+05:30,161.2,162.3,159.5,161.45,27663
2018-07-06 11:15:00+05:30,161.5,161.8,159.95,160.25,15224
2018-07-06 12:15:00+05:30,160.25,160.5,159.6,160.45,14965
2018-07-06 13:15:00+05:30,160.45,161.8,160.15,161.0,17013
2018-07-06 14:15:00+05:30,161.0,161.55,159.65,160.25,20288
2018-07-06 15:15:00+05:30,160.25,160.3,159.0,159.6,10924
2018-07-09 09:15:00+05:30,161.4,162.05,160.25,161.5,19664
2018-07-09 10:15:00+05:30,161.15,161.7,160.45,160.95,7549
2018-07-09 11:15:00+05:30,161.0,161.15,160.65,160.9,5155
2018-07-09 12:15:00+05:30,160.9,160.9,160.1,160.8,3424
2018-07-09 13:15:00+05:30,160.95,161.4,160.65,161.15,10967
2018-07-09 14:15:00+05:30,161.15,164.0,160.0,162.4,55198
2018-07-09 15:15:00+05:30,162.4,162.45,161.5,161.8,17115
2018-07-10 09:15:00+05:30,162.7,164.3,161.25,163.45,46345
2018-07-10 10:15:00+05:30,163.4,163.7,162.0,163.1,24084
2018-07-10 11:15:00+05:30,163.1,163.6,162.45,163.0,12467
2018-07-10 12:15:00+05:30,163.0,163.5,161.95,162.0,16296
2018-07-10 13:15:00+05:30,162.0,162.4,161.8,162.0,10177
2018-07-10 14:15:00+05:30,162.0,162.0,160.3,160.4,50036
2018-07-10 15:15:00+05:30,160.4,160.8,159.35,160.75,37901
2018-07-11 09:15:00+05:30,159.95,163.5,159.95,163.0,75835
2018-07-11 10:15:00+05:30,163.0,163.0,161.5,161.5,24104
2018-07-11 11:15:00+05:30,161.5,162.35,161.0,161.7,293383
2018-07-11 12:15:00+05:30,161.4,161.95,161.0,161.4,15807
2018-07-11 13:15:00+05:30,161.4,161.9,159.65,159.85,51097
2018-07-11 14:15:00+05:30,159.85,161.5,159.7,160.75,24996
2018-07-11 15:15:00+05:30,160.5,160.5,159.15,159.9,15288
2018-07-12 09:15:00+05:30,160.9,162.15,160.85,161.2,20721
2018-07-12 10:15:00+05:30,161.2,161.8,160.9,161.5,8399
2018-07-12 11:15:00+05:30,161.5,161.8,161.05,161.5,8627
2018-07-12 12:15:00+05:30,161.5,161.7,160.8,161.0,14886
2018-07-12 13:15:00+05:30,161.0,161.5,159.5,159.55,17361
2018-07-12 14:15:00+05:30,159.55,160.5,159.1,160.5,31687
2018-07-12 15:15:00+05:30,160.5,163.7,160.5,163.0,66654
2018-07-13 09:15:00+05:30,162.65,162.7,159.3,160.0,16122
2018-07-13 10:15:00+05:30,160.0,160.65,156.8,157.4,31540
2018-07-13 11:15:00+05:30,157.4,157.4,156.9,156.9,16841
2018-07-13 12:15:00+05:30,156.9,157.4,154.85,155.6,53143
2018-07-13 13:15:00+05:30,155.6,157.65,155.2,156.85,13160
2018-07-13 14:15:00+05:30,156.85,157.35,156.3,157.2,14341
2018-07-13 15:15:00+05:30,157.1,157.35,155.9,156.75,14155
2018-07-16 09:15:00+05:30,157.0,157.65,154.3,154.55,24406
2018-07-16 10:15:00+05:30,154.55,155.1,153.7,154.5,12159
2018-07-16 11:15:00+05:30,154.5,156.6,154.0,154.95,18383
2018-07-16 12:15:00+05:30,154.95,156.3,154.05,155.95,8740
2018-07-16 13:15:00+05:30,155.95,155.95,155.0,155.0,9729
2018-07-16 14:15:00+05:30,155.0,155.05,152.0,152.7,32421
2018-07-16 15:15:00+05:30,152.7,152.7,150.6,151.7,30419
2018-07-17 09:15:00+05:30,153.0,153.6,151.35,153.15,20014
2018-07-17 10:15:00+05:30,153.15,153.5,152.4,153.05,8129
2018-07-17 11:15:00+05:30,153.05,155.25,152.6,154.5,16042
2018-07-17 12:15:00+05:30,154.5,154.75,153.65,154.75,8970
2018-07-17 13:15:00+05:30,154.75,156.0,153.65,155.0,15797
2018-07-17 14:15:00+05:30,155.0,155.15,153.7,154.0,11688
2018-07-17 15:15:00+05:30,154.0,154.55,153.0,153.3,8911
2018-07-18 09:15:00+05:30,154.05,155.3,153.5,155.0,21717
2018-07-18 10:15:00+05:30,154.65,155.0,153.65,154.2,13278
2018-07-18 11:15:00+05:30,154.2,154.6,153.0,153.4,14968
2018-07-18 12:15:00+05:30,153.4,153.4,149.75,151.45,19201
2018-07-18 13:15:00+05:30,151.45,151.95,150.5,151.1,7829
2018-07-18 14:15:00+05:30,151.1,151.7,150.0,150.3,13411
2018-07-18 15:15:00+05:30,150.3,150.45,148.95,149.0,12967
2018-07-19 09:15:00+05:30,150.0,150.1,144.3,145.2,39999
2018-07-19 10:15:00+05:30,145.2,147.3,145.2,146.7,13927
2018-07-19 11:15:00+05:30,146.7,147.1,146.4,146.5,6613
2018-07-19 12:15:00+05:30,146.5,146.8,144.7,145.3,16025
2018-07-19 13:15:00+05:30,145.3,145.75,142.5,143.4,34562
2018-07-19 14:15:00+05:30,143.4,145.5,142.15,144.5,33113
2018-07-19 15:15:00+05:30,144.5,145.85,144.0,144.3,15954
2018-07-20 09:15:00+05:30,144.05,145.3,143.05,144.1,21201
2018-07-20 10:15:00+05:30,144.1,144.6,143.25,144.2,10265
2018-07-20 11:15:00+05:30,144.2,144.95,143.6,144.2,7993
2018-07-20 12:15:00+05:30,144.2,144.7,143.2,144.7,13376
2018-07-20 13:15:00+05:30,144.7,144.9,144.1,144.25,11399
2018-07-20 14:15:00+05:30,144.25,146.2,144.15,146.05,26931
2018-07-20 15:15:00+05:30,146.05,148.85,146.0,146.35,17046
2018-07-23 09:15:00+05:30,147.4,147.9,146.25,147.1,15957
2018-07-23 10:15:00+05:30,147.1,147.4,143.8,145.35,30119
2018-07-23 11:15:00+05:30,145.35,145.95,144.0,145.1,7658
2018-07-23 12:15:00+05:30,145.1,146.0,143.2,144.5,6469
2018-07-23 13:15:00+05:30,144.3,146.0,144.05,144.65,11221
2018-07-23 14:15:00+05:30,144.65,145.45,144.05,144.65,16420
2018-07-23 15:15:00+05:30,144.65,144.95,144.15,144.95,6974
2018-07-24 09:15:00+05:30,144.65,150.0,144.5,148.0,35436
2018-07-24 10:15:00+05:30,148.0,153.4,148.0,153.0,64953
2018-07-24 11:15:00+05:30,152.85,164.0,152.6,160.2,288232
2018-07-24 12:15:00+05:30,160.15,160.5,157.5,158.4,44119
2018-07-24 13:15:00+05:30,158.4,160.0,158.4,159.3,16518
2018-07-24 14:15:00+05:30,159.3,159.7,158.0,158.5,26125
2018-07-24 15:15:00+05:30,158.5,158.9,157.0,158.25,26289
2018-07-25 09:15:00+05:30,158.15,159.5,155.05,155.5,25815
2018-07-25 10:15:00+05:30,155.5,156.75,154.35,155.65,13759
2018-07-25 11:15:00+05:30,155.65,157.05,155.5,157.0,4769
2018-07-25 12:15:00+05:30,157.0,161.5,157.0,160.0,34082
2018-07-25 13:15:00+05:30,160.0,162.0,159.2,159.7,22326
2018-07-25 14:15:00+05:30,159.7,161.15,158.75,160.2,33124
2018-07-25 15:15:00+05:30,160.2,162.55,158.5,158.5,39361
2018-07-26 09:15:00+05:30,160.0,161.35,158.45,159.15,27374
2018-07-26 10:15:00+05:30,158.75,159.25,156.35,158.0,18005
2018-07-26 11:15:00+05:30,158.0,158.6,157.0,158.0,9287
2018-07-26 12:15:00+05:30,158.0,159.95,158.0,159.75,14783
2018-07-26 13:15:00+05:30,159.75,160.75,159.5,160.6,16505
2018-07-26 14:15:00+05:30,160.75,161.4,159.85,160.05,65384
2018-07-26 15:15:00+05:30,160.05,160.5,159.4,160.05,11916
2018-07-27 09:15:00+05:30,160.0,161.4,158.1,158.95,22216
2018-07-27 10:15:00+05:30,158.95,160.0,158.5,159.3,16444
2018-07-27 11:15:00+05:30,159.3,159.95,158.15,158.5,6274
2018-07-27 12:15:00+05:30,158.5,159.7,158.3,158.5,4477
2018-07-27 13:15:00+05:30,158.5,159.6,158.35,158.45,7270
2018-07-27 14:15:00+05:30,158.45,159.25,156.9,157.4,83922
2018-07-27 15:15:00+05:30,157.0,158.5,156.4,158.5,10769
2018-07-30 09:15:00+05:30,158.6,158.65,157.25,157.55,26984
2018-07-30 10:15:00+05:30,157.55,158.0,157.55,158.0,6716
2018-07-30 11:15:00+05:30,158.0,159.05,157.95,158.45,11099
2018-07-30 12:15:00+05:30,158.45,159.5,157.85,158.15,8211
2018-07-30 13:15:00+05:30,158.15,158.15,157.2,158.0,219028
2018-07-30 14:15:00+05:30,158.0,158.25,157.35,157.7,9597
2018-07-30 15:15:00+05:30,157.7,158.9,157.1,157.1,10679
2018-07-31 09:15:00+05:30,158.6,162.25,158.1,160.05,41439
2018-07-31 10:15:00+05:30,160.05,161.3,159.85,160.95,9313
2018-07-31 11:15:00+05:30,160.95,161.0,159.65,159.65,9474
2018-07-31 12:15:00+05:30,159.65,160.0,159.5,159.7,4202
2018-07-31 13:15:00+05:30,159.7,160.0,159.55,160.0,5367
2018-07-31 14:15:00+05:30,160.0,169.75,159.65,163.85,621547
2018-07-31 15:15:00+05:30,163.85,164.85,163.0,164.0,79366
2018-08-01 09:15:00+05:30,162.5,164.5,161.5,162.0,66713
2018-08-01 10:15:00+05:30,162.0,162.55,161.0,161.5,24266
2018-08-01 11:15:00+05:30,161.5,161.9,160.3,161.45,15058
2018-08-01 12:15:00+05:30,161.45,161.65,161.05,161.05,9149
2018-08-01 13:15:00+05:30,161.05,161.05,159.35,159.7,30714
2018-08-01 14:15:00+05:30,159.7,160.9,159.25,159.7,27347
2018-08-01 15:15:00+05:30,159.75,160.05,159.05,159.05,18568
2018-08-02 09:15:00+05:30,159.5,159.5,155.1,156.0,79823
2018-08-02 10:15:00+05:30,156.0,156.0,154.25,154.95,49073
2018-08-02 11:15:00+05:30,154.95,155.55,154.75,155.3,17947
2018-08-02 12:15:00+05:30,155.3,155.55,155.1,155.3,14684
2018-08-02 13:15:00+05:30,155.3,155.5,154.5,154.95,21495
2018-08-02 14:15:00+05:30,154.95,155.2,154.0,154.2,55839
2018-08-02 15:15:00+05:30,154.2,154.5,153.0,154.5,30669
2018-08-03 09:15:00+05:30,155.05,156.55,153.05,155.45,78616
2018-08-03 10:15:00+05:30,155.45,155.45,154.35,154.8,35263
2018-08-03 11:15:00+05:30,154.8,155.95,154.55,155.0,58594
2018-08-03 12:15:00+05:30,155.0,155.2,154.6,154.6,16240
2018-08-03 13:15:00+05:30,154.6,155.7,154.6,155.0,16073
2018-08-03 14:15:00+05:30,155.0,155.0,153.55,154.0,35383
2018-08-03 15:15:00+05:30,154.0,154.3,153.55,153.9,17040
2018-08-06 09:15:00+05:30,155.0,158.75,155.0,157.1,44282
2018-08-06 10:15:00+05:30,157.1,157.55,156.3,156.8,24124
2018-08-06 11:15:00+05:30,156.8,156.85,156.0,156.0,22012
2018-08-06 12:15:00+05:30,156.0,156.05,155.25,155.9,16672
2018-08-06 13:15:00+05:30,155.8,156.0,155.6,155.9,24500
2018-08-06 14:15:00+05:30,155.95,157.4,155.55,156.4,42266
2018-08-06 15:15:00+05:30,156.4,156.55,155.0,155.1,27983
2018-08-07 09:15:00+05:30,156.5,157.25,154.7,156.0,37453
2018-08-07 10:15:00+05:30,156.0,158.95,155.0,157.0,105833
2018-08-07 11:15:00+05:30,157.0,157.2,156.45,157.0,33324
2018-08-07 12:15:00+05:30,157.0,157.25,156.7,157.0,15279
2018-08-07 13:15:00+05:30,157.0,157.3,156.75,157.0,40158
2018-08-07 14:15:00+05:30,157.0,157.25,156.5,157.05,27548
2018-08-07 15:15:00+05:30,157.0,157.15,156.6,156.95,20941
2018-08-08 09:15:00+05:30,157.0,158.4,156.95,157.5,59210
2018-08-08 10:15:00+05:30,157.5,161.85,157.5,160.9,95518
2018-08-08 11:15:00+05:30,160.9,161.0,159.7,159.9,28754
2018-08-08 12:15:00+05:30,160.15,161.5,159.5,160.8,55800
2018-08-08 13:15:00+05:30,160.8,161.5,160.5,160.9,34879
2018-08-08 14:15:00+05:30,160.95,161.25,157.35,159.15,65987
2018-08-08 15:15:00+05:30,159.15,160.0,158.6,159.5,50702
2018-08-09 09:15:00+05:30,159.6,163.45,155.0,162.0,288233
2018-08-09 10:15:00+05:30,162.0,163.15,160.55,161.05,145677
2018-08-09 11:15:00+05:30,161.05,161.15,158.55,158.55,70812
2018-08-09 12:15:00+05:30,158.55,160.9,158.55,159.8,38266
2018-08-09 13:15:00+05:30,159.8,159.95,158.6,159.2,15156
2018-08-09 14:15:00+05:30,159.2,159.3,157.25,157.6,41692
2018-08-09 15:15:00+05:30,157.6,157.6,155.05,156.0,49593
2018-08-10 09:15:00+05:30,158.8,158.95,156.8,157.7,36232
2018-08-10 10:15:00+05:30,157.5,158.2,157.35,157.9,36052
2018-08-10 11:15:00+05:30,158.0,158.3,157.6,157.95,42960
2018-08-10 12:15:00+05:30,157.95,158.15,157.25,157.9,10390
2018-08-10 13:15:00+05:30,157.85,158.2,157.0,158.0,16971
2018-08-10 14:15:00+05:30,158.0,158.05,156.5,157.0,94061
2018-08-10 15:15:00+05:30,157.0,157.3,154.55,154.7,46941
2018-08-13 09:15:00+05:30,154.0,154.8,152.35,153.0,39103
2018-08-13 10:15:00+05:30,152.6,153.75,152.45,153.5,18722
2018-08-13 11:15:00+05:30,153.5,155.95,152.8,154.75,57579
2018-08-13 12:15:00+05:30,154.75,154.95,154.25,154.5,64146
2018-08-13 13:15:00+05:30,154.5,154.8,153.6,154.7,339641
2018-08-13 14:15:00+05:30,154.6,155.5,152.85,154.2,29655
2018-08-13 15:15:00+05:30,154.15,154.5,153.1,154.5,19484
2018-08-14 09:15:00+05:30,154.1,156.55,154.0,154.45,448994
2018-08-14 10:15:00+05:30,154.45,154.95,153.1,153.3,12540
2018-08-14 11:15:00+05:30,153.3,155.0,153.25,154.45,14386
2018-08-14 12:15:00+05:30,154.45,154.5,152.65,152.9,17152
2018-08-14 13:15:00+05:30,152.9,153.5,152.9,153.4,4269
2018-08-14 14:15:00+05:30,153.4,154.0,152.55,153.65,21547
2018-08-14 15:15:00+05:30,153.65,155.9,153.65,154.65,71504
2018-08-16 09:15:00+05:30,153.15,155.5,153.15,154.05,28836
2018-08-16 10:15:00+05:30,154.2,155.25,153.55,154.95,33038
2018-08-16 11:15:00+05:30,154.95,155.1,154.65,154.8,11903
2018-08-16 12:15:00+05:30,154.8,155.1,154.25,154.5,14419
2018-08-16 13:15:00+05:30,154.5,154.65,153.75,154.0,12993
2018-08-16 14:15:00+05:30,154.0,154.2,152.65,152.95,18898
2018-08-16 15:15:00+05:30,152.95,153.25,152.0,152.2,14114
2018-08-17 09:15:00+05:30,154.4,155.5,152.5,153.65,52437
2018-08-17 10:15:00+05:30,153.65,153.8,152.6,153.3,14621
2018-08-17 11:15:00+05:30,153.3,155.1,153.3,153.95,76547
2018-08-17 12:15:00+05:30,153.95,154.05,153.05,153.05,17849
2018-08-17 13:15:00+05:30,153.05,153.25,152.4,153.0,17561
2018-08-17 14:15:00+05:30,153.0,153.25,152.6,153.0,250143
2018-08-17 15:15:00+05:30,153.0,153.0,152.3,152.35,16309
2018-08-20 09:15:00+05:30,154.1,155.0,153.0,154.4,23867
2018-08-20 10:15:00+05:30,154.4,154.75,153.5,154.15,9744
2018-08-20 11:15:00+05:30,154.15,154.3,153.5,153.95,8879
2018-08-20 12:15:00+05:30,153.95,155.0,153.6,154.45,12666
2018-08-20 13:15:00+05:30,154.45,157.9,154.25,157.7,52379
2018-08-20 14:15:00+05:30,157.7,157.75,155.4,155.4,30855
2018-08-20 15:15:00+05:30,155.4,156.5,154.55,154.8,17769
2018-08-21 09:15:00+05:30,156.4,158.7,155.0,158.1,48362
2018-08-21 10:15:00+05:30,158.1,160.9,157.25,157.35,121592
2018-08-21 11:15:00+05:30,157.35,158.9,157.35,158.35,22082
2018-08-21 12:15:00+05:30,158.35,159.3,158.0,158.55,19502
2018-08-21 13:15:00+05:30,158.55,159.5,158.0,158.5,14612
2018-08-21 14:15:00+05:30,158.5,160.0,158.15,158.65,32688
2018-08-21 15:15:00+05:30,158.55,159.5,157.55,157.8,21204
2018-08-23 09:15:00+05:30,159.15,162.3,156.7,156.9,36958
2018-08-23 10:15:00+05:30,156.9,157.75,156.25,156.55,15188
2018-08-23 11:15:00+05:30,156.55,160.1,156.35,159.65,31087
2018-08-23 12:15:00+05:30,159.65,160.1,157.35,159.25,32380
2018-08-23 13:15:00+05:30,159.25,159.65,159.0,159.0,17711
2018-08-23 14:15:00+05:30,159.0,159.3,157.3,158.75,26257
2018-08-23 15:15:00+05:30,158.65,159.0,157.75,158.4,9003
2018-08-24 09:15:00+05:30,156.65,158.55,156.5,156.95,15346
2018-08-24 10:15:00+05:30,156.95,158.1,156.2,157.25,24177
2018-08-24 11:15:00+05:30,157.25,157.4,155.4,155.5,13743
2018-08-24 12:15:00+05:30,155.5,155.7,153.5,154.0,34646
2018-08-24 13:15:00+05:30,154.0,154.5,153.8,153.95,22236
2018-08-24 14:15:00+05:30,153.95,155.25,153.95,154.5,17562
2018-08-24 15:15:00+05:30,154.65,155.0,154.5,154.55,9530
2018-08-27 09:15:00+05:30,155.35,156.6,153.8,154.3,31684
2018-08-27 10:15:00+05:30,153.95,155.0,153.95,154.95,10165
2018-08-27 11:15:00+05:30,154.95,155.0,154.25,154.25,4850
2018-08-27 12:15:00+05:30,154.25,155.0,154.25,154.85,4598
2018-08-27 13:15:00+05:30,154.85,154.95,154.0,154.5,11796
2018-08-27 14:15:00+05:30,154.5,155.0,154.15,154.8,15611
2018-08-27 15:15:00+05:30,154.8,154.8,153.95,154.0,11430
2018-08-28 09:15:00+05:30,155.1,158.0,154.7,157.45,33549
2018-08-28 10:15:00+05:30,157.45,157.45,155.7,156.2,13121
2018-08-28 11:15:00+05:30,156.2,157.0,156.1,156.3,14307
2018-08-28 12:15:00+05:30,156.3,156.9,155.75,155.85,10971
2018-08-28 13:15:00+05:30,155.85,156.5,155.0,155.55,11867
2018-08-28 14:15:00+05:30,155.5,155.5,154.1,154.95,12674
2018-08-28 15:15:00+05:30,154.95,154.95,154.0,154.05,13685
2018-08-29 09:15:00+05:30,154.55,155.9,154.1,154.35,14418
2018-08-29 10:15:00+05:30,154.15,154.8,153.65,154.4,20132
2018-08-29 11:15:00+05:30,154.4,154.8,154.3,154.5,9475
2018-08-29 12:15:00+05:30,154.5,154.75,154.05,154.5,8183
2018-08-29 13:15:00+05:30,154.5,155.45,154.1,155.1,15684
2018-08-29 14:15:00+05:30,155.0,155.4,154.75,154.75,23605
2018-08-29 15:15:00+05:30,154.75,154.75,154.0,154.1,12128
2018-08-30 09:15:00+05:30,155.4,155.5,153.5,154.35,18226
2018-08-30 10:15:00+05:30,154.35,154.75,153.45,154.0,22969
2018-08-30 11:15:00+05:30,154.0,154.6,153.5,154.0,5784
2018-08-30 12:15:00+05:30,154.0,154.2,153.6,153.85,6603
2018-08-30 13:15:00+05:30,153.85,153.95,153.25,153.5,11982
2018-08-30 14:15:00+05:30,153.5,153.85,153.0,153.15,17784
2018-08-30 15:15:00+05:30,153.15,153.4,152.2,153.25,16852
2018-08-31 09:15:00+05:30,153.65,153.65,152.1,152.45,45812
2018-08-31 10:15:00+05:30,152.45,153.3,152.25,152.5,37922
2018-08-31 11:15:00+05:30,152.5,153.1,152.45,152.6,9093
2018-08-31 12:15:00+05:30,152.6,152.95,152.5,152.55,5806
2018-08-31 13:15:00+05:30,152.55,153.0,152.45,152.75,7976
2018-08-31 14:15:00+05:30,152.75,153.0,152.4,152.6,23892
2018-08-31 15:15:00+05:30,152.6,152.6,152.3,152.3,13633
2018-09-03 09:15:00+05:30,152.55,154.0,152.35,152.6,19685
2018-09-03 10:15:00+05:30,152.5,153.5,152.0,153.5,19542
2018-09-03 11:15:00+05:30,153.25,153.5,152.9,153.2,4884
2018-09-03 12:15:00+05:30,153.2,153.2,152.75,152.85,11256
2018-09-03 13:15:00+05:30,152.85,152.85,152.3,152.5,15483
2018-09-03 14:15:00+05:30,152.5,152.5,152.0,152.2,30938
2018-09-03 15:15:00+05:30,152.2,152.35,151.8,152.0,8865
2018-09-04 09:15:00+05:30,153.0,153.3,151.0,151.9,14704
2018-09-04 10:15:00+05:30,151.7,152.45,150.65,152.45,21105
2018-09-04 11:15:00+05:30,152.45,153.45,151.65,152.3,7475
2018-09-04 12:15:00+05:30,152.3,152.75,152.0,152.5,74408
2018-09-04 13:15:00+05:30,152.5,154.4,152.3,153.05,38181
2018-09-04 14:15:00+05:30,153.05,153.2,152.0,152.0,52147
2018-09-04 15:15:00+05:30,152.0,152.9,151.5,152.9,14397
2018-09-05 09:15:00+05:30,151.9,152.35,151.0,152.1,11704
2018-09-05 10:15:00+05:30,152.1,152.1,151.5,151.75,16295
2018-09-05 11:15:00+05:30,151.75,152.0,150.0,150.5,16894
2018-09-05 12:15:00+05:30,150.5,151.6,148.0,149.45,25236
2018-09-05 13:15:00+05:30,149.45,150.15,147.0,147.8,96048
2018-09-05 14:15:00+05:30,147.8,149.95,147.8,149.35,23400
2018-09-05 15:15:00+05:30,149.25,149.65,148.0,149.0,16581
2018-09-06 09:15:00+05:30,148.8,150.85,147.25,148.5,19834
2018-09-06 10:15:00+05:30,148.5,149.0,148.0,148.6,8740
2018-09-06 11:15:00+05:30,148.6,149.45,148.0,148.5,7532
2018-09-06 12:15:00+05:30,148.5,148.75,148.1,148.65,1544
2018-09-06 13:15:00+05:30,148.65,148.65,148.0,148.05,8318
2018-09-06 14:15:00+05:30,148.05,150.0,148.05,148.7,14154
2018-09-06 15:15:00+05:30,148.7,149.55,148.0,148.8,3927
2018-09-07 09:15:00+05:30,149.3,149.5,147.55,149.25,157170
2018-09-07 10:15:00+05:30,149.25,149.5,148.5,149.1,10673
2018-09-07 11:15:00+05:30,149.1,149.3,148.0,148.15,12067
2018-09-07 12:15:00+05:30,148.15,148.7,147.5,148.65,14529
2018-09-07 13:15:00+05:30,148.5,148.7,148.1,148.4,4095
2018-09-07 14:15:00+05:30,148.4,148.7,148.1,148.4,13405
2018-09-07 15:15:00+05:30,148.3,148.75,148.3,148.5,10248
2018-09-10 09:15:00+05:30,149.05,150.75,147.2,147.2,35428
2018-09-10 10:15:00+05:30,147.2,148.0,146.8,146.8,12743
2018-09-10 11:15:00+05:30,146.8,148.5,146.8,147.1,15155
2018-09-10 12:15:00+05:30,147.1,149.0,146.6,148.3,15579
2018-09-10 13:15:00+05:30,148.3,148.5,148.0,148.2,4383
2018-09-10 14:15:00+05:30,148.2,148.5,148.0,148.25,15020
2018-09-10 15:15:00+05:30,148.25,149.0,148.0,148.9,8453
2018-09-11 09:15:00+05:30,148.3,149.35,148.0,149.0,18442
2018-09-11 10:15:00+05:30,149.0,149.0,147.9,148.0,18897
2018-09-11 11:15:00+05:30,148.0,148.35,147.3,147.65,5099
2018-09-11 12:15:00+05:30,147.65,148.3,147.5,148.05,6558
2018-09-11 13:15:00+05:30,148.05,148.4,147.75,148.05,6906
2018-09-11 14:15:00+05:30,148.05,148.05,146.0,146.1,114101
2018-09-11 15:15:00+05:30,146.1,147.7,145.45,147.0,12897
2018-09-12 09:15:00+05:30,147.1,147.1,144.5,145.95,15260
2018-09-12 10:15:00+05:30,145.95,146.75,145.45,146.05,6121
2018-09-12 11:15:00+05:30,146.05,146.05,144.0,144.55,19146
2018-09-12 12:15:00+05:30,144.55,144.9,144.0,144.4,8460
2018-09-12 13:15:00+05:30,144.4,145.0,144.0,144.85,25636
2018-09-12 14:15:00+05:30,144.9,145.0,144.05,144.75,12450
2018-09-12 15:15:00+05:30,144.75,145.0,144.0,145.0,14333
2018-09-14 09:15:00+05:30,145.0,146.8,144.0,146.6,26380
2018-09-14 10:15:00+05:30,146.6,148.7,145.2,148.2,38746
2018-09-14 11:15:00+05:30,148.2,148.25,147.05,147.3,16133
2018-09-14 12:15:00+05:30,147.3,147.95,147.0,147.95,3277
2018-09-14 13:15:00+05:30,147.95,150.7,147.45,150.25,88206
2018-09-14 14:15:00+05:30,150.5,151.85,150.0,150.0,83226
2018-09-14 15:15:00+05:30,150.0,150.5,149.4,150.2,184485
2018-09-17 09:15:00+05:30,148.25,148.9,146.3,147.55,26754
2018-09-17 10:15:00+05:30,147.55,148.55,147.3,147.6,17523
2018-09-17 11:15:00+05:30,147.6,151.65,147.35,151.15,34093
2018-09-17 12:15:00+05:30,151.3,151.75,150.0,150.6,18018
2018-09-17 13:15:00+05:30,150.6,151.0,149.9,150.25,20754
2018-09-17 14:15:00+05:30,150.25,150.8,150.0,150.55,14701
2018-09-17 15:15:00+05:30,150.55,150.55,150.0,150.5,9286
2018-09-18 09:15:00+05:30,149.0,150.2,148.45,149.25,8677
2018-09-18 10:15:00+05:30,149.25,153.9,149.1,152.95,29497
2018-09-18 11:15:00+05:30,152.8,152.95,151.0,151.7,18285
2018-09-18 12:15:00+05:30,151.7,152.6,149.85,150.15,9494
2018-09-18 13:15:00+05:30,150.15,150.65,149.9,150.25,6583
2018-09-18 14:15:00+05:30,150.25,152.25,150.05,152.0,33744
2018-09-18 15:15:00+05:30,152.0,152.5,151.5,152.25,13583
2018-09-19 09:15:00+05:30,152.5,152.5,148.8,150.85,11261
2018-09-19 10:15:00+05:30,150.85,152.75,149.45,149.85,15207
2018-09-19 11:15:00+05:30,149.85,150.45,148.45,148.75,20046
2018-09-19 12:15:00+05:30,148.75,148.8,148.0,148.4,10784
2018-09-19 13:15:00+05:30,148.4,148.8,148.2,148.5,2301
2018-09-19 14:15:00+05:30,148.5,149.3,147.55,149.0,14848
2018-09-19 15:15:00+05:30,149.0,149.0,147.0,147.8,6126
2018-09-21 09:15:00+05:30,148.7,148.8,147.0,148.55,20325
2018-09-21 10:15:00+05:30,148.55,150.75,148.35,150.4,20818
2018-09-21 11:15:00+05:30,150.2,152.0,149.3,150.65,30239
2018-09-21 12:15:00+05:30,150.65,150.85,138.0,141.0,52518
2018-09-21 13:15:00+05:30,141.0,144.75,139.95,143.75,208042
2018-09-21 14:15:00+05:30,143.6,152.9,143.6,152.0,99583
2018-09-21 15:15:00+05:30,151.65,153.25,148.95,150.0,47136
2018-09-24 09:15:00+05:30,150.9,150.9,148.0,148.5,12265
2018-09-24 10:15:00+05:30,148.5,149.25,148.5,148.6,19615
2018-09-24 11:15:00+05:30,148.6,148.6,148.0,148.0,17628
2018-09-24 12:15:00+05:30,148.0,148.5,145.0,148.0,23650
2018-09-24 13:15:00+05:30,148.0,148.0,145.35,145.6,19372
2018-09-24 14:15:00+05:30,145.6,147.1,145.5,146.55,13989
2018-09-24 15:15:00+05:30,146.55,146.6,144.0,144.85,14096
2018-09-25 09:15:00+05:30,145.0,146.95,143.65,145.65,15309
2018-09-25 10:15:00+05:30,145.65,146.9,144.45,146.5,9237
2018-09-25 11:15:00+05:30,146.5,146.5,144.65,145.0,4677
2018-09-25 12:15:00+05:30,144.4,145.7,144.4,144.5,5242
2018-09-25 13:15:00+05:30,144.5,145.45,143.0,144.3,18840
2018-09-25 14:15:00+05:30,144.3,149.0,144.0,149.0,34980
2018-09-25 15:15:00+05:30,149.0,149.0,144.35,148.75,10226
2018-09-26 09:15:00+05:30,147.7,152.85,147.7,149.8,20919
2018-09-26 10:15:00+05:30,149.8,149.85,147.15,148.25,13830
2018-09-26 11:15:00+05:30,148.25,148.4,146.0,147.2,8492
2018-09-26 12:15:00+05:30,147.2,148.15,145.45,146.7,7406
2018-09-26 13:15:00+05:30,146.7,148.4,146.1,148.35,6715
2018-09-26 14:15:00+05:30,148.35,148.5,144.0,148.45,22570
2018-09-26 15:15:00+05:30,148.45,148.5,145.0,145.0,10376
2018-09-27 09:15:00+05:30,146.1,147.5,146.1,146.85,32024
2018-09-27 10:15:00+05:30,146.85,146.85,145.35,145.65,14072
2018-09-27 11:15:00+05:30,145.7,145.75,144.6,145.3,29100
2018-09-27 12:15:00+05:30,145.3,145.45,144.9,145.4,10851
2018-09-27 13:15:00+05:30,145.4,145.4,143.85,143.95,31195
2018-09-27 14:15:00+05:30,143.95,144.8,143.0,143.85,17378
2018-09-27 15:15:00+05:30,143.85,143.9,143.0,143.4,18208
2018-09-28 09:15:00+05:30,144.5,144.7,140.95,141.8,12195
2018-09-28 10:15:00+05:30,141.8,141.95,138.0,139.9,48019
2018-09-28 11:15:00+05:30,139.9,140.0,138.85,139.7,234799
2018-09-28 12:15:00+05:30,139.7,140.0,137.4,138.55,21260
2018-09-28 13:15:00+05:30,138.55,138.95,133.75,134.95,32407
2018-09-28 14:15:00+05:30,134.95,136.0,132.8,134.95,47181
2018-09-28 15:15:00+05:30,134.95,135.0,131.1,133.7,13109
2018-10-01 09:15:00+05:30,134.1,135.0,120.55,126.5,85448
2018-10-01 10:15:00+05:30,126.5,126.9,124.25,124.6,36182
2018-10-01 11:15:00+05:30,124.6,128.25,124.55,128.25,20808
2018-10-01 12:15:00+05:30,128.1,129.75,127.45,129.5,13428
2018-10-01 13:15:00+05:30,129.15,135.0,127.65,134.55,35042
2018-10-01 14:15:00+05:30,134.55,135.1,133.0,134.7,47377
2018-10-01 15:15:00+05:30,134.7,137.75,133.3,134.4,19765
2018-10-03 09:15:00+05:30,135.7,140.2,134.05,136.1,51579
2018-10-03 10:15:00+05:30,136.1,136.5,132.55,135.0,26012
2018-10-03 11:15:00+05:30,135.0,135.45,134.2,134.95,10910
2018-10-03 12:15:00+05:30,134.95,135.0,134.75,134.8,12785
2018-10-03 13:15:00+05:30,135.0,135.0,134.2,134.25,10533
2018-10-03 14:15:00+05:30,134.25,134.8,131.9,133.55,18168
2018-10-03 15:15:00+05:30,133.55,135.85,132.8,134.0,11097
2018-10-04 09:15:00+05:30,130.9,133.95,130.9,130.95,16437
2018-10-04 10:15:00+05:30,130.95,130.95,128.05,129.35,15977
2018-10-04 11:15:00+05:30,129.35,129.45,122.5,124.05,63336
2018-10-04 12:15:00+05:30,124.05,126.0,123.0,124.05,40230
2018-10-04 13:15:00+05:30,124.05,125.45,122.85,124.0,16843
2018-10-04 14:15:00+05:30,124.0,126.4,123.7,126.0,31852
2018-10-04 15:15:00+05:30,125.5,128.0,124.75,126.0,20923
2018-10-05 09:15:00+05:30,126.1,127.9,124.0,126.45,20509
2018-10-05 10:15:00+05:30,126.45,126.9,124.25,124.5,9880
2018-10-05 11:15:00+05:30,124.5,124.5,120.3,121.65,37108
2018-10-05 12:15:00+05:30,121.65,122.0,121.3,121.9,13677
2018-10-05 13:15:00+05:30,121.9,125.5,121.7,124.55,25350
2018-10-05 14:15:00+05:30,124.75,125.0,123.0,123.7,19389
2018-10-05 15:15:00+05:30,123.7,124.8,123.2,124.0,6095
2018-10-08 09:15:00+05:30,123.65,124.75,120.15,123.6,30244
2018-10-08 10:15:00+05:30,123.6,124.5,120.35,122.7,36303
2018-10-08 11:15:00+05:30,122.7,123.5,121.5,121.95,11382
2018-10-08 12:15:00+05:30,121.8,122.25,119.05,119.5,29114
2018-10-08 13:15:00+05:30,119.5,120.0,116.4,116.5,19675
2018-10-08 14:15:00+05:30,116.5,116.5,111.05,115.6,67221
2018-10-08 15:15:00+05:30,115.6,118.85,115.05,116.7,25240
2018-10-09 09:15:00+05:30,119.4,123.0,117.8,120.9,406071
2018-10-09 10:15:00+05:30,121.0,121.35,118.3,118.75,81540
2018-10-09 11:15:00+05:30,118.4,119.05,114.45,119.0,58496
2018-10-09 12:15:00+05:30,119.0,120.15,118.2,119.0,24996
2018-10-09 13:15:00+05:30,119.0,119.0,118.7,119.0,10805
2018-10-09 14:15:00+05:30,119.0,119.05,117.65,118.05,25936
2018-10-09 15:15:00+05:30,118.05,118.5,117.6,118.0,9558
2018-10-10 09:15:00+05:30,117.85,120.5,116.65,118.2,32383
2018-10-10 10:15:00+05:30,118.2,121.0,117.7,119.75,31872
2018-10-10 11:15:00+05:30,119.75,120.75,119.1,120.0,13164
2018-10-10 12:15:00+05:30,120.0,121.0,119.5,120.0,15666
2018-10-10 13:15:00+05:30,120.0,120.1,119.55,119.9,9937
2018-10-10 14:15:00+05:30,119.75,120.25,119.0,119.3,22163
2018-10-10 15:15:00+05:30,119.3,119.35,118.55,119.0,6733
2018-10-11 09:15:00+05:30,115.0,118.0,112.95,117.35,42399
2018-10-11 10:15:00+05:30,117.35,118.35,116.6,118.0,7267
2018-10-11 11:15:00+05:30,118.0,120.0,117.8,120.0,14219
2018-10-11 12:15:00+05:30,120.0,120.9,118.95,120.75,7745
2018-10-11 13:15:00+05:30,120.75,120.75,119.0,119.0,10647
2018-10-11 14:15:00+05:30,119.0,120.0,118.85,120.0,18835
2018-10-11 15:15:00+05:30,120.0,120.0,118.5,119.5,22230
2018-10-12 09:15:00+05:30,120.3,122.95,120.25,122.15,21315
2018-10-12 10:15:00+05:30,122.15,122.2,120.55,121.8,15064
2018-10-12 11:15:00+05:30,121.8,122.65,120.95,121.55,51455
2018-10-12 12:15:00+05:30,121.55,121.8,121.0,121.5,3526
2018-10-12 13:15:00+05:30,121.5,122.15,121.35,121.55,25639
2018-10-12 14:15:00+05:30,121.55,122.0,120.0,120.0,45412
2018-10-12 15:15:00+05:30,120.0,121.35,119.6,120.0,25367
2018-10-15 09:15:00+05:30,120.5,122.5,119.4,120.0,28003
2018-10-15 10:15:00+05:30,120.0,120.0,119.7,119.9,20692
2018-10-15 11:15:00+05:30,120.0,120.1,119.8,120.0,22298
2018-10-15 12:15:00+05:30,120.0,120.0,119.75,120.0,20444
2018-10-15 13:15:00+05:30,120.0,120.15,119.8,119.95,18573
2018-10-15 14:15:00+05:30,119.95,120.0,119.15,119.45,54147
2018-10-15 15:15:00+05:30,119.45,120.5,119.4,120.5,5480
2018-10-16 09:15:00+05:30,121.1,124.9,120.05,123.85,63239
2018-10-16 10:15:00+05:30,123.85,123.95,122.6,123.95,17254
2018-10-16 11:15:00+05:30,123.95,123.95,122.5,122.55,6047
2018-10-16 12:15:00+05:30,122.55,122.8,122.15,122.5,6745
2018-10-16 13:15:00+05:30,122.5,122.8,122.4,122.8,4938
2018-10-16 14:15:00+05:30,122.8,123.75,122.35,123.7,16273
2018-10-16 15:15:00+05:30,123.6,123.6,121.0,121.9,13009
2018-10-17 09:15:00+05:30,123.95,144.6,122.3,123.0,49105
2018-10-17 10:15:00+05:30,123.0,123.5,122.1,122.85,8409
2018-10-17 11:15:00+05:30,122.85,123.5,122.0,123.5,7002
2018-10-17 12:15:00+05:30,123.5,124.8,123.2,123.2,15442
2018-10-17 13:15:00+05:30,123.05,123.15,122.0,122.0,7905
2018-10-17 14:15:00+05:30,122.0,122.8,121.0,121.55,13628
2018-10-17 15:15:00+05:30,121.55,121.55,121.05,121.25,3878
2018-10-19 09:15:00+05:30,122.3,122.75,119.1,121.9,19297
2018-10-19 10:15:00+05:30,121.9,121.9,120.0,121.75,15408
2018-10-19 11:15:00+05:30,121.75,123.0,121.5,122.1,6368
2018-10-19 12:15:00+05:30,122.1,122.95,121.5,121.75,8599
2018-10-19 13:15:00+05:30,121.75,122.0,118.35,119.4,11988
2018-10-19 14:15:00+05:30,119.4,121.65,118.8,119.65,11870
2018-10-19 15:15:00+05:30,119.65,119.65,119.0,119.55,3947
2018-10-22 09:15:00+05:30,120.15,120.4,117.7,118.0,13647
2018-10-22 10:15:00+05:30,118.0,119.55,117.9,119.1,4549
2018-10-22 11:15:00+05:30,119.1,119.25,117.75,117.75,5564
2018-10-22 12:15:00+05:30,117.75,118.05,117.5,118.05,4341
2018-10-22 13:15:00+05:30,118.05,118.05,115.85,116.25,13815
2018-10-22 14:15:00+05:30,116.25,116.5,114.55,114.9,26465
2018-10-22 15:15:00+05:30,114.6,116.0,114.5,115.8,5886
2018-10-23 09:15:00+05:30,115.0,116.0,114.25,116.0,11016
2018-10-23 10:15:00+05:30,116.0,116.45,114.5,114.85,4808
2018-10-23 11:15:00+05:30,114.85,115.75,114.55,115.6,3954
2018-10-23 12:15:00+05:30,115.6,116.5,115.1,115.25,7177
2018-10-23 13:15:00+05:30,115.25,115.4,113.7,114.0,7182
2018-10-23 14:15:00+05:30,114.0,115.05,114.0,114.75,8487
2018-10-23 15:15:00+05:30,114.75,115.0,114.15,115.0,2199
2018-10-24 09:15:00+05:30,116.25,116.9,115.5,115.9,8980
2018-10-24 10:15:00+05:30,115.9,116.65,114.05,115.15,7338
2018-10-24 11:15:00+05:30,115.15,115.9,113.15,113.7,308408
2018-10-24 12:15:00+05:30,113.7,114.95,113.35,114.85,2014
2018-10-24 13:15:00+05:30,114.85,115.0,114.5,114.6,3868
2018-10-24 14:15:00+05:30,114.25,114.9,114.1,114.2,3513
2018-10-24 15:15:00+05:30,114.2,115.0,114.05,114.5,2643
2018-10-25 09:15:00+05:30,112.95,114.1,112.95,113.9,4657
2018-10-25 10:15:00+05:30,113.9,114.5,113.3,113.5,5433
2018-10-25 11:15:00+05:30,113.5,113.95,113.15,113.55,1875
2018-10-25 12:15:00+05:30,113.55,113.8,112.5,112.5,4193
2018-10-25 13:15:00+05:30,112.5,112.95,110.65,111.3,9856
2018-10-25 14:15:00+05:30,111.3,111.95,109.6,110.4,13910
2018-10-25 15:15:00+05:30,110.95,111.0,110.0,110.3,8044
2018-10-26 09:15:00+05:30,111.2,111.6,105.5,106.95,24896
2018-10-26 10:15:00+05:30,106.95,109.0,106.95,109.0,8103
2018-10-26 11:15:00+05:30,109.0,109.6,108.3,108.3,3304
2018-10-26 12:15:00+05:30,108.3,110.55,108.25,109.95,11744
2018-10-26 13:15:00+05:30,109.95,109.95,108.3,108.9,3167
2018-10-26 14:15:00+05:30,108.95,109.0,108.0,109.0,19111
2018-10-26 15:15:00+05:30,109.0,111.0,108.15,108.9,41106
2018-10-29 09:15:00+05:30,109.7,115.5,108.0,113.3,22102
2018-10-29 10:15:00+05:30,113.3,113.4,112.3,112.5,5423
2018-10-29 11:15:00+05:30,112.5,113.2,112.3,113.15,4518
2018-10-29 12:15:00+05:30,113.15,113.15,112.7,113.05,3203
2018-10-29 13:15:00+05:30,113.05,115.5,112.55,115.0,37052
2018-10-29 14:15:00+05:30,115.0,116.75,114.6,116.7,43025
2018-10-29 15:15:00+05:30,116.7,116.75,116.0,116.1,11979
2018-10-30 09:15:00+05:30,117.0,118.0,116.0,118.0,24865
2018-10-30 10:15:00+05:30,117.9,118.15,117.5,117.7,7988
2018-10-30 11:15:00+05:30,117.6,117.65,116.7,116.7,25808
2018-10-30 12:15:00+05:30,116.7,117.05,116.0,117.05,9004
2018-10-30 13:15:00+05:30,117.05,117.9,116.95,117.9,7480
2018-10-30 14:15:00+05:30,117.9,118.4,117.05,118.4,13889
2018-10-30 15:15:00+05:30,118.4,119.0,118.3,119.0,10198
2018-10-31 09:15:00+05:30,118.65,119.8,118.0,118.95,20445
2018-10-31 10:15:00+05:30,118.95,119.0,117.1,118.65,5862
2018-10-31 11:15:00+05:30,118.65,122.25,118.15,121.0,22979
2018-10-31 12:15:00+05:30,121.0,121.7,120.0,120.0,3915
2018-10-31 13:15:00+05:30,120.0,120.95,119.65,120.65,3621
2018-10-31 14:15:00+05:30,120.65,120.85,120.2,120.6,13157
2018-10-31 15:15:00+05:30,120.6,120.75,119.75,119.75,7207
2018-11-01 09:15:00+05:30,124.0,126.05,122.15,125.05,122267
2018-11-01 10:15:00+05:30,125.05,125.5,124.65,125.0,25977
2018-11-01 11:15:00+05:30,125.0,125.05,124.1,124.95,30732
2018-11-01 12:15:00+05:30,124.95,125.0,124.6,124.75,51655
2018-11-01 13:15:00+05:30,124.95,125.8,124.75,125.05,59536
2018-11-01 14:15:00+05:30,125.05,125.8,124.7,125.0,16076
2018-11-01 15:15:00+05:30,124.8,125.4,124.7,125.05,11433
2018-11-02 09:15:00+05:30,126.3,130.45,126.2,129.65,64513
2018-11-02 10:15:00+05:30,129.65,136.75,129.15,135.0,552973
2018-11-02 11:15:00+05:30,135.0,136.0,134.5,135.75,80630
2018-11-02 12:15:00+05:30,135.75,136.0,134.7,135.6,35020
2018-11-02 13:15:00+05:30,135.6,135.75,134.6,135.0,21406
2018-11-02 14:15:00+05:30,135.0,135.55,134.1,134.3,66578
2018-11-02 15:15:00+05:30,134.3,135.2,133.85,134.7,33457
2018-11-05 09:15:00+05:30,135.4,138.0,133.9,136.95,48400
2018-11-05 10:15:00+05:30,136.95,136.95,134.8,135.4,16455
2018-11-05 11:15:00+05:30,135.4,135.45,134.7,135.0,11542
2018-11-05 12:15:00+05:30,135.3,135.95,134.65,135.3,5093
2018-11-05 13:15:00+05:30,135.3,135.85,134.65,135.1,6743
2018-11-05 14:15:00+05:30,135.05,135.55,134.9,135.1,9876
2018-11-05 15:15:00+05:30,135.1,136.0,135.05,135.9,7506
2018-11-06 09:15:00+05:30,136.4,137.15,131.65,132.0,30802
2018-11-06 10:15:00+05:30,132.0,137.0,132.0,136.95,34767
2018-11-06 11:15:00+05:30,136.95,136.95,135.25,136.55,18519
2018-11-06 12:15:00+05:30,136.55,139.8,136.55,139.45,59825
2018-11-06 13:15:00+05:30,139.45,141.4,138.0,138.3,32050
2018-11-06 14:15:00+05:30,138.3,138.95,137.55,138.85,9507
2018-11-06 15:15:00+05:30,138.85,139.0,138.1,138.8,8443
2018-11-07 17:30:00+05:30,140.05,140.9,138.2,139.9,25293
2018-11-09 09:15:00+05:30,141.45,141.45,138.45,138.95,11019
2018-11-09 10:15:00+05:30,138.95,139.85,137.35,138.7,8261
2018-11-09 11:15:00+05:30,138.75,138.75,137.65,137.95,1865
2018-11-09 12:15:00+05:30,137.95,138.4,137.55,137.85,5111
2018-11-09 13:15:00+05:30,137.85,138.5,137.65,138.4,2476
2018-11-09 14:15:00+05:30,138.4,138.85,137.65,138.45,5021
2018-11-09 15:15:00+05:30,138.1,138.45,136.8,136.8,5248
2018-11-12 09:15:00+05:30,138.3,139.0,135.3,135.55,8203
2018-11-12 10:15:00+05:30,135.7,135.7,134.05,134.5,5859
2018-11-12 11:15:00+05:30,134.5,134.9,134.0,134.8,3386
2018-11-12 12:15:00+05:30,134.8,135.0,134.05,134.95,2066
2018-11-12 13:15:00+05:30,134.95,134.95,134.25,134.25,3490
2018-11-12 14:15:00+05:30,134.25,134.7,133.45,133.75,4246
2018-11-12 15:15:00+05:30,133.65,135.0,133.55,133.95,3908
2018-11-13 09:15:00+05:30,133.0,133.0,131.05,131.65,6489
2018-11-13 10:15:00+05:30,131.65,132.9,131.65,132.15,4951
2018-11-13 11:15:00+05:30,132.15,132.4,131.85,132.15,4523
2018-11-13 12:15:00+05:30,132.2,132.5,132.0,132.2,4791
2018-11-13 13:15:00+05:30,132.2,132.5,131.75,132.5,4099
2018-11-13 14:15:00+05:30,132.1,132.3,131.05,131.4,9006
2018-11-13 15:15:00+05:30,131.4,132.4,131.2,132.4,2857
2018-11-14 09:15:00+05:30,132.15,133.9,131.75,132.0,8356
2018-11-14 10:15:00+05:30,132.0,133.45,131.8,133.25,4365
2018-11-14 11:15:00+05:30,133.25,133.4,132.3,132.65,4243
2018-11-14 12:15:00+05:30,132.65,132.75,132.35,132.5,1579
2018-11-14 13:15:00+05:30,132.5,132.75,131.55,132.15,6993
2018-11-14 14:15:00+05:30,132.15,132.15,131.0,131.2,3019
2018-11-14 15:15:00+05:30,131.15,131.45,130.25,131.4,5562
2018-11-15 09:15:00+05:30,131.4,131.5,128.05,129.3,11353
2018-11-15 10:15:00+05:30,129.3,130.5,129.1,130.3,11909
2018-11-15 11:15:00+05:30,130.3,133.5,130.3,133.2,11282
2018-11-15 12:15:00+05:30,133.2,133.2,132.05,132.3,2950
2018-11-15 13:15:00+05:30,132.35,133.5,132.05,133.2,4058
2018-11-15 14:15:00+05:30,133.2,133.45,132.05,132.05,5820
2018-11-15 15:15:00+05:30,132.05,133.0,132.05,133.0,12699
2018-11-16 09:15:00+05:30,133.7,133.9,130.45,133.05,11506
2018-11-16 10:15:00+05:30,133.05,133.05,131.5,132.0,3189
2018-11-16 11:15:00+05:30,132.0,132.25,131.5,131.6,3000
2018-11-16 12:15:00+05:30,131.6,132.0,129.2,129.35,6933
2018-11-16 13:15:00+05:30,129.7,130.55,129.3,129.55,6317
2018-11-16 14:15:00+05:30,129.55,130.95,128.9,129.75,6543
2018-11-16 15:15:00+05:30,129.75,131.0,129.5,130.7,2951
2018-11-19 09:15:00+05:30,129.0,129.7,127.0,129.15,10574
2018-11-19 10:15:00+05:30,129.15,129.9,128.3,128.95,6819
2018-11-19 11:15:00+05:30,128.95,129.5,128.95,129.35,3188
2018-11-19 12:15:00+05:30,129.35,129.5,128.45,129.1,192980
2018-11-19 13:15:00+05:30,129.25,129.5,128.65,129.4,2748
2018-11-19 14:15:00+05:30,129.4,129.5,128.25,128.25,3856
2018-11-19 15:15:00+05:30,128.25,128.95,128.0,128.45,4382
2018-11-20 09:15:00+05:30,127.9,128.95,127.0,128.85,5175
2018-11-20 10:15:00+05:30,129.25,133.75,129.1,133.4,22862
2018-11-20 11:15:00+05:30,133.15,135.8,133.15,134.05,36592
2018-11-20 12:15:00+05:30,134.05,134.25,131.0,133.5,21291
2018-11-20 13:15:00+05:30,133.5,134.6,132.5,132.5,13580
2018-11-20 14:15:00+05:30,132.5,133.55,130.5,131.0,17720
2018-11-20 15:15:00+05:30,131.0,131.5,131.0,131.0,3802
2018-11-21 09:15:00+05:30,133.0,144.7,133.0,140.8,469054
2018-11-21 10:15:00+05:30,140.8,142.0,139.7,141.55,81823
2018-11-21 11:15:00+05:30,141.55,141.8,139.5,140.5,76896
2018-11-21 12:15:00+05:30,140.5,142.0,140.5,140.9,54274
2018-11-21 13:15:00+05:30,140.9,142.0,140.9,141.4,35433
2018-11-21 14:15:00+05:30,141.4,141.45,140.5,141.2,76788
2018-11-21 15:15:00+05:30,141.2,141.5,139.8,140.7,52846
2018-11-22 09:15:00+05:30,141.0,143.7,139.65,140.45,79525
2018-11-22 10:15:00+05:30,140.45,140.75,139.2,139.95,25483
2018-11-22 11:15:00+05:30,139.95,140.5,139.25,139.5,6332
2018-11-22 12:15:00+05:30,139.5,141.2,139.3,140.0,13358
2018-11-22 13:15:00+05:30,140.0,140.75,139.4,139.85,9466
2018-11-22 14:15:00+05:30,139.85,139.95,136.15,137.05,29751
2018-11-22 15:15:00+05:30,137.05,138.45,136.0,136.05,16138
2018-11-26 09:15:00+05:30,137.65,138.1,134.8,135.7,15439
2018-11-26 10:15:00+05:30,135.7,136.4,134.2,134.2,7751
2018-11-26 11:15:00+05:30,134.25,134.5,133.1,134.45,8423
2018-11-26 12:15:00+05:30,134.45,134.5,134.2,134.45,2480
2018-11-26 13:15:00+05:30,134.25,134.25,133.45,134.0,5738
2018-11-26 14:15:00+05:30,134.0,135.5,133.25,133.4,8593
2018-11-26 15:15:00+05:30,133.4,133.8,132.65,133.5,5975
2018-11-27 09:15:00+05:30,133.0,134.8,132.1,133.35,21041
2018-11-27 10:15:00+05:30,133.35,136.85,133.35,136.0,13209
2018-11-27 11:15:00+05:30,136.0,138.0,135.15,137.0,28282
2018-11-27 12:15:00+05:30,137.0,137.4,136.25,137.15,11952
2018-11-27 13:15:00+05:30,137.15,137.25,136.45,136.65,7065
2018-11-27 14:15:00+05:30,136.65,137.4,136.5,137.35,9354
2018-11-27 15:15:00+05:30,137.35,137.65,137.05,137.15,5574
2018-11-28 09:15:00+05:30,138.0,138.3,136.5,137.3,14849
2018-11-28 10:15:00+05:30,137.3,139.45,136.9,138.7,16258
2018-11-28 11:15:00+05:30,138.75,139.1,137.0,138.15,18531
2018-11-28 12:15:00+05:30,138.15,138.9,137.05,137.5,20756
2018-11-28 13:15:00+05:30,137.5,138.25,137.45,138.0,5807
2018-11-28 14:15:00+05:30,138.0,138.0,134.35,135.15,22758
2018-11-28 15:15:00+05:30,135.15,135.85,134.2,134.6,7978
2018-11-29 09:15:00+05:30,135.75,139.45,135.75,139.45,33776
2018-11-29 10:15:00+05:30,139.4,140.3,137.5,137.9,29943
2018-11-29 11:15:00+05:30,137.9,140.2,137.1,140.0,16868
2018-11-29 12:15:00+05:30,140.0,140.7,138.65,139.0,17012
2018-11-29 13:15:00+05:30,139.0,140.0,138.9,139.95,7154
2018-11-29 14:15:00+05:30,139.95,140.95,139.5,140.5,21485
2018-11-29 15:15:00+05:30,140.5,140.75,140.0,140.5,7181
2018-11-30 09:15:00+05:30,143.0,143.0,141.3,141.95,44851
2018-11-30 10:15:00+05:30,141.95,142.95,141.3,142.7,19837
2018-11-30 11:15:00+05:30,142.9,143.9,141.0,142.0,35315
2018-11-30 12:15:00+05:30,142.0,142.45,141.0,141.8,8005
2018-11-30 13:15:00+05:30,141.8,142.25,141.55,142.05,13850
2018-11-30 14:15:00+05:30,142.05,142.1,137.55,138.75,36322
2018-11-30 15:15:00+05:30,138.7,139.0,137.6,138.0,13350
2018-12-03 09:15:00+05:30,139.5,142.0,138.25,140.6,31637
2018-12-03 10:15:00+05:30,140.6,140.85,139.0,139.1,12262
2018-12-03 11:15:00+05:30,139.1,139.9,139.1,139.2,2391
2018-12-03 12:15:00+05:30,139.05,139.1,138.5,138.65,4496
2018-12-03 13:15:00+05:30,138.65,138.95,138.3,138.4,5180
2018-12-03 14:15:00+05:30,138.4,138.6,137.0,137.7,10746
2018-12-03 15:15:00+05:30,137.45,139.0,137.45,138.0,6139
2018-12-04 09:15:00+05:30,138.95,139.0,138.1,138.5,10977
2018-12-04 10:15:00+05:30,138.5,138.9,138.5,138.6,3041
2018-12-04 11:15:00+05:30,138.6,138.95,138.5,138.95,2630
2018-12-04 12:15:00+05:30,138.95,139.0,137.2,137.7,14290
2018-12-04 13:15:00+05:30,137.7,138.95,137.7,138.85,2613
2018-12-04 14:15:00+05:30,138.6,139.0,137.3,137.7,18213
2018-12-04 15:15:00+05:30,137.7,137.9,136.0,136.0,10229
2018-12-05 09:15:00+05:30,136.0,136.65,132.5,133.3,31192
2018-12-05 10:15:00+05:30,133.3,134.5,132.9,133.5,9845
2018-12-05 11:15:00+05:30,133.8,134.0,133.25,133.85,4227
2018-12-05 12:15:00+05:30,133.85,134.75,133.8,134.3,6644
2018-12-05 13:15:00+05:30,134.3,134.45,134.0,134.25,2301
2018-12-05 14:15:00+05:30,134.25,134.25,130.4,132.05,27563
2018-12-05 15:15:00+05:30,132.05,132.75,131.15,131.6,5336
2018-12-06 09:15:00+05:30,130.7,133.7,130.7,133.05,14670
2018-12-06 10:15:00+05:30,133.05,135.0,132.85,133.35,12442
2018-12-06 11:15:00+05:30,133.35,133.65,132.85,133.55,4155
2018-12-06 12:15:00+05:30,133.55,133.75,133.05,133.75,3603
2018-12-06 13:15:00+05:30,133.75,134.0,132.65,134.0,6812
2018-12-06 14:15:00+05:30,134.0,134.0,132.65,133.65,4981
2018-12-06 15:15:00+05:30,133.65,133.65,132.55,133.0,2546
2018-12-07 09:15:00+05:30,133.0,134.35,133.0,134.0,6996
2018-12-07 10:15:00+05:30,134.0,134.3,133.7,133.9,8718
2018-12-07 11:15:00+05:30,133.9,134.5,133.8,134.0,4192
2018-12-07 12:15:00+05:30,134.0,134.1,133.25,133.9,29721
2018-12-07 13:15:00+05:30,133.9,134.25,133.9,134.25,3536
2018-12-07 14:15:00+05:30,134.2,135.75,133.8,134.15,13551
2018-12-07 15:15:00+05:30,134.0,135.0,133.0,134.0,8654
2018-12-10 09:15:00+05:30,132.95,135.0,127.9,134.7,31305
2018-12-10 10:15:00+05:30,134.9,135.4,134.1,134.65,6943
2018-12-10 11:15:00+05:30,134.65,134.65,134.0,134.1,4220
2018-12-10 12:15:00+05:30,134.1,134.35,134.0,134.2,434
2018-12-10 13:15:00+05:30,134.2,134.25,133.5,133.5,4514
2018-12-10 14:15:00+05:30,133.5,134.3,133.5,133.95,8081
2018-12-10 15:15:00+05:30,133.95,134.8,133.5,134.75,7507
2018-12-11 09:15:00+05:30,129.15,133.85,129.15,133.0,12286
2018-12-11 10:15:00+05:30,133.0,133.6,132.05,133.05,8575
2018-12-11 11:15:00+05:30,133.05,133.95,133.05,133.8,3412
2018-12-11 12:15:00+05:30,133.8,133.8,133.1,133.8,1960
2018-12-11 13:15:00+05:30,133.8,133.8,132.7,132.75,3625
2018-12-11 14:15:00+05:30,132.8,139.0,132.7,138.05,42620
2018-12-11 15:15:00+05:30,138.05,138.9,137.9,138.75,5979
2018-12-12 09:15:00+05:30,137.5,141.0,136.8,140.0,17473
2018-12-12 10:15:00+05:30,140.0,141.25,139.5,140.0,23175
2018-12-12 11:15:00+05:30,140.0,140.45,140.0,140.1,4293
2018-12-12 12:15:00+05:30,140.1,140.45,139.9,140.2,3871
2018-12-12 13:15:00+05:30,140.2,140.8,140.0,140.55,5818
2018-12-12 14:15:00+05:30,140.55,141.3,140.1,140.8,12563
2018-12-12 15:15:00+05:30,140.8,141.0,140.1,140.1,3950
2018-12-13 09:15:00+05:30,141.7,142.0,140.1,140.95,16450
2018-12-13 10:15:00+05:30,140.95,141.85,140.25,140.25,3931
2018-12-13 11:15:00+05:30,140.25,140.45,139.65,139.95,2557
2018-12-13 12:15:00+05:30,139.95,140.15,139.1,139.7,2721
2018-12-13 13:15:00+05:30,139.7,140.0,138.0,138.6,5179
2018-12-13 14:15:00+05:30,138.6,138.85,138.0,138.35,2312
2018-12-13 15:15:00+05:30,138.35,138.45,137.65,138.35,2488
2018-12-14 09:15:00+05:30,137.3,139.0,137.0,139.0,9505
2018-12-14 10:15:00+05:30,139.0,139.0,137.0,137.55,4241
2018-12-14 11:15:00+05:30,137.55,137.75,136.95,136.95,4666
2018-12-14 12:15:00+05:30,136.95,137.5,136.9,137.45,2336
2018-12-14 13:15:00+05:30,137.45,137.5,137.15,137.15,1005
2018-12-14 14:15:00+05:30,137.15,137.3,135.35,136.0,5279
2018-12-14 15:15:00+05:30,136.0,136.7,135.55,136.0,3035
2018-12-17 09:15:00+05:30,137.65,137.65,136.0,136.0,7561
2018-12-17 10:15:00+05:30,136.0,137.0,136.0,136.35,4066
2018-12-17 11:15:00+05:30,136.15,137.4,136.15,137.4,5042
2018-12-17 12:15:00+05:30,137.4,137.5,136.0,136.0,3020
2018-12-17 13:15:00+05:30,136.0,136.75,136.0,136.0,3060
2018-12-17 14:15:00+05:30,136.0,136.45,136.0,136.0,1296
2018-12-17 15:15:00+05:30,136.35,136.8,136.0,136.5,2732
2018-12-18 09:15:00+05:30,136.9,136.95,135.55,136.0,9659
2018-12-18 10:15:00+05:30,136.0,136.75,136.0,136.1,2532
2018-12-18 11:15:00+05:30,136.1,136.35,136.0,136.0,7912
2018-12-18 12:15:00+05:30,136.0,136.25,135.75,136.25,9090
2018-12-18 13:15:00+05:30,136.0,136.35,136.0,136.0,7407
2018-12-18 14:15:00+05:30,136.0,136.2,135.95,136.0,7806
2018-12-18 15:15:00+05:30,136.0,136.55,136.0,136.0,3855
2018-12-19 09:15:00+05:30,137.0,140.55,136.6,139.35,36690
2018-12-19 10:15:00+05:30,139.35,140.0,138.4,138.9,13445
2018-12-19 11:15:00+05:30,138.9,139.0,138.35,138.75,3773
2018-12-19 12:15:00+05:30,138.85,139.0,138.45,138.9,4819
2018-12-19 13:15:00+05:30,138.9,138.95,138.0,138.75,9659
2018-12-19 14:15:00+05:30,138.75,138.8,138.0,138.15,7462
2018-12-19 15:15:00+05:30,138.15,138.95,138.0,138.0,8647
2018-12-20 09:15:00+05:30,137.8,140.55,136.45,140.55,51017
2018-12-20 10:15:00+05:30,140.55,146.5,140.55,141.2,126045
2018-12-20 11:15:00+05:30,141.2,141.75,140.0,140.8,18836
2018-12-20 12:15:00+05:30,140.75,141.75,140.6,141.4,14246
2018-12-20 13:15:00+05:30,141.4,141.5,140.25,141.2,10440
2018-12-20 14:15:00+05:30,141.2,141.25,140.4,140.4,7291
2018-12-20 15:15:00+05:30,140.45,140.8,140.15,140.4,10743
2018-12-21 09:15:00+05:30,140.95,141.7,138.75,138.75,17888
2018-12-21 10:15:00+05:30,138.75,139.95,137.55,138.85,40084
2018-12-21 11:15:00+05:30,138.85,138.85,136.0,136.1,29653
2018-12-21 12:15:00+05:30,136.05,137.5,136.0,137.35,16032
2018-12-21 13:15:00+05:30,137.35,137.5,136.25,136.55,7399
2018-12-21 14:15:00+05:30,136.5,141.0,136.45,140.9,91513
2018-12-21 15:15:00+05:30,140.9,142.75,139.8,139.95,44190
2018-12-24 09:15:00+05:30,139.65,141.5,138.4,138.4,12623
2018-12-24 10:15:00+05:30,138.75,139.25,138.0,138.0,4726
2018-12-24 11:15:00+05:30,138.0,141.7,137.8,140.0,25377
2018-12-24 12:15:00+05:30,140.0,141.05,139.75,140.0,55903
2018-12-24 13:15:00+05:30,140.0,140.1,139.9,140.0,31143
2018-12-24 14:15:00+05:30,140.0,142.1,139.85,142.0,66603
2018-12-24 15:15:00+05:30,142.0,142.5,141.1,142.0,16283
2018-12-26 09:15:00+05:30,141.8,141.8,139.4,140.95,28240
2018-12-26 10:15:00+05:30,140.95,141.55,140.45,141.15,7033
2018-12-26 11:15:00+05:30,141.15,142.55,140.85,141.5,13579
2018-12-26 12:15:00+05:30,141.5,141.5,140.85,141.0,21813
2018-12-26 13:15:00+05:30,141.0,141.45,140.85,141.05,15480
2018-12-26 14:15:00+05:30,141.05,141.5,140.9,141.25,31428
2018-12-26 15:15:00+05:30,141.25,142.0,140.75,140.8,10259
2018-12-27 09:15:00+05:30,141.85,144.8,141.05,144.4,20460
2018-12-27 10:15:00+05:30,144.4,145.2,143.45,144.2,141966
2018-12-27 11:15:00+05:30,144.2,145.0,144.05,145.0,121502
2018-12-27 12:15:00+05:30,145.0,145.25,144.0,144.05,98223
2018-12-27 13:15:00+05:30,144.05,145.05,144.05,144.3,24810
2018-12-27 14:15:00+05:30,144.3,147.9,144.1,145.15,57215
2018-12-27 15:15:00+05:30,145.15,145.55,142.05,143.6,22563
2018-12-28 09:15:00+05:30,147.0,147.0,145.1,146.0,17293
2018-12-28 10:15:00+05:30,146.0,146.45,145.1,145.2,10127
2018-12-28 11:15:00+05:30,145.2,146.8,145.2,145.7,9424
2018-12-28 12:15:00+05:30,145.7,145.7,144.6,145.05,3819
2018-12-28 13:15:00+05:30,144.9,145.7,144.8,145.3,1470
2018-12-28 14:15:00+05:30,145.3,145.9,144.7,145.4,4486
2018-12-28 15:15:00+05:30,145.4,145.7,144.0,144.35,4956
2018-12-31 09:15:00+05:30,146.1,146.2,144.15,145.25,11796
2018-12-31 10:15:00+05:30,145.25,146.0,145.0,145.4,8179
2018-12-31 11:15:00+05:30,145.4,145.7,145.05,145.45,5475
2018-12-31 12:15:00+05:30,145.45,145.7,145.0,145.35,4669
2018-12-31 13:15:00+05:30,145.35,145.4,145.0,145.3,2036
2018-12-31 14:15:00+05:30,145.3,147.5,145.0,146.8,32174
2018-12-31 15:15:00+05:30,146.8,151.5,144.85,148.0,40113
2019-01-01 09:15:00+05:30,147.9,151.35,146.0,149.2,23787
2019-01-01 10:15:00+05:30,149.2,149.95,148.45,149.35,8929
2019-01-01 11:15:00+05:30,149.35,149.95,149.05,149.9,6569
2019-01-01 12:15:00+05:30,149.8,149.95,149.5,149.65,2968
2019-01-01 13:15:00+05:30,149.65,149.75,149.0,149.05,3779
2019-01-01 14:15:00+05:30,149.3,149.85,147.55,148.15,15200
2019-01-01 15:15:00+05:30,148.15,148.75,147.8,148.0,11649
2019-01-02 09:15:00+05:30,149.0,149.7,148.0,149.6,12977
2019-01-02 10:15:00+05:30,149.7,151.0,149.05,149.35,12997
2019-01-02 11:15:00+05:30,149.35,150.0,149.0,150.0,8435
2019-01-02 12:15:00+05:30,150.0,150.05,149.0,149.75,20039
2019-01-02 13:15:00+05:30,149.75,150.25,149.0,149.0,11168
2019-01-02 14:15:00+05:30,149.0,150.05,149.0,149.8,12046
2019-01-02 15:15:00+05:30,149.8,150.25,149.45,149.55,11844
2019-01-03 09:15:00+05:30,149.0,149.0,147.25,148.5,9353
2019-01-03 10:15:00+05:30,149.0,149.75,149.0,149.4,5359
2019-01-03 11:15:00+05:30,149.4,149.55,149.0,149.45,5846
2019-01-03 12:15:00+05:30,149.45,149.5,149.0,149.2,3372
2019-01-03 13:15:00+05:30,149.2,150.4,149.0,150.05,28313
2019-01-03 14:15:00+05:30,150.05,150.8,149.55,150.1,6494
2019-01-03 15:15:00+05:30,150.1,150.1,149.2,149.3,4628
2019-01-04 09:15:00+05:30,149.0,150.0,147.25,148.05,10447
2019-01-04 10:15:00+05:30,148.05,150.3,147.55,150.3,63403
2019-01-04 11:15:00+05:30,150.3,150.3,149.6,150.0,4157
2019-01-04 12:15:00+05:30,150.0,150.15,149.3,149.4,2902
2019-01-04 13:15:00+05:30,149.4,150.15,149.3,149.45,15320
2019-01-04 14:15:00+05:30,149.45,150.2,148.95,150.0,21993
2019-01-04 15:15:00+05:30,150.0,150.2,148.3,148.3,4286
2019-01-07 09:15:00+05:30,150.4,151.5,150.4,150.95,3968
2019-01-07 10:15:00+05:30,150.95,151.35,147.5,149.4,18043
2019-01-07 11:15:00+05:30,149.4,150.0,148.5,150.0,6483
2019-01-07 12:15:00+05:30,150.0,150.35,149.45,150.1,2344
2019-01-07 13:15:00+05:30,150.1,150.5,149.75,150.25,20020
2019-01-07 14:15:00+05:30,150.25,150.25,148.0,148.35,12031
2019-01-07 15:15:00+05:30,148.2,148.75,145.5,146.0,9706
2019-01-08 09:15:00+05:30,146.9,150.5,146.1,150.2,19330
2019-01-08 10:15:00+05:30,150.2,150.4,149.9,150.0,6264
2019-01-08 11:15:00+05:30,150.0,150.45,149.9,150.2,7361
2019-01-08 12:15:00+05:30,150.2,150.45,149.95,150.15,14836
2019-01-08 13:15:00+05:30,150.0,150.3,150.0,150.05,1425
2019-01-08 14:15:00+05:30,150.05,150.45,150.05,150.4,7188
2019-01-08 15:15:00+05:30,150.45,151.0,150.1,150.9,4429
2019-01-09 09:15:00+05:30,150.95,151.2,149.55,150.0,178785
2019-01-09 10:15:00+05:30,150.0,156.0,149.75,154.4,175902
2019-01-09 11:15:00+05:30,154.45,155.05,149.55,150.45,59850
2019-01-09 12:15:00+05:30,150.45,150.85,150.1,150.5,4707
2019-01-09 13:15:00+05:30,150.5,150.85,150.0,150.0,8547
2019-01-09 14:15:00+05:30,150.0,150.85,150.0,150.0,14292
2019-01-09 15:15:00+05:30,150.0,150.2,149.15,150.0,11267
2019-01-10 09:15:00+05:30,151.15,151.75,150.05,150.05,7156
2019-01-10 10:15:00+05:30,150.05,151.4,150.05,151.15,5666
2019-01-10 11:15:00+05:30,151.15,151.15,150.65,150.65,14110
2019-01-10 12:15:00+05:30,150.65,151.1,150.65,150.95,4118
2019-01-10 13:15:00+05:30,150.95,151.3,150.85,151.0,5475
2019-01-10 14:15:00+05:30,151.0,151.35,150.85,151.2,8435
2019-01-10 15:15:00+05:30,151.2,151.3,150.5,150.7,2661
2019-01-11 09:15:00+05:30,151.0,151.9,150.5,151.1,6447
2019-01-11 10:15:00+05:30,151.1,151.55,150.65,151.0,2787
2019-01-11 11:15:00+05:30,151.0,151.1,150.0,150.35,6060
2019-01-11 12:15:00+05:30,150.35,151.1,150.35,150.75,4722
2019-01-11 13:15:00+05:30,150.75,151.15,150.0,151.0,9154
2019-01-11 14:15:00+05:30,150.8,151.1,150.1,150.1,7312
2019-01-11 15:15:00+05:30,150.1,150.9,148.5,149.0,9761
2019-01-14 09:15:00+05:30,146.15,151.0,146.15,150.5,16229
2019-01-14 10:15:00+05:30,150.5,152.0,150.5,151.3,11112
2019-01-14 11:15:00+05:30,151.25,151.35,150.65,151.1,2735
2019-01-14 12:15:00+05:30,151.1,152.0,150.85,151.1,6604
2019-01-14 13:15:00+05:30,151.1,151.15,150.0,150.3,8896
2019-01-14 14:15:00+05:30,150.15,150.5,149.25,150.1,20208
2019-01-14 15:15:00+05:30,150.1,150.65,149.45,149.75,6609
2019-01-15 09:15:00+05:30,151.4,151.55,150.0,150.95,7825
2019-01-15 10:15:00+05:30,150.95,152.1,150.75,151.9,13796
2019-01-15 11:15:00+05:30,151.9,152.0,150.7,150.7,8428
2019-01-15 12:15:00+05:30,150.7,151.85,150.7,151.5,3621
2019-01-15 13:15:00+05:30,151.5,151.65,151.05,151.45,1573
2019-01-15 14:15:00+05:30,151.45,152.8,151.45,152.0,10355
2019-01-15 15:15:00+05:30,152.0,153.0,152.0,152.35,4264
2019-01-16 09:15:00+05:30,150.5,152.8,150.5,152.35,2895
2019-01-16 10:15:00+05:30,152.35,152.5,151.85,152.0,1675
2019-01-16 11:15:00+05:30,152.0,152.15,151.25,151.85,3782
2019-01-16 12:15:00+05:30,151.85,151.95,150.5,151.85,4929
2019-01-16 13:15:00+05:30,151.85,151.85,151.6,151.7,862
2019-01-16 14:15:00+05:30,151.65,151.65,151.0,151.05,1926
2019-01-16 15:15:00+05:30,151.05,151.05,150.0,150.35,2256
2019-01-17 09:15:00+05:30,150.5,154.4,150.5,153.0,22277
2019-01-17 10:15:00+05:30,153.0,154.5,152.7,154.35,22916
2019-01-17 11:15:00+05:30,154.35,154.8,153.55,154.8,17544
2019-01-17 12:15:00+05:30,154.8,155.5,153.25,153.5,31812
2019-01-17 13:15:00+05:30,153.5,154.85,153.3,153.95,8246
2019-01-17 14:15:00+05:30,153.85,154.5,153.4,154.0,25809
2019-01-17 15:15:00+05:30,154.0,156.0,153.75,155.2,20214
2019-01-18 09:15:00+05:30,156.0,156.0,154.0,155.45,12241
2019-01-18 10:15:00+05:30,155.45,155.9,154.5,155.45,7959
2019-01-18 11:15:00+05:30,155.3,155.45,154.3,154.65,4172
2019-01-18 12:15:00+05:30,154.65,154.85,152.4,152.5,19146
2019-01-18 13:15:00+05:30,152.5,152.7,150.65,152.5,13116
2019-01-18 14:15:00+05:30,152.5,152.7,151.3,151.35,5173
2019-01-18 15:15:00+05:30,151.05,151.6,149.0,149.5,10746
2019-01-21 09:15:00+05:30,150.0,151.5,150.0,150.5,8079
2019-01-21 10:15:00+05:30,150.5,150.5,150.0,150.2,8354
2019-01-21 11:15:00+05:30,150.2,151.0,150.0,150.35,1737
2019-01-21 12:15:00+05:30,150.35,150.95,150.1,150.75,1609
2019-01-21 13:15:00+05:30,150.75,150.95,150.1,150.45,2050
2019-01-21 14:15:00+05:30,150.45,150.45,149.5,150.35,7528
2019-01-21 15:15:00+05:30,150.35,151.0,149.9,150.0,4332
2019-01-22 09:15:00+05:30,148.5,151.4,148.5,150.05,220445
2019-01-22 10:15:00+05:30,150.05,150.05,145.25,146.05,13457
2019-01-22 11:15:00+05:30,146.05,146.5,143.85,144.2,10404
2019-01-22 12:15:00+05:30,144.2,145.0,144.2,144.25,5381
2019-01-22 13:15:00+05:30,144.25,145.0,143.9,144.55,6097
2019-01-22 14:15:00+05:30,144.55,145.0,143.25,143.5,28679
2019-01-22 15:15:00+05:30,143.5,144.65,143.45,144.35,5225
2019-01-23 09:15:00+05:30,143.85,144.0,142.8,143.1,6262
2019-01-23 10:15:00+05:30,143.1,143.85,143.1,143.3,1805
2019-01-23 11:15:00+05:30,143.3,143.95,143.1,143.4,3489
2019-01-23 12:15:00+05:30,143.4,146.0,143.1,144.35,6272
2019-01-23 13:15:00+05:30,144.35,144.45,144.0,144.0,594
2019-01-23 14:15:00+05:30,144.35,145.25,143.9,144.9,9576
2019-01-23 15:15:00+05:30,145.0,145.85,144.15,144.9,2848
2019-01-24 09:15:00+05:30,145.0,145.95,144.05,144.3,3491
2019-01-24 10:15:00+05:30,144.3,144.4,142.5,143.85,6323
2019-01-24 11:15:00+05:30,143.85,146.9,143.6,146.0,15455
2019-01-24 12:15:00+05:30,146.1,146.9,145.6,145.6,6830
2019-01-24 13:15:00+05:30,145.55,146.2,145.05,146.0,4329
2019-01-24 14:15:00+05:30,146.0,148.0,145.8,147.05,87253
2019-01-24 15:15:00+05:30,147.05,148.7,146.1,148.5,9895
2019-01-25 09:15:00+05:30,147.0,147.25,146.0,147.15,3868
2019-01-25 10:15:00+05:30,147.15,147.95,146.5,147.05,4161
2019-01-25 11:15:00+05:30,147.05,147.15,146.85,147.0,3355
2019-01-25 12:15:00+05:30,147.0,147.6,147.0,147.3,1142
2019-01-25 13:15:00+05:30,147.3,147.6,146.5,147.0,3560
2019-01-25 14:15:00+05:30,147.0,147.05,143.85,143.85,25868
2019-01-25 15:15:00+05:30,143.85,144.65,141.7,143.7,6466
2019-01-28 09:15:00+05:30,144.75,144.75,140.1,142.15,19109
2019-01-28 10:15:00+05:30,142.3,142.6,138.85,139.85,6580
2019-01-28 11:15:00+05:30,139.85,139.85,135.0,136.5,17960
2019-01-28 12:15:00+05:30,136.5,137.85,136.5,137.8,2859
2019-01-28 13:15:00+05:30,137.8,141.5,137.6,141.45,23786
2019-01-28 14:15:00+05:30,141.45,145.65,139.4,145.5,31257
2019-01-28 15:15:00+05:30,145.5,147.8,145.0,146.7,11891
2019-01-29 09:15:00+05:30,144.45,144.95,139.25,140.35,18926
2019-01-29 10:15:00+05:30,140.35,140.95,139.2,139.45,10258
2019-01-29 11:15:00+05:30,139.35,140.0,137.65,138.8,14340
2019-01-29 12:15:00+05:30,138.8,139.95,138.8,139.0,6228
2019-01-29 13:15:00+05:30,139.0,139.65,137.5,138.4,9729
2019-01-29 14:15:00+05:30,138.45,139.55,137.85,139.45,21662
2019-01-29 15:15:00+05:30,139.45,141.0,137.9,138.0,10907
2019-01-30 09:15:00+05:30,138.0,142.45,138.0,140.85,13578
2019-01-30 10:15:00+05:30,140.85,140.9,139.4,140.0,7965
2019-01-30 11:15:00+05:30,140.0,140.3,139.05,139.2,13219
2019-01-30 12:15:00+05:30,139.2,139.6,138.95,139.0,2655
2019-01-30 13:15:00+05:30,139.0,139.0,138.8,139.0,626
2019-01-30 14:15:00+05:30,139.0,139.4,138.8,139.4,6536
2019-01-30 15:15:00+05:30,139.4,139.55,138.0,138.05,1302
2019-01-31 09:15:00+05:30,139.0,140.8,139.0,140.0,3192
2019-01-31 10:15:00+05:30,140.0,140.5,139.9,140.25,2326
2019-01-31 11:15:00+05:30,140.25,140.9,140.0,140.9,1461
2019-01-31 12:15:00+05:30,140.9,140.9,140.6,140.85,831
2019-01-31 13:15:00+05:30,140.85,140.9,139.5,140.05,3729
2019-01-31 14:15:00+05:30,140.05,141.35,139.9,140.15,5645
2019-01-31 15:15:00+05:30,140.15,141.0,140.05,141.0,1372
2019-02-01 09:15:00+05:30,140.9,140.9,138.65,139.7,4919
2019-02-01 10:15:00+05:30,139.7,139.9,139.25,139.45,1385
2019-02-01 11:15:00+05:30,139.45,140.0,139.45,139.75,4137
2019-02-01 12:15:00+05:30,139.75,140.1,139.55,139.95,2040
2019-02-01 13:15:00+05:30,139.95,140.2,139.9,139.9,2434
2019-02-01 14:15:00+05:30,139.9,144.5,139.4,144.25,17307
2019-02-01 15:15:00+05:30,144.25,147.1,143.8,144.4,19837
2019-02-04 09:15:00+05:30,145.5,147.2,144.0,144.15,15353
2019-02-04 10:15:00+05:30,144.15,144.55,143.7,143.75,5938
2019-02-04 11:15:00+05:30,143.5,143.9,143.05,143.9,3328
2019-02-04 12:15:00+05:30,143.9,143.9,141.5,141.9,5268
2019-02-04 13:15:00+05:30,142.5,142.5,141.5,141.8,2417
2019-02-04 14:15:00+05:30,141.8,142.5,141.05,142.2,5466
2019-02-04 15:15:00+05:30,142.2,142.3,138.5,139.2,15270
2019-02-05 09:15:00+05:30,138.5,143.0,138.5,142.45,4820
2019-02-05 10:15:00+05:30,142.45,142.85,141.5,142.6,9869
2019-02-05 11:15:00+05:30,142.6,142.6,141.5,141.95,1462
2019-02-05 12:15:00+05:30,142.0,144.4,141.7,142.9,6152
2019-02-05 13:15:00+05:30,142.9,144.2,142.85,143.8,4769
2019-02-05 14:15:00+05:30,143.8,143.8,138.5,139.15,11217
2019-02-05 15:15:00+05:30,139.15,139.2,138.5,139.2,3167
2019-02-06 09:15:00+05:30,139.9,139.9,138.9,139.05,9060
2019-02-06 10:15:00+05:30,139.05,139.9,139.05,139.7,2283
2019-02-06 11:15:00+05:30,139.65,139.75,138.5,139.0,2625
2019-02-06 12:15:00+05:30,139.0,139.6,138.0,139.1,3599
2019-02-06 13:15:00+05:30,139.1,140.0,139.1,139.95,3200
2019-02-06 14:15:00+05:30,139.95,142.0,139.55,141.6,14415
2019-02-06 15:15:00+05:30,141.6,141.75,139.5,139.5,3199
2019-02-07 09:15:00+05:30,141.55,143.65,141.25,143.1,8715
2019-02-07 10:15:00+05:30,143.0,143.05,141.5,142.4,6624
2019-02-07 11:15:00+05:30,142.4,143.35,141.45,141.45,5863
2019-02-07 12:15:00+05:30,141.45,142.85,139.0,142.0,5805
2019-02-07 13:15:00+05:30,142.0,143.0,141.7,142.65,2207
2019-02-07 14:15:00+05:30,142.65,143.0,142.0,142.3,5404
2019-02-07 15:15:00+05:30,142.3,143.0,140.05,142.55,3227
2019-02-08 09:15:00+05:30,138.0,140.0,135.2,138.75,26313
2019-02-08 10:15:00+05:30,138.75,139.55,134.0,136.5,292895
2019-02-08 11:15:00+05:30,136.5,137.25,136.0,136.5,4881
2019-02-08 12:15:00+05:30,136.55,137.0,136.55,136.9,1023
2019-02-08 13:15:00+05:30,136.9,136.95,136.0,136.5,1803
2019-02-08 14:15:00+05:30,136.5,136.95,135.2,135.3,6681
2019-02-08 15:15:00+05:30,135.3,136.4,135.0,135.85,4045
2019-02-11 09:15:00+05:30,134.5,135.55,132.9,134.45,7059
2019-02-11 10:15:00+05:30,134.45,134.65,132.75,132.9,7655
2019-02-11 11:15:00+05:30,132.65,133.75,132.55,133.75,1446
2019-02-11 12:15:00+05:30,133.75,134.25,132.55,133.4,5541
2019-02-11 13:15:00+05:30,133.4,133.4,132.25,132.75,1550
2019-02-11 14:15:00+05:30,132.75,132.8,131.65,132.3,3953
2019-02-11 15:15:00+05:30,132.25,132.25,131.0,131.25,5935
2019-02-12 09:15:00+05:30,130.2,134.65,130.2,134.4,8699
2019-02-12 10:15:00+05:30,134.4,136.7,134.0,136.7,21079
2019-02-12 11:15:00+05:30,136.7,136.7,135.0,135.35,5645
2019-02-12 12:15:00+05:30,135.35,135.85,135.1,135.55,6327
2019-02-12 13:15:00+05:30,135.55,136.0,135.0,135.0,2438
2019-02-12 14:15:00+05:30,135.0,135.1,131.35,131.45,11033
2019-02-12 15:15:00+05:30,131.4,132.6,129.5,131.0,11778
2019-02-13 09:15:00+05:30,132.0,132.35,131.15,131.8,3355
2019-02-13 10:15:00+05:30,131.8,133.75,131.55,132.35,4077
2019-02-13 11:15:00+05:30,132.35,132.35,130.4,130.45,3201
2019-02-13 12:15:00+05:30,130.5,130.5,125.55,126.7,19757
2019-02-13 13:15:00+05:30,126.7,127.9,126.2,127.55,4695
2019-02-13 14:15:00+05:30,127.55,127.8,125.7,126.35,6505
2019-02-13 15:15:00+05:30,126.35,128.9,125.8,128.9,7723
2019-02-14 09:15:00+05:30,125.6,127.65,125.55,127.65,4166
2019-02-14 10:15:00+05:30,127.4,128.45,127.4,127.65,4602
2019-02-14 11:15:00+05:30,127.65,127.75,127.0,127.75,6725
2019-02-14 12:15:00+05:30,127.75,128.25,127.75,128.25,2714
2019-02-14 13:15:00+05:30,127.95,127.95,126.7,127.2,2277
2019-02-14 14:15:00+05:30,127.2,127.2,126.0,126.0,6574
2019-02-14 15:15:00+05:30,126.0,126.9,125.55,126.5,2142
2019-02-15 09:15:00+05:30,126.95,128.0,126.9,127.65,5672
2019-02-15 10:15:00+05:30,127.65,128.45,126.75,126.95,6293
2019-02-15 11:15:00+05:30,126.95,129.4,126.5,128.35,8203
2019-02-15 12:15:00+05:30,128.4,128.75,126.05,126.95,5205
2019-02-15 13:15:00+05:30,126.95,127.4,126.25,127.0,10252
2019-02-15 14:15:00+05:30,127.0,127.35,126.05,127.0,5638
2019-02-15 15:15:00+05:30,127.0,127.0,126.0,126.0,3382
2019-02-18 09:15:00+05:30,127.5,127.5,125.35,125.65,5140
2019-02-18 10:15:00+05:30,125.75,126.75,125.55,125.7,2931
2019-02-18 11:15:00+05:30,125.7,126.35,125.5,126.2,5290
2019-02-18 12:15:00+05:30,126.2,126.2,125.6,125.85,1947
2019-02-18 13:15:00+05:30,125.85,126.1,125.0,125.4,1924
2019-02-18 14:15:00+05:30,125.0,126.55,123.05,126.05,6934
2019-02-18 15:15:00+05:30,126.05,126.9,126.0,126.0,3209
2019-02-19 09:15:00+05:30,126.25,128.1,126.25,128.0,8099
2019-02-19 10:15:00+05:30,128.15,131.8,128.15,130.5,13490
2019-02-19 11:15:00+05:30,130.5,130.75,129.0,129.05,2971
2019-02-19 12:15:00+05:30,129.05,129.5,129.05,129.5,3687
2019-02-19 13:15:00+05:30,129.5,129.5,129.05,129.4,1959
2019-02-19 14:15:00+05:30,129.4,129.9,128.0,128.35,6774
2019-02-19 15:15:00+05:30,128.35,128.8,127.8,128.8,2727
2019-02-20 09:15:00+05:30,128.0,131.5,128.0,129.3,6495
2019-02-20 10:15:00+05:30,129.35,130.0,128.25,129.4,7450
2019-02-20 11:15:00+05:30,129.4,129.55,128.05,129.0,5981
2019-02-20 12:15:00+05:30,129.0,129.15,128.0,128.0,7059
2019-02-20 13:15:00+05:30,128.0,129.15,126.4,127.0,19868
2019-02-20 14:15:00+05:30,127.0,127.5,125.85,126.9,10734
2019-02-20 15:15:00+05:30,126.9,127.3,126.0,126.5,3292
2019-02-21 09:15:00+05:30,128.6,128.85,127.0,128.0,11701
2019-02-21 10:15:00+05:30,128.0,128.0,125.1,125.75,11245
2019-02-21 11:15:00+05:30,125.75,126.0,125.65,125.75,4733
2019-02-21 12:15:00+05:30,125.8,126.0,124.05,125.0,11400
2019-02-21 13:15:00+05:30,125.0,125.65,124.85,125.4,2662
2019-02-21 14:15:00+05:30,125.4,125.8,125.1,125.1,4676
2019-02-21 15:15:00+05:30,125.1,125.8,125.1,125.4,3721
2019-02-22 09:15:00+05:30,124.3,127.35,124.3,127.0,4757
2019-02-22 10:15:00+05:30,127.0,127.3,126.0,126.75,4027
2019-02-22 11:15:00+05:30,126.75,126.85,126.0,126.3,2117
2019-02-22 12:15:00+05:30,126.3,126.9,126.15,126.2,2463
2019-02-22 13:15:00+05:30,126.2,126.5,126.2,126.3,1904
2019-02-22 14:15:00+05:30,126.3,126.5,126.3,126.3,4188
2019-02-22 15:15:00+05:30,126.3,126.5,126.0,126.0,3246
2019-02-25 09:15:00+05:30,127.2,128.0,126.3,126.5,3444
2019-02-25 10:15:00+05:30,126.5,127.0,126.0,126.95,1567
2019-02-25 11:15:00+05:30,126.95,127.25,126.4,126.8,4123
2019-02-25 12:15:00+05:30,126.8,127.05,126.6,127.0,3307
2019-02-25 13:15:00+05:30,127.0,127.1,125.3,126.0,4454
2019-02-25 14:15:00+05:30,126.0,127.0,125.4,126.0,3597
2019-02-25 15:15:00+05:30,126.05,126.7,125.65,125.75,3802
2019-02-26 09:15:00+05:30,126.25,126.25,124.0,124.35,7252
2019-02-26 10:15:00+05:30,124.35,125.75,124.35,125.0,12908
2019-02-26 11:15:00+05:30,125.0,125.0,124.5,124.65,14526
2019-02-26 12:15:00+05:30,124.55,124.8,124.2,124.45,6718
2019-02-26 13:15:00+05:30,124.45,124.65,124.3,124.5,1873
2019-02-26 14:15:00+05:30,124.5,125.3,124.1,125.0,23021
2019-02-26 15:15:00+05:30,125.0,128.0,124.5,124.5,92703
2019-02-27 09:15:00+05:30,125.05,131.0,125.05,130.0,87231
2019-02-27 10:15:00+05:30,130.0,137.75,129.6,135.5,164610
2019-02-27 11:15:00+05:30,135.5,138.5,130.0,131.5,187472
2019-02-27 12:15:00+05:30,131.5,138.9,131.4,134.65,223978
2019-02-27 13:15:00+05:30,134.65,136.45,133.15,135.9,60483
2019-02-27 14:15:00+05:30,135.9,138.75,135.7,138.0,143238
2019-02-27 15:15:00+05:30,138.0,138.9,136.1,137.7,32228
2019-02-28 09:15:00+05:30,137.7,139.6,135.65,137.0,58986
2019-02-28 10:15:00+05:30,137.0,137.5,136.0,136.65,14991
2019-02-28 11:15:00+05:30,136.65,137.0,136.0,137.0,20726
2019-02-28 12:15:00+05:30,137.0,139.0,137.0,138.55,39054
2019-02-28 13:15:00+05:30,138.55,150.0,138.3,146.8,165592
2019-02-28 14:15:00+05:30,146.8,147.7,142.3,146.5,92344
2019-02-28 15:15:00+05:30,146.5,149.4,145.0,145.0,52412
2019-03-01 09:15:00+05:30,145.3,154.45,145.0,153.6,210293
2019-03-01 10:15:00+05:30,153.6,153.9,150.1,151.85,47151
2019-03-01 11:15:00+05:30,151.85,151.85,149.1,150.5,22618
2019-03-01 12:15:00+05:30,150.3,151.55,150.1,150.9,12446
2019-03-01 13:15:00+05:30,150.9,152.0,150.0,150.8,12283
2019-03-01 14:15:00+05:30,150.8,151.15,148.1,148.8,51549
2019-03-01 15:15:00+05:30,148.8,150.5,148.2,149.1,54108
2019-03-05 09:15:00+05:30,150.0,151.65,148.45,148.9,30602
2019-03-05 10:15:00+05:30,148.9,150.9,148.9,150.5,11827
2019-03-05 11:15:00+05:30,150.5,150.5,148.75,150.5,7412
2019-03-05 12:15:00+05:30,150.5,150.9,149.1,149.3,8477
2019-03-05 13:15:00+05:30,149.6,152.25,149.6,151.8,40856
2019-03-05 14:15:00+05:30,151.8,152.25,150.5,151.2,10894
2019-03-05 15:15:00+05:30,151.2,152.2,151.2,151.65,6181
2019-03-06 09:15:00+05:30,153.35,153.85,151.45,151.45,13166
2019-03-06 10:15:00+05:30,151.45,151.9,151.05,151.45,2365
2019-03-06 11:15:00+05:30,151.45,152.0,150.15,151.3,6482
2019-03-06 12:15:00+05:30,151.3,151.7,150.1,150.1,5229
2019-03-06 13:15:00+05:30,150.1,150.55,148.5,148.55,11639
2019-03-06 14:15:00+05:30,148.55,150.65,148.55,149.1,13350
2019-03-06 15:15:00+05:30,149.1,149.5,148.3,148.95,6562
2019-03-07 09:15:00+05:30,149.9,150.7,147.15,147.7,8723
2019-03-07 10:15:00+05:30,148.05,148.55,146.35,146.6,6679
2019-03-07 11:15:00+05:30,146.6,147.35,144.25,145.5,19655
2019-03-07 12:15:00+05:30,145.5,145.55,144.5,144.9,8231
2019-03-07 13:15:00+05:30,144.9,145.95,144.85,145.25,7006
2019-03-07 14:15:00+05:30,145.25,146.4,145.1,145.25,12085
2019-03-07 15:15:00+05:30,145.2,145.8,145.0,145.0,10806
2019-03-08 09:15:00+05:30,145.9,145.9,142.7,143.85,14697
2019-03-08 10:15:00+05:30,143.85,144.1,143.25,143.95,9765
2019-03-08 11:15:00+05:30,143.95,146.9,143.5,145.0,16262
2019-03-08 12:15:00+05:30,145.0,145.95,144.55,145.0,3735
2019-03-08 13:15:00+05:30,145.0,145.25,145.0,145.0,5497
2019-03-08 14:15:00+05:30,145.0,145.75,144.3,145.0,9721
2019-03-08 15:15:00+05:30,145.0,145.8,144.9,145.5,3582
2019-03-11 09:15:00+05:30,147.0,147.0,145.25,145.35,11215
2019-03-11 10:15:00+05:30,145.35,150.45,145.25,149.8,83080
2019-03-11 11:15:00+05:30,149.7,150.3,148.15,149.6,26181
2019-03-11 12:15:00+05:30,149.6,149.95,148.1,148.25,14950
2019-03-11 13:15:00+05:30,148.25,148.75,146.0,146.05,14440
2019-03-11 14:15:00+05:30,146.05,149.0,146.05,147.0,18327
2019-03-11 15:15:00+05:30,147.0,147.25,144.3,145.05,26922
2019-03-12 09:15:00+05:30,146.9,148.4,146.15,148.0,23523
2019-03-12 10:15:00+05:30,148.0,148.5,146.9,148.0,13231
2019-03-12 11:15:00+05:30,148.0,148.0,146.5,146.5,3910
2019-03-12 12:15:00+05:30,146.5,146.6,146.2,146.55,2863
2019-03-12 13:15:00+05:30,146.55,147.0,146.05,146.05,13537
2019-03-12 14:15:00+05:30,146.05,147.0,146.0,146.2,4532
2019-03-12 15:15:00+05:30,146.05,146.45,145.2,145.65,5603
2019-03-13 09:15:00+05:30,146.4,146.95,145.3,145.65,9143
2019-03-13 10:15:00+05:30,145.65,145.95,145.0,145.65,3361
2019-03-13 11:15:00+05:30,145.45,145.65,144.8,145.3,10392
2019-03-13 12:15:00+05:30,145.3,148.7,145.25,146.35,15254
2019-03-13 13:15:00+05:30,146.35,146.5,144.75,145.0,10927
2019-03-13 14:15:00+05:30,145.0,146.25,144.8,144.8,11616
2019-03-13 15:15:00+05:30,144.8,145.75,144.8,145.15,3428
2019-03-14 09:15:00+05:30,146.25,147.4,145.6,145.8,7094
2019-03-14 10:15:00+05:30,145.8,145.8,143.15,144.65,8692
2019-03-14 11:15:00+05:30,144.65,145.0,144.0,144.0,3061
2019-03-14 12:15:00+05:30,144.0,144.55,143.25,144.3,4905
2019-03-14 13:15:00+05:30,144.3,145.95,144.0,144.15,7785
2019-03-14 14:15:00+05:30,144.15,145.0,144.05,144.2,8404
2019-03-14 15:15:00+05:30,144.2,145.0,144.2,145.0,7170
2019-03-15 09:15:00+05:30,145.8,146.5,145.0,145.6,8544
2019-03-15 10:15:00+05:30,145.6,145.6,140.6,142.0,32610
2019-03-15 11:15:00+05:30,142.0,143.15,142.0,142.8,7780
2019-03-15 12:15:00+05:30,142.8,144.0,142.5,143.7,62762
2019-03-15 13:15:00+05:30,143.7,143.95,143.0,143.45,88862
2019-03-15 14:15:00+05:30,143.45,143.7,142.8,142.95,4942
2019-03-15 15:15:00+05:30,142.95,143.95,142.55,142.75,12854
2019-03-18 09:15:00+05:30,143.0,145.0,139.35,141.0,19671
2019-03-18 10:15:00+05:30,141.0,141.3,139.6,140.1,7079
2019-03-18 11:15:00+05:30,140.1,140.7,140.0,140.5,8761
2019-03-18 12:15:00+05:30,140.5,140.55,140.05,140.2,1604
2019-03-18 13:15:00+05:30,140.2,141.0,139.55,140.55,5228
2019-03-18 14:15:00+05:30,140.9,140.9,139.85,139.95,8225
2019-03-18 15:15:00+05:30,139.95,140.0,139.0,139.15,8511
2019-03-19 09:15:00+05:30,140.0,140.0,138.05,138.35,12239
2019-03-19 10:15:00+05:30,138.35,139.75,138.35,139.5,3141
2019-03-19 11:15:00+05:30,139.4,139.85,138.45,138.75,6953
2019-03-19 12:15:00+05:30,138.75,138.95,137.85,138.0,7420
2019-03-19 13:15:00+05:30,138.0,138.6,137.75,138.0,5088
2019-03-19 14:15:00+05:30,138.0,138.2,137.3,137.9,2652
2019-03-19 15:15:00+05:30,137.9,138.5,137.55,138.0,4130
2019-03-20 09:15:00+05:30,137.95,139.35,137.95,138.6,11660
2019-03-20 10:15:00+05:30,138.75,138.75,137.5,137.95,10650
2019-03-20 11:15:00+05:30,137.95,138.0,135.0,135.75,20235
2019-03-20 12:15:00+05:30,135.75,136.7,135.2,136.1,5860
2019-03-20 13:15:00+05:30,136.1,136.5,132.8,132.95,24842
2019-03-20 14:15:00+05:30,132.95,133.95,132.5,132.5,21941
2019-03-20 15:15:00+05:30,132.55,133.6,132.5,132.7,14599
2019-03-22 09:15:00+05:30,134.55,138.5,133.0,136.75,44702
2019-03-22 10:15:00+05:30,136.75,137.25,135.25,136.0,15397
2019-03-22 11:15:00+05:30,136.0,136.1,134.75,135.0,16427
2019-03-22 12:15:00+05:30,135.0,135.5,134.5,135.2,20868
2019-03-22 13:15:00+05:30,135.2,135.2,134.65,134.9,12325
2019-03-22 14:15:00+05:30,134.9,135.25,133.95,134.0,21921
2019-03-22 15:15:00+05:30,134.0,134.9,133.65,134.35,5123
2019-03-25 09:15:00+05:30,133.65,133.65,131.05,132.2,14289
2019-03-25 10:15:00+05:30,132.2,132.25,130.85,130.9,12133
2019-03-25 11:15:00+05:30,130.9,131.0,128.5,129.5,22927
2019-03-25 12:15:00+05:30,129.5,129.9,128.15,129.05,13406
2019-03-25 13:15:00+05:30,129.05,134.0,128.9,131.6,68318
2019-03-25 14:15:00+05:30,131.6,133.8,130.5,130.6,50450
2019-03-25 15:15:00+05:30,130.6,131.5,129.55,130.35,15629
2019-03-26 09:15:00+05:30,131.35,134.85,131.35,134.8,26098
2019-03-26 10:15:00+05:30,134.8,136.1,134.15,135.25,35631
2019-03-26 11:15:00+05:30,135.25,135.45,134.65,134.75,11157
2019-03-26 12:15:00+05:30,134.75,137.75,134.65,135.5,25734
2019-03-26 13:15:00+05:30,135.5,136.55,135.3,135.75,7373
2019-03-26 14:15:00+05:30,135.75,136.05,135.05,135.2,8089
2019-03-26 15:15:00+05:30,135.3,136.8,135.15,136.8,10769
2019-03-27 09:15:00+05:30,138.0,141.95,137.1,139.7,180712
2019-03-27 10:15:00+05:30,139.7,139.75,136.25,136.45,31619
2019-03-27 11:15:00+05:30,136.45,138.5,136.25,138.1,10947
2019-03-27 12:15:00+05:30,138.1,138.85,137.4,138.55,16801
2019-03-27 13:15:00+05:30,138.55,138.55,136.2,136.65,14210
2019-03-27 14:15:00+05:30,136.7,139.7,135.45,138.6,58703
2019-03-27 15:15:00+05:30,138.6,140.3,138.0,138.7,22788
2019-03-28 09:15:00+05:30,139.9,139.9,137.65,138.85,41335
2019-03-28 10:15:00+05:30,138.85,139.65,138.1,138.85,8553
2019-03-28 11:15:00+05:30,138.95,139.05,138.25,138.85,8971
2019-03-28 12:15:00+05:30,138.65,139.0,138.1,138.7,5541
2019-03-28 13:15:00+05:30,138.7,139.2,137.8,137.8,13773
2019-03-28 14:15:00+05:30,137.8,138.65,137.45,137.9,6061
2019-03-28 15:15:00+05:30,137.9,138.0,137.0,137.0,2878
2019-03-29 09:15:00+05:30,137.5,139.5,137.45,138.9,9126
2019-03-29 10:15:00+05:30,138.95,139.25,138.0,138.35,3499
2019-03-29 11:15:00+05:30,138.35,139.4,138.2,138.45,4156
2019-03-29 12:15:00+05:30,138.45,138.55,137.75,137.95,4881
2019-03-29 13:15:00+05:30,137.95,138.55,137.9,138.0,5320
2019-03-29 14:15:00+05:30,138.0,139.5,137.3,137.3,15440
2019-03-29 15:15:00+05:30,137.3,137.3,133.8,135.25,29357
2019-04-01 09:15:00+05:30,137.0,139.0,137.0,138.5,15628
2019-04-01 10:15:00+05:30,138.5,140.9,138.45,139.95,25583
2019-04-01 11:15:00+05:30,139.95,140.1,138.35,138.85,7104
2019-04-01 12:15:00+05:30,138.85,139.95,138.75,139.05,3302
2019-04-01 13:15:00+05:30,139.05,139.35,138.55,139.1,3337
2019-04-01 14:15:00+05:30,139.1,139.15,138.15,138.15,6063
2019-04-01 15:15:00+05:30,138.15,139.15,138.05,139.0,7077
2019-04-02 09:15:00+05:30,139.95,139.95,138.5,138.95,6405
2019-04-02 10:15:00+05:30,138.95,138.95,137.3,138.05,6679
2019-04-02 11:15:00+05:30,138.05,138.75,137.95,138.0,1719
2019-04-02 12:15:00+05:30,138.0,138.9,138.0,138.05,3236
2019-04-02 13:15:00+05:30,138.3,139.0,138.0,138.35,5293
2019-04-02 14:15:00+05:30,138.35,139.55,137.5,137.75,20608
2019-04-02 15:15:00+05:30,137.9,137.9,136.5,136.7,10502
2019-04-03 09:15:00+05:30,138.65,139.5,137.85,138.85,8398
2019-04-03 10:15:00+05:30,138.35,139.5,138.35,139.0,5765
2019-04-03 11:15:00+05:30,139.0,139.0,137.05,137.5,9786
2019-04-03 12:15:00+05:30,137.95,137.95,137.0,137.2,4063
2019-04-03 13:15:00+05:30,137.2,137.95,137.1,137.1,4860
2019-04-03 14:15:00+05:30,137.1,137.35,134.05,134.7,14868
2019-04-03 15:15:00+05:30,135.15,136.7,134.5,136.7,4054
2019-04-04 09:15:00+05:30,135.6,136.55,134.1,134.1,14685
2019-04-04 10:15:00+05:30,134.1,135.3,134.1,135.0,26419
2019-04-04 11:15:00+05:30,135.0,135.0,132.8,133.0,11359
2019-04-04 12:15:00+05:30,133.0,133.75,132.9,133.2,11243
2019-04-04 13:15:00+05:30,133.2,133.5,132.9,133.15,13085
2019-04-04 14:15:00+05:30,133.2,133.95,132.9,133.6,8912
2019-04-04 15:15:00+05:30,133.6,134.0,133.35,133.8,4980
2019-04-05 09:15:00+05:30,133.9,135.6,133.45,134.65,9327
2019-04-05 10:15:00+05:30,135.0,135.0,134.45,134.75,4244
2019-04-05 11:15:00+05:30,134.75,134.8,134.15,134.5,5777
2019-04-05 12:15:00+05:30,134.5,134.7,134.1,134.15,1138
2019-04-05 13:15:00+05:30,134.45,134.75,134.1,134.1,2683
2019-04-05 14:15:00+05:30,134.1,134.6,133.7,133.7,5806
2019-04-05 15:15:00+05:30,134.3,134.4,133.45,134.4,2910
2019-04-08 09:15:00+05:30,132.6,134.95,132.6,134.45,5269
2019-04-08 10:15:00+05:30,134.45,134.45,133.25,133.35,4109
2019-04-08 11:15:00+05:30,133.35,133.5,132.6,133.0,5704
2019-04-08 12:15:00+05:30,133.0,133.5,132.6,133.1,11216
2019-04-08 13:15:00+05:30,133.1,133.2,132.5,133.0,19159
2019-04-08 14:15:00+05:30,133.0,133.5,132.7,133.0,22538
2019-04-08 15:15:00+05:30,133.0,133.45,132.75,133.0,7085
2019-04-09 09:15:00+05:30,132.0,133.8,132.0,133.65,5494
2019-04-09 10:15:00+05:30,133.65,133.65,133.25,133.4,7141
2019-04-09 11:15:00+05:30,133.4,133.45,132.35,132.5,2721
2019-04-09 12:15:00+05:30,132.5,133.05,132.5,133.05,5487
2019-04-09 13:15:00+05:30,133.05,133.05,132.8,133.0,69919
2019-04-09 14:15:00+05:30,133.0,133.5,132.85,133.0,68706
2019-04-09 15:15:00+05:30,133.0,133.0,132.5,132.6,8370
2019-04-10 09:15:00+05:30,130.75,133.4,130.75,132.95,5100
2019-04-10 10:15:00+05:30,132.95,133.25,132.05,133.25,9135
2019-04-10 11:15:00+05:30,133.3,134.75,133.0,133.0,16554
2019-04-10 12:15:00+05:30,133.0,133.55,132.95,133.3,1834
2019-04-10 13:15:00+05:30,133.3,133.45,132.95,133.3,1854
2019-04-10 14:15:00+05:30,133.3,133.45,131.0,131.0,7194
2019-04-10 15:15:00+05:30,131.0,131.45,129.65,130.1,19730
2019-04-11 09:15:00+05:30,131.4,133.7,130.8,132.5,19006
2019-04-11 10:15:00+05:30,132.5,132.8,132.25,132.25,1992
2019-04-11 11:15:00+05:30,132.25,132.5,132.1,132.3,4805
2019-04-11 12:15:00+05:30,132.3,132.5,131.15,132.5,6949
2019-04-11 13:15:00+05:30,132.5,132.5,130.65,131.0,5711
2019-04-11 14:15:00+05:30,131.0,131.45,129.6,130.0,26886
2019-04-11 15:15:00+05:30,130.0,130.45,129.5,130.35,9482
2019-04-12 09:15:00+05:30,131.7,132.2,129.5,131.95,8535
2019-04-12 10:15:00+05:30,131.95,132.0,131.55,131.85,1642
2019-04-12 11:15:00+05:30,131.85,131.85,131.15,131.7,2882
2019-04-12 12:15:00+05:30,131.7,133.5,131.5,133.2,8172
2019-04-12 13:15:00+05:30,133.2,133.25,132.05,132.5,5427
2019-04-12 14:15:00+05:30,132.5,132.5,131.85,132.1,6984
2019-04-12 15:15:00+05:30,132.0,133.25,131.75,132.8,7713
2019-04-15 09:15:00+05:30,132.25,137.0,132.25,135.8,14574
2019-04-15 10:15:00+05:30,135.8,135.95,134.75,135.4,5331
2019-04-15 11:15:00+05:30,135.4,135.5,134.85,135.35,5167
2019-04-15 12:15:00+05:30,135.35,135.8,134.55,135.65,3968
2019-04-15 13:15:00+05:30,135.65,135.65,134.65,135.45,3077
2019-04-15 14:15:00+05:30,135.45,135.55,134.25,134.25,7703
2019-04-15 15:15:00+05:30,134.25,135.4,134.25,135.2,5037
2019-04-16 09:15:00+05:30,136.5,137.0,135.4,136.6,14033
2019-04-16 10:15:00+05:30,136.6,136.7,136.05,136.4,6088
2019-04-16 11:15:00+05:30,136.4,136.75,135.85,136.7,6743
2019-04-16 12:15:00+05:30,136.3,136.75,136.0,136.45,2003
2019-04-16 13:15:00+05:30,136.5,140.6,136.2,139.95,58111
2019-04-16 14:15:00+05:30,139.95,141.5,137.5,137.75,37471
2019-04-16 15:15:00+05:30,138.0,139.0,137.0,138.1,14451
2019-04-18 09:15:00+05:30,139.0,139.0,136.15,136.5,13634
2019-04-18 10:15:00+05:30,136.5,136.5,134.4,135.7,14565
2019-04-18 11:15:00+05:30,135.7,136.05,135.05,135.65,2099
2019-04-18 12:15:00+05:30,135.65,136.15,135.15,135.8,2494
2019-04-18 13:15:00+05:30,135.8,136.15,135.15,135.7,1827
2019-04-18 14:15:00+05:30,135.85,136.0,135.0,135.0,4316
2019-04-18 15:15:00+05:30,135.0,135.05,133.45,134.05,6978
2019-04-22 09:15:00+05:30,133.0,134.4,132.5,133.15,4351
2019-04-22 10:15:00+05:30,133.15,133.25,132.0,132.5,4304
2019-04-22 11:15:00+05:30,132.5,132.85,132.2,132.3,973
2019-04-22 12:15:00+05:30,132.3,132.8,131.7,132.45,1976
2019-04-22 13:15:00+05:30,132.45,132.45,131.65,131.65,2351
2019-04-22 14:15:00+05:30,131.65,137.5,131.65,136.7,20169
2019-04-22 15:15:00+05:30,136.7,139.7,136.5,139.55,26303
2019-04-23 09:15:00+05:30,136.9,139.0,136.9,138.0,16479
2019-04-23 10:15:00+05:30,137.9,138.2,137.45,137.5,42256
2019-04-23 11:15:00+05:30,137.5,137.5,134.8,136.25,51581
2019-04-23 12:15:00+05:30,136.25,137.15,136.25,136.95,11263
2019-04-23 13:15:00+05:30,136.95,136.95,136.25,136.5,1198
2019-04-23 14:15:00+05:30,136.5,137.15,135.35,135.35,104243
2019-04-23 15:15:00+05:30,135.35,135.7,134.05,134.15,4194
2019-04-24 09:15:00+05:30,135.3,136.3,135.2,135.45,2664
2019-04-24 10:15:00+05:30,135.45,135.45,133.0,133.55,4119
2019-04-24 11:15:00+05:30,133.75,133.75,132.55,132.6,7512
2019-04-24 12:15:00+05:30,132.6,133.15,132.55,132.9,2339
2019-04-24 13:15:00+05:30,132.9,133.25,132.55,133.1,3361
2019-04-24 14:15:00+05:30,133.1,133.5,132.6,132.95,9745
2019-04-24 15:15:00+05:30,132.95,132.95,131.6,132.0,12222
2019-04-25 09:15:00+05:30,132.3,133.9,132.3,133.0,11566
2019-04-25 10:15:00+05:30,133.0,133.15,132.9,132.9,6545
2019-04-25 11:15:00+05:30,132.9,133.0,132.4,132.5,2361
2019-04-25 12:15:00+05:30,132.5,132.5,132.25,132.5,1028
2019-04-25 13:15:00+05:30,132.4,132.4,131.6,131.95,2255
2019-04-25 14:15:00+05:30,131.95,132.1,130.65,131.15,8146
2019-04-25 15:15:00+05:30,131.15,131.25,130.25,130.5,8512
2019-04-26 09:15:00+05:30,132.0,132.4,131.4,131.55,10555
2019-04-26 10:15:00+05:30,131.55,132.2,131.55,132.0,4924
2019-04-26 11:15:00+05:30,132.0,132.0,131.3,131.5,1942
2019-04-26 12:15:00+05:30,131.5,131.5,131.3,131.3,2495
2019-04-26 13:15:00+05:30,131.35,131.4,131.0,131.0,4573
2019-04-26 14:15:00+05:30,131.35,131.55,130.7,130.95,5557
2019-04-26 15:15:00+05:30,130.95,131.4,130.15,131.4,4756
2019-04-30 09:15:00+05:30,129.3,130.65,128.55,128.7,18010
2019-04-30 10:15:00+05:30,128.7,129.2,128.5,129.2,3822
2019-04-30 11:15:00+05:30,129.2,129.2,128.4,128.95,3128
2019-04-30 12:15:00+05:30,128.75,129.0,127.8,127.85,6687
2019-04-30 13:15:00+05:30,127.85,128.35,127.5,127.7,5090
2019-04-30 14:15:00+05:30,127.7,127.75,126.8,127.25,7301
2019-04-30 15:15:00+05:30,127.25,127.45,126.65,127.15,3418
2019-05-02 09:15:00+05:30,129.9,129.9,127.65,128.25,5582
2019-05-02 10:15:00+05:30,128.25,128.9,128.2,128.2,7079
2019-05-02 11:15:00+05:30,128.2,128.55,128.2,128.25,2008
2019-05-02 12:15:00+05:30,128.25,128.5,127.25,127.25,6922
2019-05-02 13:15:00+05:30,127.25,127.25,126.35,127.0,4883
2019-05-02 14:15:00+05:30,127.0,127.05,124.7,125.0,12382
2019-05-02 15:15:00+05:30,125.0,126.2,124.7,124.7,4881
2019-05-03 09:15:00+05:30,123.6,126.15,123.6,125.5,10482
2019-05-03 10:15:00+05:30,125.5,125.5,125.0,125.0,8630
2019-05-03 11:15:00+05:30,125.0,125.25,124.5,124.85,3509
2019-05-03 12:15:00+05:30,124.85,125.5,124.4,124.8,688128
2019-05-03 13:15:00+05:30,124.8,124.8,121.8,122.0,27562
2019-05-03 14:15:00+05:30,122.0,124.0,120.6,121.3,24100
2019-05-03 15:15:00+05:30,121.3,122.8,121.0,122.65,6264
2019-05-06 09:15:00+05:30,121.9,122.75,120.8,121.45,12527
2019-05-06 10:15:00+05:30,121.2,121.5,120.75,120.8,3612
2019-05-06 11:15:00+05:30,120.8,120.9,120.6,120.75,2571
2019-05-06 12:15:00+05:30,120.75,120.9,120.3,120.9,1818
2019-05-06 13:15:00+05:30,120.85,121.0,120.0,120.0,6923
2019-05-06 14:15:00+05:30,120.0,120.6,119.5,119.8,7441
2019-05-06 15:15:00+05:30,119.8,120.0,117.5,118.25,13642
2019-05-07 09:15:00+05:30,118.5,119.95,118.5,119.2,5167
2019-05-07 10:15:00+05:30,119.2,119.5,119.15,119.45,2168
2019-05-07 11:15:00+05:30,119.45,119.45,118.05,118.8,3328
2019-05-07 12:15:00+05:30,118.9,119.5,118.35,118.5,8921
2019-05-07 13:15:00+05:30,118.5,119.1,117.35,117.4,11242
2019-05-07 14:15:00+05:30,117.4,117.4,113.45,114.5,18767
2019-05-07 15:15:00+05:30,114.5,115.3,114.0,114.95,4263
2019-05-08 09:15:00+05:30,115.0,118.2,114.95,117.35,22824
2019-05-08 10:15:00+05:30,117.35,117.75,116.0,117.3,10212
2019-05-08 11:15:00+05:30,117.3,117.4,116.55,117.0,3366
2019-05-08 12:15:00+05:30,117.0,118.3,116.6,117.4,4444
2019-05-08 13:15:00+05:30,117.4,117.4,116.6,116.6,3291
2019-05-08 14:15:00+05:30,116.6,117.0,115.45,116.35,7549
2019-05-08 15:15:00+05:30,115.8,116.9,115.8,116.9,3191
2019-05-09 09:15:00+05:30,118.1,118.1,114.0,114.05,11200
2019-05-09 10:15:00+05:30,114.05,114.25,112.35,113.3,10227
2019-05-09 11:15:00+05:30,113.3,113.8,113.05,113.05,6419
2019-05-09 12:15:00+05:30,113.05,113.5,112.65,112.65,9188
2019-05-09 13:15:00+05:30,112.65,113.35,112.5,112.55,8109
2019-05-09 14:15:00+05:30,112.55,113.5,112.5,113.0,9443
2019-05-09 15:15:00+05:30,113.0,113.7,113.0,113.2,4614
2019-05-10 09:15:00+05:30,110.2,114.2,110.2,113.15,11647
2019-05-10 10:15:00+05:30,113.15,113.7,112.1,113.0,10050
2019-05-10 11:15:00+05:30,113.0,113.5,112.05,113.0,3728
2019-05-10 12:15:00+05:30,113.0,113.5,112.95,113.3,2145
2019-05-10 13:15:00+05:30,113.3,114.15,112.4,114.15,6146
2019-05-10 14:15:00+05:30,114.15,115.15,113.0,114.2,8748
2019-05-10 15:15:00+05:30,114.2,114.3,113.1,114.0,2887
2019-05-13 09:15:00+05:30,113.1,114.65,113.1,114.3,3306
2019-05-13 10:15:00+05:30,114.3,114.9,114.0,114.3,4275
2019-05-13 11:15:00+05:30,114.3,114.6,113.25,114.3,3379
2019-05-13 12:15:00+05:30,114.5,117.9,111.35,112.2,21567
2019-05-13 13:15:00+05:30,112.2,112.5,109.3,109.9,18903
2019-05-13 14:15:00+05:30,109.9,110.55,108.35,108.6,10189
2019-05-13 15:15:00+05:30,108.6,108.8,107.8,108.0,7313
2019-05-14 09:15:00+05:30,109.95,110.0,108.0,109.15,20627
2019-05-14 10:15:00+05:30,109.15,113.5,109.0,112.5,22911
2019-05-14 11:15:00+05:30,112.8,114.4,111.55,114.4,20078
2019-05-14 12:15:00+05:30,114.4,114.4,112.3,112.3,4809
2019-05-14 13:15:00+05:30,112.25,114.2,111.8,113.7,10859
2019-05-14 14:15:00+05:30,113.7,124.45,113.55,124.25,142577
2019-05-14 15:15:00+05:30,124.5,126.0,123.8,125.0,107679
2019-05-15 09:15:00+05:30,125.25,125.9,119.0,121.4,55446
2019-05-15 10:15:00+05:30,121.35,121.4,119.5,119.8,19414
2019-05-15 11:15:00+05:30,119.8,120.5,119.6,120.4,13051
2019-05-15 12:15:00+05:30,120.4,120.4,118.25,119.1,10918
2019-05-15 13:15:00+05:30,119.1,120.5,117.35,120.1,10181
2019-05-15 14:15:00+05:30,120.1,120.1,115.0,115.15,17988
2019-05-15 15:15:00+05:30,115.15,119.0,115.0,118.0,23405
2019-05-16 09:15:00+05:30,115.1,123.05,115.1,118.9,23677
2019-05-16 10:15:00+05:30,118.9,119.0,117.7,118.7,4624
2019-05-16 11:15:00+05:30,118.7,118.85,117.7,118.45,5580
2019-05-16 12:15:00+05:30,118.5,118.5,117.0,118.4,2408
2019-05-16 13:15:00+05:30,118.4,118.4,117.0,118.3,3605
2019-05-16 14:15:00+05:30,118.3,118.55,117.5,118.2,13043
2019-05-16 15:15:00+05:30,118.2,118.75,117.9,118.15,6593
2019-05-17 09:15:00+05:30,118.6,120.95,118.5,119.05,7109
2019-05-17 10:15:00+05:30,119.05,122.0,119.0,121.7,14093
2019-05-17 11:15:00+05:30,121.7,122.0,120.55,120.95,9106
2019-05-17 12:15:00+05:30,120.75,120.95,118.95,119.2,5551
2019-05-17 13:15:00+05:30,119.2,119.9,119.0,119.5,2997
2019-05-17 14:15:00+05:30,119.5,120.75,119.5,120.25,4372
2019-05-17 15:15:00+05:30,120.25,120.8,118.8,119.05,8991
2019-05-20 09:15:00+05:30,124.85,132.0,122.35,125.05,90858
2019-05-20 10:15:00+05:30,125.1,125.95,123.2,124.2,17944
2019-05-20 11:15:00+05:30,124.2,124.5,123.75,123.85,3547
2019-05-20 12:15:00+05:30,123.85,124.5,123.4,123.45,4060
2019-05-20 13:15:00+05:30,123.95,124.5,123.4,123.55,6225
2019-05-20 14:15:00+05:30,123.55,124.5,122.6,123.0,19671
2019-05-20 15:15:00+05:30,123.0,124.0,122.15,122.75,8621
2019-05-21 09:15:00+05:30,124.5,125.2,123.15,124.35,7636
2019-05-21 10:15:00+05:30,124.35,124.55,123.4,124.05,5759
2019-05-21 11:15:00+05:30,124.05,124.35,123.2,123.2,1359
2019-05-21 12:15:00+05:30,123.45,123.55,122.55,123.0,3544
2019-05-21 13:15:00+05:30,122.75,122.75,122.0,122.1,5094
2019-05-21 14:15:00+05:30,122.1,122.5,122.0,122.5,3679
2019-05-21 15:15:00+05:30,122.5,122.5,121.05,121.55,5969
2019-05-22 09:15:00+05:30,120.15,121.9,120.05,120.5,4736
2019-05-22 10:15:00+05:30,120.5,121.0,119.15,119.55,5635
2019-05-22 11:15:00+05:30,119.7,120.0,119.55,119.6,811
2019-05-22 12:15:00+05:30,119.6,120.1,119.2,119.65,10150
2019-05-22 13:15:00+05:30,119.65,120.0,119.5,119.7,2013
2019-05-22 14:15:00+05:30,119.7,120.0,119.5,119.8,4272
2019-05-22 15:15:00+05:30,120.0,120.0,119.4,119.5,2657
2019-05-23 09:15:00+05:30,122.65,125.0,122.0,122.15,8400
2019-05-23 10:15:00+05:30,122.15,123.0,121.0,121.0,11496
2019-05-23 11:15:00+05:30,121.0,121.0,118.85,119.1,6520
2019-05-23 12:15:00+05:30,119.1,119.55,118.8,118.9,1684
2019-05-23 13:15:00+05:30,118.9,119.25,118.1,118.25,2893
2019-05-23 14:15:00+05:30,118.25,118.5,118.05,118.2,1807
2019-05-23 15:15:00+05:30,118.2,118.5,118.0,118.0,1690
2019-05-24 09:15:00+05:30,119.6,121.15,118.65,120.65,6277
2019-05-24 10:15:00+05:30,120.65,121.15,119.5,119.5,5151
2019-05-24 11:15:00+05:30,119.5,120.0,119.0,119.95,5432
2019-05-24 12:15:00+05:30,119.95,120.5,119.7,119.7,7296
2019-05-24 13:15:00+05:30,119.7,120.25,119.6,120.0,6778
2019-05-24 14:15:00+05:30,120.0,120.05,119.6,119.9,14334
2019-05-24 15:15:00+05:30,119.9,120.8,119.5,120.75,5988
2019-05-27 09:15:00+05:30,121.95,124.7,120.0,123.2,26377
2019-05-27 10:15:00+05:30,123.2,124.9,123.0,124.25,12861
2019-05-27 11:15:00+05:30,124.25,124.45,123.0,123.65,8013
2019-05-27 12:15:00+05:30,123.65,124.85,123.35,124.05,6920
2019-05-27 13:15:00+05:30,124.05,124.7,123.65,123.7,6978
2019-05-27 14:15:00+05:30,123.7,124.45,122.3,123.35,10770
2019-05-27 15:15:00+05:30,123.35,124.45,123.0,124.0,8627
2019-05-28 09:15:00+05:30,122.15,125.6,122.15,123.1,15831
2019-05-28 10:15:00+05:30,123.1,124.5,122.6,124.0,13196
2019-05-28 11:15:00+05:30,124.0,124.0,123.05,123.15,8163
2019-05-28 12:15:00+05:30,123.15,123.5,121.7,122.75,8956
2019-05-28 13:15:00+05:30,122.85,123.05,121.75,121.75,6344
2019-05-28 14:15:00+05:30,121.7,122.85,120.8,121.7,17379
2019-05-28 15:15:00+05:30,121.7,122.0,120.85,121.95,7931
2019-05-29 09:15:00+05:30,122.0,127.0,121.95,125.85,85233
2019-05-29 10:15:00+05:30,125.85,128.6,125.6,126.0,57090
2019-05-29 11:15:00+05:30,126.0,126.9,125.4,125.4,17789
2019-05-29 12:15:00+05:30,125.4,126.0,123.5,124.4,14908
2019-05-29 13:15:00+05:30,124.4,124.7,123.5,124.5,10253
2019-05-29 14:15:00+05:30,124.5,124.5,121.1,122.5,25026
2019-05-29 15:15:00+05:30,122.5,123.5,121.85,121.95,14033
2019-05-30 09:15:00+05:30,122.9,123.9,121.5,122.25,10119
2019-05-30 10:15:00+05:30,122.25,123.0,122.0,122.35,5184
2019-05-30 11:15:00+05:30,122.35,122.35,121.0,121.1,5285
2019-05-30 12:15:00+05:30,121.1,121.6,121.1,121.3,1374
2019-05-30 13:15:00+05:30,121.3,121.65,119.0,119.35,8607
2019-05-30 14:15:00+05:30,119.4,120.3,119.35,119.65,6241
2019-05-30 15:15:00+05:30,119.65,123.0,119.4,120.25,14118
2019-05-31 09:15:00+05:30,122.85,123.25,121.0,121.05,6337
2019-05-31 10:15:00+05:30,121.05,121.5,121.0,121.0,2342
2019-05-31 11:15:00+05:30,121.0,121.0,116.15,117.25,9908
2019-05-31 12:15:00+05:30,117.2,119.65,117.2,119.25,10291
2019-05-31 13:15:00+05:30,118.8,119.95,118.8,119.95,5154
2019-05-31 14:15:00+05:30,119.95,119.95,117.9,117.9,6136
2019-05-31 15:15:00+05:30,117.9,119.5,117.9,119.5,2185
2019-06-03 09:15:00+05:30,120.4,120.55,118.35,118.5,5308
2019-06-03 10:15:00+05:30,118.4,118.8,115.2,116.1,22887
2019-06-03 11:15:00+05:30,115.95,116.15,115.55,116.0,7083
2019-06-03 12:15:00+05:30,116.0,116.1,115.65,115.8,3211
2019-06-03 13:15:00+05:30,115.8,116.0,115.3,116.0,6183
2019-06-03 14:15:00+05:30,116.0,116.0,115.4,115.55,7627
2019-06-03 15:15:00+05:30,115.55,116.0,115.5,115.5,5380
2019-06-04 09:15:00+05:30,117.5,118.95,115.85,118.2,10211
2019-06-04 10:15:00+05:30,118.2,120.0,118.05,119.05,9732
2019-06-04 11:15:00+05:30,119.05,119.05,118.5,118.75,2428
2019-06-04 12:15:00+05:30,118.75,118.75,118.15,118.6,2538
2019-06-04 13:15:00+05:30,118.6,118.8,117.45,117.85,3207
2019-06-04 14:15:00+05:30,117.85,118.3,117.45,118.15,2902
2019-06-04 15:15:00+05:30,118.15,118.8,117.1,117.1,3932
2019-06-06 09:15:00+05:30,118.0,118.25,116.8,117.0,3347
2019-06-06 10:15:00+05:30,117.15,119.75,116.55,118.7,5968
2019-06-06 11:15:00+05:30,118.7,118.95,117.85,117.9,2360
2019-06-06 12:15:00+05:30,117.9,117.9,116.35,116.5,5286
2019-06-06 13:15:00+05:30,116.5,116.95,116.0,116.85,6547
2019-06-06 14:15:00+05:30,116.85,116.85,116.0,116.4,2767
2019-06-06 15:15:00+05:30,116.4,116.9,116.0,116.75,7000
2019-06-07 09:15:00+05:30,116.55,118.0,116.55,117.95,8347
2019-06-07 10:15:00+05:30,117.95,118.9,117.75,117.8,11842
2019-06-07 11:15:00+05:30,117.9,118.0,116.7,116.7,6443
2019-06-07 12:15:00+05:30,116.7,117.65,116.65,117.2,3482
2019-06-07 13:15:00+05:30,117.2,117.2,116.5,116.5,3936
2019-06-07 14:15:00+05:30,116.5,117.9,116.1,117.0,12677
2019-06-07 15:15:00+05:30,117.0,117.0,116.2,116.5,3918
2019-06-10 09:15:00+05:30,116.5,118.35,116.05,117.1,6429
2019-06-10 10:15:00+05:30,117.15,117.4,116.6,117.0,2835
2019-06-10 11:15:00+05:30,117.0,119.7,117.0,118.0,19396
2019-06-10 12:15:00+05:30,118.0,119.6,117.25,119.45,11202
2019-06-10 13:15:00+05:30,118.85,118.85,116.95,117.0,3460
2019-06-10 14:15:00+05:30,117.0,118.4,116.95,117.95,5261
2019-06-10 15:15:00+05:30,117.95,118.5,117.15,118.2,5161
2019-06-11 09:15:00+05:30,118.2,118.2,116.1,117.5,3318
2019-06-11 10:15:00+05:30,117.5,118.85,116.8,117.65,10793
2019-06-11 11:15:00+05:30,118.85,118.85,117.45,117.75,3477
2019-06-11 12:15:00+05:30,117.6,118.4,117.45,117.5,3269
2019-06-11 13:15:00+05:30,117.5,118.0,117.5,118.0,1998
2019-06-11 14:15:00+05:30,118.0,118.65,117.0,118.65,6895
2019-06-11 15:15:00+05:30,118.65,118.85,117.6,117.6,7401
2019-06-12 09:15:00+05:30,118.55,118.55,117.1,117.2,2095
2019-06-12 10:15:00+05:30,117.2,117.7,117.15,117.4,2358
2019-06-12 11:15:00+05:30,117.4,117.95,117.35,117.55,2559
2019-06-12 12:15:00+05:30,117.55,119.5,117.55,119.4,15985
2019-06-12 13:15:00+05:30,119.45,119.65,118.1,118.55,16269
2019-06-12 14:15:00+05:30,118.55,119.85,118.25,118.75,4186
2019-06-12 15:15:00+05:30,118.75,118.8,118.4,118.7,4694
2019-06-13 09:15:00+05:30,118.8,119.85,117.4,117.4,14951
2019-06-13 10:15:00+05:30,117.4,118.05,116.95,117.0,8782
2019-06-13 11:15:00+05:30,117.0,117.0,116.4,116.65,4509
2019-06-13 12:15:00+05:30,116.65,119.0,116.5,116.9,24511
2019-06-13 13:15:00+05:30,116.9,117.7,116.65,116.95,4201
2019-06-13 14:15:00+05:30,116.95,118.65,116.35,116.5,25826
2019-06-13 15:15:00+05:30,116.5,116.85,115.55,115.85,9213
2019-06-14 09:15:00+05:30,117.4,117.4,115.1,115.15,7744
2019-06-14 10:15:00+05:30,115.15,115.75,113.85,113.85,19771
2019-06-14 11:15:00+05:30,113.85,114.55,113.15,114.15,1105
2019-06-14 12:15:00+05:30,114.15,115.0,114.0,114.4,4728
2019-06-14 13:15:00+05:30,114.4,115.0,114.1,114.3,4023
2019-06-14 14:15:00+05:30,114.3,114.6,113.6,113.95,14382
2019-06-14 15:15:00+05:30,113.95,115.0,113.8,113.8,12196
2019-06-17 09:15:00+05:30,115.0,115.0,112.65,113.75,10346
2019-06-17 10:15:00+05:30,113.75,113.75,113.0,113.0,2801
2019-06-17 11:15:00+05:30,112.8,113.2,112.65,113.2,5300
2019-06-17 12:15:00+05:30,113.2,113.2,111.25,111.25,10849
2019-06-17 13:15:00+05:30,111.25,111.55,110.1,110.45,16092
2019-06-17 14:15:00+05:30,110.45,110.9,109.0,109.55,12267
2019-06-17 15:15:00+05:30,109.55,109.95,109.0,109.1,5117
2019-06-18 09:15:00+05:30,109.1,111.7,107.55,109.9,10114
2019-06-18 10:15:00+05:30,109.7,110.05,109.7,110.0,5849
2019-06-18 11:15:00+05:30,109.8,110.2,109.7,109.7,6839
2019-06-18 12:15:00+05:30,109.7,109.9,108.8,109.15,6814
2019-06-18 13:15:00+05:30,109.15,109.2,108.5,108.65,11103
2019-06-18 14:15:00+05:30,108.65,109.4,107.25,108.75,76478
2019-06-18 15:15:00+05:30,108.75,109.0,108.55,109.0,22087
2019-06-19 09:15:00+05:30,109.2,110.0,107.9,107.95,7615
2019-06-19 10:15:00+05:30,107.95,108.3,107.15,107.95,5874
2019-06-19 11:15:00+05:30,108.25,108.85,108.1,108.75,4138
2019-06-19 12:15:00+05:30,108.75,108.75,108.35,108.65,2080
2019-06-19 13:15:00+05:30,108.65,108.9,108.0,108.75,11261
2019-06-19 14:15:00+05:30,108.4,108.9,105.1,105.85,17945
2019-06-19 15:15:00+05:30,105.85,106.25,105.8,106.0,1714
2019-06-20 09:15:00+05:30,105.0,106.0,105.0,105.6,7362
2019-06-20 10:15:00+05:30,105.6,107.45,105.2,106.0,12741
2019-06-20 11:15:00+05:30,106.0,106.8,105.75,106.15,5874
2019-06-20 12:15:00+05:30,106.15,107.55,106.1,107.0,8466
2019-06-20 13:15:00+05:30,107.0,109.1,106.9,108.35,11448
2019-06-20 14:15:00+05:30,108.35,109.75,107.05,108.1,48689
2019-06-20 15:15:00+05:30,108.1,108.25,106.95,107.3,11724
2019-06-21 09:15:00+05:30,107.95,108.5,107.3,107.3,6401
2019-06-21 10:15:00+05:30,107.2,107.5,106.5,107.5,4920
2019-06-21 11:15:00+05:30,107.5,108.55,107.5,107.85,3666
2019-06-21 12:15:00+05:30,107.8,108.9,107.8,108.2,6297
2019-06-21 13:15:00+05:30,108.2,108.2,107.6,107.6,4102
2019-06-21 14:15:00+05:30,107.9,108.5,107.6,107.85,16685
2019-06-21 15:15:00+05:30,107.85,111.5,107.65,108.35,14235
2019-06-24 09:15:00+05:30,109.8,109.8,108.3,108.45,5311
2019-06-24 10:15:00+05:30,108.45,108.5,108.3,108.3,3666
2019-06-24 11:15:00+05:30,108.4,109.0,107.2,108.75,4368
2019-06-24 12:15:00+05:30,108.75,108.75,107.5,107.75,4393
2019-06-24 13:15:00+05:30,107.75,108.5,106.15,107.0,6860
2019-06-24 14:15:00+05:30,107.0,108.0,106.2,106.65,12117
2019-06-24 15:15:00+05:30,106.8,107.2,106.2,106.75,11410
2019-06-25 09:15:00+05:30,106.75,106.75,105.05,105.45,10513
2019-06-25 10:15:00+05:30,105.45,106.05,105.15,105.7,3784
2019-06-25 11:15:00+05:30,105.7,106.2,105.7,105.7,1681
2019-06-25 12:15:00+05:30,105.7,106.0,105.3,105.8,3645
2019-06-25 13:15:00+05:30,105.8,106.3,105.3,106.0,3446
2019-06-25 14:15:00+05:30,106.0,106.25,105.5,105.7,3385
2019-06-25 15:15:00+05:30,105.7,105.95,105.35,105.35,1682
2019-06-26 09:15:00+05:30,106.75,106.75,105.35,105.5,7319
2019-06-26 10:15:00+05:30,105.4,106.2,105.35,105.85,6121
2019-06-26 11:15:00+05:30,105.85,106.3,105.6,106.2,3687
2019-06-26 12:15:00+05:30,105.75,106.3,105.6,105.9,2390
2019-06-26 13:15:00+05:30,105.65,106.25,105.55,105.55,4937
2019-06-26 14:15:00+05:30,105.55,106.1,105.35,105.7,2822
2019-06-26 15:15:00+05:30,105.7,105.85,105.55,105.6,2494
2019-06-27 09:15:00+05:30,105.6,106.6,105.05,106.6,7737
2019-06-27 10:15:00+05:30,106.6,107.5,106.5,106.75,4188
2019-06-27 11:15:00+05:30,106.75,107.0,106.0,106.35,4032
2019-06-27 12:15:00+05:30,106.35,106.7,106.0,106.55,4796
2019-06-27 13:15:00+05:30,106.55,106.75,105.5,105.6,6069
2019-06-27 14:15:00+05:30,105.6,106.75,105.55,106.75,4812
2019-06-27 15:15:00+05:30,106.75,107.0,106.3,106.3,13807
2019-06-28 09:15:00+05:30,106.35,107.9,106.35,107.55,4311
2019-06-28 10:15:00+05:30,107.5,109.6,107.5,109.0,12818
2019-06-28 11:15:00+05:30,109.0,113.0,108.8,112.7,43851
2019-06-28 12:15:00+05:30,112.7,112.75,111.1,111.9,11450
2019-06-28 13:15:00+05:30,111.6,112.95,111.1,112.15,12627
2019-06-28 14:15:00+05:30,112.5,112.65,109.0,109.75,21817
2019-06-28 15:15:00+05:30,109.75,111.45,109.75,110.35,11542
2019-07-01 09:15:00+05:30,111.5,112.4,110.0,111.15,36266
2019-07-01 10:15:00+05:30,111.15,111.65,110.9,111.4,8199
2019-07-01 11:15:00+05:30,111.4,111.4,110.1,110.2,10503
2019-07-01 12:15:00+05:30,110.2,110.85,110.2,110.25,2699
2019-07-01 13:15:00+05:30,110.25,110.6,110.25,110.35,2815
2019-07-01 14:15:00+05:30,110.35,110.75,108.15,109.0,14777
2019-07-01 15:15:00+05:30,109.0,109.0,107.55,107.9,8358
2019-07-02 09:15:00+05:30,108.0,108.1,107.0,107.4,7629
2019-07-02 10:15:00+05:30,107.05,107.4,106.85,107.0,3353
2019-07-02 11:15:00+05:30,107.0,107.4,106.8,107.4,2570
2019-07-02 12:15:00+05:30,107.4,107.4,107.0,107.35,1402
2019-07-02 13:15:00+05:30,107.35,107.4,106.55,106.8,4193
2019-07-02 14:15:00+05:30,106.8,107.75,106.8,107.3,3130
2019-07-02 15:15:00+05:30,107.3,107.65,107.0,107.0,3089
2019-07-03 09:15:00+05:30,106.55,108.95,106.55,107.65,5361
2019-07-03 10:15:00+05:30,107.65,108.3,107.65,108.2,2697
2019-07-03 11:15:00+05:30,108.2,108.75,107.25,108.0,5029
2019-07-03 12:15:00+05:30,108.0,108.15,107.4,107.6,2252
2019-07-03 13:15:00+05:30,107.8,108.15,107.1,108.0,8292
2019-07-03 14:15:00+05:30,108.0,108.1,107.2,107.65,24329
2019-07-03 15:15:00+05:30,107.65,107.8,107.1,107.4,4035
2019-07-04 09:15:00+05:30,107.4,108.3,106.25,107.5,8085
2019-07-04 10:15:00+05:30,107.5,108.25,107.5,108.15,2211
2019-07-04 11:15:00+05:30,108.15,108.3,107.5,107.8,3535
2019-07-04 12:15:00+05:30,107.6,107.85,107.6,107.75,1113
2019-07-04 13:15:00+05:30,107.75,107.9,107.75,107.75,646
2019-07-04 14:15:00+05:30,107.9,108.0,107.15,107.6,3191
2019-07-04 15:15:00+05:30,107.6,107.65,106.6,107.0,6225
2019-07-05 09:15:00+05:30,106.3,107.8,105.5,106.0,9612
2019-07-05 10:15:00+05:30,106.0,106.5,105.7,105.9,2872
2019-07-05 11:15:00+05:30,106.25,107.0,106.0,106.7,434216
2019-07-05 12:15:00+05:30,106.7,107.5,106.4,106.6,4364
2019-07-05 13:15:00+05:30,106.6,107.05,106.35,107.0,6964
2019-07-05 14:15:00+05:30,107.0,107.1,106.55,106.55,7253
2019-07-05 15:15:00+05:30,106.55,107.25,105.8,105.8,6743
2019-07-08 09:15:00+05:30,105.8,106.35,104.8,104.8,10011
2019-07-08 10:15:00+05:30,104.8,105.45,104.0,104.0,6852
2019-07-08 11:15:00+05:30,103.9,103.9,102.3,103.3,4181
2019-07-08 12:15:00+05:30,103.3,103.45,103.0,103.1,900
2019-07-08 13:15:00+05:30,103.1,103.1,102.0,102.15,3243
2019-07-08 14:15:00+05:30,102.15,103.05,102.0,102.2,4644
2019-07-08 15:15:00+05:30,102.2,102.75,102.1,102.75,4453
2019-07-09 09:15:00+05:30,102.0,102.1,99.0,101.35,14874
2019-07-09 10:15:00+05:30,101.35,101.65,100.8,100.8,649202
2019-07-09 11:15:00+05:30,100.8,101.8,100.65,101.5,2835
2019-07-09 12:15:00+05:30,101.75,101.75,100.55,100.7,2900
2019-07-09 13:15:00+05:30,100.7,101.55,100.5,100.95,957
2019-07-09 14:15:00+05:30,100.95,101.0,100.25,100.75,2812
2019-07-09 15:15:00+05:30,100.75,100.8,100.25,100.5,3190
2019-07-10 09:15:00+05:30,100.5,107.0,100.0,104.8,26552
2019-07-10 10:15:00+05:30,104.8,105.5,102.5,104.6,16503
2019-07-10 11:15:00+05:30,104.6,110.0,104.55,105.45,62318
2019-07-10 12:15:00+05:30,105.45,105.9,102.4,103.7,20290
2019-07-10 13:15:00+05:30,103.7,104.55,103.0,103.3,11719
2019-07-10 14:15:00+05:30,103.3,104.6,102.25,102.95,20794
2019-07-10 15:15:00+05:30,103.0,103.45,102.05,102.3,8201
2019-07-11 09:15:00+05:30,102.5,103.3,100.1,102.0,12619
2019-07-11 10:15:00+05:30,102.0,102.2,101.35,101.85,2805
2019-07-11 11:15:00+05:30,101.85,101.85,101.0,101.5,2691
2019-07-11 12:15:00+05:30,101.6,102.2,101.4,101.5,4514
2019-07-11 13:15:00+05:30,101.5,102.3,101.5,101.95,4841
2019-07-11 14:15:00+05:30,101.95,102.3,101.0,101.25,6523
2019-07-11 15:15:00+05:30,101.25,101.9,101.0,101.05,7171
2019-07-12 09:15:00+05:30,101.05,104.5,99.3,102.05,17979
2019-07-12 10:15:00+05:30,102.05,103.65,101.6,102.0,7441
2019-07-12 11:15:00+05:30,102.0,103.35,101.05,102.35,8781
2019-07-12 12:15:00+05:30,102.45,103.15,102.2,102.8,7344
2019-07-12 13:15:00+05:30,102.8,105.4,102.5,103.0,18018
2019-07-12 14:15:00+05:30,103.0,103.5,101.4,102.5,11105
2019-07-12 15:15:00+05:30,102.5,102.95,102.2,102.8,2633
2019-07-15 09:15:00+05:30,102.05,105.8,101.15,104.95,18650
2019-07-15 10:15:00+05:30,105.0,105.4,104.5,105.3,8357
2019-07-15 11:15:00+05:30,105.3,105.4,104.55,105.0,5177
2019-07-15 12:15:00+05:30,104.95,105.25,104.95,105.25,2090
2019-07-15 13:15:00+05:30,105.25,106.2,104.95,105.1,8221
2019-07-15 14:15:00+05:30,105.1,105.3,103.35,103.6,6356
2019-07-15 15:15:00+05:30,103.6,107.0,103.6,105.75,6385
2019-07-16 09:15:00+05:30,106.8,108.8,106.8,108.0,31972
2019-07-16 10:15:00+05:30,108.0,108.7,107.7,108.3,9893
2019-07-16 11:15:00+05:30,108.45,108.85,107.5,107.95,59979
2019-07-16 12:15:00+05:30,107.95,108.35,107.25,107.65,20094
2019-07-16 13:15:00+05:30,107.65,108.45,107.35,107.9,3317
2019-07-16 14:15:00+05:30,107.9,108.0,105.15,105.35,26261
2019-07-16 15:15:00+05:30,105.35,105.4,105.0,105.0,4709
2019-07-17 09:15:00+05:30,106.85,107.05,105.5,106.75,8470
2019-07-17 10:15:00+05:30,106.75,107.5,105.3,106.15,7385
2019-07-17 11:15:00+05:30,106.15,107.0,106.0,106.75,2523
2019-07-17 12:15:00+05:30,106.75,106.75,105.7,106.7,2514
2019-07-17 13:15:00+05:30,106.7,106.95,105.85,106.7,1744
2019-07-17 14:15:00+05:30,106.95,107.2,106.6,106.9,4038
2019-07-17 15:15:00+05:30,106.9,107.5,106.9,107.15,2831
2019-07-18 09:15:00+05:30,107.95,107.95,105.05,105.45,6581
2019-07-18 10:15:00+05:30,105.45,105.95,105.0,105.7,529443
2019-07-18 11:15:00+05:30,105.7,106.0,104.0,104.6,6535
2019-07-18 12:15:00+05:30,104.6,104.6,102.9,103.75,5470
2019-07-18 13:15:00+05:30,103.75,104.35,103.15,103.15,1556
2019-07-18 14:15:00+05:30,103.15,104.2,101.45,101.75,12764
2019-07-18 15:15:00+05:30,101.65,105.0,101.55,104.0,8032
2019-07-19 09:15:00+05:30,102.85,105.0,99.45,99.95,18881
2019-07-19 10:15:00+05:30,100.0,100.8,100.0,100.25,4360
2019-07-19 11:15:00+05:30,100.25,100.65,100.05,100.45,2855
2019-07-19 12:15:00+05:30,100.45,100.5,99.0,99.85,9961
2019-07-19 13:15:00+05:30,100.0,100.2,97.3,97.75,21900
2019-07-19 14:15:00+05:30,97.55,99.2,97.55,98.95,10474
2019-07-19 15:15:00+05:30,98.95,102.8,98.45,102.8,7311
2019-07-22 09:15:00+05:30,100.0,101.85,96.0,97.25,19778
2019-07-22 10:15:00+05:30,97.25,97.85,97.0,97.15,3621
2019-07-22 11:15:00+05:30,97.15,97.2,96.6,96.75,2435
2019-07-22 12:15:00+05:30,96.75,97.75,96.15,97.5,3888
2019-07-22 13:15:00+05:30,97.65,98.1,97.0,97.85,2839
2019-07-22 14:15:00+05:30,97.85,98.0,96.8,97.3,4652
2019-07-22 15:15:00+05:30,97.3,97.85,97.3,97.3,2330
2019-07-23 09:15:00+05:30,97.45,98.45,97.0,97.8,9753
2019-07-23 10:15:00+05:30,97.8,98.45,97.5,98.0,2930
2019-07-23 11:15:00+05:30,98.0,99.0,97.75,98.9,1681
2019-07-23 12:15:00+05:30,98.9,98.9,98.0,98.15,2194
2019-07-23 13:15:00+05:30,98.6,99.45,98.5,99.1,2954
2019-07-23 14:15:00+05:30,99.2,99.75,98.15,99.5,4975
2019-07-23 15:15:00+05:30,99.5,100.0,98.5,100.0,3543
2019-07-24 09:15:00+05:30,100.0,100.8,97.2,97.75,10571
2019-07-24 10:15:00+05:30,97.75,98.0,96.65,97.0,9312
2019-07-24 11:15:00+05:30,97.0,97.95,97.0,97.65,871
2019-07-24 12:15:00+05:30,97.4,97.6,97.1,97.5,6784
2019-07-24 13:15:00+05:30,97.5,97.6,97.05,97.45,2411
2019-07-24 14:15:00+05:30,97.45,97.7,96.05,97.0,6312
2019-07-24 15:15:00+05:30,97.0,97.1,96.25,96.25,3402
2019-07-25 09:15:00+05:30,96.0,97.55,96.0,97.25,4497
2019-07-25 10:15:00+05:30,97.25,97.25,96.0,97.05,5527
2019-07-25 11:15:00+05:30,97.05,97.55,95.9,95.9,4843
2019-07-25 12:15:00+05:30,95.9,96.7,95.5,95.6,3970
2019-07-25 13:15:00+05:30,95.6,95.8,95.3,95.8,1510
2019-07-25 14:15:00+05:30,95.8,95.8,95.05,95.15,4216
2019-07-25 15:15:00+05:30,95.15,95.45,95.05,95.1,5008
2019-07-26 09:15:00+05:30,95.0,96.65,95.0,95.25,4242
2019-07-26 10:15:00+05:30,95.35,95.75,94.6,95.75,3753
2019-07-26 11:15:00+05:30,95.8,97.8,95.7,96.95,8365
2019-07-26 12:15:00+05:30,96.95,97.2,96.0,97.2,5285
2019-07-26 13:15:00+05:30,97.2,98.0,96.45,96.65,6703
2019-07-26 14:15:00+05:30,96.65,96.7,95.4,95.85,9328
2019-07-26 15:15:00+05:30,95.85,96.6,95.8,96.6,1485
2019-07-29 09:15:00+05:30,96.6,96.7,95.3,96.0,15519
2019-07-29 10:15:00+05:30,96.0,96.0,95.7,95.95,2714
2019-07-29 11:15:00+05:30,96.0,96.0,95.35,95.5,6387
2019-07-29 12:15:00+05:30,95.5,95.5,95.35,95.4,2049
2019-07-29 13:15:00+05:30,95.4,95.7,95.15,95.25,3064
2019-07-29 14:15:00+05:30,95.25,95.5,94.4,94.6,3538
2019-07-29 15:15:00+05:30,94.6,94.75,94.5,94.5,1899
2019-07-30 09:15:00+05:30,94.6,95.35,94.1,94.4,10409
2019-07-30 10:15:00+05:30,94.4,94.4,93.95,93.95,4215
2019-07-30 11:15:00+05:30,93.95,94.05,93.5,93.55,3142
2019-07-30 12:15:00+05:30,93.55,93.55,86.6,87.3,34046
2019-07-30 13:15:00+05:30,87.3,88.2,86.6,87.75,14095
2019-07-30 14:15:00+05:30,87.75,87.75,86.0,86.8,17493
2019-07-30 15:15:00+05:30,86.85,87.5,86.4,86.5,4116
2019-07-31 09:15:00+05:30,87.4,88.4,82.1,83.4,19098
2019-07-31 10:15:00+05:30,83.4,83.4,82.05,83.1,7308
2019-07-31 11:15:00+05:30,83.1,83.7,82.65,83.55,5931
2019-07-31 12:15:00+05:30,83.55,83.9,83.05,83.4,3884
2019-07-31 13:15:00+05:30,83.4,83.85,82.35,82.9,9801
2019-07-31 14:15:00+05:30,82.95,84.5,82.9,84.3,11210
2019-07-31 15:15:00+05:30,84.3,84.3,83.05,83.95,5810
2019-08-01 09:15:00+05:30,83.5,85.35,82.0,85.35,7105
2019-08-01 10:15:00+05:30,85.35,85.35,84.15,84.65,8016
2019-08-01 11:15:00+05:30,84.65,84.8,84.1,84.15,4367
2019-08-01 12:15:00+05:30,84.15,84.85,84.1,84.65,4364
2019-08-01 13:15:00+05:30,84.65,85.2,84.05,84.2,6930
2019-08-01 14:15:00+05:30,84.2,85.8,83.25,85.0,10521
2019-08-01 15:15:00+05:30,85.0,87.0,84.8,86.0,2278
2019-08-02 09:15:00+05:30,85.45,87.2,84.4,84.55,14479
2019-08-02 10:15:00+05:30,84.55,84.55,82.55,83.55,5371
2019-08-02 11:15:00+05:30,83.55,84.0,83.15,83.95,7091
2019-08-02 12:15:00+05:30,83.95,84.6,83.55,84.35,5146
2019-08-02 13:15:00+05:30,84.35,85.0,84.15,84.55,3226
2019-08-02 14:15:00+05:30,84.55,84.95,84.1,84.5,4795
2019-08-02 15:15:00+05:30,84.5,84.65,84.0,84.5,1859
2019-08-05 09:15:00+05:30,84.0,84.2,82.0,82.65,9288
2019-08-05 10:15:00+05:30,82.65,82.65,81.95,82.0,6039
2019-08-05 11:15:00+05:30,82.25,82.6,80.65,81.95,7740
2019-08-05 12:15:00+05:30,81.95,82.7,81.85,82.5,4179
2019-08-05 13:15:00+05:30,82.5,82.8,82.4,82.6,1816
2019-08-05 14:15:00+05:30,82.6,82.6,80.6,80.95,4679
2019-08-05 15:15:00+05:30,80.9,82.5,80.3,81.9,2359
2019-08-06 09:15:00+05:30,80.0,83.0,79.05,83.0,7105
2019-08-06 10:15:00+05:30,83.0,83.0,82.05,82.55,2303
2019-08-06 11:15:00+05:30,82.55,83.0,82.2,82.8,1499
2019-08-06 12:15:00+05:30,82.8,83.05,82.5,83.0,4069
2019-08-06 13:15:00+05:30,83.0,83.1,79.0,79.1,22053
2019-08-06 14:15:00+05:30,79.1,81.5,78.8,80.65,6141
2019-08-06 15:15:00+05:30,80.65,80.75,79.4,79.95,6099
2019-08-07 09:15:00+05:30,81.9,83.7,81.9,82.8,7810
2019-08-07 10:15:00+05:30,82.8,82.9,82.55,82.8,2007
2019-08-07 11:15:00+05:30,82.8,82.9,82.65,82.85,1157
2019-08-07 12:15:00+05:30,82.85,83.3,82.65,83.3,2295
2019-08-07 13:15:00+05:30,83.3,83.3,82.6,82.8,3703
2019-08-07 14:15:00+05:30,82.8,82.85,82.65,82.7,1083
2019-08-07 15:15:00+05:30,82.7,82.9,82.5,82.9,2648
2019-08-08 09:15:00+05:30,82.9,82.95,80.0,80.85,5821
2019-08-08 10:15:00+05:30,80.9,82.3,80.55,81.4,5398
2019-08-08 11:15:00+05:30,81.4,81.95,81.4,81.9,1384
2019-08-08 12:15:00+05:30,81.9,81.95,81.0,81.75,3076
2019-08-08 13:15:00+05:30,81.75,81.75,81.25,81.25,345
2019-08-08 14:15:00+05:30,81.25,82.8,81.25,81.55,6478
2019-08-08 15:15:00+05:30,81.55,82.8,81.55,82.75,1518
2019-08-09 09:15:00+05:30,82.55,86.4,82.55,85.3,21725
2019-08-09 10:15:00+05:30,85.3,85.85,85.0,85.3,4250
2019-08-09 11:15:00+05:30,85.3,85.85,84.75,85.15,5662
2019-08-09 12:15:00+05:30,85.15,86.15,85.1,86.15,13003
2019-08-09 13:15:00+05:30,86.05,86.15,85.2,85.65,3328
2019-08-09 14:15:00+05:30,85.65,85.65,84.5,85.0,5415
2019-08-09 15:15:00+05:30,85.0,86.0,84.2,85.3,6088
2019-08-13 09:15:00+05:30,87.95,88.95,85.5,88.1,17192
2019-08-13 10:15:00+05:30,88.1,88.1,86.45,87.55,6466
2019-08-13 11:15:00+05:30,87.55,87.6,87.0,87.5,2680
2019-08-13 12:15:00+05:30,87.3,87.5,86.3,86.85,4071
2019-08-13 13:15:00+05:30,86.85,88.35,85.7,87.35,9030
2019-08-13 14:15:00+05:30,87.35,88.15,86.5,87.5,3306
2019-08-13 15:15:00+05:30,87.5,88.0,87.25,88.0,2058
2019-08-14 09:15:00+05:30,89.5,89.95,88.0,89.55,9305
2019-08-14 10:15:00+05:30,89.55,90.0,88.2,89.0,14730
2019-08-14 11:15:00+05:30,89.0,89.5,88.0,88.0,9187
2019-08-14 12:15:00+05:30,88.0,89.2,88.0,89.05,1772
2019-08-14 13:15:00+05:30,89.0,89.0,88.55,88.95,2696
2019-08-14 14:15:00+05:30,88.95,89.0,88.05,88.1,2674
2019-08-14 15:15:00+05:30,88.2,89.0,88.0,88.0,3416
2019-08-16 09:15:00+05:30,89.85,89.85,85.2,87.8,5613
2019-08-16 10:15:00+05:30,87.8,87.8,82.65,84.65,10411
2019-08-16 11:15:00+05:30,84.9,86.8,84.65,86.25,1901
2019-08-16 12:15:00+05:30,86.25,86.25,83.15,84.55,3436
2019-08-16 13:15:00+05:30,84.7,87.8,83.85,85.95,6224
2019-08-16 14:15:00+05:30,86.0,86.0,85.5,85.5,1383
2019-08-16 15:15:00+05:30,85.5,85.7,84.15,85.1,3865
2019-08-19 09:15:00+05:30,82.25,85.1,82.05,82.35,24892
2019-08-19 10:15:00+05:30,82.35,82.5,82.0,82.15,8164
2019-08-19 11:15:00+05:30,82.15,82.15,81.5,82.0,13667
2019-08-19 12:15:00+05:30,81.85,82.0,80.0,80.6,25641
2019-08-19 13:15:00+05:30,80.6,81.45,80.6,81.0,5731
2019-08-19 14:15:00+05:30,81.0,81.45,80.1,80.15,11623
2019-08-19 15:15:00+05:30,80.2,80.7,79.9,80.5,7056
2019-08-20 09:15:00+05:30,80.85,80.85,76.75,76.8,37546
2019-08-20 10:15:00+05:30,76.8,77.0,76.0,76.45,14689
2019-08-20 11:15:00+05:30,76.15,76.8,76.15,76.5,7392
2019-08-20 12:15:00+05:30,76.5,76.9,76.1,76.2,4981
2019-08-20 13:15:00+05:30,76.2,78.25,76.1,77.3,22773
2019-08-20 14:15:00+05:30,77.4,78.0,76.3,77.2,12993
2019-08-20 15:15:00+05:30,77.2,77.85,76.4,76.95,7510
2019-08-21 09:15:00+05:30,77.5,77.5,75.3,76.75,14369
2019-08-21 10:15:00+05:30,76.5,77.6,76.4,76.8,5244
2019-08-21 11:15:00+05:30,76.8,76.95,76.05,76.45,3471
2019-08-21 12:15:00+05:30,76.45,76.45,76.0,76.15,3141
2019-08-21 13:15:00+05:30,76.15,76.3,75.4,76.1,4542
2019-08-21 14:15:00+05:30,76.1,76.1,73.65,74.75,18593
2019-08-21 15:15:00+05:30,74.75,75.1,74.2,74.25,7030
2019-08-22 09:15:00+05:30,73.4,74.7,71.0,71.7,14760
2019-08-22 10:15:00+05:30,71.7,71.95,70.0,70.1,12732
2019-08-22 11:15:00+05:30,70.1,72.3,70.1,71.3,13729
2019-08-22 12:15:00+05:30,71.3,71.85,70.25,70.65,7964
2019-08-22 13:15:00+05:30,70.6,70.7,70.2,70.5,4788
2019-08-22 14:15:00+05:30,70.5,70.5,68.3,68.9,14388
2019-08-22 15:15:00+05:30,68.65,70.0,68.65,70.0,3503
2019-08-23 09:15:00+05:30,69.2,69.3,67.0,68.05,25879
2019-08-23 10:15:00+05:30,68.05,69.25,67.7,68.55,9242
2019-08-23 11:15:00+05:30,68.55,68.7,65.55,66.2,17673
2019-08-23 12:15:00+05:30,66.2,66.7,65.55,66.0,30167
2019-08-23 13:15:00+05:30,66.0,66.25,65.65,65.85,20178
2019-08-23 14:15:00+05:30,65.85,67.0,65.85,66.65,59453
2019-08-23 15:15:00+05:30,66.65,68.4,66.5,67.3,11101
2019-08-26 09:15:00+05:30,70.9,72.4,69.0,69.6,68262
2019-08-26 10:15:00+05:30,69.6,70.3,69.35,70.15,28394
2019-08-26 11:15:00+05:30,70.35,71.0,70.1,70.45,6151
2019-08-26 12:15:00+05:30,70.45,71.0,70.1,70.8,6318
2019-08-26 13:15:00+05:30,70.8,71.2,70.25,71.1,13075
2019-08-26 14:15:00+05:30,71.1,79.9,71.1,78.8,61970
2019-08-26 15:15:00+05:30,79.3,80.1,77.1,80.1,33796
2019-08-27 09:15:00+05:30,81.8,89.0,81.0,85.9,256204
2019-08-27 10:15:00+05:30,85.9,87.25,85.5,86.9,48239
2019-08-27 11:15:00+05:30,86.9,88.0,86.5,86.7,46244
2019-08-27 12:15:00+05:30,86.8,90.8,86.8,89.3,131022
2019-08-27 13:15:00+05:30,89.3,92.4,88.8,90.8,117583
2019-08-27 14:15:00+05:30,90.8,93.65,90.25,93.65,121485
2019-08-27 15:15:00+05:30,93.65,93.65,93.65,93.65,11882
2019-08-28 09:15:00+05:30,95.0,96.3,88.7,90.05,246625
2019-08-28 10:15:00+05:30,90.05,91.45,89.55,90.75,23074
2019-08-28 11:15:00+05:30,90.75,92.5,90.5,91.9,33716
2019-08-28 12:15:00+05:30,91.8,92.9,90.3,92.15,29013
2019-08-28 13:15:00+05:30,92.15,92.65,90.85,91.5,29032
2019-08-28 14:15:00+05:30,91.5,91.8,90.05,90.5,35738
2019-08-28 15:15:00+05:30,90.5,91.7,90.5,91.3,20731
2019-08-29 09:15:00+05:30,91.0,91.85,87.9,89.3,27275
2019-08-29 10:15:00+05:30,89.3,89.45,87.05,88.0,13187
2019-08-29 11:15:00+05:30,88.0,88.75,87.1,87.35,5885
2019-08-29 12:15:00+05:30,87.35,88.5,87.35,88.0,44255
2019-08-29 13:15:00+05:30,88.0,89.85,87.95,89.35,62471
2019-08-29 14:15:00+05:30,89.35,105.6,88.5,99.75,584198
2019-08-29 15:15:00+05:30,99.75,100.0,97.15,97.15,73908
2019-08-30 09:15:00+05:30,97.0,103.15,96.95,100.35,570854
2019-08-30 10:15:00+05:30,100.35,101.5,97.55,98.6,59650
2019-08-30 11:15:00+05:30,98.6,99.55,98.2,99.0,19789
2019-08-30 12:15:00+05:30,99.0,99.75,98.65,99.6,6360
2019-08-30 13:15:00+05:30,99.6,100.6,99.15,99.8,523867
2019-08-30 14:15:00+05:30,99.8,100.0,98.05,98.9,29644
2019-08-30 15:15:00+05:30,98.9,99.8,98.55,99.3,32977
2019-09-03 09:15:00+05:30,99.85,99.85,92.35,95.5,49064
2019-09-03 10:15:00+05:30,95.5,95.55,93.5,94.8,15432
2019-09-03 11:15:00+05:30,94.8,94.8,93.2,93.5,9456
2019-09-03 12:15:00+05:30,93.5,94.7,93.15,93.35,4595
2019-09-03 13:15:00+05:30,93.35,94.5,93.15,93.6,15708
2019-09-03 14:15:00+05:30,93.6,93.85,92.3,92.35,14564
2019-09-03 15:15:00+05:30,92.35,92.65,91.5,91.5,16392
2019-09-04 09:15:00+05:30,92.0,92.8,89.35,89.4,14771
2019-09-04 10:15:00+05:30,89.4,89.45,86.0,87.3,20973
2019-09-04 11:15:00+05:30,87.3,89.45,87.05,88.7,8369
2019-09-04 12:15:00+05:30,88.7,89.2,87.3,88.4,4757
2019-09-04 13:15:00+05:30,88.4,88.7,87.0,87.8,9010
2019-09-04 14:15:00+05:30,87.8,88.3,86.9,87.9,6795
2019-09-04 15:15:00+05:30,87.9,87.9,86.0,86.5,13767
2019-09-05 09:15:00+05:30,85.05,87.95,85.05,87.25,11614
2019-09-05 10:15:00+05:30,87.25,94.45,86.8,92.9,65323
2019-09-05 11:15:00+05:30,92.9,93.6,91.5,91.9,20576
2019-09-05 12:15:00+05:30,91.9,93.6,91.6,93.5,15356
2019-09-05 13:15:00+05:30,93.5,94.2,92.0,93.7,19542
2019-09-05 14:15:00+05:30,93.7,95.4,92.8,95.4,75684
2019-09-05 15:15:00+05:30,95.4,95.4,95.4,95.4,5179
2019-09-06 09:15:00+05:30,95.55,98.4,95.4,98.25,61529
2019-09-06 10:15:00+05:30,98.25,98.4,96.85,97.8,28200
2019-09-06 11:15:00+05:30,97.8,97.85,97.15,97.45,7062
2019-09-06 12:15:00+05:30,97.45,98.35,97.0,97.4,18350
2019-09-06 13:15:00+05:30,97.4,97.95,97.0,97.9,8548
2019-09-06 14:15:00+05:30,97.9,97.9,96.85,97.25,20049
2019-09-06 15:15:00+05:30,97.25,97.65,95.75,96.5,28711
2019-09-09 09:15:00+05:30,97.25,97.25,93.3,96.5,15408
2019-09-09 10:15:00+05:30,96.5,100.2,95.0,99.85,55461
2019-09-09 11:15:00+05:30,99.85,100.05,99.0,99.5,586681
2019-09-09 12:15:00+05:30,99.4,99.9,99.2,99.2,5632
2019-09-09 13:15:00+05:30,99.2,99.25,98.05,98.85,5930
2019-09-09 14:15:00+05:30,98.85,98.85,97.5,98.2,6395
2019-09-09 15:15:00+05:30,98.25,98.25,96.15,97.7,20404
2019-09-11 09:15:00+05:30,97.65,99.5,97.0,97.6,21222
2019-09-11 10:15:00+05:30,97.6,98.5,97.3,97.95,12048
2019-09-11 11:15:00+05:30,97.95,100.0,97.95,99.65,29921
2019-09-11 12:15:00+05:30,99.95,101.4,99.3,100.0,72224
2019-09-11 13:15:00+05:30,100.0,100.0,99.3,99.55,5930
2019-09-11 14:15:00+05:30,99.55,99.95,98.8,99.95,11079
2019-09-11 15:15:00+05:30,99.9,100.0,97.5,98.25,11084
2019-09-12 09:15:00+05:30,97.1,99.55,96.95,99.55,20169
2019-09-12 10:15:00+05:30,99.55,99.55,98.0,98.8,6690
2019-09-12 11:15:00+05:30,98.5,98.85,97.5,98.0,2122
2019-09-12 12:15:00+05:30,98.0,99.25,98.0,99.2,2304
2019-09-12 13:15:00+05:30,98.4,99.0,98.0,98.0,3518
2019-09-12 14:15:00+05:30,98.0,99.2,97.65,97.95,7622
2019-09-12 15:15:00+05:30,97.95,98.85,97.1,98.85,4516
2019-09-13 09:15:00+05:30,98.5,99.5,97.05,97.75,9232
2019-09-13 10:15:00+05:30,97.75,98.6,97.5,98.35,2179
2019-09-13 11:15:00+05:30,98.35,98.95,98.35,98.7,2961
2019-09-13 12:15:00+05:30,98.7,99.0,98.35,98.35,3075
2019-09-13 13:15:00+05:30,98.25,98.75,98.05,98.3,1861
2019-09-13 14:15:00+05:30,98.3,99.1,98.05,98.9,9911
2019-09-13 15:15:00+05:30,98.9,99.0,98.3,99.0,4687
2019-09-16 09:15:00+05:30,99.0,100.95,98.0,99.0,8198
2019-09-16 10:15:00+05:30,99.0,99.45,98.15,98.7,3574
2019-09-16 11:15:00+05:30,98.7,98.9,98.25,98.85,1717
2019-09-16 12:15:00+05:30,98.85,98.85,98.0,98.6,1921
2019-09-16 13:15:00+05:30,98.6,99.05,98.0,99.05,6904
2019-09-16 14:15:00+05:30,98.5,99.0,98.0,98.5,6872
2019-09-16 15:15:00+05:30,98.5,98.5,97.0,98.3,2783
2019-09-17 09:15:00+05:30,97.05,98.95,97.05,98.0,7197
2019-09-17 10:15:00+05:30,98.0,98.15,96.55,97.0,7869
2019-09-17 11:15:00+05:30,97.0,97.15,96.0,96.15,2665
2019-09-17 12:15:00+05:30,96.5,96.65,96.0,96.4,2945
2019-09-17 13:15:00+05:30,96.5,96.5,95.25,95.55,5995
2019-09-17 14:15:00+05:30,95.55,95.75,92.75,93.9,9522
2019-09-17 15:15:00+05:30,93.9,93.9,92.35,92.9,4944
2019-09-18 09:15:00+05:30,93.0,97.95,93.0,94.3,16501
2019-09-18 10:15:00+05:30,94.25,95.25,93.6,94.75,5174
2019-09-18 11:15:00+05:30,94.75,95.2,94.15,94.15,835
2019-09-18 12:15:00+05:30,94.15,95.65,94.15,95.6,2376
2019-09-18 13:15:00+05:30,95.7,95.85,94.1,94.95,4065
2019-09-18 14:15:00+05:30,95.15,95.25,94.65,95.0,2748
2019-09-18 15:15:00+05:30,95.0,95.5,93.7,94.0,4555
2019-09-19 09:15:00+05:30,94.05,95.0,91.8,92.45,6707
2019-09-19 10:15:00+05:30,92.55,92.55,89.85,89.9,9117
2019-09-19 11:15:00+05:30,89.9,91.9,89.9,91.6,3498
2019-09-19 12:15:00+05:30,91.6,91.85,91.05,91.3,2141
2019-09-19 13:15:00+05:30,91.3,91.9,90.8,91.7,2655
2019-09-19 14:15:00+05:30,91.75,91.8,90.0,90.4,6477
2019-09-19 15:15:00+05:30,91.2,91.3,89.9,91.15,6237
2019-09-20 09:15:00+05:30,91.15,99.5,90.05,91.0,16152
2019-09-20 10:15:00+05:30,91.0,93.0,90.8,92.75,10693
2019-09-20 11:15:00+05:30,92.55,93.9,90.4,93.65,48005
2019-09-20 12:15:00+05:30,93.65,94.4,92.4,92.7,31675
2019-09-20 13:15:00+05:30,92.7,93.9,92.55,93.3,23155
2019-09-20 14:15:00+05:30,93.3,93.7,87.15,88.0,63795
2019-09-20 15:15:00+05:30,88.0,89.0,88.0,88.8,19805
2019-09-23 09:15:00+05:30,90.0,93.95,89.2,92.05,34572
2019-09-23 10:15:00+05:30,92.4,93.0,91.75,92.4,7326
2019-09-23 11:15:00+05:30,92.4,93.5,92.4,93.05,17012
2019-09-23 12:15:00+05:30,93.05,94.9,92.5,94.0,54205
2019-09-23 13:15:00+05:30,94.0,94.5,92.65,93.65,19974
2019-09-23 14:15:00+05:30,93.65,93.85,91.75,92.0,33055
2019-09-23 15:15:00+05:30,92.4,92.4,92.05,92.05,11709
2019-09-24 09:15:00+05:30,92.05,93.35,90.25,92.0,34627
2019-09-24 10:15:00+05:30,92.0,92.0,90.85,90.85,8275
2019-09-24 11:15:00+05:30,90.85,93.0,90.55,90.75,11909
2019-09-24 12:15:00+05:30,90.75,91.8,90.0,90.0,16900
2019-09-24 13:15:00+05:30,90.0,90.25,89.15,89.2,16728
2019-09-24 14:15:00+05:30,89.2,89.95,88.0,89.15,23791
2019-09-24 15:15:00+05:30,89.2,89.9,88.85,89.5,9683
2019-09-25 09:15:00+05:30,89.15,90.0,86.1,86.75,37684
2019-09-25 10:15:00+05:30,86.75,87.5,86.25,87.3,8104
2019-09-25 11:15:00+05:30,87.3,88.4,87.2,88.0,24258
2019-09-25 12:15:00+05:30,88.0,88.25,88.0,88.0,16914
2019-09-25 13:15:00+05:30,88.0,88.2,87.9,88.0,19682
2019-09-25 14:15:00+05:30,88.0,88.2,87.85,88.05,18938
2019-09-25 15:15:00+05:30,88.05,88.85,88.05,88.05,5563
2019-09-26 09:15:00+05:30,88.1,90.75,88.1,89.5,10286
2019-09-26 10:15:00+05:30,89.5,90.8,87.45,90.45,53348
2019-09-26 11:15:00+05:30,90.45,90.45,90.0,90.1,17283
2019-09-26 12:15:00+05:30,90.1,90.35,90.0,90.3,20379
2019-09-26 13:15:00+05:30,90.3,90.4,90.0,90.0,8059
2019-09-26 14:15:00+05:30,90.0,90.3,90.0,90.0,10862
2019-09-26 15:15:00+05:30,90.0,90.75,90.0,90.75,9834
2019-09-27 09:15:00+05:30,90.7,94.0,89.0,93.35,42579
2019-09-27 10:15:00+05:30,93.4,93.4,92.5,92.7,17014
2019-09-27 11:15:00+05:30,92.7,93.0,92.6,92.65,2680
2019-09-27 12:15:00+05:30,92.65,93.6,91.4,92.5,24079
2019-09-27 13:15:00+05:30,92.95,93.45,92.0,92.7,5237
2019-09-27 14:15:00+05:30,92.7,93.0,91.0,92.25,22139
2019-09-27 15:15:00+05:30,92.25,93.4,91.6,92.5,11478
2019-09-30 09:15:00+05:30,93.1,93.8,90.0,90.0,12371
2019-09-30 10:15:00+05:30,90.0,90.75,90.0,90.1,3798
2019-09-30 11:15:00+05:30,90.1,90.1,89.0,89.1,11468
2019-09-30 12:15:00+05:30,89.1,89.1,88.4,88.6,2836
2019-09-30 13:15:00+05:30,88.6,92.25,88.6,92.25,13065
2019-09-30 14:15:00+05:30,92.5,97.0,92.0,97.0,40933
2019-09-30 15:15:00+05:30,97.0,97.0,94.05,95.0,28401
2019-10-01 09:15:00+05:30,95.15,96.8,92.0,92.25,15611
2019-10-01 10:15:00+05:30,92.25,93.15,92.0,92.8,5076
2019-10-01 11:15:00+05:30,92.75,93.0,92.1,92.1,8246
2019-10-01 12:15:00+05:30,92.1,92.4,91.0,91.6,7082
2019-10-01 13:15:00+05:30,91.6,91.6,90.6,90.6,7927
2019-10-01 14:15:00+05:30,90.6,91.65,89.5,91.05,5573
2019-10-01 15:15:00+05:30,91.05,92.4,91.0,92.4,7043
2019-10-03 09:15:00+05:30,89.1,92.05,89.1,91.7,5706
2019-10-03 10:15:00+05:30,91.7,92.95,89.75,92.05,12041
2019-10-03 11:15:00+05:30,91.7,93.0,91.0,93.0,11373
2019-10-03 12:15:00+05:30,93.0,93.0,92.0,92.0,2064
2019-10-03 13:15:00+05:30,92.0,92.3,91.5,92.3,10544
2019-10-03 14:15:00+05:30,92.3,92.3,91.95,92.0,4489
2019-10-03 15:15:00+05:30,92.0,92.05,92.0,92.0,5640
2019-10-04 09:15:00+05:30,94.0,94.0,91.5,91.6,5622
2019-10-04 10:15:00+05:30,91.65,91.8,91.0,91.2,2552
2019-10-04 11:15:00+05:30,91.2,91.2,90.35,90.5,6181
2019-10-04 12:15:00+05:30,90.4,90.45,89.55,89.9,6163
2019-10-04 13:15:00+05:30,89.9,89.9,88.05,88.75,8454
2019-10-04 14:15:00+05:30,88.75,88.95,87.85,88.65,9982
2019-10-04 15:15:00+05:30,88.35,88.7,88.0,88.25,2765
2019-10-07 09:15:00+05:30,88.2,90.0,88.0,88.65,4342
2019-10-07 10:15:00+05:30,88.4,89.0,88.3,88.7,13040
2019-10-07 11:15:00+05:30,88.7,89.55,88.7,89.15,3364
2019-10-07 12:15:00+05:30,89.15,91.7,89.15,90.0,10122
2019-10-07 13:15:00+05:30,90.0,90.0,89.3,89.8,3546
2019-10-07 14:15:00+05:30,89.8,90.15,88.5,88.65,15873
2019-10-07 15:15:00+05:30,89.0,89.7,88.65,89.0,1037
2019-10-09 09:15:00+05:30,88.75,90.8,88.75,89.25,8419
2019-10-09 10:15:00+05:30,89.25,89.25,88.25,88.7,3942
2019-10-09 11:15:00+05:30,88.7,88.75,88.1,88.45,9703
2019-10-09 12:15:00+05:30,88.45,88.5,88.2,88.25,3356
2019-10-09 13:15:00+05:30,88.25,88.5,88.1,88.3,3987
2019-10-09 14:15:00+05:30,88.1,88.3,87.85,87.85,5371
2019-10-09 15:15:00+05:30,87.85,87.85,86.4,86.45,9765
2019-10-10 09:15:00+05:30,87.0,87.85,86.5,86.8,6067
2019-10-10 10:15:00+05:30,86.8,86.8,85.2,85.3,6730
2019-10-10 11:15:00+05:30,85.3,85.3,83.5,83.7,14020
2019-10-10 12:15:00+05:30,83.7,84.0,82.65,82.85,7245
2019-10-10 13:15:00+05:30,82.85,83.0,82.4,82.8,5193
2019-10-10 14:15:00+05:30,83.0,83.0,82.6,82.85,5646
2019-10-10 15:15:00+05:30,82.75,83.0,82.6,83.0,3513
2019-10-11 09:15:00+05:30,85.0,85.5,82.6,84.15,5522
2019-10-11 10:15:00+05:30,84.15,84.25,82.35,82.5,4665
2019-10-11 11:15:00+05:30,82.5,82.9,81.55,81.9,6778
2019-10-11 12:15:00+05:30,81.9,82.1,81.6,82.1,784
2019-10-11 13:15:00+05:30,82.1,84.15,81.85,84.15,4590
2019-10-11 14:15:00+05:30,84.15,84.75,82.6,83.0,3313
2019-10-11 15:15:00+05:30,83.0,84.4,82.7,83.4,4989
2019-10-14 09:15:00+05:30,83.4,84.9,82.7,82.75,4369
2019-10-14 10:15:00+05:30,82.75,83.05,82.6,82.8,5376
2019-10-14 11:15:00+05:30,82.7,82.8,81.8,82.0,8340
2019-10-14 12:15:00+05:30,82.0,82.4,81.0,81.05,5603
2019-10-14 13:15:00+05:30,81.05,81.7,80.8,81.5,8933
2019-10-14 14:15:00+05:30,81.5,81.7,81.25,81.55,4561
2019-10-14 15:15:00+05:30,81.7,81.8,81.05,81.05,9450
2019-10-15 09:15:00+05:30,83.9,83.9,81.65,82.85,7294
2019-10-15 10:15:00+05:30,82.85,82.85,82.0,82.15,2315
2019-10-15 11:15:00+05:30,82.0,82.25,81.6,82.15,2736
2019-10-15 12:15:00+05:30,82.15,82.2,80.55,81.35,7156
2019-10-15 13:15:00+05:30,81.35,82.25,81.0,81.4,5086
2019-10-15 14:15:00+05:30,81.4,81.8,80.3,81.0,9756
2019-10-15 15:15:00+05:30,81.0,81.15,80.2,80.3,7682
2019-10-16 09:15:00+05:30,81.0,82.1,81.0,81.55,9167
2019-10-16 10:15:00+05:30,81.55,81.75,81.15,81.5,2597
2019-10-16 11:15:00+05:30,81.5,81.7,81.05,81.05,1431
2019-10-16 12:15:00+05:30,81.05,81.6,81.0,81.3,2258
2019-10-16 13:15:00+05:30,81.3,81.45,81.05,81.15,1247
2019-10-16 14:15:00+05:30,81.3,81.45,80.5,80.9,3603
2019-10-16 15:15:00+05:30,80.9,80.95,80.15,80.7,3334
2019-10-17 09:15:00+05:30,81.55,82.8,81.0,81.65,6110
2019-10-17 10:15:00+05:30,81.65,81.75,81.55,81.6,2617
2019-10-17 11:15:00+05:30,81.6,81.75,81.55,81.65,1751
2019-10-17 12:15:00+05:30,81.65,81.65,81.25,81.35,2675
2019-10-17 13:15:00+05:30,81.45,81.95,81.35,81.85,5874
2019-10-17 14:15:00+05:30,81.85,81.85,80.5,81.4,13927
2019-10-17 15:15:00+05:30,81.4,81.95,81.0,81.7,11365
2019-10-18 09:15:00+05:30,82.0,83.25,81.5,82.6,15836
2019-10-18 10:15:00+05:30,82.75,89.4,82.65,85.75,79198
2019-10-18 11:15:00+05:30,85.75,86.7,85.5,86.5,14690
2019-10-18 12:15:00+05:30,86.6,86.9,85.5,86.5,18247
2019-10-18 13:15:00+05:30,86.5,86.5,84.6,84.9,13969
2019-10-18 14:15:00+05:30,84.9,85.3,84.05,84.05,16391
2019-10-18 15:15:00+05:30,84.05,84.65,83.15,84.65,10802
2019-10-22 09:15:00+05:30,83.05,86.45,83.05,84.25,17913
2019-10-22 10:15:00+05:30,84.25,85.0,84.0,84.65,11462
2019-10-22 11:15:00+05:30,84.65,85.85,84.65,85.2,5663
2019-10-22 12:15:00+05:30,85.2,85.45,84.4,85.05,7340
2019-10-22 13:15:00+05:30,84.75,85.15,84.5,84.55,11218
2019-10-22 14:15:00+05:30,84.55,84.9,84.5,84.5,24395
2019-10-22 15:15:00+05:30,84.5,84.8,84.5,84.5,2612
2019-10-23 09:15:00+05:30,85.95,85.95,83.05,84.0,12287
2019-10-23 10:15:00+05:30,84.0,84.4,83.5,84.0,7469
2019-10-23 11:15:00+05:30,84.0,84.4,83.5,83.85,6249
2019-10-23 12:15:00+05:30,83.85,83.85,83.15,83.65,4268
2019-10-23 13:15:00+05:30,83.65,84.35,83.3,83.55,5514
2019-10-23 14:15:00+05:30,83.55,84.15,81.4,81.95,19664
2019-10-23 15:15:00+05:30,81.55,81.95,81.1,81.65,10234
2019-10-24 09:15:00+05:30,82.15,83.75,82.1,82.8,16754
2019-10-24 10:15:00+05:30,82.8,85.8,82.8,83.25,42139
2019-10-24 11:15:00+05:30,83.3,84.3,83.15,84.3,12402
2019-10-24 12:15:00+05:30,84.3,84.3,83.55,84.2,4329
2019-10-24 13:15:00+05:30,83.55,83.8,82.6,83.0,5993
2019-10-24 14:15:00+05:30,83.0,83.85,82.7,83.0,8957
2019-10-24 15:15:00+05:30,83.1,83.35,83.0,83.0,24288
2019-10-25 09:15:00+05:30,84.0,84.0,82.8,83.55,6492
2019-10-25 10:15:00+05:30,83.55,83.85,82.1,82.9,8041
2019-10-25 11:15:00+05:30,82.9,83.55,82.8,83.0,3721
2019-10-25 12:15:00+05:30,83.0,83.25,82.9,83.05,11818
2019-10-25 13:15:00+05:30,83.05,83.55,83.0,83.0,2594
2019-10-25 14:15:00+05:30,83.0,83.5,83.0,83.05,6771
2019-10-25 15:15:00+05:30,83.05,83.45,83.0,83.0,3691
2019-10-27 18:15:00+05:30,84.05,85.35,83.6,84.0,15595
2019-10-29 09:15:00+05:30,85.95,86.55,84.55,86.0,20945
2019-10-29 10:15:00+05:30,86.0,86.95,86.0,86.5,22001
2019-10-29 11:15:00+05:30,86.5,87.0,86.45,86.75,6122
2019-10-29 12:15:00+05:30,86.45,86.75,86.45,86.55,10504
2019-10-29 13:15:00+05:30,86.65,92.7,86.5,89.5,135541
2019-10-29 14:15:00+05:30,89.5,90.2,88.4,90.0,39635
2019-10-29 15:15:00+05:30,90.0,91.0,88.95,89.8,21296
2019-10-30 09:15:00+05:30,89.9,91.95,89.85,90.65,29431
2019-10-30 10:15:00+05:30,90.6,96.0,90.05,94.3,126578
2019-10-30 11:15:00+05:30,94.3,97.2,93.4,95.25,193630
2019-10-30 12:15:00+05:30,95.25,95.9,95.0,95.0,40432
2019-10-30 13:15:00+05:30,95.2,95.5,94.35,94.55,27403
2019-10-30 14:15:00+05:30,94.55,101.4,93.7,99.8,410155
2019-10-30 15:15:00+05:30,99.8,100.6,99.5,100.0,107618
2019-10-31 09:15:00+05:30,100.6,102.4,98.2,99.35,230754
2019-10-31 10:15:00+05:30,99.35,101.25,99.0,100.7,53268
2019-10-31 11:15:00+05:30,100.85,101.2,99.05,99.6,76658
2019-10-31 12:15:00+05:30,99.6,100.8,99.6,100.0,32636
2019-10-31 13:15:00+05:30,100.0,100.75,99.6,99.75,28725
2019-10-31 14:15:00+05:30,99.75,99.95,99.1,99.65,46609
2019-10-31 15:15:00+05:30,99.65,99.9,99.2,99.8,16260
2019-11-01 09:15:00+05:30,102.4,102.4,100.15,100.9,79317
2019-11-01 10:15:00+05:30,100.9,101.0,100.5,100.65,28008
2019-11-01 11:15:00+05:30,100.65,101.0,100.55,100.6,17934
2019-11-01 12:15:00+05:30,100.6,100.95,100.55,100.6,14773
2019-11-01 13:15:00+05:30,100.6,104.3,100.5,101.35,537314
2019-11-01 14:15:00+05:30,101.35,101.95,99.5,100.05,125022
2019-11-01 15:15:00+05:30,100.05,100.1,99.65,99.8,38108
2019-11-04 09:15:00+05:30,100.0,101.15,99.0,99.7,54131
2019-11-04 10:15:00+05:30,99.7,100.15,99.4,100.05,17793
2019-11-04 11:15:00+05:30,100.05,100.25,99.0,99.05,15819
2019-11-04 12:15:00+05:30,99.05,99.45,97.2,97.5,28250
2019-11-04 13:15:00+05:30,97.5,98.6,97.5,98.4,16047
2019-11-04 14:15:00+05:30,98.4,98.7,96.2,96.65,33656
2019-11-04 15:15:00+05:30,96.65,96.65,95.8,96.6,23235
2019-11-05 09:15:00+05:30,96.0,99.45,95.55,98.0,45695
2019-11-05 10:15:00+05:30,97.8,98.0,97.1,98.0,11778
2019-11-05 11:15:00+05:30,97.7,100.9,97.6,99.75,59966
2019-11-05 12:15:00+05:30,99.75,100.0,98.2,99.0,27077
2019-11-05 13:15:00+05:30,99.0,102.0,98.8,100.65,100958
2019-11-05 14:15:00+05:30,100.65,103.2,100.55,101.9,719743
2019-11-05 15:15:00+05:30,102.0,102.15,101.5,101.95,95225
2019-11-06 09:15:00+05:30,102.0,102.6,99.55,99.6,137766
2019-11-06 10:15:00+05:30,99.6,100.4,99.5,99.55,31429
2019-11-06 11:15:00+05:30,99.55,100.2,99.5,100.0,19184
2019-11-06 12:15:00+05:30,100.2,100.7,99.65,100.0,19344
2019-11-06 13:15:00+05:30,100.0,100.45,100.0,100.1,19449
2019-11-06 14:15:00+05:30,100.1,100.7,98.05,98.7,48661
2019-11-06 15:15:00+05:30,98.7,98.85,97.3,97.7,49338
2019-11-07 09:15:00+05:30,97.65,97.65,95.05,95.95,70230
2019-11-07 10:15:00+05:30,95.95,96.0,95.5,95.9,17453
2019-11-07 11:15:00+05:30,95.9,96.25,95.75,96.2,11014
2019-11-07 12:15:00+05:30,96.2,97.9,95.85,97.9,20334
2019-11-07 13:15:00+05:30,97.9,99.2,97.25,98.0,40305
2019-11-07 14:15:00+05:30,98.0,98.9,97.05,97.05,22562
2019-11-07 15:15:00+05:30,97.4,97.95,97.0,97.1,13337
2019-11-08 09:15:00+05:30,96.25,98.3,96.25,96.5,15893
2019-11-08 10:15:00+05:30,96.5,96.9,96.0,96.35,19657
2019-11-08 11:15:00+05:30,96.35,96.65,95.55,96.6,18829
2019-11-08 12:15:00+05:30,96.6,96.9,96.2,96.5,7747
2019-11-08 13:15:00+05:30,96.45,96.7,95.95,96.0,8172
2019-11-08 14:15:00+05:30,96.0,96.0,95.15,95.15,21157
2019-11-08 15:15:00+05:30,95.15,95.7,94.5,95.0,28729
2019-11-11 09:15:00+05:30,95.2,96.3,94.5,95.05,19895
2019-11-11 10:15:00+05:30,95.05,95.25,94.7,95.2,5603
2019-11-11 11:15:00+05:30,95.2,95.95,94.75,95.2,10529
2019-11-11 12:15:00+05:30,95.2,95.2,94.05,94.15,10558
2019-11-11 13:15:00+05:30,94.15,94.5,93.5,93.5,11494
2019-11-11 14:15:00+05:30,93.55,93.6,92.6,92.8,22880
2019-11-11 15:15:00+05:30,92.95,93.4,92.0,92.45,13821
2019-11-13 09:15:00+05:30,93.5,95.45,93.05,93.3,26946
2019-11-13 10:15:00+05:30,93.3,94.4,93.3,94.15,6727
2019-11-13 11:15:00+05:30,94.15,94.15,93.0,93.25,7402
2019-11-13 12:15:00+05:30,93.25,93.3,92.4,92.4,6877
2019-11-13 13:15:00+05:30,92.4,98.55,85.8,91.0,202227
2019-11-13 14:15:00+05:30,91.0,91.95,90.65,91.75,30532
2019-11-13 15:15:00+05:30,91.75,91.85,91.2,91.7,9815
2019-11-14 09:15:00+05:30,92.95,93.7,91.55,91.9,28144
2019-11-14 10:15:00+05:30,91.9,93.4,90.65,92.45,40469
2019-11-14 11:15:00+05:30,92.45,93.2,91.65,93.0,134817
2019-11-14 12:15:00+05:30,93.0,93.35,92.7,93.1,9734
2019-11-14 13:15:00+05:30,93.1,93.1,91.5,92.0,41194
2019-11-14 14:15:00+05:30,92.0,92.25,91.5,92.0,49087
2019-11-14 15:15:00+05:30,92.0,92.5,91.05,91.65,28873
2019-11-15 09:15:00+05:30,93.4,95.6,93.4,95.0,46532
2019-11-15 10:15:00+05:30,95.0,95.2,94.6,95.2,21126
2019-11-15 11:15:00+05:30,95.2,97.5,94.75,97.0,57917
2019-11-15 12:15:00+05:30,97.0,97.5,96.05,96.5,27053
2019-11-15 13:15:00+05:30,96.75,97.05,96.15,96.4,26483
2019-11-15 14:15:00+05:30,96.4,96.65,94.9,96.4,89904
2019-11-15 15:15:00+05:30,96.4,97.1,96.0,97.0,93723
2019-11-18 09:15:00+05:30,97.3,97.75,95.1,95.45,63557
2019-11-18 10:15:00+05:30,95.45,96.75,95.25,96.05,15880
2019-11-18 11:15:00+05:30,96.05,96.75,95.8,95.9,14335
2019-11-18 12:15:00+05:30,95.85,96.6,95.8,95.85,7096
2019-11-18 13:15:00+05:30,95.85,96.25,95.75,95.75,7721
2019-11-18 14:15:00+05:30,95.7,96.1,95.3,95.5,17966
2019-11-18 15:15:00+05:30,95.55,95.95,95.1,95.4,22812
2019-11-19 09:15:00+05:30,96.35,97.85,94.8,95.5,28933
2019-11-19 10:15:00+05:30,95.5,95.5,94.35,94.7,12466
2019-11-19 11:15:00+05:30,94.7,95.05,94.1,94.35,12453
2019-11-19 12:15:00+05:30,94.5,95.1,93.15,94.95,46866
2019-11-19 13:15:00+05:30,94.95,94.95,94.1,94.1,6608
2019-11-19 14:15:00+05:30,94.3,94.5,92.05,93.4,24852
2019-11-19 15:15:00+05:30,93.45,94.7,92.7,94.0,16864
2019-11-20 09:15:00+05:30,94.05,95.6,94.05,95.2,18351
2019-11-20 10:15:00+05:30,95.2,95.4,94.4,94.95,9896
2019-11-20 11:15:00+05:30,94.95,95.15,94.65,94.7,5701
2019-11-20 12:15:00+05:30,94.7,94.7,94.3,94.5,4107
2019-11-20 13:15:00+05:30,94.5,94.6,94.35,94.4,4779
2019-11-20 14:15:00+05:30,94.4,94.75,94.1,94.65,10242
2019-11-20 15:15:00+05:30,94.35,94.6,93.35,93.9,18497
2019-11-21 09:15:00+05:30,95.25,95.25,93.3,94.05,12362
2019-11-21 10:15:00+05:30,94.05,94.05,93.1,93.9,7859
2019-11-21 11:15:00+05:30,93.9,94.7,93.8,94.05,5260
2019-11-21 12:15:00+05:30,94.0,94.7,94.0,94.2,3028
2019-11-21 13:15:00+05:30,94.2,94.6,94.0,94.05,2571
2019-11-21 14:15:00+05:30,94.05,94.5,93.0,93.45,14213
2019-11-21 15:15:00+05:30,93.45,93.5,93.0,93.5,5447
2019-11-22 09:15:00+05:30,93.3,94.0,92.55,92.8,10531
2019-11-22 10:15:00+05:30,92.8,92.95,92.25,92.7,9496
2019-11-22 11:15:00+05:30,92.8,92.8,92.4,92.5,2346
2019-11-22 12:15:00+05:30,92.5,92.85,92.35,92.45,3091
2019-11-22 13:15:00+05:30,92.45,92.65,92.15,92.35,6991
2019-11-22 14:15:00+05:30,92.35,93.15,92.05,92.4,16860
2019-11-22 15:15:00+05:30,92.4,93.35,92.05,92.55,9737
2019-11-25 09:15:00+05:30,94.3,94.3,91.65,92.0,16628
2019-11-25 10:15:00+05:30,92.0,92.65,92.0,92.15,5412
2019-11-25 11:15:00+05:30,92.05,92.25,91.95,92.05,8908
2019-11-25 12:15:00+05:30,92.05,92.35,91.95,92.0,7111
2019-11-25 13:15:00+05:30,92.0,92.3,91.9,92.0,12440
2019-11-25 14:15:00+05:30,92.0,93.0,92.0,92.25,14400
2019-11-25 15:15:00+05:30,92.25,93.6,92.15,92.55,10902
2019-11-26 09:15:00+05:30,93.0,93.3,92.4,92.75,23705
2019-11-26 10:15:00+05:30,92.75,92.75,91.4,91.6,14434
2019-11-26 11:15:00+05:30,91.6,92.0,91.4,91.9,8433
2019-11-26 12:15:00+05:30,91.9,92.3,91.9,92.0,2736
2019-11-26 13:15:00+05:30,92.0,92.0,91.5,91.5,7761
2019-11-26 14:15:00+05:30,91.5,91.75,91.0,91.15,14489
2019-11-26 15:15:00+05:30,91.15,91.5,91.0,91.2,15553
2019-11-27 09:15:00+05:30,92.7,96.15,92.7,94.4,136109
2019-11-27 10:15:00+05:30,94.4,94.9,93.05,93.25,33741
2019-11-27 11:15:00+05:30,93.35,93.4,92.15,92.45,35941
2019-11-27 12:15:00+05:30,92.45,92.7,92.2,92.2,12011
2019-11-27 13:15:00+05:30,92.2,92.65,92.15,92.25,12275
2019-11-27 14:15:00+05:30,92.25,93.0,91.65,92.7,28730
2019-11-27 15:15:00+05:30,92.7,93.0,91.9,92.8,29766
2019-11-28 09:15:00+05:30,93.25,93.25,91.25,92.05,21532
2019-11-28 10:15:00+05:30,92.05,92.4,92.0,92.05,8683
2019-11-28 11:15:00+05:30,92.05,92.05,91.0,91.55,16763
2019-11-28 12:15:00+05:30,91.55,91.95,91.55,91.7,9601
2019-11-28 13:15:00+05:30,91.7,91.95,91.6,91.65,5421
2019-11-28 14:15:00+05:30,91.65,91.9,91.55,91.7,10927
2019-11-28 15:15:00+05:30,91.6,91.9,91.55,91.85,10424
2019-11-29 09:15:00+05:30,92.25,92.25,91.05,91.05,25729
2019-11-29 10:15:00+05:30,91.05,91.45,91.0,91.1,10366
2019-11-29 11:15:00+05:30,91.1,91.35,90.7,91.0,10774
2019-11-29 12:15:00+05:30,91.0,91.7,90.75,91.2,7322
2019-11-29 13:15:00+05:30,91.2,91.7,90.7,90.75,6982
2019-11-29 14:15:00+05:30,90.75,90.95,90.5,90.55,10845
2019-11-29 15:15:00+05:30,90.55,91.3,90.55,91.25,6441
2019-12-02 09:15:00+05:30,90.8,91.1,88.0,88.2,30155
2019-12-02 10:15:00+05:30,88.2,88.4,86.25,87.05,31656
2019-12-02 11:15:00+05:30,87.05,88.35,87.0,88.3,16186
2019-12-02 12:15:00+05:30,88.2,88.75,87.55,87.8,8492
2019-12-02 13:15:00+05:30,87.8,88.2,87.65,87.9,6031
2019-12-02 14:15:00+05:30,87.9,88.0,87.65,87.95,10462
2019-12-02 15:15:00+05:30,87.95,87.95,87.55,87.9,11169
2019-12-03 09:15:00+05:30,88.0,89.7,87.9,89.15,25546
2019-12-03 10:15:00+05:30,89.1,94.5,89.0,90.75,656114
2019-12-03 11:15:00+05:30,90.75,91.0,90.45,90.65,13506
2019-12-03 12:15:00+05:30,90.65,90.95,89.7,89.9,25042
2019-12-03 13:15:00+05:30,89.9,90.05,89.25,89.55,18707
2019-12-03 14:15:00+05:30,89.55,91.7,89.55,90.0,30120
2019-12-03 15:15:00+05:30,90.0,90.5,89.9,90.0,19820
2019-12-04 09:15:00+05:30,90.4,91.9,89.75,90.25,26703
2019-12-04 10:15:00+05:30,90.25,90.4,89.45,90.0,6667
2019-12-04 11:15:00+05:30,90.0,90.3,89.45,89.45,6305
2019-12-04 12:15:00+05:30,89.45,89.75,89.05,89.2,3158
2019-12-04 13:15:00+05:30,89.2,89.55,88.05,88.5,13520
2019-12-04 14:15:00+05:30,88.5,89.0,88.05,88.55,15999
2019-12-04 15:15:00+05:30,88.55,88.65,88.0,88.05,10097
2019-12-05 09:15:00+05:30,89.95,89.95,88.5,88.85,14851
2019-12-05 10:15:00+05:30,88.85,89.0,88.0,88.0,6956
2019-12-05 11:15:00+05:30,88.0,88.3,86.3,86.85,36584
2019-12-05 12:15:00+05:30,86.85,87.45,86.65,87.2,8925
2019-12-05 13:15:00+05:30,87.2,87.5,86.6,87.05,12053
2019-12-05 14:15:00+05:30,87.05,93.5,86.85,92.65,89145
2019-12-05 15:15:00+05:30,92.9,96.5,92.5,95.1,187454
2019-12-06 09:15:00+05:30,95.0,99.0,93.0,93.3,57770
2019-12-06 10:15:00+05:30,93.1,93.6,92.75,93.2,15995
2019-12-06 11:15:00+05:30,93.1,93.4,92.75,93.4,8449
2019-12-06 12:15:00+05:30,93.4,93.4,92.4,92.4,9884
2019-12-06 13:15:00+05:30,92.4,92.4,91.2,91.3,14474
2019-12-06 14:15:00+05:30,91.3,92.65,91.0,92.1,13109
2019-12-06 15:15:00+05:30,92.1,92.35,90.2,91.6,19879
2019-12-09 09:15:00+05:30,91.3,93.0,90.3,91.1,13138
2019-12-09 10:15:00+05:30,91.1,91.6,90.85,91.5,11064
2019-12-09 11:15:00+05:30,91.5,91.65,91.3,91.5,4053
2019-12-09 12:15:00+05:30,91.5,91.7,91.3,91.7,2930
2019-12-09 13:15:00+05:30,91.7,91.9,91.4,91.55,8907
2019-12-09 14:15:00+05:30,91.5,91.95,91.4,91.65,7439
2019-12-09 15:15:00+05:30,91.5,91.6,91.0,91.05,4156
2019-12-10 09:15:00+05:30,92.8,92.9,91.7,92.6,19352
2019-12-10 10:15:00+05:30,92.6,93.8,92.1,93.1,33421
2019-12-10 11:15:00+05:30,93.1,93.1,92.0,92.7,18297
2019-12-10 12:15:00+05:30,92.7,92.95,92.25,92.65,4778
2019-12-10 13:15:00+05:30,92.65,92.95,92.3,92.7,6564
2019-12-10 14:15:00+05:30,92.7,92.85,92.0,92.6,25681
2019-12-10 15:15:00+05:30,92.6,92.8,92.5,92.6,7649
2019-12-11 09:15:00+05:30,92.65,92.65,90.4,90.8,26271
2019-12-11 10:15:00+05:30,90.8,90.9,88.0,89.0,35115
2019-12-11 11:15:00+05:30,89.0,89.85,88.45,89.85,32636
2019-12-11 12:15:00+05:30,89.85,90.3,89.2,90.25,11812
2019-12-11 13:15:00+05:30,90.25,90.7,89.6,90.15,17039
2019-12-11 14:15:00+05:30,90.15,91.0,89.05,90.95,74168
2019-12-11 15:15:00+05:30,90.95,91.5,88.65,89.55,51274
2019-12-12 09:15:00+05:30,90.75,91.95,90.75,91.55,19704
2019-12-12 10:15:00+05:30,91.55,91.65,91.0,91.3,7952
2019-12-12 11:15:00+05:30,91.3,91.65,91.1,91.35,7104
2019-12-12 12:15:00+05:30,91.2,93.8,91.15,93.5,26585
2019-12-12 13:15:00+05:30,93.5,95.15,93.5,94.25,45088
2019-12-12 14:15:00+05:30,94.2,94.4,94.0,94.3,28343
2019-12-12 15:15:00+05:30,94.3,94.4,93.25,93.5,22475
2019-12-13 09:15:00+05:30,93.9,93.9,92.05,92.4,32003
2019-12-13 10:15:00+05:30,92.4,92.8,92.1,92.8,16476
2019-12-13 11:15:00+05:30,92.8,92.8,92.25,92.5,2814
2019-12-13 12:15:00+05:30,92.5,92.75,92.5,92.5,1792
2019-12-13 13:15:00+05:30,92.5,92.75,92.5,92.55,1553
2019-12-13 14:15:00+05:30,92.55,92.65,91.4,92.05,35592
2019-12-13 15:15:00+05:30,92.05,92.15,91.15,91.15,10757
2019-12-16 09:15:00+05:30,92.45,92.45,90.0,90.0,31186
2019-12-16 10:15:00+05:30,90.0,92.45,90.0,92.0,20590
2019-12-16 11:15:00+05:30,92.0,93.3,92.0,93.15,41767
2019-12-16 12:15:00+05:30,93.15,93.3,93.1,93.25,19322
2019-12-16 13:15:00+05:30,93.25,93.25,92.6,93.0,9869
2019-12-16 14:15:00+05:30,93.0,93.15,92.6,92.8,10609
2019-12-16 15:15:00+05:30,92.8,92.8,92.1,92.7,12247
2019-12-17 09:15:00+05:30,93.7,93.7,92.0,92.25,17606
2019-12-17 10:15:00+05:30,92.25,92.25,91.3,91.5,18694
2019-12-17 11:15:00+05:30,91.5,91.5,90.5,91.5,17664
2019-12-17 12:15:00+05:30,91.5,91.8,90.5,91.15,15903
2019-12-17 13:15:00+05:30,91.3,91.35,90.6,90.6,4010
2019-12-17 14:15:00+05:30,90.6,91.25,90.6,90.95,7414
2019-12-17 15:15:00+05:30,91.0,91.35,90.85,91.3,10736
2019-12-18 09:15:00+05:30,91.95,92.0,91.0,91.2,12185
2019-12-18 10:15:00+05:30,91.2,91.2,90.6,90.9,6232
2019-12-18 11:15:00+05:30,90.75,90.85,90.5,90.55,3233
2019-12-18 12:15:00+05:30,90.6,90.8,90.55,90.8,3699
2019-12-18 13:15:00+05:30,90.8,90.95,90.55,90.7,3506
2019-12-18 14:15:00+05:30,90.7,92.0,90.6,91.1,14795
2019-12-18 15:15:00+05:30,91.1,91.1,90.1,90.25,12365
2019-12-19 09:15:00+05:30,91.45,91.5,90.05,90.9,16806
2019-12-19 10:15:00+05:30,90.9,92.3,90.6,91.85,21539
2019-12-19 11:15:00+05:30,91.85,92.3,91.4,91.9,14086
2019-12-19 12:15:00+05:30,91.9,91.95,90.7,90.75,10276
2019-12-19 13:15:00+05:30,91.0,93.7,90.85,92.55,77127
2019-12-19 14:15:00+05:30,92.55,93.45,92.5,93.4,51648
2019-12-19 15:15:00+05:30,93.1,93.45,92.75,93.0,17381
2019-12-20 09:15:00+05:30,93.7,93.75,93.0,93.6,22562
2019-12-20 10:15:00+05:30,93.6,93.75,93.3,93.5,8290
2019-12-20 11:15:00+05:30,93.45,93.5,93.3,93.3,3647
2019-12-20 12:15:00+05:30,93.3,93.5,92.85,93.25,13895
2019-12-20 13:15:00+05:30,93.25,93.35,93.05,93.1,3687
2019-12-20 14:15:00+05:30,93.1,93.45,93.05,93.05,17691
2019-12-20 15:15:00+05:30,93.05,93.15,92.8,92.95,11344
2019-12-23 09:15:00+05:30,93.95,93.95,91.5,92.0,15216
2019-12-23 10:15:00+05:30,92.0,92.1,91.55,92.1,4443
2019-12-23 11:15:00+05:30,92.1,92.1,91.55,91.6,14497
2019-12-23 12:15:00+05:30,91.6,92.45,91.5,92.25,17900
2019-12-23 13:15:00+05:30,92.25,92.25,91.55,91.8,6511
2019-12-23 14:15:00+05:30,91.8,91.85,91.0,91.5,9216
2019-12-23 15:15:00+05:30,91.5,91.5,91.05,91.3,9130
2019-12-24 09:15:00+05:30,92.6,92.6,91.3,91.85,14571
2019-12-24 10:15:00+05:30,91.85,91.85,91.5,91.65,9046
2019-12-24 11:15:00+05:30,91.8,91.95,91.55,91.7,4140
2019-12-24 12:15:00+05:30,91.7,91.75,91.5,91.75,3903
2019-12-24 13:15:00+05:30,91.65,91.75,91.5,91.65,4086
2019-12-24 14:15:00+05:30,91.65,91.75,90.6,90.8,9922
2019-12-24 15:15:00+05:30,90.8,90.9,90.0,90.05,15228
2019-12-26 09:15:00+05:30,90.5,94.0,90.5,93.55,82230
2019-12-26 10:15:00+05:30,93.55,99.85,93.4,96.9,453746
2019-12-26 11:15:00+05:30,96.9,97.0,95.75,95.9,48893
2019-12-26 12:15:00+05:30,95.9,97.15,95.8,95.8,64492
2019-12-26 13:15:00+05:30,95.75,96.85,95.6,96.05,17430
2019-12-26 14:15:00+05:30,96.05,96.8,95.55,96.5,46955
2019-12-26 15:15:00+05:30,96.5,97.0,96.05,96.5,47156
2019-12-27 09:15:00+05:30,96.5,101.0,95.05,99.5,317301
2019-12-27 10:15:00+05:30,99.5,102.5,99.35,102.0,232596
2019-12-27 11:15:00+05:30,102.0,108.1,102.0,103.8,865001
2019-12-27 12:15:00+05:30,103.8,104.6,103.55,103.95,55871
2019-12-27 13:15:00+05:30,103.95,105.65,102.25,103.9,118232
2019-12-27 14:15:00+05:30,103.9,104.5,102.5,103.95,182888
2019-12-27 15:15:00+05:30,103.95,105.0,103.2,103.5,103462
2019-12-30 09:15:00+05:30,103.95,104.5,101.0,101.45,80356
2019-12-30 10:15:00+05:30,101.75,103.45,101.4,102.5,33418
2019-12-30 11:15:00+05:30,102.5,103.15,101.5,101.7,17313
2019-12-30 12:15:00+05:30,101.7,101.8,101.2,101.65,7152
2019-12-30 13:15:00+05:30,101.65,102.0,101.5,101.65,7606
2019-12-30 14:15:00+05:30,101.65,101.85,99.0,99.7,78955
2019-12-30 15:15:00+05:30,99.7,100.3,99.0,100.2,31335
2019-12-31 09:15:00+05:30,99.85,104.45,99.6,101.5,123739
2019-12-31 10:15:00+05:30,101.45,102.0,101.1,101.55,19114
2019-12-31 11:15:00+05:30,101.55,101.7,101.0,101.1,18540
2019-12-31 12:15:00+05:30,101.35,101.8,101.0,101.4,7931
2019-12-31 13:15:00+05:30,101.4,102.0,101.3,101.55,7433
2019-12-31 14:15:00+05:30,101.55,101.55,100.1,100.45,23373
2019-12-31 15:15:00+05:30,100.25,100.8,100.1,100.8,13771
2020-01-01 09:15:00+05:30,100.95,101.3,100.05,101.0,26510
2020-01-01 10:15:00+05:30,101.0,101.0,99.0,99.5,19490
2020-01-01 11:15:00+05:30,99.5,99.5,99.0,99.1,10356
2020-01-01 12:15:00+05:30,99.1,99.45,99.0,99.2,5565
2020-01-01 13:15:00+05:30,99.2,99.9,99.2,99.45,8856
2020-01-01 14:15:00+05:30,99.3,99.8,99.0,99.1,12297
2020-01-01 15:15:00+05:30,99.05,99.3,98.3,99.15,16375
2020-01-02 09:15:00+05:30,99.75,99.75,98.8,98.85,16998
2020-01-02 10:15:00+05:30,98.85,99.0,98.5,98.5,12950
2020-01-02 11:15:00+05:30,98.5,102.7,98.5,102.45,100831
2020-01-02 12:15:00+05:30,102.45,104.25,102.05,102.85,94295
2020-01-02 13:15:00+05:30,102.85,103.9,101.7,101.75,42905
2020-01-02 14:15:00+05:30,101.95,101.95,99.9,100.35,332538
2020-01-02 15:15:00+05:30,100.35,101.7,100.05,101.55,31438
2020-01-03 09:15:00+05:30,100.0,103.9,99.7,102.9,83889
2020-01-03 10:15:00+05:30,102.9,103.35,101.2,101.6,30059
2020-01-03 11:15:00+05:30,101.6,102.0,101.2,101.3,14737
2020-01-03 12:15:00+05:30,101.3,102.6,100.55,102.6,22050
2020-01-03 13:15:00+05:30,102.6,102.6,101.5,101.5,8604
2020-01-03 14:15:00+05:30,101.5,101.9,99.0,100.0,40373
2020-01-03 15:15:00+05:30,100.0,100.45,99.65,99.65,10063
2020-01-06 09:15:00+05:30,97.2,99.5,96.15,97.8,57855
2020-01-06 10:15:00+05:30,97.8,97.9,97.0,97.75,23957
2020-01-06 11:15:00+05:30,97.75,97.75,97.1,97.6,25936
2020-01-06 12:15:00+05:30,97.6,97.95,97.4,97.75,14651
2020-01-06 13:15:00+05:30,97.75,97.75,96.5,96.5,18391
2020-01-06 14:15:00+05:30,96.5,99.8,96.5,98.7,48691
2020-01-06 15:15:00+05:30,98.7,99.0,96.25,98.0,29126
2020-01-07 09:15:00+05:30,100.4,105.0,99.75,100.4,39878
2020-01-07 10:15:00+05:30,100.65,100.65,99.6,99.6,8141
2020-01-07 11:15:00+05:30,99.05,99.6,98.35,99.1,15096
2020-01-07 12:15:00+05:30,99.1,99.45,96.75,98.15,37867
2020-01-07 13:15:00+05:30,98.15,99.3,97.45,98.95,14633
2020-01-07 14:15:00+05:30,98.95,99.25,98.15,98.45,12975
2020-01-07 15:15:00+05:30,98.45,98.5,97.55,98.0,16286
2020-01-08 09:15:00+05:30,96.3,98.65,96.3,97.8,27081
2020-01-08 10:15:00+05:30,97.8,99.0,97.5,98.4,21084
2020-01-08 11:15:00+05:30,98.4,98.4,97.9,98.05,18195
2020-01-08 12:15:00+05:30,98.05,101.35,98.05,98.7,52455
2020-01-08 13:15:00+05:30,98.7,98.85,98.5,98.75,5631
2020-01-08 14:15:00+05:30,98.55,100.55,98.5,99.55,99268
2020-01-08 15:15:00+05:30,99.55,100.0,98.3,99.45,17315
2020-01-09 09:15:00+05:30,100.9,101.0,99.7,100.65,24190
2020-01-09 10:15:00+05:30,100.65,103.55,100.2,101.25,87129
2020-01-09 11:15:00+05:30,101.0,101.9,101.0,101.55,11831
2020-01-09 12:15:00+05:30,101.55,102.5,101.0,102.0,31499
2020-01-09 13:15:00+05:30,102.0,102.45,101.1,102.15,22765
2020-01-09 14:15:00+05:30,102.15,104.0,101.8,102.85,102907
2020-01-09 15:15:00+05:30,102.85,103.75,102.55,103.5,64091
2020-01-10 09:15:00+05:30,104.4,111.6,102.95,110.7,563271
2020-01-10 10:15:00+05:30,110.7,117.25,108.1,114.75,1139697
2020-01-10 11:15:00+05:30,114.8,114.85,111.7,112.35,243213
2020-01-10 12:15:00+05:30,112.35,112.5,108.8,110.0,188030
2020-01-10 13:15:00+05:30,109.95,110.45,108.35,108.7,93334
2020-01-10 14:15:00+05:30,108.7,109.75,107.1,108.0,138307
2020-01-10 15:15:00+05:30,108.0,108.4,106.05,107.9,90017
2020-01-13 09:15:00+05:30,109.8,113.8,109.5,112.5,304494
2020-01-13 10:15:00+05:30,112.5,113.2,111.4,111.85,65956
2020-01-13 11:15:00+05:30,111.85,112.5,111.1,111.45,35997
2020-01-13 12:15:00+05:30,111.45,111.75,110.75,110.8,24707
2020-01-13 13:15:00+05:30,110.75,111.4,110.5,110.55,30096
2020-01-13 14:15:00+05:30,110.55,111.65,110.5,111.05,54746
2020-01-13 15:15:00+05:30,111.05,111.7,110.0,111.5,53753
2020-01-14 09:15:00+05:30,110.85,111.7,110.2,111.05,53565
2020-01-14 10:15:00+05:30,111.05,111.35,110.2,110.25,22235
2020-01-14 11:15:00+05:30,110.4,110.8,108.45,110.55,60004
2020-01-14 12:15:00+05:30,110.55,110.8,109.35,109.55,21903
2020-01-14 13:15:00+05:30,109.55,109.65,108.8,109.25,17877
2020-01-14 14:15:00+05:30,109.25,109.5,108.5,109.05,27536
2020-01-14 15:15:00+05:30,109.05,109.15,108.55,109.0,17888
2020-01-15 09:15:00+05:30,108.1,114.4,108.1,111.35,188024
2020-01-15 10:15:00+05:30,111.35,112.0,110.2,110.4,47949
2020-01-15 11:15:00+05:30,110.4,111.25,110.0,111.0,37411
2020-01-15 12:15:00+05:30,111.0,111.1,110.1,110.2,21757
2020-01-15 13:15:00+05:30,110.15,110.5,109.65,110.0,56489
2020-01-15 14:15:00+05:30,110.0,111.0,109.45,109.95,123780
2020-01-15 15:15:00+05:30,110.0,110.7,109.45,110.3,51874
2020-01-16 09:15:00+05:30,111.1,111.6,110.0,110.5,72496
2020-01-16 10:15:00+05:30,110.5,110.6,108.7,109.05,32062
2020-01-16 11:15:00+05:30,109.05,109.75,109.0,109.4,16528
2020-01-16 12:15:00+05:30,109.4,109.9,109.05,109.9,17717
2020-01-16 13:15:00+05:30,109.9,110.0,109.1,109.3,24938
2020-01-16 14:15:00+05:30,109.3,109.85,109.2,109.25,21291
2020-01-16 15:15:00+05:30,109.25,109.4,108.25,108.55,39045
2020-01-17 09:15:00+05:30,109.85,111.0,108.85,109.55,110594
2020-01-17 10:15:00+05:30,109.55,110.6,109.35,109.6,166370
2020-01-17 11:15:00+05:30,109.6,109.6,109.0,109.25,19292
2020-01-17 12:15:00+05:30,109.25,109.85,109.05,109.2,16825
2020-01-17 13:15:00+05:30,109.2,109.7,109.2,109.4,13496
2020-01-17 14:15:00+05:30,109.4,110.05,109.1,109.85,70529
2020-01-17 15:15:00+05:30,109.85,109.85,108.85,109.0,35561
2020-01-20 09:15:00+05:30,109.2,110.25,109.2,109.85,45727
2020-01-20 10:15:00+05:30,109.85,110.0,107.7,108.2,29482
2020-01-20 11:15:00+05:30,108.2,108.45,107.75,108.25,15113
2020-01-20 12:15:00+05:30,108.4,108.4,107.1,107.3,21051
2020-01-20 13:15:00+05:30,107.2,107.25,106.05,106.95,17620
2020-01-20 14:15:00+05:30,106.95,106.95,105.9,106.3,19848
2020-01-20 15:15:00+05:30,106.3,106.7,105.25,106.0,20225
2020-01-21 09:15:00+05:30,105.95,108.35,105.0,107.25,41909
2020-01-21 10:15:00+05:30,107.25,107.45,105.5,105.7,14706
2020-01-21 11:15:00+05:30,105.7,106.6,105.55,106.05,9035
2020-01-21 12:15:00+05:30,106.0,106.2,105.0,105.3,14890
2020-01-21 13:15:00+05:30,105.3,105.55,105.0,105.2,9580
2020-01-21 14:15:00+05:30,105.2,105.35,103.8,104.15,34742
2020-01-21 15:15:00+05:30,104.15,104.9,103.65,104.6,14255
2020-01-22 09:15:00+05:30,106.35,106.95,104.1,104.7,53213
2020-01-22 10:15:00+05:30,104.85,104.9,104.0,104.4,14884
2020-01-22 11:15:00+05:30,104.4,104.9,103.8,103.8,46907
2020-01-22 12:15:00+05:30,103.8,104.7,103.8,104.15,14236
2020-01-22 13:15:00+05:30,104.15,104.45,103.75,104.0,24183
2020-01-22 14:15:00+05:30,104.0,104.35,103.85,104.25,54276
2020-01-22 15:15:00+05:30,104.25,104.8,104.1,104.1,25444
2020-01-23 09:15:00+05:30,105.2,105.2,103.05,103.7,35466
2020-01-23 10:15:00+05:30,103.85,103.9,103.25,103.55,10083
2020-01-23 11:15:00+05:30,103.55,108.4,103.3,106.6,113403
2020-01-23 12:15:00+05:30,106.6,107.2,106.05,106.4,20659
2020-01-23 13:15:00+05:30,106.4,109.3,106.05,109.0,94816
2020-01-23 14:15:00+05:30,109.2,109.35,106.85,107.5,84088
2020-01-23 15:15:00+05:30,107.5,107.85,106.1,107.45,25694
2020-01-24 09:15:00+05:30,107.0,109.6,107.0,109.0,57345
2020-01-24 10:15:00+05:30,109.0,109.0,108.05,108.6,30136
2020-01-24 11:15:00+05:30,108.6,108.9,108.15,108.7,8597
2020-01-24 12:15:00+05:30,108.7,108.9,107.7,108.55,29405
2020-01-24 13:15:00+05:30,108.75,109.0,108.15,108.3,12964
2020-01-24 14:15:00+05:30,108.3,108.45,107.1,107.15,26484
2020-01-24 15:15:00+05:30,107.0,107.45,106.55,107.1,25662
2020-01-27 09:15:00+05:30,107.1,109.0,106.25,108.05,45012
2020-01-27 10:15:00+05:30,108.0,108.35,107.8,108.05,10803
2020-01-27 11:15:00+05:30,108.05,108.2,107.8,108.05,4106
2020-01-27 12:15:00+05:30,108.0,108.05,106.75,107.6,12591
2020-01-27 13:15:00+05:30,107.6,107.8,107.0,107.0,12909
2020-01-27 14:15:00+05:30,107.0,107.25,105.5,105.5,17000
2020-01-27 15:15:00+05:30,105.5,106.15,105.25,106.0,9137
2020-01-28 09:15:00+05:30,106.9,107.2,105.2,105.4,24455
2020-01-28 10:15:00+05:30,105.5,106.0,105.3,105.75,13721
2020-01-28 11:15:00+05:30,105.75,106.0,105.05,105.35,3704
2020-01-28 12:15:00+05:30,105.35,106.0,105.35,105.7,7515
2020-01-28 13:15:00+05:30,105.7,105.9,105.25,105.4,12693
2020-01-28 14:15:00+05:30,105.4,105.75,104.05,104.7,25742
2020-01-28 15:15:00+05:30,104.7,104.75,102.9,103.0,21702
2020-01-29 09:15:00+05:30,105.35,105.35,104.0,104.85,35182
2020-01-29 10:15:00+05:30,104.85,104.9,104.1,104.25,12954
2020-01-29 11:15:00+05:30,104.3,104.5,104.1,104.15,5231
2020-01-29 12:15:00+05:30,104.05,104.7,103.2,104.7,18187
2020-01-29 13:15:00+05:30,104.7,104.85,104.4,104.8,6920
2020-01-29 14:15:00+05:30,104.8,107.0,103.7,104.5,50862
2020-01-29 15:15:00+05:30,104.5,104.85,103.85,104.85,18720
2020-01-30 09:15:00+05:30,104.7,104.75,103.65,104.0,24737
2020-01-30 10:15:00+05:30,104.0,104.05,103.15,103.2,27745
2020-01-30 11:15:00+05:30,103.15,103.7,103.0,103.4,19196
2020-01-30 12:15:00+05:30,103.4,103.4,103.0,103.0,11400
2020-01-30 13:15:00+05:30,103.0,103.2,102.5,102.5,11361
2020-01-30 14:15:00+05:30,102.5,102.75,101.8,102.2,32192
2020-01-30 15:15:00+05:30,101.95,102.15,101.25,102.0,31460
2020-01-31 09:15:00+05:30,101.4,102.9,101.0,101.3,18284
2020-01-31 10:15:00+05:30,101.3,102.0,101.0,101.35,15945
2020-01-31 11:15:00+05:30,101.35,101.4,97.2,98.6,41349
2020-01-31 12:15:00+05:30,98.6,99.0,98.5,98.85,13479
2020-01-31 13:15:00+05:30,98.85,99.9,98.65,99.25,11095
2020-01-31 14:15:00+05:30,99.25,100.4,98.5,100.0,43087
2020-01-31 15:15:00+05:30,100.0,105.9,99.9,105.6,92853
2020-02-01 09:15:00+05:30,102.4,103.8,100.1,100.75,31286
2020-02-01 10:15:00+05:30,100.75,102.15,100.75,101.8,14033
2020-02-01 11:15:00+05:30,101.8,102.0,100.65,101.0,10486
2020-02-01 12:15:00+05:30,101.0,102.55,100.35,101.0,14798
2020-02-01 13:15:00+05:30,100.9,101.2,97.3,98.8,46720
2020-02-01 14:15:00+05:30,98.8,99.45,97.75,97.8,23172
2020-02-01 15:15:00+05:30,97.8,98.55,96.5,98.0,12599
2020-02-03 09:15:00+05:30,95.1,100.6,95.1,99.5,31188
2020-02-03 10:15:00+05:30,99.5,99.95,98.2,98.7,21775
2020-02-03 11:15:00+05:30,98.7,99.3,97.15,97.7,15559
2020-02-03 12:15:00+05:30,97.7,97.7,96.3,97.2,12042
2020-02-03 13:15:00+05:30,97.2,97.65,96.95,97.45,6817
2020-02-03 14:15:00+05:30,97.45,98.25,97.1,97.45,12299
2020-02-03 15:15:00+05:30,97.3,97.45,95.85,97.3,10580
2020-02-04 09:15:00+05:30,97.3,100.2,97.3,99.2,26692
2020-02-04 10:15:00+05:30,99.2,99.9,99.0,99.45,9484
2020-02-04 11:15:00+05:30,99.4,103.25,98.5,103.0,50446
2020-02-04 12:15:00+05:30,103.0,105.7,102.45,103.55,96411
2020-02-04 13:15:00+05:30,103.55,105.5,103.25,104.0,35963
2020-02-04 14:15:00+05:30,104.0,105.25,103.5,104.45,50143
2020-02-04 15:15:00+05:30,104.45,105.0,104.1,104.9,20800
2020-02-05 09:15:00+05:30,105.0,107.2,104.05,104.2,76086
2020-02-05 10:15:00+05:30,104.2,104.5,103.55,103.65,16653
2020-02-05 11:15:00+05:30,103.65,103.65,100.5,101.4,53364
2020-02-05 12:15:00+05:30,101.4,102.25,100.2,100.75,24006
2020-02-05 13:15:00+05:30,100.75,102.5,100.65,102.35,18659
2020-02-05 14:15:00+05:30,102.35,103.7,102.05,103.0,36486
2020-02-05 15:15:00+05:30,103.15,103.3,102.5,102.5,16987
2020-02-06 09:15:00+05:30,102.5,103.9,102.15,102.5,30237
2020-02-06 10:15:00+05:30,102.8,103.45,102.1,103.05,28919
2020-02-06 11:15:00+05:30,103.05,104.45,102.5,103.9,20666
2020-02-06 12:15:00+05:30,103.9,105.95,103.35,103.95,38225
2020-02-06 13:15:00+05:30,103.95,104.5,102.5,103.2,17711
2020-02-06 14:15:00+05:30,103.2,104.0,101.55,102.5,24434
2020-02-06 15:15:00+05:30,102.5,103.5,101.45,102.35,18731
2020-02-07 09:15:00+05:30,104.0,116.0,104.0,114.5,763080
2020-02-07 10:15:00+05:30,114.5,114.5,112.0,112.95,251699
2020-02-07 11:15:00+05:30,112.95,113.5,112.2,112.85,61589
2020-02-07 12:15:00+05:30,112.85,112.85,110.0,110.0,128620
2020-02-07 13:15:00+05:30,110.35,110.55,108.5,109.85,81272
2020-02-07 14:15:00+05:30,109.85,111.2,109.05,110.75,76847
2020-02-07 15:15:00+05:30,110.75,111.5,109.9,110.5,57232
2020-02-10 09:15:00+05:30,109.3,111.65,108.1,109.5,69136
2020-02-10 10:15:00+05:30,109.5,109.7,108.15,109.55,26573
2020-02-10 11:15:00+05:30,109.55,110.8,109.4,109.9,31718
2020-02-10 12:15:00+05:30,110.1,110.15,108.2,108.3,23410
2020-02-10 13:15:00+05:30,108.3,109.5,108.05,109.0,17570
2020-02-10 14:15:00+05:30,109.0,109.4,108.1,108.6,21324
2020-02-10 15:15:00+05:30,108.6,114.0,107.3,113.0,137983
2020-02-11 09:15:00+05:30,114.0,114.0,111.3,111.35,43229
2020-02-11 10:15:00+05:30,111.7,112.0,111.1,111.5,12067
2020-02-11 11:15:00+05:30,111.5,111.6,110.1,111.4,15442
2020-02-11 12:15:00+05:30,111.4,111.4,110.1,110.35,14350
2020-02-11 13:15:00+05:30,110.55,110.55,108.35,110.0,48316
2020-02-11 14:15:00+05:30,110.0,110.4,109.35,109.35,57536
2020-02-11 15:15:00+05:30,109.35,110.4,108.35,108.35,17573
2020-02-12 09:15:00+05:30,108.1,114.35,108.1,112.6,98733
2020-02-12 10:15:00+05:30,112.6,113.75,111.5,113.4,444846
2020-02-12 11:15:00+05:30,113.7,113.7,113.0,113.05,30415
2020-02-12 12:15:00+05:30,113.0,113.95,113.0,113.8,41180
2020-02-12 13:15:00+05:30,113.8,114.9,113.5,114.35,97649
2020-02-12 14:15:00+05:30,114.2,119.25,114.05,116.0,660300
2020-02-12 15:15:00+05:30,116.0,117.45,116.0,117.0,77189
2020-02-13 09:15:00+05:30,117.9,122.0,117.0,119.75,679529
2020-02-13 10:15:00+05:30,119.75,119.8,118.4,118.4,126022
2020-02-13 11:15:00+05:30,118.45,119.4,118.1,118.7,44892
2020-02-13 12:15:00+05:30,118.7,120.3,118.7,120.15,88948
2020-02-13 13:15:00+05:30,120.15,120.2,118.5,119.0,60533
2020-02-13 14:15:00+05:30,119.0,119.45,117.65,117.65,66156
2020-02-13 15:15:00+05:30,117.9,117.95,115.55,115.8,82134
2020-02-14 09:15:00+05:30,117.0,117.15,114.0,114.0,55630
2020-02-14 10:15:00+05:30,114.0,115.5,113.25,114.25,32515
2020-02-14 11:15:00+05:30,114.25,114.7,113.25,114.15,22885
2020-02-14 12:15:00+05:30,114.15,114.85,112.55,112.8,24885
2020-02-14 13:15:00+05:30,112.8,112.95,112.0,112.85,22962
2020-02-14 14:15:00+05:30,112.85,112.9,110.7,111.65,48955
2020-02-14 15:15:00+05:30,111.65,111.9,110.7,111.4,14110
2020-02-17 09:15:00+05:30,112.0,115.7,111.15,114.2,97167
2020-02-17 10:15:00+05:30,114.15,114.9,113.5,114.0,28751
2020-02-17 11:15:00+05:30,114.0,114.4,113.15,113.45,19394
2020-02-17 12:15:00+05:30,113.45,114.15,112.8,113.25,12913
2020-02-17 13:15:00+05:30,113.25,113.6,113.1,113.1,14183
2020-02-17 14:15:00+05:30,113.1,113.15,112.2,112.2,21767
2020-02-17 15:15:00+05:30,112.2,112.95,112.0,112.55,13392
2020-02-18 09:15:00+05:30,112.85,113.4,111.0,112.4,35428
2020-02-18 10:15:00+05:30,112.4,112.5,111.2,111.2,18544
2020-02-18 11:15:00+05:30,111.25,111.3,108.5,108.65,35859
2020-02-18 12:15:00+05:30,108.65,109.9,107.15,108.0,24436
2020-02-18 13:15:00+05:30,108.0,108.75,108.0,108.7,8393
2020-02-18 14:15:00+05:30,108.45,112.85,108.15,112.85,34439
2020-02-18 15:15:00+05:30,112.85,113.0,111.9,112.9,13211
2020-02-19 09:15:00+05:30,113.35,114.75,112.05,112.35,42178
2020-02-19 10:15:00+05:30,112.35,114.0,112.05,112.95,25848
2020-02-19 11:15:00+05:30,112.95,112.95,111.05,112.25,19125
2020-02-19 12:15:00+05:30,112.25,112.45,111.7,112.0,14322
2020-02-19 13:15:00+05:30,112.15,113.35,112.0,112.55,12740
2020-02-19 14:15:00+05:30,112.55,112.8,112.0,112.5,16401
2020-02-19 15:15:00+05:30,112.5,113.0,112.1,112.1,13474
2020-02-20 09:15:00+05:30,113.0,113.4,111.75,112.05,21413
2020-02-20 10:15:00+05:30,112.05,112.45,112.0,112.0,16884
2020-02-20 11:15:00+05:30,112.0,116.0,111.0,115.1,81731
2020-02-20 12:15:00+05:30,115.2,116.25,114.8,115.05,31124
2020-02-20 13:15:00+05:30,115.0,115.35,114.6,114.8,20046
2020-02-20 14:15:00+05:30,114.65,116.3,114.5,115.75,69331
2020-02-20 15:15:00+05:30,115.9,116.0,114.9,115.05,38586
2020-02-24 09:15:00+05:30,114.2,120.9,113.5,117.65,452920
2020-02-24 10:15:00+05:30,117.7,118.1,117.15,117.75,84271
2020-02-24 11:15:00+05:30,117.75,119.8,117.7,119.5,78864
2020-02-24 12:15:00+05:30,119.5,120.8,118.9,120.0,117931
2020-02-24 13:15:00+05:30,120.0,120.25,119.05,119.6,59401
2020-02-24 14:15:00+05:30,119.6,119.85,117.1,117.3,94633
2020-02-24 15:15:00+05:30,117.5,117.55,115.3,116.1,57773
2020-02-25 09:15:00+05:30,117.8,119.75,115.35,116.35,84566
2020-02-25 10:15:00+05:30,116.35,118.85,115.2,118.55,47858
2020-02-25 11:15:00+05:30,118.55,118.9,116.85,117.8,25511
2020-02-25 12:15:00+05:30,117.8,118.2,116.0,116.35,18165
2020-02-25 13:15:00+05:30,116.15,116.95,116.0,116.45,9836
2020-02-25 14:15:00+05:30,116.2,116.85,114.6,115.0,36137
2020-02-25 15:15:00+05:30,114.9,116.5,114.7,116.3,15338
2020-02-26 09:15:00+05:30,115.45,116.7,114.65,115.3,41792
2020-02-26 10:15:00+05:30,115.35,116.5,115.25,115.95,17063
2020-02-26 11:15:00+05:30,115.95,116.4,115.25,115.25,14950
2020-02-26 12:15:00+05:30,115.25,116.0,115.25,115.65,5625
2020-02-26 13:15:00+05:30,115.65,116.2,115.35,115.45,13416
2020-02-26 14:15:00+05:30,115.45,115.5,111.25,112.15,40430
2020-02-26 15:15:00+05:30,112.2,112.65,112.05,112.5,13559
2020-02-27 09:15:00+05:30,111.0,112.2,105.25,106.15,67712
2020-02-27 10:15:00+05:30,106.5,109.5,106.0,109.05,58335
2020-02-27 11:15:00+05:30,109.05,110.25,109.05,110.0,49220
2020-02-27 12:15:00+05:30,110.0,110.2,109.8,110.15,20999
2020-02-27 13:15:00+05:30,110.15,110.2,109.7,110.0,57960
2020-02-27 14:15:00+05:30,110.1,110.65,109.5,109.6,19458
2020-02-27 15:15:00+05:30,109.6,110.25,109.5,110.15,11147
2020-02-28 09:15:00+05:30,108.25,108.25,103.5,105.5,81698
2020-02-28 10:15:00+05:30,105.5,106.05,105.0,105.5,18323
2020-02-28 11:15:00+05:30,105.5,106.75,105.3,106.0,21724
2020-02-28 12:15:00+05:30,106.0,106.45,105.2,106.3,14990
2020-02-28 13:15:00+05:30,106.3,106.5,105.9,106.5,9861
2020-02-28 14:15:00+05:30,106.5,107.7,106.0,107.2,53310
2020-02-28 15:15:00+05:30,107.2,107.9,106.5,107.0,14945
2020-03-02 09:15:00+05:30,109.0,111.35,107.0,107.4,44954
2020-03-02 10:15:00+05:30,107.4,107.9,106.9,107.35,10596
2020-03-02 11:15:00+05:30,107.35,107.75,106.4,107.6,16788
2020-03-02 12:15:00+05:30,107.6,107.6,106.25,106.45,13435
2020-03-02 13:15:00+05:30,106.45,106.9,106.25,106.7,11528
2020-03-02 14:15:00+05:30,106.7,106.7,98.15,98.15,41654
2020-03-02 15:15:00+05:30,98.15,99.9,97.0,98.5,28911
2020-03-03 09:15:00+05:30,101.8,103.8,99.75,101.75,38096
2020-03-03 10:15:00+05:30,101.75,102.0,98.6,100.0,13809
2020-03-03 11:15:00+05:30,100.0,100.05,99.1,99.6,3822
2020-03-03 12:15:00+05:30,99.6,100.0,99.45,99.75,7891
2020-03-03 13:15:00+05:30,99.75,102.0,99.6,101.7,13033
2020-03-03 14:15:00+05:30,101.7,102.95,100.0,100.4,17433
2020-03-03 15:15:00+05:30,100.5,101.0,100.05,100.75,10033
2020-03-04 09:15:00+05:30,100.05,102.4,99.65,101.75,25421
2020-03-04 10:15:00+05:30,101.75,102.0,100.2,101.55,13605
2020-03-04 11:15:00+05:30,101.55,102.5,101.0,102.05,24739
2020-03-04 12:15:00+05:30,102.05,103.0,100.15,101.75,51398
2020-03-04 13:15:00+05:30,101.75,102.9,101.0,101.55,106519
2020-03-04 14:15:00+05:30,101.5,105.5,101.15,102.95,97210
2020-03-04 15:15:00+05:30,102.95,104.2,102.0,103.0,20227
2020-03-05 09:15:00+05:30,103.05,107.0,103.05,104.05,41290
2020-03-05 10:15:00+05:30,104.05,104.5,104.0,104.25,8705
2020-03-05 11:15:00+05:30,104.25,104.5,104.0,104.2,4019
2020-03-05 12:15:00+05:30,104.2,104.45,103.9,104.0,5994
2020-03-05 13:15:00+05:30,104.0,104.05,103.0,103.0,22145
2020-03-05 14:15:00+05:30,103.0,103.75,101.1,101.2,28408
2020-03-05 15:15:00+05:30,101.2,101.95,101.0,101.5,10702
2020-03-06 09:15:00+05:30,99.6,99.6,95.75,98.05,61379
2020-03-06 10:15:00+05:30,98.05,100.0,96.9,99.55,40450
2020-03-06 11:15:00+05:30,99.55,99.55,97.55,98.35,21094
2020-03-06 12:15:00+05:30,97.8,100.15,97.25,98.85,64443
2020-03-06 13:15:00+05:30,98.85,99.7,98.1,99.0,56162
2020-03-06 14:15:00+05:30,99.0,100.2,98.6,99.15,47976
2020-03-06 15:15:00+05:30,99.15,101.6,98.95,101.0,16235
2020-03-09 09:15:00+05:30,99.05,99.05,93.8,94.2,33854
2020-03-09 10:15:00+05:30,94.2,94.75,93.95,94.15,13835
2020-03-09 11:15:00+05:30,94.15,95.2,94.0,94.8,13014
2020-03-09 12:15:00+05:30,94.8,95.0,94.0,94.35,36577
2020-03-09 13:15:00+05:30,94.15,94.9,93.95,94.1,39002
2020-03-09 14:15:00+05:30,94.1,95.5,94.0,94.25,21758
2020-03-09 15:15:00+05:30,94.25,96.0,94.0,95.0,22793
2020-03-11 09:15:00+05:30,92.0,96.0,92.0,92.75,22670
2020-03-11 10:15:00+05:30,92.7,92.7,88.85,89.8,49695
2020-03-11 11:15:00+05:30,89.8,92.95,88.8,92.05,31391
2020-03-11 12:15:00+05:30,92.3,93.7,92.05,93.0,22705
2020-03-11 13:15:00+05:30,93.0,93.85,91.2,91.95,17499
2020-03-11 14:15:00+05:30,91.95,93.65,90.45,91.5,14513
2020-03-11 15:15:00+05:30,91.5,91.5,90.1,90.1,7592
2020-03-12 09:15:00+05:30,83.15,88.2,80.1,80.8,40063
2020-03-12 10:15:00+05:30,80.0,80.8,74.55,76.95,29379
2020-03-12 11:15:00+05:30,76.95,78.0,75.45,76.1,52911
2020-03-12 12:15:00+05:30,76.1,83.9,76.05,82.35,37047
2020-03-12 13:15:00+05:30,82.35,84.1,82.0,83.05,20533
2020-03-12 14:15:00+05:30,83.05,85.0,82.9,84.2,28791
2020-03-12 15:15:00+05:30,84.1,86.0,83.6,84.9,15029
2020-03-13 09:15:00+05:30,74.0,75.0,72.1,72.4,18456
2020-03-13 10:15:00+05:30,71.0,82.3,67.85,77.8,106772
2020-03-13 11:15:00+05:30,77.8,79.35,77.0,79.0,19650
2020-03-13 12:15:00+05:30,79.0,82.5,79.0,81.0,38529
2020-03-13 13:15:00+05:30,80.55,81.2,78.9,80.1,36114
2020-03-13 14:15:00+05:30,80.1,80.35,78.65,80.2,21130
2020-03-13 15:15:00+05:30,80.2,80.2,78.8,79.0,16579
2020-03-16 09:15:00+05:30,75.5,78.5,75.0,75.35,29156
2020-03-16 10:15:00+05:30,75.35,76.85,75.3,75.55,21055
2020-03-16 11:15:00+05:30,75.55,76.1,74.7,74.8,25306
2020-03-16 12:15:00+05:30,74.8,74.8,70.3,71.8,43251
2020-03-16 13:15:00+05:30,71.8,73.1,71.5,73.0,35618
2020-03-16 14:15:00+05:30,73.0,74.2,72.5,73.5,182281
2020-03-16 15:15:00+05:30,73.7,74.2,73.5,74.0,18226
2020-03-17 09:15:00+05:30,71.5,76.25,71.5,75.3,26915
2020-03-17 10:15:00+05:30,75.15,76.4,73.25,73.35,19773
2020-03-17 11:15:00+05:30,73.35,74.0,73.3,73.85,10747
2020-03-17 12:15:00+05:30,73.85,73.9,73.5,73.6,4389
2020-03-17 13:15:00+05:30,73.6,73.9,73.45,73.5,22062
2020-03-17 14:15:00+05:30,73.5,73.9,73.05,73.55,46168
2020-03-17 15:15:00+05:30,73.55,73.9,73.5,73.8,44141
2020-03-18 09:15:00+05:30,74.1,75.0,63.8,68.0,107665
2020-03-18 10:15:00+05:30,68.0,68.7,66.3,67.2,30529
2020-03-18 11:15:00+05:30,67.2,67.8,66.0,66.15,12684
2020-03-18 12:15:00+05:30,66.15,66.8,65.0,66.3,11589
2020-03-18 13:15:00+05:30,66.5,66.5,61.9,62.5,45302
2020-03-18 14:15:00+05:30,62.45,63.85,61.5,62.95,59980
2020-03-18 15:15:00+05:30,62.9,65.0,62.15,63.5,16323
2020-03-19 09:15:00+05:30,62.95,62.95,56.8,56.8,64916
2020-03-19 10:15:00+05:30,56.8,58.1,56.8,58.0,38770
2020-03-19 11:15:00+05:30,58.0,60.5,57.2,58.25,44355
2020-03-19 12:15:00+05:30,58.25,59.85,57.2,59.5,21456
2020-03-19 13:15:00+05:30,59.5,59.5,57.2,59.0,26380
2020-03-19 14:15:00+05:30,59.0,59.5,57.1,57.1,29259
2020-03-19 15:15:00+05:30,57.1,57.65,56.9,57.2,7279
2020-03-20 09:15:00+05:30,57.6,58.95,56.35,57.85,31299
2020-03-20 10:15:00+05:30,57.85,62.5,56.2,62.0,49422
2020-03-20 11:15:00+05:30,62.0,62.9,60.9,62.1,18214
2020-03-20 12:15:00+05:30,62.1,63.35,62.0,63.35,22991
2020-03-20 13:15:00+05:30,63.35,63.35,63.35,63.35,25199
2020-03-20 14:15:00+05:30,63.35,63.35,63.35,63.35,17168
2020-03-20 15:15:00+05:30,63.35,63.35,63.35,63.35,2140
2020-03-23 09:15:00+05:30,57.1,62.0,57.05,57.05,22817
2020-03-23 10:15:00+05:30,62.0,62.0,57.05,58.5,6370
2020-03-23 11:15:00+05:30,58.5,58.8,57.05,57.05,5666
2020-03-23 12:15:00+05:30,57.05,57.05,57.05,57.05,6170
2020-03-23 13:15:00+05:30,57.05,57.05,57.05,57.05,1424
2020-03-23 14:15:00+05:30,57.05,64.55,57.05,60.4,48742
2020-03-23 15:15:00+05:30,60.4,61.75,60.0,60.2,6962
2020-03-24 09:15:00+05:30,60.2,63.0,57.35,58.7,12117
2020-03-24 10:15:00+05:30,58.7,58.7,56.2,57.7,12410
2020-03-24 11:15:00+05:30,57.7,57.9,57.1,57.4,4013
2020-03-24 12:15:00+05:30,57.4,57.75,57.4,57.75,4199
2020-03-24 13:15:00+05:30,57.7,58.2,57.05,58.0,10976
2020-03-24 14:15:00+05:30,58.0,59.3,57.6,57.95,10241
2020-03-24 15:15:00+05:30,58.15,58.3,57.8,58.0,3791
2020-03-25 09:15:00+05:30,58.0,60.9,57.1,57.95,5582
2020-03-25 10:15:00+05:30,57.95,58.05,56.7,57.7,7277
2020-03-25 11:15:00+05:30,57.7,58.9,57.7,58.9,2798
2020-03-25 12:15:00+05:30,58.9,60.9,58.9,60.6,6918
2020-03-25 13:15:00+05:30,60.15,60.9,59.6,60.1,6380
2020-03-25 14:15:00+05:30,60.1,60.8,59.6,60.25,7726
2020-03-25 15:15:00+05:30,60.25,60.8,59.0,59.4,3351
2020-03-26 09:15:00+05:30,60.0,63.85,59.1,62.3,17659
2020-03-26 10:15:00+05:30,62.3,63.2,61.75,62.1,12815
2020-03-26 11:15:00+05:30,62.1,62.1,61.5,61.95,3237
2020-03-26 12:15:00+05:30,61.95,62.95,61.6,61.8,962019
2020-03-26 13:15:00+05:30,62.1,62.1,60.35,61.3,7204
2020-03-26 14:15:00+05:30,61.3,61.8,59.65,59.95,11284
2020-03-26 15:15:00+05:30,59.95,60.0,59.15,59.7,4512
2020-03-27 09:15:00+05:30,62.5,64.5,60.7,63.25,21306
2020-03-27 10:15:00+05:30,63.0,63.2,61.0,61.05,11938
2020-03-27 11:15:00+05:30,61.05,61.8,61.0,61.05,8093
2020-03-27 12:15:00+05:30,61.05,61.05,59.4,59.75,10974
2020-03-27 13:15:00+05:30,59.75,60.25,59.15,60.25,3926
2020-03-27 14:15:00+05:30,60.25,60.25,58.95,59.0,16050
2020-03-27 15:15:00+05:30,59.0,59.1,58.65,59.1,5426
2020-03-30 09:15:00+05:30,59.9,59.9,56.7,58.45,7381
2020-03-30 10:15:00+05:30,58.45,58.6,57.7,58.25,7283
2020-03-30 11:15:00+05:30,58.0,58.5,57.75,58.0,4502
2020-03-30 12:15:00+05:30,57.75,58.0,57.1,57.5,5724
2020-03-30 13:15:00+05:30,57.5,58.0,57.45,57.9,2702
2020-03-30 14:15:00+05:30,57.9,58.0,57.05,57.5,5879
2020-03-30 15:15:00+05:30,57.5,58.0,57.2,57.55,2847
2020-03-31 09:15:00+05:30,58.0,62.0,57.5,59.0,13698
2020-03-31 10:15:00+05:30,59.0,59.95,58.25,58.25,6065
2020-03-31 11:15:00+05:30,58.2,58.9,57.9,58.0,13353
2020-03-31 12:15:00+05:30,58.0,58.7,57.95,58.1,14927
2020-03-31 13:15:00+05:30,58.1,58.35,57.8,58.25,5948
2020-03-31 14:15:00+05:30,58.25,58.4,57.7,57.8,13785
2020-03-31 15:15:00+05:30,57.8,58.05,57.45,57.8,7650
2020-04-01 09:15:00+05:30,59.5,59.5,57.15,57.9,13226
2020-04-01 10:15:00+05:30,57.9,57.9,57.5,57.65,5076
2020-04-01 11:15:00+05:30,57.65,57.8,57.5,57.75,3682
2020-04-01 12:15:00+05:30,57.75,57.75,57.2,57.2,9519
2020-04-01 13:15:00+05:30,57.2,57.3,56.95,57.2,6498
2020-04-01 14:15:00+05:30,56.8,57.25,56.45,57.0,14565
2020-04-01 15:15:00+05:30,57.0,57.0,56.0,57.0,4210
2020-04-03 09:15:00+05:30,57.0,57.8,56.0,57.05,8138
2020-04-03 10:15:00+05:30,57.05,57.15,56.0,56.0,59692
2020-04-03 11:15:00+05:30,56.0,56.0,55.05,56.0,5870
2020-04-03 12:15:00+05:30,56.0,56.0,55.5,55.8,7109
2020-04-03 13:15:00+05:30,55.8,55.8,54.9,54.9,25523
2020-04-03 14:15:00+05:30,55.05,55.4,52.85,53.0,16953
2020-04-03 15:15:00+05:30,52.75,53.45,52.75,53.0,9109
2020-04-07 09:15:00+05:30,57.0,57.4,54.3,55.65,15148
2020-04-07 10:15:00+05:30,55.65,55.65,53.45,54.0,21817
2020-04-07 11:15:00+05:30,54.0,54.1,53.95,54.05,11000
2020-04-07 12:15:00+05:30,54.05,55.2,53.9,54.05,17177
2020-04-07 13:15:00+05:30,54.05,55.0,53.9,54.0,60255
2020-04-07 14:15:00+05:30,54.0,54.35,53.9,54.05,51911
2020-04-07 15:15:00+05:30,54.05,54.1,53.95,53.95,4972
2020-04-08 09:15:00+05:30,53.95,56.45,53.85,56.15,36388
2020-04-08 10:15:00+05:30,56.15,56.4,55.0,56.4,750145
2020-04-08 11:15:00+05:30,56.4,56.4,56.0,56.15,10602
2020-04-08 12:15:00+05:30,56.0,56.5,55.5,55.95,34863
2020-04-08 13:15:00+05:30,56.0,56.5,55.5,56.35,10059
2020-04-08 14:15:00+05:30,56.35,56.5,56.0,56.45,18627
2020-04-08 15:15:00+05:30,56.45,56.5,55.6,56.5,40327
2020-04-09 09:15:00+05:30,58.0,63.0,58.0,61.25,61937
2020-04-09 10:15:00+05:30,61.25,61.6,59.85,60.8,42312
2020-04-09 11:15:00+05:30,60.8,61.45,60.5,60.9,12140
2020-04-09 12:15:00+05:30,60.85,61.4,60.8,61.4,11269
2020-04-09 13:15:00+05:30,61.2,61.7,60.15,61.0,20838
2020-04-09 14:15:00+05:30,61.0,66.9,60.7,65.1,542748
2020-04-09 15:15:00+05:30,65.25,66.0,65.05,65.4,41216
2020-04-13 09:15:00+05:30,65.0,65.0,60.25,61.8,70949
2020-04-13 10:15:00+05:30,61.75,62.4,61.5,62.05,17567
2020-04-13 11:15:00+05:30,62.05,62.45,61.9,62.35,19106
2020-04-13 12:15:00+05:30,62.35,62.5,62.05,62.1,15232
2020-04-13 13:15:00+05:30,62.1,62.2,61.7,61.75,7570
2020-04-13 14:15:00+05:30,61.75,62.5,61.75,62.05,22003
2020-04-13 15:15:00+05:30,62.05,62.75,62.0,62.5,28492
2020-04-15 09:15:00+05:30,64.0,65.5,63.5,64.95,40477
2020-04-15 10:15:00+05:30,64.8,65.25,64.3,64.65,37404
2020-04-15 11:15:00+05:30,64.7,64.85,64.2,64.4,9496
2020-04-15 12:15:00+05:30,64.4,68.3,64.35,67.5,181164
2020-04-15 13:15:00+05:30,67.5,67.75,62.0,62.2,86662
2020-04-15 14:15:00+05:30,62.2,63.4,62.2,63.0,28499
2020-04-15 15:15:00+05:30,62.7,63.7,62.7,63.0,16105
2020-04-16 09:15:00+05:30,63.5,65.7,63.0,63.7,52076
2020-04-16 10:15:00+05:30,63.7,64.55,63.7,64.3,6863
2020-04-16 11:15:00+05:30,64.3,65.45,64.25,64.8,21781
2020-04-16 12:15:00+05:30,64.8,65.3,64.5,65.0,12914
2020-04-16 13:15:00+05:30,65.0,68.25,64.85,67.15,149642
2020-04-16 14:15:00+05:30,67.15,67.6,66.0,66.8,66760
2020-04-16 15:15:00+05:30,66.8,67.6,66.75,67.4,28075
2020-04-17 09:15:00+05:30,69.0,69.9,67.7,68.0,83293
2020-04-17 10:15:00+05:30,68.15,68.4,65.25,66.55,51282
2020-04-17 11:15:00+05:30,66.4,66.55,65.8,66.0,10782
2020-04-17 12:15:00+05:30,66.0,67.0,65.7,66.7,20181
2020-04-17 13:15:00+05:30,66.7,68.75,66.55,68.7,49182
2020-04-17 14:15:00+05:30,68.7,77.8,68.45,76.45,1014500
2020-04-17 15:15:00+05:30,76.5,77.0,76.1,76.5,89944
2020-04-20 09:15:00+05:30,76.9,81.7,74.9,79.2,221626
2020-04-20 10:15:00+05:30,79.2,80.25,78.55,79.65,43477
2020-04-20 11:15:00+05:30,79.65,79.85,78.0,78.8,41017
2020-04-20 12:15:00+05:30,78.8,79.05,78.0,78.75,23462
2020-04-20 13:15:00+05:30,78.75,80.35,78.4,79.1,75087
2020-04-20 14:15:00+05:30,79.1,80.0,78.15,78.35,98067
2020-04-20 15:15:00+05:30,78.35,78.85,78.0,78.65,26689
2020-04-21 09:15:00+05:30,75.05,76.3,62.65,69.55,286319
2020-04-21 10:15:00+05:30,69.55,71.5,69.55,70.75,33848
2020-04-21 11:15:00+05:30,70.75,71.05,69.2,70.4,28891
2020-04-21 12:15:00+05:30,70.4,70.65,69.0,69.35,20191
2020-04-21 13:15:00+05:30,69.35,69.45,69.05,69.35,13820
2020-04-21 14:15:00+05:30,69.35,70.8,69.35,70.2,28417
2020-04-21 15:15:00+05:30,70.2,70.55,69.5,70.0,23721
2020-04-22 09:15:00+05:30,70.0,70.0,68.0,68.2,40570
2020-04-22 10:15:00+05:30,68.2,70.5,68.2,69.35,87446
2020-04-22 11:15:00+05:30,69.35,70.1,68.35,68.5,47342
2020-04-22 12:15:00+05:30,68.5,70.05,68.25,69.3,67642
2020-04-22 13:15:00+05:30,69.3,69.5,68.5,68.85,26062
2020-04-22 14:15:00+05:30,68.85,69.15,68.15,68.5,41272
2020-04-22 15:15:00+05:30,68.35,68.7,67.45,68.3,47896
2020-04-23 09:15:00+05:30,69.0,69.9,67.25,69.4,66757
2020-04-23 10:15:00+05:30,69.4,69.5,68.9,69.0,23107
2020-04-23 11:15:00+05:30,69.0,69.25,68.8,68.9,17936
2020-04-23 12:15:00+05:30,69.0,69.3,68.8,68.8,16863
2020-04-23 13:15:00+05:30,68.8,68.95,67.5,68.45,18532
2020-04-23 14:15:00+05:30,68.45,68.75,67.5,67.6,31375
2020-04-23 15:15:00+05:30,67.6,67.85,67.35,67.7,14818
2020-04-24 09:15:00+05:30,67.0,70.3,65.5,69.8,93122
2020-04-24 10:15:00+05:30,69.8,70.0,67.3,67.8,36913
2020-04-24 11:15:00+05:30,67.8,68.0,67.1,67.5,9110
2020-04-24 12:15:00+05:30,67.5,67.55,67.1,67.45,18140
2020-04-24 13:15:00+05:30,67.45,67.45,66.2,66.6,21800
2020-04-24 14:15:00+05:30,66.6,66.9,65.6,65.75,28086
2020-04-24 15:15:00+05:30,65.75,66.0,65.5,65.9,23753
2020-04-27 09:15:00+05:30,67.0,68.25,66.6,67.75,49752
2020-04-27 10:15:00+05:30,67.75,67.95,66.85,66.85,18205
2020-04-27 11:15:00+05:30,66.85,67.3,66.7,67.0,14785
2020-04-27 12:15:00+05:30,67.0,67.25,66.6,66.7,8102
2020-04-27 13:15:00+05:30,66.7,67.0,66.3,66.5,24305
2020-04-27 14:15:00+05:30,66.5,73.15,66.2,70.1,1065546
2020-04-27 15:15:00+05:30,70.05,70.3,69.5,69.7,63095
2020-04-28 09:15:00+05:30,71.2,71.7,67.85,68.15,135576
2020-04-28 10:15:00+05:30,68.45,68.6,67.5,67.75,39085
2020-04-28 11:15:00+05:30,67.75,68.4,67.5,67.6,45432
2020-04-28 12:15:00+05:30,67.6,67.95,67.6,67.7,21434
2020-04-28 13:15:00+05:30,67.7,68.1,67.65,67.9,21948
2020-04-28 14:15:00+05:30,67.9,68.1,67.6,67.9,28598
2020-04-28 15:15:00+05:30,67.8,68.0,67.5,68.0,32260
2020-04-29 09:15:00+05:30,68.0,69.7,67.6,68.0,69251
2020-04-29 10:15:00+05:30,67.95,68.9,67.7,67.95,134664
2020-04-29 11:15:00+05:30,67.95,68.3,67.7,68.0,60863
2020-04-29 12:15:00+05:30,68.05,68.25,67.8,68.0,36701
2020-04-29 13:15:00+05:30,68.0,70.3,67.7,69.95,233429
2020-04-29 14:15:00+05:30,69.95,70.75,68.6,68.7,379213
2020-04-29 15:15:00+05:30,68.6,69.15,68.3,68.65,65016
2020-04-30 09:15:00+05:30,69.9,70.5,68.55,68.65,364280
2020-04-30 10:15:00+05:30,68.65,69.9,68.55,69.6,178687
2020-04-30 11:15:00+05:30,69.6,69.7,68.9,69.65,64529
2020-04-30 12:15:00+05:30,69.75,70.0,69.0,69.4,142506
2020-04-30 13:15:00+05:30,69.4,69.65,69.1,69.4,121593
2020-04-30 14:15:00+05:30,69.4,69.55,68.85,69.0,114290
2020-04-30 15:15:00+05:30,68.9,69.0,68.4,68.45,87528
2020-05-04 09:15:00+05:30,66.9,66.9,63.6,64.9,121418
2020-05-04 10:15:00+05:30,64.9,64.95,63.8,64.4,35612
2020-05-04 11:15:00+05:30,64.4,64.75,64.2,64.45,13873
2020-05-04 12:15:00+05:30,64.45,64.65,63.7,63.7,49465
2020-05-04 13:15:00+05:30,63.9,64.15,63.6,63.6,24065
2020-05-04 14:15:00+05:30,63.6,63.75,62.8,63.25,57349
2020-05-04 15:15:00+05:30,63.25,65.2,62.85,63.75,55181
2020-05-05 09:15:00+05:30,65.1,65.7,62.35,63.1,104353
2020-05-05 10:15:00+05:30,63.0,63.0,62.5,63.0,25960
2020-05-05 11:15:00+05:30,63.0,63.0,62.6,62.9,15562
2020-05-05 12:15:00+05:30,62.9,63.0,62.5,62.7,10930
2020-05-05 13:15:00+05:30,62.7,63.2,62.7,63.0,10743
2020-05-05 14:15:00+05:30,63.0,63.0,61.2,61.65,41097
2020-05-05 15:15:00+05:30,61.65,61.9,60.1,61.35,35735
2020-05-06 09:15:00+05:30,62.2,62.2,58.65,59.2,112690
2020-05-06 10:15:00+05:30,59.2,59.7,59.2,59.35,51441
2020-05-06 11:15:00+05:30,59.35,60.0,59.2,59.45,55652
2020-05-06 12:15:00+05:30,59.45,59.65,59.05,59.05,25686
2020-05-06 13:15:00+05:30,59.05,60.75,58.65,59.35,141910
2020-05-06 14:15:00+05:30,59.35,59.75,58.65,59.5,72611
2020-05-06 15:15:00+05:30,59.5,59.8,59.3,59.6,42650
2020-05-07 09:15:00+05:30,59.8,61.8,59.7,59.95,198393
2020-05-07 10:15:00+05:30,60.0,60.3,59.7,59.85,26210
2020-05-07 11:15:00+05:30,59.9,60.1,59.0,59.4,16292
2020-05-07 12:15:00+05:30,59.4,59.5,59.05,59.4,17287
2020-05-07 13:15:00+05:30,59.45,59.55,59.15,59.45,14220
2020-05-07 14:15:00+05:30,59.45,59.85,58.75,59.0,50924
2020-05-07 15:15:00+05:30,59.0,59.65,58.65,59.2,43386
2020-05-08 09:15:00+05:30,60.15,60.7,59.3,59.6,64275
2020-05-08 10:15:00+05:30,59.6,59.9,59.2,59.6,22223
2020-05-08 11:15:00+05:30,59.6,59.75,59.0,59.15,20496
2020-05-08 12:15:00+05:30,59.15,59.2,58.8,59.0,22207
2020-05-08 13:15:00+05:30,59.0,59.0,58.5,58.5,18255
2020-05-08 14:15:00+05:30,58.5,58.7,57.65,57.7,48140
2020-05-08 15:15:00+05:30,57.7,58.1,57.7,57.7,27068
2020-05-11 09:15:00+05:30,58.4,61.65,58.4,59.85,149200
2020-05-11 10:15:00+05:30,59.85,60.0,59.25,59.75,34308
2020-05-11 11:15:00+05:30,59.75,60.0,59.3,59.5,20554
2020-05-11 12:15:00+05:30,59.5,59.75,59.3,59.5,37859
2020-05-11 13:15:00+05:30,59.5,60.0,59.3,59.35,54527
2020-05-11 14:15:00+05:30,59.35,59.5,57.9,57.9,80303
2020-05-11 15:15:00+05:30,57.9,58.4,57.6,57.95,21140
2020-05-12 09:15:00+05:30,57.9,58.0,55.25,55.8,77815
2020-05-12 10:15:00+05:30,55.8,55.8,54.75,55.0,90020
2020-05-12 11:15:00+05:30,55.0,55.15,54.7,55.1,56484
2020-05-12 12:15:00+05:30,55.0,55.6,54.95,55.15,43892
2020-05-12 13:15:00+05:30,55.15,55.45,55.0,55.4,39055
2020-05-12 14:15:00+05:30,55.4,56.15,55.25,55.55,78065
2020-05-12 15:15:00+05:30,55.55,56.0,55.55,55.95,38388
2020-05-13 09:15:00+05:30,59.9,59.9,57.5,58.55,117933
2020-05-13 10:15:00+05:30,58.45,59.9,57.85,59.75,75603
2020-05-13 11:15:00+05:30,59.75,60.65,59.5,60.2,91016
2020-05-13 12:15:00+05:30,60.2,60.3,59.1,59.5,32671
2020-05-13 13:15:00+05:30,59.5,60.0,59.3,59.5,24481
2020-05-13 14:15:00+05:30,59.5,60.5,59.5,60.3,54779
2020-05-13 15:15:00+05:30,60.3,60.9,60.0,60.2,55948
2020-05-14 09:15:00+05:30,58.7,63.0,58.65,61.6,173842
2020-05-14 10:15:00+05:30,61.6,61.85,59.55,59.7,75679
2020-05-14 11:15:00+05:30,60.0,60.0,59.2,59.9,38687
2020-05-14 12:15:00+05:30,59.9,61.15,59.7,60.95,31441
2020-05-14 13:15:00+05:30,60.85,61.0,59.5,59.95,27414
2020-05-14 14:15:00+05:30,59.95,60.35,59.2,59.8,37155
2020-05-14 15:15:00+05:30,59.8,60.0,59.0,59.45,41328
2020-05-15 09:15:00+05:30,59.5,60.0,58.45,58.75,61863
2020-05-15 10:15:00+05:30,58.75,58.95,58.6,58.9,8207
2020-05-15 11:15:00+05:30,58.9,59.0,58.3,58.35,9638
2020-05-15 12:15:00+05:30,58.4,58.8,58.35,58.45,14846
2020-05-15 13:15:00+05:30,58.45,58.45,58.0,58.4,22568
2020-05-15 14:15:00+05:30,58.4,58.7,58.15,58.4,25492
2020-05-15 15:15:00+05:30,58.4,58.5,58.2,58.3,15857
2020-05-18 09:15:00+05:30,57.5,58.8,55.3,55.7,60492
2020-05-18 10:15:00+05:30,55.7,56.0,55.5,55.75,26838
2020-05-18 11:15:00+05:30,55.75,56.2,55.6,56.1,9173
2020-05-18 12:15:00+05:30,56.1,56.45,55.8,56.25,14858
2020-05-18 13:15:00+05:30,56.25,56.45,56.1,56.4,5513
2020-05-18 14:15:00+05:30,56.4,56.4,55.0,55.25,57654
2020-05-18 15:15:00+05:30,55.25,56.2,54.8,55.0,45693
2020-05-19 09:15:00+05:30,56.3,57.0,55.7,56.4,36195
2020-05-19 10:15:00+05:30,56.2,56.95,56.2,56.2,11141
2020-05-19 11:15:00+05:30,56.2,56.35,56.05,56.05,4043
2020-05-19 12:15:00+05:30,56.05,56.35,55.8,55.85,25509
2020-05-19 13:15:00+05:30,55.85,56.1,55.25,55.5,12433
2020-05-19 14:15:00+05:30,55.5,55.85,54.2,54.5,40924
2020-05-19 15:15:00+05:30,54.5,54.5,53.7,54.35,40901
2020-05-20 09:15:00+05:30,53.6,55.2,53.6,54.85,34865
2020-05-20 10:15:00+05:30,54.85,54.85,53.95,54.35,23595
2020-05-20 11:15:00+05:30,54.35,54.7,54.3,54.35,7108
2020-05-20 12:15:00+05:30,54.35,55.0,54.3,54.7,8879
2020-05-20 13:15:00+05:30,54.7,54.8,54.4,54.5,10108
2020-05-20 14:15:00+05:30,54.5,58.45,54.4,57.4,200551
2020-05-20 15:15:00+05:30,57.25,60.9,57.25,60.25,387690
2020-05-21 09:15:00+05:30,58.0,60.95,57.95,58.25,419270
2020-05-21 10:15:00+05:30,58.45,58.65,58.1,58.2,89701
2020-05-21 11:15:00+05:30,58.2,58.5,58.15,58.4,154848
2020-05-21 12:15:00+05:30,58.4,59.8,58.3,59.0,98794
2020-05-21 13:15:00+05:30,59.0,59.35,58.6,58.6,34253
2020-05-21 14:15:00+05:30,58.6,60.95,58.3,60.35,185212
2020-05-21 15:15:00+05:30,60.35,60.55,58.7,58.7,67600
2020-05-22 09:15:00+05:30,58.35,59.9,58.1,58.6,53278
2020-05-22 10:15:00+05:30,58.6,58.7,57.6,57.8,31955
2020-05-22 11:15:00+05:30,57.8,58.3,57.6,57.85,20984
2020-05-22 12:15:00+05:30,57.85,58.0,57.7,57.8,14956
2020-05-22 13:15:00+05:30,57.8,58.0,57.25,57.65,19377
2020-05-22 14:15:00+05:30,57.5,57.75,57.25,57.75,31690
2020-05-22 15:15:00+05:30,57.75,58.25,57.7,57.95,36293
2020-05-26 09:15:00+05:30,58.15,59.25,57.2,58.0,47437
2020-05-26 10:15:00+05:30,58.0,58.3,57.5,57.65,18327
2020-05-26 11:15:00+05:30,57.65,57.85,57.6,57.7,6715
2020-05-26 12:15:00+05:30,57.7,58.05,57.7,57.85,24933
2020-05-26 13:15:00+05:30,57.8,57.8,56.8,57.1,30023
2020-05-26 14:15:00+05:30,57.15,57.25,57.0,57.05,28825
2020-05-26 15:15:00+05:30,57.05,57.4,56.95,57.05,18703
2020-05-27 09:15:00+05:30,57.8,57.8,55.55,55.85,50649
2020-05-27 10:15:00+05:30,55.8,56.45,55.8,56.1,34759
2020-05-27 11:15:00+05:30,56.1,56.3,55.8,56.0,32169
2020-05-27 12:15:00+05:30,56.0,56.2,55.85,55.9,27419
2020-05-27 13:15:00+05:30,55.9,56.1,55.9,55.9,69107
2020-05-27 14:15:00+05:30,55.9,56.2,55.85,55.9,59750
2020-05-27 15:15:00+05:30,55.95,56.35,55.8,56.0,26698
2020-05-28 09:15:00+05:30,56.75,57.45,56.0,57.1,107019
2020-05-28 10:15:00+05:30,57.1,57.2,56.8,56.95,26965
2020-05-28 11:15:00+05:30,56.95,57.2,56.75,56.95,48812
2020-05-28 12:15:00+05:30,56.95,57.15,56.6,57.15,35268
2020-05-28 13:15:00+05:30,57.15,57.7,56.3,56.3,164446
2020-05-28 14:15:00+05:30,56.3,57.2,56.2,56.95,289584
2020-05-28 15:15:00+05:30,56.95,57.05,56.0,56.85,139873
2020-05-29 09:15:00+05:30,57.25,60.6,56.85,59.05,1235630
2020-05-29 10:15:00+05:30,58.95,59.05,58.75,59.0,159368
2020-05-29 11:15:00+05:30,58.9,59.0,58.7,58.75,70612
2020-05-29 12:15:00+05:30,58.75,58.85,58.5,58.75,74978
2020-05-29 13:15:00+05:30,58.65,59.2,58.65,58.95,116344
2020-05-29 14:15:00+05:30,58.95,59.1,58.4,58.4,127548
2020-05-29 15:15:00+05:30,58.35,59.1,57.5,59.0,243316
2020-06-01 09:15:00+05:30,59.9,60.05,59.05,59.4,213704
2020-06-01 10:15:00+05:30,59.4,61.75,59.35,61.05,951195
2020-06-01 11:15:00+05:30,61.05,61.15,60.55,61.0,341260
2020-06-01 12:15:00+05:30,61.0,61.15,60.8,60.9,299408
2020-06-01 13:15:00+05:30,60.9,60.9,59.7,60.0,216964
2020-06-01 14:15:00+05:30,60.0,60.05,59.6,59.75,111118
2020-06-01 15:15:00+05:30,59.75,59.95,59.55,59.75,67353
2020-06-02 09:15:00+05:30,60.6,60.6,59.75,59.8,128298
2020-06-02 10:15:00+05:30,59.8,60.0,59.5,60.0,89851
2020-06-02 11:15:00+05:30,60.0,60.0,59.2,59.5,77705
2020-06-02 12:15:00+05:30,59.5,59.6,58.95,59.45,143941
2020-06-02 13:15:00+05:30,59.45,59.5,58.85,59.0,132764
2020-06-02 14:15:00+05:30,59.0,59.1,58.85,58.9,135967
2020-06-02 15:15:00+05:30,59.0,59.2,58.75,59.0,98951
2020-06-03 09:15:00+05:30,59.55,60.85,59.35,59.9,274005
2020-06-03 10:15:00+05:30,59.85,60.15,59.75,60.0,208751
2020-06-03 11:15:00+05:30,60.0,60.6,59.7,60.5,162582
2020-06-03 12:15:00+05:30,60.55,60.95,59.85,60.0,588804
2020-06-03 13:15:00+05:30,60.0,60.3,59.85,59.95,113300
2020-06-03 14:15:00+05:30,59.95,60.0,59.5,59.5,160389
2020-06-03 15:15:00+05:30,59.6,59.6,59.25,59.35,81684
2020-06-04 09:15:00+05:30,60.0,60.5,59.35,60.0,219713
2020-06-04 10:15:00+05:30,60.0,60.3,59.8,59.9,96829
2020-06-04 11:15:00+05:30,59.9,60.05,59.2,59.3,128515
2020-06-04 12:15:00+05:30,59.3,59.3,58.25,58.7,89135
2020-06-04 13:15:00+05:30,58.7,59.4,58.55,58.9,42845
2020-06-04 14:15:00+05:30,59.0,59.1,58.25,58.3,122908
2020-06-04 15:15:00+05:30,58.3,58.7,58.25,58.6,84694
2020-06-05 09:15:00+05:30,59.3,60.5,59.2,60.0,318333
2020-06-05 10:15:00+05:30,60.0,60.05,59.7,60.0,101484
2020-06-05 11:15:00+05:30,60.0,63.3,59.85,62.25,2034099
2020-06-05 12:15:00+05:30,62.25,63.5,61.9,63.45,851748
2020-06-05 13:15:00+05:30,63.4,64.3,62.5,63.15,811750
2020-06-05 14:15:00+05:30,63.3,63.5,62.6,63.1,417222
2020-06-05 15:15:00+05:30,63.1,63.15,62.5,62.7,218619
2020-06-08 09:15:00+05:30,64.1,65.9,64.1,64.9,805944
2020-06-08 10:15:00+05:30,64.9,66.9,64.7,66.9,442461
2020-06-08 11:15:00+05:30,66.9,67.9,66.6,67.75,735754
2020-06-08 12:15:00+05:30,67.75,67.8,64.3,64.85,628165
2020-06-08 13:15:00+05:30,64.85,65.3,63.3,65.1,306383
2020-06-08 14:15:00+05:30,65.0,65.0,63.25,64.5,307532
2020-06-08 15:15:00+05:30,64.5,64.6,63.7,64.4,171286
2020-06-09 09:15:00+05:30,64.75,65.0,63.15,64.75,330240
2020-06-09 10:15:00+05:30,64.7,65.7,64.2,65.05,231032
2020-06-09 11:15:00+05:30,65.05,66.3,64.95,64.95,266566
2020-06-09 12:15:00+05:30,64.95,65.35,64.35,64.45,127424
2020-06-09 13:15:00+05:30,64.45,64.5,62.7,63.0,266438
2020-06-09 14:15:00+05:30,63.05,63.7,62.45,63.1,185073
2020-06-09 15:15:00+05:30,63.1,63.1,62.55,62.7,86884
2020-06-10 09:15:00+05:30,63.5,64.9,63.1,63.6,276672
2020-06-10 10:15:00+05:30,63.6,64.05,63.55,63.9,81863
2020-06-10 11:15:00+05:30,63.9,64.0,63.4,63.65,61979
2020-06-10 12:15:00+05:30,63.65,63.8,63.45,63.65,42588
2020-06-10 13:15:00+05:30,63.65,63.8,63.25,63.7,36039
2020-06-10 14:15:00+05:30,64.0,64.0,62.45,63.05,235388
2020-06-10 15:15:00+05:30,63.05,63.65,62.9,63.55,76249
2020-06-11 09:15:00+05:30,63.15,65.75,62.55,65.7,353333
2020-06-11 10:15:00+05:30,65.6,66.0,63.7,64.1,213038
2020-06-11 11:15:00+05:30,64.1,64.45,63.5,64.05,67310
2020-06-11 12:15:00+05:30,64.05,64.4,63.15,64.1,63757
2020-06-11 13:15:00+05:30,64.1,64.1,63.1,63.35,45626
2020-06-11 14:15:00+05:30,63.35,63.4,62.15,62.6,176435
2020-06-11 15:15:00+05:30,62.6,63.0,62.55,62.9,96878
2020-06-12 09:15:00+05:30,59.85,61.45,59.2,60.15,324683
2020-06-12 10:15:00+05:30,60.15,61.5,59.8,60.8,141856
2020-06-12 11:15:00+05:30,60.7,61.75,60.65,61.65,98150
2020-06-12 12:15:00+05:30,61.65,61.95,60.7,61.3,50345
2020-06-12 13:15:00+05:30,61.3,62.4,61.3,62.0,114097
2020-06-12 14:15:00+05:30,61.95,63.0,61.95,62.3,179917
2020-06-12 15:15:00+05:30,62.3,64.0,62.05,63.0,160650
2020-06-15 09:15:00+05:30,63.1,63.45,62.25,62.8,145799
2020-06-15 10:15:00+05:30,62.8,63.0,61.5,61.7,107104
2020-06-15 11:15:00+05:30,61.7,62.2,61.5,61.8,43581
2020-06-15 12:15:00+05:30,61.8,62.35,61.8,61.85,34380
2020-06-15 13:15:00+05:30,61.85,62.4,61.8,61.8,33876
2020-06-15 14:15:00+05:30,61.8,62.75,61.5,61.65,139162
2020-06-15 15:15:00+05:30,61.75,61.9,60.6,60.6,82751
2020-06-16 09:15:00+05:30,62.4,62.95,62.0,62.35,117545
2020-06-16 10:15:00+05:30,62.3,62.4,62.0,62.0,40043
2020-06-16 11:15:00+05:30,62.0,62.2,61.3,61.45,51352
2020-06-16 12:15:00+05:30,61.5,61.75,60.1,60.3,87256
2020-06-16 13:15:00+05:30,60.3,60.4,58.5,59.85,218695
2020-06-16 14:15:00+05:30,59.85,60.5,59.6,60.1,84871
2020-06-16 15:15:00+05:30,60.05,60.45,60.05,60.4,34957
2020-06-17 09:15:00+05:30,60.4,61.2,59.4,60.45,195133
2020-06-17 10:15:00+05:30,60.45,61.0,59.25,59.75,194748
2020-06-17 11:15:00+05:30,59.75,60.3,59.35,60.05,154622
2020-06-17 12:15:00+05:30,60.05,60.9,60.0,60.7,73860
2020-06-17 13:15:00+05:30,60.6,61.75,60.25,60.5,313746
2020-06-17 14:15:00+05:30,60.5,60.95,59.7,60.3,128254
2020-06-17 15:15:00+05:30,60.4,60.5,60.1,60.4,39680
2020-06-18 09:15:00+05:30,60.25,64.5,59.55,63.85,693521
2020-06-18 10:15:00+05:30,63.85,64.5,62.75,63.95,423040
2020-06-18 11:15:00+05:30,63.95,64.5,63.6,63.95,203064
2020-06-18 12:15:00+05:30,63.95,64.5,63.55,64.2,127425
2020-06-18 13:15:00+05:30,64.2,68.8,64.0,67.8,2207990
2020-06-18 14:15:00+05:30,67.75,69.5,67.2,68.25,1435343
2020-06-18 15:15:00+05:30,68.1,68.25,67.5,67.8,355434
2020-06-19 09:15:00+05:30,70.0,70.0,67.1,68.8,822085
2020-06-19 10:15:00+05:30,68.8,72.4,68.15,72.0,1084470
2020-06-19 11:15:00+05:30,71.85,72.85,71.2,71.4,965703
2020-06-19 12:15:00+05:30,71.4,71.55,69.0,69.9,384423
2020-06-19 13:15:00+05:30,69.9,70.7,69.5,70.25,196506
2020-06-19 14:15:00+05:30,70.25,70.4,68.05,68.4,331102
2020-06-19 15:15:00+05:30,68.4,68.5,67.65,68.5,218704
2020-06-22 09:15:00+05:30,68.9,69.4,67.55,68.3,340218
2020-06-22 10:15:00+05:30,68.3,68.3,67.7,68.0,155106
2020-06-22 11:15:00+05:30,68.0,68.15,67.5,67.6,107307
2020-06-22 12:15:00+05:30,67.6,70.5,67.5,70.3,307295
2020-06-22 13:15:00+05:30,70.7,72.4,70.1,70.25,916708
2020-06-22 14:15:00+05:30,70.25,70.55,69.05,69.35,336596
2020-06-22 15:15:00+05:30,69.35,70.3,69.3,70.05,202864
2020-06-23 09:15:00+05:30,70.5,71.2,69.5,70.2,327313
2020-06-23 10:15:00+05:30,70.2,71.0,69.75,69.8,113596
2020-06-23 11:15:00+05:30,69.8,71.5,69.55,71.15,242669
2020-06-23 12:15:00+05:30,71.15,72.0,70.7,71.4,292188
2020-06-23 13:15:00+05:30,71.4,71.4,70.2,70.95,162222
2020-06-23 14:15:00+05:30,70.95,71.75,70.15,70.25,336548
2020-06-23 15:15:00+05:30,70.3,70.6,70.0,70.2,145381
2020-06-24 09:15:00+05:30,71.2,74.3,70.65,73.9,1099340
2020-06-24 10:15:00+05:30,73.8,74.0,71.7,72.35,556307
2020-06-24 11:15:00+05:30,72.25,72.7,71.6,72.25,185204
2020-06-24 12:15:00+05:30,72.1,73.65,71.35,71.6,364223
2020-06-24 13:15:00+05:30,71.5,72.4,70.8,71.15,333075
2020-06-24 14:15:00+05:30,71.15,71.25,70.05,71.25,352164
2020-06-24 15:15:00+05:30,71.25,72.0,71.15,71.7,334974
2020-06-25 09:15:00+05:30,70.5,71.5,70.1,70.65,291957
2020-06-25 10:15:00+05:30,70.6,71.75,70.5,71.2,125527
2020-06-25 11:15:00+05:30,71.2,74.35,71.0,72.4,1084804
2020-06-25 12:15:00+05:30,72.4,72.5,71.5,71.85,171248
2020-06-25 13:15:00+05:30,71.85,72.75,71.6,71.9,105308
2020-06-25 14:15:00+05:30,71.9,73.25,71.6,73.25,281714
2020-06-25 15:15:00+05:30,73.05,73.25,72.75,72.85,218934
2020-06-26 09:15:00+05:30,73.05,74.7,73.05,73.7,443983
2020-06-26 10:15:00+05:30,73.7,74.05,72.45,73.85,270088
2020-06-26 11:15:00+05:30,73.85,73.95,73.1,73.4,165041
2020-06-26 12:15:00+05:30,73.4,73.75,72.5,72.95,162773
2020-06-26 13:15:00+05:30,72.95,73.4,72.3,72.65,123479
2020-06-26 14:15:00+05:30,72.65,73.65,72.15,73.6,227509
2020-06-26 15:15:00+05:30,73.6,73.9,73.25,73.35,348550
2020-06-29 09:15:00+05:30,72.5,73.3,70.55,70.7,249597
2020-06-29 10:15:00+05:30,70.7,71.3,70.35,70.7,70589
2020-06-29 11:15:00+05:30,70.7,71.05,70.6,70.95,52239
2020-06-29 12:15:00+05:30,70.95,71.6,70.9,71.3,53964
2020-06-29 13:15:00+05:30,71.3,71.35,70.6,70.8,56326
2020-06-29 14:15:00+05:30,70.8,71.05,70.6,70.75,79221
2020-06-29 15:15:00+05:30,70.85,74.0,70.7,73.95,450694
2020-06-30 09:15:00+05:30,73.55,73.75,71.7,71.9,227978
2020-06-30 10:15:00+05:30,71.9,72.2,71.1,71.6,79543
2020-06-30 11:15:00+05:30,71.6,71.9,71.3,71.7,48293
2020-06-30 12:15:00+05:30,71.8,71.8,71.05,71.2,57181
2020-06-30 13:15:00+05:30,71.2,71.65,71.1,71.55,36122
2020-06-30 14:15:00+05:30,71.55,73.7,70.0,73.6,530357
2020-06-30 15:15:00+05:30,73.6,74.15,72.8,73.0,391870
2020-07-01 09:15:00+05:30,72.7,74.5,72.35,73.75,291846
2020-07-01 10:15:00+05:30,73.75,76.5,73.45,75.7,681077
2020-07-01 11:15:00+05:30,75.7,76.95,74.5,74.8,1006189
2020-07-01 12:15:00+05:30,74.8,75.5,74.7,75.15,100916
2020-07-01 13:15:00+05:30,75.15,76.5,74.3,76.0,285115
2020-07-01 14:15:00+05:30,76.0,76.25,74.65,74.85,271067
2020-07-01 15:15:00+05:30,74.85,75.15,74.6,74.95,140324
2020-07-02 09:15:00+05:30,75.0,76.6,74.5,74.85,374792
2020-07-02 10:15:00+05:30,74.85,75.2,74.2,74.6,214868
2020-07-02 11:15:00+05:30,74.6,75.05,74.4,74.9,72390
2020-07-02 12:15:00+05:30,74.9,75.0,74.2,74.3,101575
2020-07-02 13:15:00+05:30,74.3,74.5,74.0,74.25,111816
2020-07-02 14:15:00+05:30,74.35,74.5,73.5,73.9,193683
2020-07-02 15:15:00+05:30,73.9,74.25,73.75,73.95,94676
2020-07-03 09:15:00+05:30,74.65,74.65,71.2,72.2,552194
2020-07-03 10:15:00+05:30,72.2,72.5,71.5,71.8,217992
2020-07-03 11:15:00+05:30,71.8,72.0,71.5,71.65,134789
2020-07-03 12:15:00+05:30,71.65,71.75,71.2,71.4,174440
2020-07-03 13:15:00+05:30,71.4,71.65,71.25,71.3,96067
2020-07-03 14:15:00+05:30,71.3,71.45,70.8,70.85,316954
2020-07-03 15:15:00+05:30,70.95,70.95,70.5,70.65,212519
2020-07-06 09:15:00+05:30,71.35,71.35,70.55,70.65,183080
2020-07-06 10:15:00+05:30,70.75,72.4,70.6,71.75,213908
2020-07-06 11:15:00+05:30,71.8,72.5,71.3,72.15,154557
2020-07-06 12:15:00+05:30,72.1,72.3,71.5,71.55,101816
2020-07-06 13:15:00+05:30,71.5,72.05,71.1,71.7,115566
2020-07-06 14:15:00+05:30,71.7,72.5,71.5,71.85,141711
2020-07-06 15:15:00+05:30,71.9,71.9,71.25,71.55,100109
2020-07-07 09:15:00+05:30,71.7,72.45,71.65,71.95,128602
2020-07-07 10:15:00+05:30,71.95,72.3,71.2,71.5,77541
2020-07-07 11:15:00+05:30,71.5,71.7,70.8,71.4,77521
2020-07-07 12:15:00+05:30,71.4,72.0,71.4,72.0,52197
2020-07-07 13:15:00+05:30,72.0,73.2,71.5,72.3,309225
2020-07-07 14:15:00+05:30,72.3,72.35,71.8,72.0,98899
2020-07-07 15:15:00+05:30,72.0,72.25,71.65,72.0,71349
2020-07-08 09:15:00+05:30,72.4,74.25,71.7,73.45,540599
2020-07-08 10:15:00+05:30,73.45,74.45,73.35,74.2,386563
2020-07-08 11:15:00+05:30,74.2,74.3,73.5,73.7,103711
2020-07-08 12:15:00+05:30,73.7,74.2,73.6,73.7,140625
2020-07-08 13:15:00+05:30,73.75,74.25,73.7,74.0,72984
2020-07-08 14:15:00+05:30,74.0,74.25,72.6,72.85,242444
2020-07-08 15:15:00+05:30,72.85,72.95,72.3,72.6,143023
2020-07-09 09:15:00+05:30,73.2,73.95,72.7,73.6,164233
2020-07-09 10:15:00+05:30,73.6,73.75,73.2,73.35,53630
2020-07-09 11:15:00+05:30,73.35,73.7,73.25,73.7,33689
2020-07-09 12:15:00+05:30,73.7,75.45,73.5,75.25,490635
2020-07-09 13:15:00+05:30,75.25,76.3,74.35,74.75,465029
2020-07-09 14:15:00+05:30,74.9,75.0,74.1,74.45,148776
2020-07-09 15:15:00+05:30,74.45,74.7,74.45,74.45,130510
2020-07-10 09:15:00+05:30,74.0,75.25,73.55,74.75,216780
2020-07-10 10:15:00+05:30,74.75,74.75,73.0,73.1,192253
2020-07-10 11:15:00+05:30,73.1,73.6,72.75,73.25,71415
2020-07-10 12:15:00+05:30,73.35,73.4,72.5,73.25,48220
2020-07-10 13:15:00+05:30,73.25,73.65,72.5,72.65,71069
2020-07-10 14:15:00+05:30,72.65,73.4,72.5,72.95,114948
2020-07-10 15:15:00+05:30,72.9,73.2,72.7,72.8,69609
2020-07-13 09:15:00+05:30,73.5,73.75,72.65,72.75,136341
2020-07-13 10:15:00+05:30,72.85,73.3,71.65,71.95,86437
2020-07-13 11:15:00+05:30,71.95,72.3,71.65,71.65,59854
2020-07-13 12:15:00+05:30,71.65,71.85,71.0,71.4,110232
2020-07-13 13:15:00+05:30,71.4,71.55,71.2,71.5,29814
2020-07-13 14:15:00+05:30,71.5,71.75,71.3,71.6,37051
2020-07-13 15:15:00+05:30,71.6,71.75,71.0,71.1,57434
2020-07-14 09:15:00+05:30,71.2,72.3,70.3,71.7,132199
2020-07-14 10:15:00+05:30,71.7,71.7,70.15,70.25,55312
2020-07-14 11:15:00+05:30,70.3,71.3,70.3,71.0,42780
2020-07-14 12:15:00+05:30,71.0,71.5,70.5,70.5,61163
2020-07-14 13:15:00+05:30,70.5,71.65,70.5,71.55,55661
2020-07-14 14:15:00+05:30,71.55,71.65,70.9,70.95,83130
2020-07-14 15:15:00+05:30,70.95,71.0,70.7,70.8,65546
2020-07-15 09:15:00+05:30,71.7,71.85,71.1,71.25,75820
2020-07-15 10:15:00+05:30,71.25,72.9,71.25,72.6,218980
2020-07-15 11:15:00+05:30,72.6,73.2,71.85,72.2,117126
2020-07-15 12:15:00+05:30,72.1,72.1,71.6,71.95,24536
2020-07-15 13:15:00+05:30,71.95,72.0,71.2,71.2,69490
2020-07-15 14:15:00+05:30,71.2,71.4,67.5,68.3,192567
2020-07-15 15:15:00+05:30,68.25,69.0,68.0,69.0,78572
2020-07-16 09:15:00+05:30,65.0,65.9,63.55,65.0,591572
2020-07-16 10:15:00+05:30,65.0,65.6,64.5,64.7,603740
2020-07-16 11:15:00+05:30,64.75,65.3,64.5,65.2,160113
2020-07-16 12:15:00+05:30,65.2,66.25,65.0,65.9,292571
2020-07-16 13:15:00+05:30,65.9,65.95,65.35,65.65,47280
2020-07-16 14:15:00+05:30,65.65,66.7,65.25,66.15,213477
2020-07-16 15:15:00+05:30,66.15,66.9,66.15,66.8,82267
2020-07-17 09:15:00+05:30,67.0,70.0,67.0,69.25,981762
2020-07-17 10:15:00+05:30,69.25,69.6,68.3,68.65,619718
2020-07-17 11:15:00+05:30,68.7,69.5,68.6,69.2,1872996
2020-07-17 12:15:00+05:30,69.2,70.7,69.1,70.2,1132375
2020-07-17 13:15:00+05:30,70.2,70.35,69.4,69.85,630290
2020-07-17 14:15:00+05:30,69.85,70.0,69.5,69.85,88018
2020-07-17 15:15:00+05:30,69.85,70.25,69.7,70.0,130488
2020-07-20 09:15:00+05:30,70.45,71.65,70.05,70.5,926353
2020-07-20 10:15:00+05:30,70.5,70.6,69.4,70.05,558882
2020-07-20 11:15:00+05:30,70.05,70.9,69.3,70.75,431938
2020-07-20 12:15:00+05:30,70.75,70.75,70.1,70.35,587679
2020-07-20 13:15:00+05:30,70.35,70.7,69.55,70.05,294792
2020-07-20 14:15:00+05:30,70.05,70.5,69.75,70.4,133952
2020-07-20 15:15:00+05:30,70.5,70.6,70.05,70.35,76061
2020-07-21 09:15:00+05:30,70.95,71.6,70.3,70.45,190868
2020-07-21 10:15:00+05:30,70.45,70.75,70.35,70.7,328404
2020-07-21 11:15:00+05:30,70.7,70.8,70.6,70.8,36738
2020-07-21 12:15:00+05:30,70.8,71.0,70.6,70.9,31135
2020-07-21 13:15:00+05:30,70.9,71.0,70.15,70.75,351539
2020-07-21 14:15:00+05:30,70.8,71.5,70.55,70.95,643690
2020-07-21 15:15:00+05:30,70.95,71.05,70.75,70.75,79325
2020-07-22 09:15:00+05:30,71.45,71.45,69.8,70.3,142574
2020-07-22 10:15:00+05:30,70.3,71.0,70.3,70.65,44304
2020-07-22 11:15:00+05:30,70.65,70.9,70.6,70.7,35241
2020-07-22 12:15:00+05:30,70.6,70.7,70.4,70.4,35560
2020-07-22 13:15:00+05:30,70.4,70.65,70.1,70.2,52276
2020-07-22 14:15:00+05:30,70.2,70.4,69.7,69.9,93168
2020-07-22 15:15:00+05:30,69.9,70.3,69.75,70.3,40412
2020-07-23 09:15:00+05:30,70.55,71.8,70.15,71.0,197198
2020-07-23 10:15:00+05:30,71.0,71.35,70.75,71.0,46238
2020-07-23 11:15:00+05:30,71.0,71.1,70.55,71.1,52156
2020-07-23 12:15:00+05:30,71.1,71.45,70.75,70.9,69471
2020-07-23 13:15:00+05:30,70.9,71.35,70.8,71.35,35673
2020-07-23 14:15:00+05:30,71.35,72.1,71.2,71.8,264291
2020-07-23 15:15:00+05:30,71.8,72.0,71.8,71.95,77003
2020-07-24 09:15:00+05:30,71.6,71.6,69.4,70.0,150981
2020-07-24 10:15:00+05:30,70.0,70.1,69.05,69.6,147917
2020-07-24 11:15:00+05:30,69.6,70.7,69.5,70.5,50790
2020-07-24 12:15:00+05:30,70.5,70.7,70.1,70.3,81489
2020-07-24 13:15:00+05:30,70.4,71.05,70.0,70.6,60400
2020-07-24 14:15:00+05:30,70.6,71.1,70.1,70.25,96889
2020-07-24 15:15:00+05:30,70.25,70.3,69.8,69.95,40695
2020-07-27 09:15:00+05:30,70.7,71.05,69.05,69.25,145423
2020-07-27 10:15:00+05:30,69.25,69.35,69.05,69.2,39056
2020-07-27 11:15:00+05:30,69.2,69.3,68.3,68.65,86409
2020-07-27 12:15:00+05:30,68.65,69.05,68.45,68.8,26183
2020-07-27 13:15:00+05:30,68.8,68.9,68.3,68.35,29504
2020-07-27 14:15:00+05:30,68.35,68.5,67.6,67.6,91993
2020-07-27 15:15:00+05:30,67.75,67.75,66.8,67.5,59385
2020-07-28 09:15:00+05:30,68.5,70.2,68.15,69.25,266818
2020-07-28 10:15:00+05:30,69.25,69.9,68.85,69.1,81688
2020-07-28 11:15:00+05:30,69.1,69.4,68.7,68.85,56846
2020-07-28 12:15:00+05:30,68.85,69.0,68.15,68.55,56426
2020-07-28 13:15:00+05:30,68.55,68.8,68.3,68.4,24916
2020-07-28 14:15:00+05:30,68.4,68.5,67.35,67.4,115178
2020-07-28 15:15:00+05:30,67.3,67.5,66.75,67.25,85352
2020-07-29 09:15:00+05:30,67.55,68.5,67.55,67.9,67300
2020-07-29 10:15:00+05:30,67.95,68.2,67.95,68.15,29890
2020-07-29 11:15:00+05:30,68.15,68.85,68.05,68.3,47644
2020-07-29 12:15:00+05:30,68.35,68.35,67.9,67.9,18987
2020-07-29 13:15:00+05:30,67.9,68.0,67.25,67.4,42636
2020-07-29 14:15:00+05:30,67.4,67.6,66.7,67.15,92691
2020-07-29 15:15:00+05:30,67.3,67.4,66.95,67.4,38967
2020-07-30 09:15:00+05:30,67.9,67.95,67.4,67.55,32477
2020-07-30 10:15:00+05:30,67.55,67.7,67.35,67.55,14620
2020-07-30 11:15:00+05:30,67.55,67.55,67.1,67.1,30649
2020-07-30 12:15:00+05:30,67.1,67.45,66.75,66.95,42700
2020-07-30 13:15:00+05:30,66.95,67.1,66.9,67.0,44733
2020-07-30 14:15:00+05:30,66.95,67.2,66.8,67.05,70997
2020-07-30 15:15:00+05:30,67.05,67.4,67.0,67.25,33907
2020-07-31 09:15:00+05:30,67.0,67.5,66.5,66.65,56794
2020-07-31 10:15:00+05:30,66.65,66.8,66.5,66.55,14220
2020-07-31 11:15:00+05:30,66.55,67.0,66.3,66.9,27843
2020-07-31 12:15:00+05:30,66.9,67.0,66.65,66.8,38465
2020-07-31 13:15:00+05:30,66.8,66.95,66.8,66.9,18221
2020-07-31 14:15:00+05:30,66.95,66.95,66.6,66.8,38153
2020-07-31 15:15:00+05:30,66.8,67.0,66.6,67.0,32639
2020-08-03 09:15:00+05:30,67.3,67.95,66.6,67.65,95541
2020-08-03 10:15:00+05:30,67.65,67.95,67.45,67.8,52276
2020-08-03 11:15:00+05:30,67.8,67.85,67.1,67.5,39937
2020-08-03 12:15:00+05:30,67.5,67.7,67.05,67.2,13788
2020-08-03 13:15:00+05:30,67.2,67.45,67.2,67.2,6925
2020-08-03 14:15:00+05:30,67.2,67.65,67.1,67.5,41113
2020-08-03 15:15:00+05:30,67.5,67.95,67.5,67.8,27064
2020-08-04 09:15:00+05:30,68.5,68.5,67.35,68.15,81476
2020-08-04 10:15:00+05:30,68.15,68.45,67.75,68.15,38285
2020-08-04 11:15:00+05:30,68.15,68.2,67.95,68.0,24629
2020-08-04 12:15:00+05:30,68.0,68.1,67.7,67.7,30769
2020-08-04 13:15:00+05:30,67.8,68.0,67.55,67.55,20629
2020-08-04 14:15:00+05:30,67.55,67.8,67.4,67.45,28751
2020-08-04 15:15:00+05:30,67.45,67.5,67.05,67.4,28999
2020-08-05 09:15:00+05:30,68.1,68.8,67.55,68.2,90863
2020-08-05 10:15:00+05:30,68.0,68.85,68.0,68.3,62503
2020-08-05 11:15:00+05:30,68.35,68.5,67.6,67.9,57018
2020-08-05 12:15:00+05:30,67.9,68.2,67.6,68.0,59400
2020-08-05 13:15:00+05:30,68.1,68.15,67.9,67.95,10138
2020-08-05 14:15:00+05:30,68.0,68.45,67.95,68.45,35899
2020-08-05 15:15:00+05:30,68.45,68.45,68.0,68.15,22014
2020-08-06 09:15:00+05:30,68.8,71.5,68.6,70.7,298049
2020-08-06 10:15:00+05:30,70.7,72.9,70.6,71.9,497659
2020-08-06 11:15:00+05:30,71.9,72.25,71.75,72.1,96655
2020-08-06 12:15:00+05:30,72.1,72.9,71.9,72.2,169245
2020-08-06 13:15:00+05:30,72.2,72.65,72.0,72.45,90375
2020-08-06 14:15:00+05:30,72.45,72.5,71.5,71.95,160833
2020-08-06 15:15:00+05:30,72.0,72.35,71.75,72.05,106425
2020-08-07 09:15:00+05:30,72.2,72.2,71.05,71.2,139622
2020-08-07 10:15:00+05:30,71.2,71.8,70.3,70.7,72286
2020-08-07 11:15:00+05:30,70.7,71.35,70.6,70.9,46230
2020-08-07 12:15:00+05:30,70.95,71.3,70.6,70.95,30119
2020-08-07 13:15:00+05:30,70.95,71.15,70.6,70.9,30261
2020-08-07 14:15:00+05:30,70.9,71.5,70.4,70.75,62752
2020-08-07 15:15:00+05:30,70.75,71.0,70.6,70.95,26620
2020-08-10 09:15:00+05:30,71.4,72.6,71.35,71.75,103027
2020-08-10 10:15:00+05:30,71.75,72.3,71.6,72.1,68720
2020-08-10 11:15:00+05:30,72.1,75.2,71.95,74.0,555677
2020-08-10 12:15:00+05:30,74.2,74.6,73.85,73.85,119404
2020-08-10 13:15:00+05:30,73.85,74.05,73.6,73.8,44981
2020-08-10 14:15:00+05:30,73.8,74.2,73.4,73.4,94099
2020-08-10 15:15:00+05:30,73.4,73.85,72.9,73.5,74637
2020-08-11 09:15:00+05:30,74.0,76.4,73.8,74.65,289692
2020-08-11 10:15:00+05:30,74.55,75.05,74.0,74.05,81368
2020-08-11 11:15:00+05:30,74.05,74.3,73.65,73.85,53598
2020-08-11 12:15:00+05:30,73.85,74.0,73.3,73.9,49890
2020-08-11 13:15:00+05:30,73.9,74.0,73.4,73.6,32228
2020-08-11 14:15:00+05:30,73.6,73.6,72.6,72.95,92317
2020-08-11 15:15:00+05:30,72.95,74.0,72.9,73.95,48489
2020-08-12 09:15:00+05:30,73.2,73.65,72.5,72.65,81184
2020-08-12 10:15:00+05:30,72.65,73.25,72.65,73.0,65406
2020-08-12 11:15:00+05:30,73.0,74.0,72.85,73.55,52328
2020-08-12 12:15:00+05:30,73.55,73.7,72.9,73.2,33395
2020-08-12 13:15:00+05:30,73.2,73.2,72.65,72.9,39129
2020-08-12 14:15:00+05:30,72.9,73.35,72.7,72.9,50758
2020-08-12 15:15:00+05:30,72.9,73.0,72.6,72.65,33826
2020-08-13 09:15:00+05:30,73.45,74.0,72.7,73.0,93324
2020-08-13 10:15:00+05:30,73.0,73.5,72.8,73.45,44103
2020-08-13 11:15:00+05:30,73.45,74.7,73.25,74.4,127181
2020-08-13 12:15:00+05:30,74.4,74.4,73.15,73.95,60381
2020-08-13 13:15:00+05:30,73.95,75.9,73.75,75.0,387421
2020-08-13 14:15:00+05:30,75.0,75.05,74.4,74.85,172181
2020-08-13 15:15:00+05:30,74.85,74.85,74.05,74.4,81740
2020-08-14 09:15:00+05:30,74.0,74.7,73.0,73.6,155922
2020-08-14 10:15:00+05:30,73.6,73.85,73.3,73.6,35498
2020-08-14 11:15:00+05:30,73.6,73.8,73.45,73.6,28842
2020-08-14 12:15:00+05:30,73.6,73.8,73.0,73.45,40250
2020-08-14 13:15:00+05:30,73.45,73.45,71.6,71.8,110968
2020-08-14 14:15:00+05:30,71.8,72.4,71.0,72.1,101706
2020-08-14 15:15:00+05:30,72.1,72.9,72.1,72.4,68350
2020-08-17 09:15:00+05:30,73.5,73.6,71.5,72.55,73972
2020-08-17 10:15:00+05:30,72.55,74.25,72.4,73.65,93417
2020-08-17 11:15:00+05:30,73.45,75.5,73.3,75.05,182850
2020-08-17 12:15:00+05:30,75.05,75.4,73.8,73.8,106352
2020-08-17 13:15:00+05:30,73.8,74.5,73.6,73.95,64327
2020-08-17 14:15:00+05:30,73.95,74.3,73.65,73.7,59384
2020-08-17 15:15:00+05:30,73.7,73.95,73.15,73.75,41915
2020-08-18 09:15:00+05:30,75.0,78.05,75.0,78.05,817226
2020-08-18 10:15:00+05:30,78.15,79.7,77.2,79.15,1748854
2020-08-18 11:15:00+05:30,79.25,81.8,78.6,80.65,2571865
2020-08-18 12:15:00+05:30,80.65,81.0,79.2,80.65,601279
2020-08-18 13:15:00+05:30,80.75,80.75,79.4,80.0,543296
2020-08-18 14:15:00+05:30,80.0,80.0,78.5,78.55,566531
2020-08-18 15:15:00+05:30,78.5,79.0,78.3,78.5,210840
2020-08-19 09:15:00+05:30,79.0,80.2,78.55,78.8,353575
2020-08-19 10:15:00+05:30,78.8,79.0,78.65,78.95,107688
2020-08-19 11:15:00+05:30,78.95,79.5,78.6,79.0,197553
2020-08-19 12:15:00+05:30,79.0,79.0,78.1,78.45,223649
2020-08-19 13:15:00+05:30,78.45,79.0,77.3,77.3,738426
2020-08-19 14:15:00+05:30,77.45,77.75,76.8,77.0,688764
2020-08-19 15:15:00+05:30,77.0,77.25,76.65,76.9,178654
2020-08-20 09:15:00+05:30,77.05,79.45,76.05,78.65,380641
2020-08-20 10:15:00+05:30,78.65,78.8,77.7,77.8,193524
2020-08-20 11:15:00+05:30,78.0,78.0,77.75,77.8,132762
2020-08-20 12:15:00+05:30,77.9,77.9,76.9,77.8,140517
2020-08-20 13:15:00+05:30,77.75,78.0,77.55,77.85,245180
2020-08-20 14:15:00+05:30,77.85,78.0,77.5,77.6,142934
2020-08-20 15:15:00+05:30,77.6,77.8,77.35,77.55,59394
2020-08-21 09:15:00+05:30,78.75,79.4,78.35,78.7,232384
2020-08-21 10:15:00+05:30,78.7,81.0,78.6,80.4,604557
2020-08-21 11:15:00+05:30,80.4,80.4,79.5,80.25,132438
2020-08-21 12:15:00+05:30,80.25,80.6,79.7,79.8,135422
2020-08-21 13:15:00+05:30,79.8,80.45,79.7,79.9,317621
2020-08-21 14:15:00+05:30,79.9,80.1,78.6,78.8,319183
2020-08-21 15:15:00+05:30,78.8,79.55,78.6,79.0,235320
2020-08-24 09:15:00+05:30,79.75,81.9,79.4,81.2,637055
2020-08-24 10:15:00+05:30,81.2,81.4,79.6,80.0,522174
2020-08-24 11:15:00+05:30,80.0,80.35,79.8,79.95,665541
2020-08-24 12:15:00+05:30,79.95,81.5,79.9,80.7,457569
2020-08-24 13:15:00+05:30,80.7,81.15,80.65,81.05,256734
2020-08-24 14:15:00+05:30,81.05,81.5,80.3,80.75,247134
2020-08-24 15:15:00+05:30,80.75,80.95,80.5,80.95,118459
2020-08-25 09:15:00+05:30,81.05,83.75,81.05,81.4,946109
2020-08-25 10:15:00+05:30,81.4,82.25,78.1,79.6,719150
2020-08-25 11:15:00+05:30,79.65,80.25,78.9,80.0,580042
2020-08-25 12:15:00+05:30,80.0,80.15,79.55,79.9,102548
2020-08-25 13:15:00+05:30,79.9,80.0,78.65,78.8,160800
2020-08-25 14:15:00+05:30,78.8,80.0,77.75,80.0,225385
2020-08-25 15:15:00+05:30,80.0,80.2,79.0,80.0,118827
2020-08-26 09:15:00+05:30,80.7,82.7,80.7,81.45,423176
2020-08-26 10:15:00+05:30,81.45,82.0,81.3,81.75,122310
2020-08-26 11:15:00+05:30,81.75,81.95,81.5,81.75,69742
2020-08-26 12:15:00+05:30,81.75,81.75,80.3,81.25,91694
2020-08-26 13:15:00+05:30,81.25,81.5,80.8,80.85,65460
2020-08-26 14:15:00+05:30,80.85,82.0,80.8,81.0,336560
2020-08-26 15:15:00+05:30,81.0,81.35,80.65,80.8,85666
2020-08-27 09:15:00+05:30,82.65,83.0,81.75,81.75,292241
2020-08-27 10:15:00+05:30,81.8,82.35,81.6,82.1,112026
2020-08-27 11:15:00+05:30,82.1,82.1,80.7,80.9,206812
2020-08-27 12:15:00+05:30,80.9,81.05,80.75,81.0,57677
2020-08-27 13:15:00+05:30,80.9,81.05,80.35,80.8,66871
2020-08-27 14:15:00+05:30,80.8,81.0,80.5,80.6,106335
2020-08-27 15:15:00+05:30,80.6,81.0,80.25,80.75,65677
2020-08-28 09:15:00+05:30,81.35,81.5,80.5,80.5,110904
2020-08-28 10:15:00+05:30,80.5,81.35,80.1,80.9,85900
2020-08-28 11:15:00+05:30,80.9,81.05,80.4,80.5,40317
2020-08-28 12:15:00+05:30,80.45,80.75,79.6,79.65,67086
2020-08-28 13:15:00+05:30,79.65,80.5,79.3,80.35,82596
2020-08-28 14:15:00+05:30,80.35,80.35,79.5,79.6,80223
2020-08-28 15:15:00+05:30,79.55,79.8,79.0,79.8,82011
2020-08-31 09:15:00+05:30,80.0,80.2,78.1,78.15,151538
2020-08-31 10:15:00+05:30,78.2,78.25,76.3,76.75,165021
2020-08-31 11:15:00+05:30,76.75,76.85,73.2,75.6,281678
2020-08-31 12:15:00+05:30,75.65,77.0,74.75,75.0,134989
2020-08-31 13:15:00+05:30,75.0,75.0,72.5,73.0,290143
2020-08-31 14:15:00+05:30,73.0,73.9,72.2,73.7,178581
2020-08-31 15:15:00+05:30,73.7,73.8,73.3,73.45,64901
2020-09-01 09:15:00+05:30,73.6,75.55,72.5,73.45,117455
2020-09-01 10:15:00+05:30,73.45,73.5,72.35,72.5,36488
2020-09-01 11:15:00+05:30,72.5,72.6,72.05,72.1,33155
2020-09-01 12:15:00+05:30,72.1,74.0,72.05,73.65,30785
2020-09-01 13:15:00+05:30,73.65,74.65,73.65,74.4,35381
2020-09-01 14:15:00+05:30,74.4,75.0,73.7,74.9,52738
2020-09-01 15:15:00+05:30,74.7,75.05,74.5,74.75,27934
2020-09-02 09:15:00+05:30,75.3,75.65,74.1,75.0,83492
2020-09-02 10:15:00+05:30,75.0,75.0,74.25,74.7,52381
2020-09-02 11:15:00+05:30,74.7,75.2,74.3,74.75,52329
2020-09-02 12:15:00+05:30,74.75,75.4,74.55,75.3,32885
2020-09-02 13:15:00+05:30,75.3,75.3,75.0,75.1,20384
2020-09-02 14:15:00+05:30,75.1,76.7,75.0,75.65,133688
2020-09-02 15:15:00+05:30,75.65,76.5,75.65,76.5,28634
2020-09-03 09:15:00+05:30,76.4,77.6,76.1,77.0,77982
2020-09-03 10:15:00+05:30,77.0,77.9,76.55,77.1,86239
2020-09-03 11:15:00+05:30,77.1,77.25,75.85,76.3,83939
2020-09-03 12:15:00+05:30,76.3,76.5,75.45,75.85,36415
2020-09-03 13:15:00+05:30,75.85,76.25,75.55,76.0,38711
2020-09-03 14:15:00+05:30,76.0,76.25,75.9,76.0,33075
2020-09-03 15:15:00+05:30,76.0,76.2,75.2,76.0,34784
2020-09-04 09:15:00+05:30,74.4,75.3,73.25,74.9,97788
2020-09-04 10:15:00+05:30,74.9,74.9,74.3,74.75,26324
2020-09-04 11:15:00+05:30,74.8,77.4,74.4,76.4,74061
2020-09-04 12:15:00+05:30,76.4,76.65,75.9,75.9,32712
2020-09-04 13:15:00+05:30,75.9,76.7,75.25,75.75,68041
2020-09-04 14:15:00+05:30,75.75,76.35,74.05,74.6,70082
2020-09-04 15:15:00+05:30,74.6,74.65,73.65,74.25,56347
2020-09-07 09:15:00+05:30,74.7,74.85,72.55,73.5,68506
2020-09-07 10:15:00+05:30,73.5,73.9,73.1,73.35,36185
2020-09-07 11:15:00+05:30,73.45,73.7,73.2,73.6,15856
2020-09-07 12:15:00+05:30,73.6,73.7,73.25,73.4,10799
2020-09-07 13:15:00+05:30,73.4,74.3,73.05,74.15,36335
2020-09-07 14:15:00+05:30,74.05,74.2,73.1,73.45,52528
2020-09-07 15:15:00+05:30,73.45,73.8,72.95,73.8,39814
2020-09-08 09:15:00+05:30,73.8,74.4,73.25,74.0,65369
2020-09-08 10:15:00+05:30,74.0,74.2,73.6,73.75,18210
2020-09-08 11:15:00+05:30,73.75,73.75,72.7,72.75,40530
2020-09-08 12:15:00+05:30,72.7,73.0,72.7,73.0,15146
2020-09-08 13:15:00+05:30,73.0,73.15,72.7,72.85,38775
2020-09-08 14:15:00+05:30,72.85,72.95,72.05,72.3,34652
2020-09-08 15:15:00+05:30,72.3,72.4,70.15,71.4,47915
2020-09-09 09:15:00+05:30,70.8,71.1,68.25,70.9,118085
2020-09-09 10:15:00+05:30,70.85,70.95,70.2,70.55,29221
2020-09-09 11:15:00+05:30,70.35,70.6,69.6,70.4,24246
2020-09-09 12:15:00+05:30,70.4,70.8,70.3,70.65,10023
2020-09-09 13:15:00+05:30,70.65,71.35,70.5,70.5,19914
2020-09-09 14:15:00+05:30,70.5,71.2,70.35,70.8,29900
2020-09-09 15:15:00+05:30,70.8,71.7,70.45,71.45,24005
2020-09-10 09:15:00+05:30,71.45,72.45,71.1,71.75,56395
2020-09-10 10:15:00+05:30,71.75,71.95,71.55,71.9,14941
2020-09-10 11:15:00+05:30,71.9,71.9,71.55,71.55,7500
2020-09-10 12:15:00+05:30,71.7,72.3,71.2,71.4,36237
2020-09-10 13:15:00+05:30,71.5,71.5,71.15,71.25,14726
2020-09-10 14:15:00+05:30,71.25,71.7,71.1,71.45,14383
2020-09-10 15:15:00+05:30,71.6,71.7,71.25,71.25,6292
2020-09-11 09:15:00+05:30,71.25,72.15,70.2,70.8,65103
2020-09-11 10:15:00+05:30,70.9,71.45,70.8,71.45,21294
2020-09-11 11:15:00+05:30,71.45,71.45,70.65,71.05,28090
2020-09-11 12:15:00+05:30,71.05,71.4,70.7,70.8,17668
2020-09-11 13:15:00+05:30,70.8,71.1,70.3,70.7,27812
2020-09-11 14:15:00+05:30,70.7,70.9,70.5,70.6,18559
2020-09-11 15:15:00+05:30,70.6,70.9,70.35,70.9,24426
2020-09-14 09:15:00+05:30,72.0,74.15,71.5,72.9,199350
2020-09-14 10:15:00+05:30,72.9,75.4,72.6,73.7,274089
2020-09-14 11:15:00+05:30,73.85,76.6,73.65,75.9,281345
2020-09-14 12:15:00+05:30,75.9,75.9,74.75,75.0,150037
2020-09-14 13:15:00+05:30,75.0,75.1,74.1,74.2,99776
2020-09-14 14:15:00+05:30,74.15,76.15,73.8,75.65,148616
2020-09-14 15:15:00+05:30,75.65,77.15,75.65,76.9,216504
2020-09-15 09:15:00+05:30,77.5,78.2,75.35,75.85,267733
2020-09-15 10:15:00+05:30,75.85,75.95,74.6,75.0,86133
2020-09-15 11:15:00+05:30,75.0,75.35,74.75,74.9,89678
2020-09-15 12:15:00+05:30,74.9,75.0,74.65,74.65,22892
2020-09-15 13:15:00+05:30,74.65,75.0,74.6,75.0,16092
2020-09-15 14:15:00+05:30,75.0,75.5,74.6,74.6,76997
2020-09-15 15:15:00+05:30,74.6,74.7,74.15,74.55,52110
2020-09-16 09:15:00+05:30,74.7,75.35,73.15,74.8,73628
2020-09-16 10:15:00+05:30,74.65,74.75,74.05,74.1,18791
2020-09-16 11:15:00+05:30,74.25,74.55,73.9,74.4,11290
2020-09-16 12:15:00+05:30,74.4,75.35,74.3,74.65,539197
2020-09-16 13:15:00+05:30,74.55,74.65,74.3,74.65,7320
2020-09-16 14:15:00+05:30,74.65,74.75,74.5,74.75,19285
2020-09-16 15:15:00+05:30,74.75,74.75,74.25,74.65,14868
2020-09-17 09:15:00+05:30,74.65,75.35,73.5,73.5,58938
2020-09-17 10:15:00+05:30,73.75,74.15,73.4,73.6,46765
2020-09-17 11:15:00+05:30,73.6,73.7,73.25,73.4,23476
2020-09-17 12:15:00+05:30,73.25,73.75,73.05,73.2,30128
2020-09-17 13:15:00+05:30,73.2,73.4,72.8,73.05,47092
2020-09-17 14:15:00+05:30,73.1,73.2,72.1,72.35,87930
2020-09-17 15:15:00+05:30,72.35,72.65,71.95,71.95,52895
2020-09-18 09:15:00+05:30,72.9,73.35,72.5,72.7,57621
2020-09-18 10:15:00+05:30,72.7,72.85,72.1,72.5,35197
2020-09-18 11:15:00+05:30,72.5,72.95,72.25,72.3,25865
2020-09-18 12:15:00+05:30,72.3,72.85,72.0,72.8,26924
2020-09-18 13:15:00+05:30,72.75,72.9,72.1,72.3,47507
2020-09-18 14:15:00+05:30,72.3,72.4,71.8,72.1,38276
2020-09-18 15:15:00+05:30,72.1,72.95,72.0,72.25,41415
2020-09-21 09:15:00+05:30,72.45,72.9,71.2,71.45,62780
2020-09-21 10:15:00+05:30,71.45,72.4,71.25,71.75,40510
2020-09-21 11:15:00+05:30,71.75,71.75,71.2,71.4,17706
2020-09-21 12:15:00+05:30,71.4,71.6,71.0,71.0,28812
2020-09-21 13:15:00+05:30,71.0,71.2,70.05,70.05,72828
2020-09-21 14:15:00+05:30,70.2,70.7,69.35,69.85,65003
2020-09-21 15:15:00+05:30,69.85,70.0,69.0,69.5,34398
2020-09-22 09:15:00+05:30,69.9,69.9,66.4,67.7,100075
2020-09-22 10:15:00+05:30,67.7,68.9,67.35,68.45,46674
2020-09-22 11:15:00+05:30,68.45,69.9,68.45,69.7,56061
2020-09-22 12:15:00+05:30,69.7,69.9,68.95,69.0,58980
2020-09-22 13:15:00+05:30,69.0,70.6,68.7,70.25,54574
2020-09-22 14:15:00+05:30,70.0,72.4,70.0,71.85,240336
2020-09-22 15:15:00+05:30,71.85,73.0,71.8,72.45,96986
2020-09-23 09:15:00+05:30,72.3,73.75,72.0,72.4,87253
2020-09-23 10:15:00+05:30,72.4,72.5,71.4,71.5,17510
2020-09-23 11:15:00+05:30,71.5,71.75,70.35,70.4,20296
2020-09-23 12:15:00+05:30,70.4,70.8,69.5,70.6,28266
2020-09-23 13:15:00+05:30,70.6,70.7,69.65,69.9,24289
2020-09-23 14:15:00+05:30,69.9,70.5,69.5,70.25,47837
2020-09-23 15:15:00+05:30,70.35,70.5,70.0,70.5,16625
2020-09-24 09:15:00+05:30,69.1,70.6,68.05,69.25,65758
2020-09-24 10:15:00+05:30,69.25,69.5,68.7,69.25,29903
2020-09-24 11:15:00+05:30,69.25,69.6,68.65,69.2,24086
2020-09-24 12:15:00+05:30,69.1,69.5,68.5,69.15,20644
2020-09-24 13:15:00+05:30,69.15,69.75,68.85,69.0,23014
2020-09-24 14:15:00+05:30,69.0,69.4,68.6,69.0,19351
2020-09-24 15:15:00+05:30,69.0,69.2,68.5,68.9,17192
2020-09-25 09:15:00+05:30,69.1,70.75,69.1,69.9,57443
2020-09-25 10:15:00+05:30,69.85,69.95,68.2,69.3,36217
2020-09-25 11:15:00+05:30,69.3,70.2,69.15,69.9,18607
2020-09-25 12:15:00+05:30,69.95,70.5,69.7,70.25,19274
2020-09-25 13:15:00+05:30,70.25,70.55,70.05,70.4,7217
2020-09-25 14:15:00+05:30,70.4,70.8,69.9,70.7,30698
2020-09-25 15:15:00+05:30,70.75,70.9,70.4,70.9,12585
2020-09-28 09:15:00+05:30,71.05,72.4,71.0,71.4,40104
2020-09-28 10:15:00+05:30,71.4,72.25,71.3,71.65,50473
2020-09-28 11:15:00+05:30,71.65,71.65,71.25,71.3,14801
2020-09-28 12:15:00+05:30,71.3,71.7,71.1,71.45,14510
2020-09-28 13:15:00+05:30,71.45,71.65,71.25,71.5,8023
2020-09-28 14:15:00+05:30,71.5,71.95,71.3,71.4,23362
2020-09-28 15:15:00+05:30,71.4,71.55,71.15,71.35,13967
2020-09-29 09:15:00+05:30,72.9,72.9,71.05,71.45,46960
2020-09-29 10:15:00+05:30,71.45,71.95,70.45,70.7,34740
2020-09-29 11:15:00+05:30,70.9,71.4,70.8,71.25,9901
2020-09-29 12:15:00+05:30,71.25,71.4,70.6,71.05,10507
2020-09-29 13:15:00+05:30,71.05,71.35,70.75,70.9,6605
2020-09-29 14:15:00+05:30,70.9,71.2,70.15,70.3,22117
2020-09-29 15:15:00+05:30,70.3,70.9,70.3,70.5,9327
2020-09-30 09:15:00+05:30,71.0,71.55,70.5,70.5,30010
2020-09-30 10:15:00+05:30,70.45,70.8,70.4,70.7,8579
2020-09-30 11:15:00+05:30,70.7,70.7,69.75,69.85,524463
2020-09-30 12:15:00+05:30,69.85,70.3,69.7,70.05,25328
2020-09-30 13:15:00+05:30,70.05,70.6,70.0,70.6,27802
2020-09-30 14:15:00+05:30,70.7,73.95,70.6,73.35,242783
2020-09-30 15:15:00+05:30,73.4,73.4,73.0,73.25,35966
2020-10-01 09:15:00+05:30,73.25,74.4,72.7,72.9,91101
2020-10-01 10:15:00+05:30,72.9,73.5,72.5,72.65,56768
2020-10-01 11:15:00+05:30,72.8,73.3,72.65,73.0,18686
2020-10-01 12:15:00+05:30,73.15,73.2,72.65,72.75,15176
2020-10-01 13:15:00+05:30,72.75,73.0,72.65,72.8,10045
2020-10-01 14:15:00+05:30,72.8,72.8,72.2,72.2,19860
2020-10-01 15:15:00+05:30,72.2,72.45,71.55,71.95,25386
2020-10-05 09:15:00+05:30,72.25,73.65,72.25,72.75,55235
2020-10-05 10:15:00+05:30,72.75,73.4,72.75,73.25,33692
2020-10-05 11:15:00+05:30,73.25,73.35,72.8,72.8,12213
2020-10-05 12:15:00+05:30,72.8,73.0,72.7,72.75,12941
2020-10-05 13:15:00+05:30,72.75,72.85,72.6,72.7,11235
2020-10-05 14:15:00+05:30,72.7,72.8,72.5,72.5,20301
2020-10-05 15:15:00+05:30,72.5,72.6,72.0,72.1,21358
2020-10-06 09:15:00+05:30,73.0,74.0,72.5,72.8,61197
2020-10-06 10:15:00+05:30,72.8,73.25,72.55,72.85,15431
2020-10-06 11:15:00+05:30,72.85,73.6,72.65,73.25,17908
2020-10-06 12:15:00+05:30,73.25,73.25,72.6,72.6,18521
2020-10-06 13:15:00+05:30,72.6,72.65,72.0,72.35,54883
2020-10-06 14:15:00+05:30,72.35,72.4,71.4,72.1,49003
2020-10-06 15:15:00+05:30,72.1,72.1,71.75,72.0,28400
2020-10-07 09:15:00+05:30,72.1,72.1,71.0,71.85,31911
2020-10-07 10:15:00+05:30,71.85,71.9,71.5,71.6,19579
2020-10-07 11:15:00+05:30,71.6,72.05,71.6,72.0,10435
2020-10-07 12:15:00+05:30,72.0,73.25,71.85,72.0,52254
2020-10-07 13:15:00+05:30,72.0,72.2,71.5,71.65,18740
2020-10-07 14:15:00+05:30,71.65,71.85,71.65,71.75,7237
2020-10-07 15:15:00+05:30,71.75,71.75,71.35,71.45,8268
2020-10-08 09:15:00+05:30,72.0,72.5,71.75,71.85,20825
2020-10-08 10:15:00+05:30,72.0,72.0,71.1,71.3,27107
2020-10-08 11:15:00+05:30,71.3,71.8,70.55,71.0,21655
2020-10-08 12:15:00+05:30,71.0,71.2,70.7,70.9,53386
2020-10-08 13:15:00+05:30,70.9,71.0,70.6,70.7,14743
2020-10-08 14:15:00+05:30,70.7,70.95,70.6,70.75,21882
2020-10-08 15:15:00+05:30,70.75,71.25,70.65,70.75,22363
2020-10-09 09:15:00+05:30,70.05,71.45,70.05,71.1,31621
2020-10-09 10:15:00+05:30,71.0,71.3,70.8,70.95,15890
2020-10-09 11:15:00+05:30,70.95,71.25,70.8,70.9,11881
2020-10-09 12:15:00+05:30,70.9,71.0,70.75,70.9,18725
2020-10-09 13:15:00+05:30,70.9,70.9,70.65,70.75,12449
2020-10-09 14:15:00+05:30,70.65,70.75,70.1,70.35,24383
2020-10-09 15:15:00+05:30,70.35,70.65,70.1,70.3,15845
2020-10-12 09:15:00+05:30,71.0,73.05,70.25,71.5,158475
2020-10-12 10:15:00+05:30,71.5,72.55,71.25,71.7,55921
2020-10-12 11:15:00+05:30,71.7,72.0,71.05,71.45,32192
2020-10-12 12:15:00+05:30,71.45,71.55,70.8,71.05,15644
2020-10-12 13:15:00+05:30,71.05,71.15,70.0,70.2,603082
2020-10-12 14:15:00+05:30,70.2,70.5,69.55,69.6,46673
2020-10-12 15:15:00+05:30,69.6,69.75,66.8,69.5,130628
2020-10-13 09:15:00+05:30,69.5,69.5,68.25,69.1,56259
2020-10-13 10:15:00+05:30,69.1,69.7,68.7,68.9,42971
2020-10-13 11:15:00+05:30,68.9,69.25,68.85,69.0,15289
2020-10-13 12:15:00+05:30,69.0,69.05,68.5,68.8,24013
2020-10-13 13:15:00+05:30,68.8,69.5,68.7,69.15,23237
2020-10-13 14:15:00+05:30,69.15,69.25,68.75,68.9,26245
2020-10-13 15:15:00+05:30,68.9,69.0,68.7,68.7,28495
2020-10-14 09:15:00+05:30,69.0,69.0,67.9,68.3,41825
2020-10-14 10:15:00+05:30,68.3,68.7,68.05,68.65,31944
2020-10-14 11:15:00+05:30,68.65,68.75,68.25,68.4,17163
2020-10-14 12:15:00+05:30,68.4,68.6,68.05,68.6,28543
2020-10-14 13:15:00+05:30,68.6,68.95,68.0,68.3,49902
2020-10-14 14:15:00+05:30,68.3,68.5,67.55,68.05,84448
2020-10-14 15:15:00+05:30,68.05,68.5,68.05,68.2,16861
2020-10-15 09:15:00+05:30,68.0,69.0,67.55,68.0,49335
2020-10-15 10:15:00+05:30,68.15,68.5,67.1,67.7,31248
2020-10-15 11:15:00+05:30,67.55,67.7,67.25,67.65,27880
2020-10-15 12:15:00+05:30,67.65,68.0,67.1,67.1,34155
2020-10-15 13:15:00+05:30,67.1,67.15,66.5,66.8,68417
2020-10-15 14:15:00+05:30,66.8,67.1,65.1,65.65,123687
2020-10-15 15:15:00+05:30,65.6,66.0,65.2,65.9,31118
2020-10-16 09:15:00+05:30,66.9,67.45,66.15,67.0,63320
2020-10-16 10:15:00+05:30,67.0,67.0,66.5,66.95,11240
2020-10-16 11:15:00+05:30,66.85,67.4,66.8,67.35,19157
2020-10-16 12:15:00+05:30,67.35,67.8,67.2,67.65,26500
2020-10-16 13:15:00+05:30,67.65,67.7,66.5,66.95,42212
2020-10-16 14:15:00+05:30,66.75,66.95,66.55,66.65,29832
2020-10-16 15:15:00+05:30,66.65,67.0,66.6,66.8,13268
2020-10-19 09:15:00+05:30,67.9,67.9,67.4,67.65,18560
2020-10-19 10:15:00+05:30,67.65,67.8,67.1,67.1,11241
2020-10-19 11:15:00+05:30,67.1,67.6,67.1,67.5,5120
2020-10-19 12:15:00+05:30,67.55,67.85,67.15,67.6,17997
2020-10-19 13:15:00+05:30,67.55,67.75,67.4,67.45,13546
2020-10-19 14:15:00+05:30,67.45,67.85,67.1,67.45,28760
2020-10-19 15:15:00+05:30,67.45,67.9,67.35,67.4,11159
2020-10-20 09:15:00+05:30,67.85,68.65,67.65,68.25,39155
2020-10-20 10:15:00+05:30,68.25,68.4,68.0,68.1,11261
2020-10-20 11:15:00+05:30,68.1,68.45,67.7,68.0,32976
2020-10-20 12:15:00+05:30,67.9,68.35,67.9,68.2,8356
2020-10-20 13:15:00+05:30,68.2,68.25,67.9,68.05,8971
2020-10-20 14:15:00+05:30,68.05,69.7,67.95,69.0,66922
2020-10-20 15:15:00+05:30,69.0,69.0,67.7,68.9,25603
2020-10-21 09:15:00+05:30,69.4,70.2,69.25,70.1,70729
2020-10-21 10:15:00+05:30,70.2,70.35,69.55,69.8,27696
2020-10-21 11:15:00+05:30,69.8,69.9,69.35,69.5,19941
2020-10-21 12:15:00+05:30,69.5,69.5,69.35,69.5,12331
2020-10-21 13:15:00+05:30,69.5,69.5,68.65,68.8,33823
2020-10-21 14:15:00+05:30,68.7,69.2,68.5,69.0,35478
2020-10-21 15:15:00+05:30,69.0,69.0,68.3,68.5,13218
2020-10-22 09:15:00+05:30,68.85,69.55,68.6,68.9,20639
2020-10-22 10:15:00+05:30,68.9,69.0,68.35,68.75,29719
2020-10-22 11:15:00+05:30,68.75,68.9,68.5,68.8,8522
2020-10-22 12:15:00+05:30,68.75,68.8,68.7,68.75,8101
2020-10-22 13:15:00+05:30,68.75,69.0,68.7,68.7,17410
2020-10-22 14:15:00+05:30,68.75,68.9,68.5,68.75,33758
2020-10-22 15:15:00+05:30,68.75,68.8,68.6,68.7,15403
2020-10-23 09:15:00+05:30,69.25,72.0,68.7,71.6,186056
2020-10-23 10:15:00+05:30,71.65,71.8,70.55,70.75,111246
2020-10-23 11:15:00+05:30,70.75,71.1,70.6,70.95,42682
2020-10-23 12:15:00+05:30,70.95,71.5,70.7,71.25,44038
2020-10-23 13:15:00+05:30,71.25,71.4,70.9,70.95,42793
2020-10-23 14:15:00+05:30,71.0,71.5,70.85,70.95,141069
2020-10-23 15:15:00+05:30,70.95,71.35,70.85,70.95,76361
2020-10-26 09:15:00+05:30,71.45,72.0,70.65,71.8,74055
2020-10-26 10:15:00+05:30,71.8,71.8,70.8,70.8,49343
2020-10-26 11:15:00+05:30,70.8,70.8,69.4,69.5,65745
2020-10-26 12:15:00+05:30,69.5,69.6,69.2,69.5,52845
2020-10-26 13:15:00+05:30,69.5,69.6,69.15,69.4,22853
2020-10-26 14:15:00+05:30,69.45,69.7,69.1,69.5,40189
2020-10-26 15:15:00+05:30,69.5,69.65,69.15,69.3,30911
2020-10-27 09:15:00+05:30,70.25,70.25,68.25,69.2,46914
2020-10-27 10:15:00+05:30,69.2,69.7,69.1,69.4,70419
2020-10-27 11:15:00+05:30,69.4,69.7,69.25,69.4,6654
2020-10-27 12:15:00+05:30,69.4,69.7,69.2,69.3,10585
2020-10-27 13:15:00+05:30,69.3,69.5,69.2,69.25,6382
2020-10-27 14:15:00+05:30,69.25,70.2,69.0,69.4,41126
2020-10-27 15:15:00+05:30,69.4,69.45,68.7,68.85,15476
2020-10-28 09:15:00+05:30,69.0,70.3,68.7,69.55,38496
2020-10-28 10:15:00+05:30,69.55,69.6,68.9,69.35,19688
2020-10-28 11:15:00+05:30,69.35,69.35,68.7,68.7,38817
2020-10-28 12:15:00+05:30,68.7,68.85,68.2,68.25,38900
2020-10-28 13:15:00+05:30,68.25,68.7,67.7,68.4,75419
2020-10-28 14:15:00+05:30,68.4,68.55,68.0,68.2,27101
2020-10-28 15:15:00+05:30,68.3,68.5,68.0,68.4,16235
2020-10-29 09:15:00+05:30,67.05,68.95,66.85,68.0,40539
2020-10-29 10:15:00+05:30,68.0,68.0,67.1,67.45,30457
2020-10-29 11:15:00+05:30,67.4,68.4,67.25,68.05,17953
2020-10-29 12:15:00+05:30,68.05,68.7,67.7,67.7,20750
2020-10-29 13:15:00+05:30,67.7,68.55,67.6,68.2,25572
2020-10-29 14:15:00+05:30,68.2,68.7,67.75,68.7,21597
2020-10-29 15:15:00+05:30,68.7,69.5,68.5,68.85,11256
2020-10-30 09:15:00+05:30,68.15,69.95,68.15,68.7,27214
2020-10-30 10:15:00+05:30,68.7,68.95,68.2,68.4,14586
2020-10-30 11:15:00+05:30,68.3,68.4,67.25,67.5,22791
2020-10-30 12:15:00+05:30,67.5,67.8,67.5,67.65,9195
2020-10-30 13:15:00+05:30,67.65,68.25,67.55,67.85,12922
2020-10-30 14:15:00+05:30,67.85,67.95,67.5,67.75,19889
2020-10-30 15:15:00+05:30,67.75,67.95,67.35,67.6,23854
2020-11-02 09:15:00+05:30,69.85,69.85,67.5,67.7,81261
2020-11-02 10:15:00+05:30,67.7,67.95,67.55,67.9,10084
2020-11-02 11:15:00+05:30,67.9,68.35,67.3,67.4,48279
2020-11-02 12:15:00+05:30,67.4,67.5,67.1,67.35,14601
2020-11-02 13:15:00+05:30,67.35,67.5,67.2,67.3,14127
2020-11-02 14:15:00+05:30,67.3,67.35,66.7,66.95,66671
2020-11-02 15:15:00+05:30,66.95,66.95,66.3,66.6,38943
2020-11-03 09:15:00+05:30,67.5,68.95,67.15,67.25,71765
2020-11-03 10:15:00+05:30,67.25,67.8,67.2,67.25,48158
2020-11-03 11:15:00+05:30,67.15,67.5,66.3,66.35,116459
2020-11-03 12:15:00+05:30,66.35,66.5,65.5,65.85,83157
2020-11-03 13:15:00+05:30,65.8,66.05,65.3,65.4,58480
2020-11-03 14:15:00+05:30,65.4,66.3,65.4,66.05,38124
2020-11-03 15:15:00+05:30,66.05,66.15,65.5,66.1,26989
2020-11-04 09:15:00+05:30,67.25,67.25,65.8,66.25,54831
2020-11-04 10:15:00+05:30,66.25,66.5,66.05,66.25,14021
2020-11-04 11:15:00+05:30,66.25,66.75,66.05,66.5,14965
2020-11-04 12:15:00+05:30,66.5,67.2,65.8,65.9,48960
2020-11-04 13:15:00+05:30,65.9,66.7,65.85,66.35,17375
2020-11-04 14:15:00+05:30,66.35,66.7,66.25,66.55,21722
2020-11-04 15:15:00+05:30,66.55,66.7,66.35,66.35,18442
2020-11-05 09:15:00+05:30,67.1,72.5,67.1,71.0,395861
2020-11-05 10:15:00+05:30,71.0,71.4,69.85,69.85,198647
2020-11-05 11:15:00+05:30,69.75,70.25,69.55,69.9,77959
2020-11-05 12:15:00+05:30,69.9,72.45,69.0,72.0,181825
2020-11-05 13:15:00+05:30,72.0,72.0,70.05,70.4,101543
2020-11-05 14:15:00+05:30,70.4,71.0,70.05,70.3,83157
2020-11-05 15:15:00+05:30,70.3,70.75,70.15,70.4,63869
2020-11-06 09:15:00+05:30,70.75,72.4,67.4,68.8,558081
2020-11-06 10:15:00+05:30,68.8,69.25,68.5,69.05,69215
2020-11-06 11:15:00+05:30,69.05,69.15,68.8,69.1,38511
2020-11-06 12:15:00+05:30,69.15,69.4,68.7,68.9,48211
2020-11-06 13:15:00+05:30,68.9,69.4,68.8,69.25,105598
2020-11-06 14:15:00+05:30,69.25,69.35,68.15,68.8,128463
2020-11-06 15:15:00+05:30,68.75,69.0,68.3,68.95,69647
2020-11-09 09:15:00+05:30,69.15,69.95,68.4,68.5,185217
2020-11-09 10:15:00+05:30,68.5,68.55,67.8,67.85,77449
2020-11-09 11:15:00+05:30,67.85,68.25,67.8,67.9,105776
2020-11-09 12:15:00+05:30,67.9,68.15,67.65,67.85,129048
2020-11-09 13:15:00+05:30,67.85,68.0,67.75,67.95,49532
2020-11-09 14:15:00+05:30,67.95,68.5,67.8,68.3,129332
2020-11-09 15:15:00+05:30,68.4,68.5,68.25,68.5,47693
2020-11-10 09:15:00+05:30,69.0,69.0,67.85,68.3,71281
2020-11-10 10:15:00+05:30,68.3,68.6,67.95,68.0,63753
2020-11-10 11:15:00+05:30,68.0,68.2,67.8,68.0,38985
2020-11-10 12:15:00+05:30,68.0,68.05,67.6,67.9,36427
2020-11-10 13:15:00+05:30,67.9,68.15,67.8,67.8,23794
2020-11-10 14:15:00+05:30,67.8,68.2,67.6,67.75,73961
2020-11-10 15:15:00+05:30,67.75,67.9,67.5,67.6,36291
2020-11-11 09:15:00+05:30,68.35,68.9,67.9,68.3,85845
2020-11-11 10:15:00+05:30,68.3,68.75,67.9,67.9,45938
2020-11-11 11:15:00+05:30,68.2,68.2,66.9,67.0,124060
2020-11-11 12:15:00+05:30,67.0,67.1,66.9,66.95,85534
2020-11-11 13:15:00+05:30,66.95,68.15,66.85,68.05,134007
2020-11-11 14:15:00+05:30,68.05,69.55,67.9,69.15,256323
2020-11-11 15:15:00+05:30,69.2,69.4,68.8,69.2,72081
2020-11-12 09:15:00+05:30,69.5,72.25,68.0,72.0,369998
2020-11-12 10:15:00+05:30,72.15,72.15,71.15,71.65,235531
2020-11-12 11:15:00+05:30,71.4,72.05,71.4,72.0,73826
2020-11-12 12:15:00+05:30,72.0,72.0,71.6,71.8,43565
2020-11-12 13:15:00+05:30,71.8,71.8,71.15,71.5,57089
2020-11-12 14:15:00+05:30,71.5,71.65,71.15,71.3,62304
2020-11-12 15:15:00+05:30,71.25,71.9,71.25,71.3,64001
2020-11-13 09:15:00+05:30,70.2,71.0,70.2,70.7,62882
2020-11-13 10:15:00+05:30,70.7,71.5,70.5,70.65,76182
2020-11-13 11:15:00+05:30,70.65,70.9,70.5,70.6,20910
2020-11-13 12:15:00+05:30,70.6,70.7,70.0,70.2,52398
2020-11-13 13:15:00+05:30,70.2,70.85,69.8,69.95,59498
2020-11-13 14:15:00+05:30,69.95,70.55,69.95,70.3,58709
2020-11-13 15:15:00+05:30,70.4,70.5,69.75,70.15,73727
2020-11-14 18:15:00+05:30,71.1,71.5,70.8,71.3,153744
2020-11-17 09:15:00+05:30,71.5,71.9,70.0,70.4,144176
2020-11-17 10:15:00+05:30,70.4,70.75,69.15,69.15,72123
2020-11-17 11:15:00+05:30,69.15,70.2,69.05,69.85,110902
2020-11-17 12:15:00+05:30,69.85,70.2,69.8,69.9,36539
2020-11-17 13:15:00+05:30,69.9,70.4,69.9,70.15,30836
2020-11-17 14:15:00+05:30,70.15,70.5,69.55,70.0,87614
2020-11-17 15:15:00+05:30,70.0,70.6,69.95,70.55,54216
2020-11-18 09:15:00+05:30,70.25,72.25,70.25,71.95,181347
2020-11-18 10:15:00+05:30,71.95,72.35,71.4,71.6,479167
2020-11-18 11:15:00+05:30,71.6,71.75,70.4,70.45,189685
2020-11-18 12:15:00+05:30,70.45,70.6,69.9,69.9,341526
2020-11-18 13:15:00+05:30,69.9,70.25,69.75,69.8,237036
2020-11-18 14:15:00+05:30,69.8,70.0,69.7,69.7,189491
2020-11-18 15:15:00+05:30,69.7,70.0,69.7,69.95,126791
2020-11-19 09:15:00+05:30,69.8,71.4,69.5,70.4,321669
2020-11-19 10:15:00+05:30,70.4,70.95,70.1,70.35,520788
2020-11-19 11:15:00+05:30,70.35,70.55,69.9,70.2,466690
2020-11-19 12:15:00+05:30,70.2,73.0,70.1,72.0,1047368
2020-11-19 13:15:00+05:30,72.0,73.9,71.25,71.25,491178
2020-11-19 14:15:00+05:30,71.25,71.4,69.6,70.3,423608
2020-11-19 15:15:00+05:30,70.3,70.55,70.05,70.3,134843
2020-11-20 09:15:00+05:30,71.9,72.9,71.2,72.2,474906
2020-11-20 10:15:00+05:30,72.2,72.65,71.7,72.35,271129
2020-11-20 11:15:00+05:30,72.35,74.6,72.1,73.95,768005
2020-11-20 12:15:00+05:30,73.75,74.35,73.1,73.65,234152
2020-11-20 13:15:00+05:30,73.65,74.45,73.4,74.1,273426
2020-11-20 14:15:00+05:30,74.1,74.6,73.25,73.45,428405
2020-11-20 15:15:00+05:30,73.4,74.0,73.35,74.0,202143
2020-11-23 09:15:00+05:30,74.9,76.45,74.4,75.65,841857
2020-11-23 10:15:00+05:30,75.65,77.0,75.55,76.25,1102121
2020-11-23 11:15:00+05:30,76.2,76.85,75.95,76.2,218222
2020-11-23 12:15:00+05:30,76.2,76.9,76.1,76.6,194322
2020-11-23 13:15:00+05:30,76.65,76.8,76.5,76.65,143233
2020-11-23 14:15:00+05:30,76.65,77.7,76.5,77.35,594134
2020-11-23 15:15:00+05:30,77.3,78.0,77.2,77.4,303165
2020-11-24 09:15:00+05:30,78.0,78.2,76.2,77.5,523353
2020-11-24 10:15:00+05:30,77.5,78.2,76.6,77.0,211963
2020-11-24 11:15:00+05:30,77.0,77.3,76.6,76.95,94579
2020-11-24 12:15:00+05:30,76.95,78.0,76.6,77.9,149628
2020-11-24 13:15:00+05:30,77.9,78.5,77.6,77.9,262496
2020-11-24 14:15:00+05:30,77.9,78.4,77.55,77.65,196535
2020-11-24 15:15:00+05:30,77.65,78.0,77.05,77.4,99194
2020-11-25 09:15:00+05:30,77.95,78.5,77.0,77.2,331547
2020-11-25 10:15:00+05:30,77.2,77.2,75.1,75.6,384953
2020-11-25 11:15:00+05:30,75.5,76.6,75.5,76.2,97006
2020-11-25 12:15:00+05:30,76.2,77.4,76.0,77.15,112338
2020-11-25 13:15:00+05:30,77.15,78.0,75.9,76.15,263037
2020-11-25 14:15:00+05:30,76.15,76.7,75.5,75.8,117523
2020-11-25 15:15:00+05:30,75.8,76.2,75.5,75.6,66076
2020-11-26 09:15:00+05:30,76.55,79.45,76.25,78.75,655903
2020-11-26 10:15:00+05:30,78.75,79.25,78.3,78.9,245052
2020-11-26 11:15:00+05:30,78.9,78.95,78.05,78.1,119491
2020-11-26 12:15:00+05:30,78.05,78.8,77.8,78.7,112793
2020-11-26 13:15:00+05:30,78.65,80.45,78.6,79.9,669912
2020-11-26 14:15:00+05:30,79.75,80.8,79.2,80.35,534621
2020-11-26 15:15:00+05:30,80.35,80.75,79.3,79.85,234194
2020-11-27 09:15:00+05:30,79.95,81.4,78.8,79.5,559949
2020-11-27 10:15:00+05:30,79.5,81.0,79.4,80.1,197061
2020-11-27 11:15:00+05:30,79.9,80.55,79.35,80.0,149687
2020-11-27 12:15:00+05:30,80.0,81.0,80.0,80.95,177609
2020-11-27 13:15:00+05:30,80.95,81.25,80.15,81.25,111976
2020-11-27 14:15:00+05:30,81.1,82.2,81.1,81.8,425988
2020-11-27 15:15:00+05:30,81.8,81.85,81.0,81.15,119192
2020-12-01 09:15:00+05:30,81.4,84.7,81.3,83.5,763804
2020-12-01 10:15:00+05:30,83.4,84.0,83.0,83.2,145906
2020-12-01 11:15:00+05:30,83.2,83.5,83.0,83.5,104482
2020-12-01 12:15:00+05:30,83.5,83.95,83.1,83.55,132044
2020-12-01 13:15:00+05:30,83.55,84.45,83.35,84.15,126176
2020-12-01 14:15:00+05:30,84.15,85.0,84.1,84.3,412939
2020-12-01 15:15:00+05:30,84.3,84.7,84.0,84.65,198630
2020-12-02 09:15:00+05:30,84.8,85.2,82.1,82.4,383043
2020-12-02 10:15:00+05:30,82.4,83.1,82.0,82.45,167659
2020-12-02 11:15:00+05:30,82.45,82.9,81.9,82.0,110804
2020-12-02 12:15:00+05:30,82.0,83.25,82.0,83.0,226631
2020-12-02 13:15:00+05:30,83.0,83.3,83.0,83.0,187755
2020-12-02 14:15:00+05:30,83.0,84.05,83.0,83.2,128899
2020-12-02 15:15:00+05:30,83.2,83.25,82.25,82.8,88864
2020-12-03 09:15:00+05:30,83.0,84.4,83.0,83.45,209718
2020-12-03 10:15:00+05:30,83.5,83.9,83.45,83.75,87115
2020-12-03 11:15:00+05:30,83.75,83.9,83.2,83.8,77285
2020-12-03 12:15:00+05:30,83.8,83.8,82.75,82.95,76733
2020-12-03 13:15:00+05:30,82.95,83.3,82.8,83.0,39631
2020-12-03 14:15:00+05:30,83.0,83.0,81.6,82.2,164607
2020-12-03 15:15:00+05:30,82.2,82.45,81.9,82.35,76235
2020-12-04 09:15:00+05:30,82.25,83.45,82.25,82.65,153755
2020-12-04 10:15:00+05:30,82.75,84.7,82.7,84.55,305112
2020-12-04 11:15:00+05:30,84.5,85.7,83.6,84.15,738998
2020-12-04 12:15:00+05:30,84.15,84.5,82.25,83.5,202726
2020-12-04 13:15:00+05:30,83.5,84.0,83.05,83.3,163440
2020-12-04 14:15:00+05:30,83.3,84.95,82.75,84.6,269928
2020-12-04 15:15:00+05:30,84.6,84.85,83.6,83.9,117672
2020-12-07 09:15:00+05:30,84.8,86.5,84.8,85.8,229191
2020-12-07 10:15:00+05:30,85.8,85.95,85.15,85.65,79854
2020-12-07 11:15:00+05:30,85.65,86.35,85.5,86.15,146725
2020-12-07 12:15:00+05:30,86.15,86.15,85.35,85.7,58524
2020-12-07 13:15:00+05:30,85.7,86.15,83.35,84.85,791367
2020-12-07 14:15:00+05:30,84.85,85.45,84.5,84.7,450481
2020-12-07 15:15:00+05:30,84.7,86.35,84.2,85.1,379651
2020-12-08 09:15:00+05:30,85.75,85.95,84.5,85.0,215222
2020-12-08 10:15:00+05:30,85.0,85.05,82.0,82.65,327497
2020-12-08 11:15:00+05:30,82.45,83.0,82.0,82.65,155998
2020-12-08 12:15:00+05:30,82.65,83.0,82.4,82.9,51610
2020-12-08 13:15:00+05:30,82.9,83.5,82.9,83.4,34355
2020-12-08 14:15:00+05:30,83.4,83.4,82.3,82.75,124766
2020-12-08 15:15:00+05:30,82.75,82.95,82.3,82.5,62956
2020-12-09 09:15:00+05:30,83.25,84.8,83.0,84.5,180351
2020-12-09 10:15:00+05:30,84.5,88.45,84.25,87.5,983778
2020-12-09 11:15:00+05:30,87.5,87.9,86.35,86.85,286193
2020-12-09 12:15:00+05:30,86.85,86.9,86.3,86.75,98270
2020-12-09 13:15:00+05:30,86.75,87.8,86.5,87.0,135179
2020-12-09 14:15:00+05:30,87.0,87.5,87.0,87.2,239282
2020-12-09 15:15:00+05:30,87.2,87.4,86.5,86.9,237636
2020-12-10 09:15:00+05:30,87.0,87.0,84.0,84.15,357087
2020-12-10 10:15:00+05:30,84.15,85.2,83.65,84.9,172855
2020-12-10 11:15:00+05:30,84.9,85.5,84.5,84.9,48144
2020-12-10 12:15:00+05:30,84.9,86.1,84.7,85.6,86573
2020-12-10 13:15:00+05:30,85.6,86.9,85.6,86.25,164928
2020-12-10 14:15:00+05:30,86.25,87.65,85.75,87.1,272711
2020-12-10 15:15:00+05:30,87.1,87.75,86.9,87.2,112964
2020-12-11 09:15:00+05:30,87.7,88.25,86.5,88.1,257279
2020-12-11 10:15:00+05:30,88.05,89.3,88.0,89.0,286036
2020-12-11 11:15:00+05:30,89.0,89.9,88.75,89.55,224952
2020-12-11 12:15:00+05:30,89.55,91.45,89.25,90.1,513173
2020-12-11 13:15:00+05:30,90.0,90.5,86.8,87.6,385361
2020-12-11 14:15:00+05:30,87.6,88.5,87.1,88.15,245712
2020-12-11 15:15:00+05:30,88.15,88.6,87.1,88.1,153739
2020-12-14 09:15:00+05:30,88.5,91.95,88.1,91.35,634549
2020-12-14 10:15:00+05:30,91.35,91.45,90.05,90.85,228263
2020-12-14 11:15:00+05:30,90.85,91.4,90.25,91.2,103121
2020-12-14 12:15:00+05:30,91.2,93.1,91.05,91.65,562631
2020-12-14 13:15:00+05:30,91.65,93.5,91.6,92.35,236583
2020-12-14 14:15:00+05:30,92.35,93.4,92.0,92.0,456160
2020-12-14 15:15:00+05:30,92.0,93.95,92.0,93.4,267483
2020-12-15 09:15:00+05:30,92.8,94.4,90.75,92.25,520610
2020-12-15 10:15:00+05:30,92.25,94.4,92.25,93.6,513841
2020-12-15 11:15:00+05:30,93.6,95.5,93.5,94.9,426086
2020-12-15 12:15:00+05:30,94.9,95.15,94.1,94.65,250419
2020-12-15 13:15:00+05:30,94.65,95.55,94.4,95.3,440769
2020-12-15 14:15:00+05:30,95.25,95.55,94.3,95.3,280061
2020-12-15 15:15:00+05:30,95.45,95.7,95.15,95.15,134964
2020-12-16 09:15:00+05:30,95.0,96.0,94.0,94.25,202156
2020-12-16 10:15:00+05:30,94.25,94.65,94.0,94.45,55553
2020-12-16 11:15:00+05:30,94.45,94.45,94.0,94.25,94402
2020-12-16 12:15:00+05:30,94.25,94.25,93.25,93.45,120959
2020-12-16 13:15:00+05:30,93.65,93.9,92.5,93.0,104012
2020-12-16 14:15:00+05:30,93.0,93.5,93.0,93.1,59547
2020-12-16 15:15:00+05:30,93.1,93.6,93.0,93.3,100300
2020-12-17 09:15:00+05:30,93.8,93.8,91.95,92.5,291299
2020-12-17 10:15:00+05:30,92.5,92.6,92.0,92.35,73353
2020-12-17 11:15:00+05:30,92.35,92.8,92.0,92.6,65586
2020-12-17 12:15:00+05:30,92.6,92.75,92.15,92.2,23302
2020-12-17 13:15:00+05:30,92.2,95.5,92.1,93.6,322581
2020-12-17 14:15:00+05:30,93.6,94.1,91.85,92.0,274688
2020-12-17 15:15:00+05:30,92.0,92.45,92.0,92.35,132864
2020-12-18 09:15:00+05:30,92.7,92.7,90.05,90.75,586567
2020-12-18 10:15:00+05:30,90.75,91.6,90.0,90.8,196859
2020-12-18 11:15:00+05:30,90.8,94.0,90.7,93.3,242729
2020-12-18 12:15:00+05:30,93.3,93.45,92.65,93.25,43237
2020-12-18 13:15:00+05:30,93.25,93.25,92.3,92.85,67805
2020-12-18 14:15:00+05:30,92.75,93.0,92.0,92.3,116995
2020-12-18 15:15:00+05:30,92.3,92.55,91.75,92.0,60310
2020-12-21 09:15:00+05:30,92.6,92.6,90.25,91.6,114103
2020-12-21 10:15:00+05:30,91.6,91.85,91.5,91.5,22802
2020-12-21 11:15:00+05:30,91.5,91.5,90.75,91.0,41665
2020-12-21 12:15:00+05:30,91.0,91.0,89.3,89.55,85915
2020-12-21 13:15:00+05:30,89.5,89.85,85.35,86.7,213529
2020-12-21 14:15:00+05:30,86.7,87.0,80.65,82.35,328556
2020-12-21 15:15:00+05:30,82.45,83.4,80.35,83.4,227707
2020-12-22 09:15:00+05:30,80.5,85.4,77.25,80.9,462238
2020-12-22 10:15:00+05:30,80.9,82.4,80.55,81.7,164439
2020-12-22 11:15:00+05:30,81.7,81.7,80.4,80.6,82772
2020-12-22 12:15:00+05:30,80.6,80.6,79.5,79.75,134800
2020-12-22 13:15:00+05:30,79.75,81.75,79.65,81.6,227475
2020-12-22 14:15:00+05:30,81.6,82.9,81.2,82.6,149828
2020-12-22 15:15:00+05:30,82.6,83.4,81.7,83.25,131497
2020-12-23 09:15:00+05:30,85.3,85.3,83.3,84.6,325745
2020-12-23 10:15:00+05:30,84.6,86.0,84.6,85.05,117323
2020-12-23 11:15:00+05:30,85.05,85.5,84.6,85.4,49465
2020-12-23 12:15:00+05:30,85.4,85.45,84.75,84.75,38203
2020-12-23 13:15:00+05:30,84.75,85.1,83.85,85.0,168866
2020-12-23 14:15:00+05:30,85.0,85.8,84.9,85.3,164456
2020-12-23 15:15:00+05:30,85.3,85.85,85.05,85.5,57089
2020-12-24 09:15:00+05:30,86.9,89.75,86.0,88.65,285829
2020-12-24 10:15:00+05:30,88.8,89.25,87.3,87.5,141258
2020-12-24 11:15:00+05:30,87.5,88.95,87.05,88.85,134326
2020-12-24 12:15:00+05:30,88.85,88.95,88.55,88.75,39799
2020-12-24 13:15:00+05:30,88.75,89.2,88.65,89.2,37143
2020-12-24 14:15:00+05:30,89.1,89.25,87.25,88.35,142069
2020-12-24 15:15:00+05:30,88.35,88.9,88.2,88.4,179497
2020-12-28 09:15:00+05:30,91.5,92.55,89.65,89.95,321381
2020-12-28 10:15:00+05:30,89.95,90.8,89.8,90.7,78613
2020-12-28 11:15:00+05:30,90.7,92.35,90.5,91.5,286990
2020-12-28 12:15:00+05:30,91.5,92.0,91.4,91.8,62987
2020-12-28 13:15:00+05:30,91.65,92.4,91.5,91.75,77465
2020-12-28 14:15:00+05:30,91.75,92.15,91.6,92.0,75767
2020-12-28 15:15:00+05:30,92.0,93.0,91.95,92.8,98409
2020-12-29 09:15:00+05:30,95.0,95.35,91.95,93.85,532464
2020-12-29 10:15:00+05:30,93.85,93.9,91.0,92.2,209310
2020-12-29 11:15:00+05:30,92.2,92.5,91.35,91.95,82925
2020-12-29 12:15:00+05:30,91.95,92.0,90.5,91.75,92271
2020-12-29 13:15:00+05:30,91.75,91.9,91.05,91.6,68596
2020-12-29 14:15:00+05:30,91.6,91.7,90.5,91.1,117249
2020-12-29 15:15:00+05:30,91.1,92.0,90.6,91.2,124956
2020-12-30 09:15:00+05:30,92.0,92.9,91.1,92.05,137900
2020-12-30 10:15:00+05:30,92.05,92.05,91.15,91.4,34984
2020-12-30 11:15:00+05:30,91.4,91.6,91.2,91.35,24650
2020-12-30 12:15:00+05:30,91.35,91.6,90.6,90.9,63427
2020-12-30 13:15:00+05:30,90.9,91.0,90.3,90.85,49491
2020-12-30 14:15:00+05:30,90.85,91.15,90.35,90.35,60135
2020-12-30 15:15:00+05:30,90.35,90.6,90.0,90.15,85945
2020-12-31 09:15:00+05:30,90.3,91.7,89.95,90.7,145467
2020-12-31 10:15:00+05:30,90.7,90.85,89.5,89.9,96496
2020-12-31 11:15:00+05:30,89.9,90.65,89.85,90.5,51266
2020-12-31 12:15:00+05:30,90.5,90.6,90.25,90.5,14535
2020-12-31 13:15:00+05:30,90.5,90.65,90.25,90.45,26082
2020-12-31 14:15:00+05:30,90.45,90.6,90.05,90.3,60483
2020-12-31 15:15:00+05:30,90.3,90.35,89.0,89.8,90819
2021-01-01 09:15:00+05:30,89.8,91.45,89.8,91.15,95684
2021-01-01 10:15:00+05:30,91.15,91.75,90.15,90.2,94106
2021-01-01 11:15:00+05:30,90.2,90.75,90.2,90.65,21113
2021-01-01 12:15:00+05:30,90.65,90.9,90.35,90.8,19356
2021-01-01 13:15:00+05:30,90.8,90.85,90.6,90.8,13773
2021-01-01 14:15:00+05:30,90.8,90.9,90.4,90.85,73498
2021-01-01 15:15:00+05:30,90.85,91.45,89.0,90.3,91494
2021-01-04 09:15:00+05:30,91.6,92.25,90.85,91.4,141525
2021-01-04 10:15:00+05:30,91.4,91.75,90.05,90.8,104733
2021-01-04 11:15:00+05:30,90.8,91.5,90.45,91.15,45316
2021-01-04 12:15:00+05:30,91.15,91.15,90.6,90.9,29200
2021-01-04 13:15:00+05:30,90.9,90.95,90.65,90.7,17007
2021-01-04 14:15:00+05:30,90.7,93.65,90.65,93.0,545818
2021-01-04 15:15:00+05:30,93.0,93.5,92.5,92.6,177791
2021-01-05 09:15:00+05:30,92.95,92.95,91.15,91.2,133375
2021-01-05 10:15:00+05:30,91.2,92.15,91.1,91.7,78028
2021-01-05 11:15:00+05:30,91.7,91.8,91.25,91.35,86392
2021-01-05 12:15:00+05:30,91.35,96.1,91.35,95.15,575720
2021-01-05 13:15:00+05:30,94.85,95.75,94.25,94.85,548433
2021-01-05 14:15:00+05:30,94.85,95.5,94.65,94.9,179591
2021-01-05 15:15:00+05:30,94.9,95.2,94.8,95.0,112268
2021-01-06 09:15:00+05:30,95.45,98.5,95.3,97.65,693919
2021-01-06 10:15:00+05:30,97.65,98.25,96.7,97.4,228680
2021-01-06 11:15:00+05:30,97.4,97.9,96.8,97.3,143537
2021-01-06 12:15:00+05:30,97.3,97.5,95.55,95.8,176647
2021-01-06 13:15:00+05:30,95.8,96.0,93.25,93.6,301961
2021-01-06 14:15:00+05:30,93.6,95.0,93.2,94.9,215096
2021-01-06 15:15:00+05:30,94.8,95.0,93.9,94.5,93873
2021-01-07 09:15:00+05:30,95.45,96.5,94.4,94.4,245145
2021-01-07 10:15:00+05:30,94.4,95.6,94.0,94.9,233685
2021-01-07 11:15:00+05:30,94.9,95.0,94.75,95.0,54022
2021-01-07 12:15:00+05:30,95.0,95.0,94.75,94.9,35777
2021-01-07 13:15:00+05:30,94.9,94.9,94.1,94.45,49993
2021-01-07 14:15:00+05:30,94.45,94.5,93.3,93.85,106243
2021-01-07 15:15:00+05:30,93.9,94.3,93.9,94.15,65147
2021-01-08 09:15:00+05:30,94.25,95.0,94.0,94.35,87499
2021-01-08 10:15:00+05:30,94.35,95.3,94.35,94.6,49799
2021-01-08 11:15:00+05:30,94.7,94.9,94.0,94.15,27977
2021-01-08 12:15:00+05:30,94.15,94.55,94.0,94.0,37830
2021-01-08 13:15:00+05:30,94.0,94.3,92.2,92.8,88261
2021-01-08 14:15:00+05:30,92.8,93.0,92.2,92.6,102765
2021-01-08 15:15:00+05:30,92.6,94.0,92.2,92.8,98728
2021-01-11 09:15:00+05:30,93.25,93.4,91.55,92.1,110809
2021-01-11 10:15:00+05:30,92.1,92.1,90.2,91.9,140451
2021-01-11 11:15:00+05:30,91.9,92.2,91.3,91.6,101216
2021-01-11 12:15:00+05:30,91.6,91.75,89.65,90.25,315226
2021-01-11 13:15:00+05:30,90.25,90.9,89.15,90.05,438208
2021-01-11 14:15:00+05:30,90.05,90.2,89.5,89.7,203965
2021-01-11 15:15:00+05:30,89.8,89.9,89.0,89.35,142103
2021-01-12 09:15:00+05:30,89.5,92.15,89.35,90.1,241404
2021-01-12 10:15:00+05:30,90.1,91.45,90.1,91.1,61637
2021-01-12 11:15:00+05:30,91.1,91.75,90.6,91.1,101967
2021-01-12 12:15:00+05:30,91.1,91.45,90.05,90.5,139942
2021-01-12 13:15:00+05:30,90.65,91.3,90.55,91.15,84625
2021-01-12 14:15:00+05:30,91.15,91.45,90.0,90.1,108243
2021-01-12 15:15:00+05:30,90.0,90.9,89.8,90.3,45470
2021-01-13 09:15:00+05:30,90.7,92.5,90.6,91.1,156014
2021-01-13 10:15:00+05:30,91.1,91.2,90.1,90.6,82477
2021-01-13 11:15:00+05:30,90.6,90.9,89.7,90.0,55276
2021-01-13 12:15:00+05:30,90.0,90.45,89.9,90.25,43520
2021-01-13 13:15:00+05:30,90.25,90.25,88.4,89.3,95168
2021-01-13 14:15:00+05:30,89.25,90.1,89.0,89.7,66504
2021-01-13 15:15:00+05:30,89.7,90.0,89.25,89.6,42677
2021-01-14 09:15:00+05:30,90.1,90.7,88.5,89.9,152220
2021-01-14 10:15:00+05:30,89.9,90.4,88.75,89.5,102107
2021-01-14 11:15:00+05:30,89.5,90.0,89.3,89.7,36110
2021-01-14 12:15:00+05:30,89.7,89.8,89.1,89.3,21347
2021-01-14 13:15:00+05:30,89.3,89.75,89.15,89.65,27396
2021-01-14 14:15:00+05:30,89.65,89.65,89.0,89.15,57489
2021-01-14 15:15:00+05:30,89.15,89.25,88.7,89.15,35350
2021-01-15 09:15:00+05:30,89.3,89.85,87.4,88.8,155840
2021-01-15 10:15:00+05:30,88.8,89.0,87.3,87.8,111921
2021-01-15 11:15:00+05:30,87.8,88.55,87.5,88.4,31581
2021-01-15 12:15:00+05:30,88.4,88.7,88.1,88.45,25317
2021-01-15 13:15:00+05:30,88.45,88.55,87.5,87.8,37278
2021-01-15 14:15:00+05:30,87.8,88.4,87.6,88.2,57916
2021-01-15 15:15:00+05:30,88.2,89.0,87.8,88.55,38604
2021-01-18 09:15:00+05:30,88.6,88.8,85.8,86.0,148019
2021-01-18 10:15:00+05:30,86.0,86.15,84.5,85.9,101900
2021-01-18 11:15:00+05:30,85.9,86.0,85.25,85.65,57759
2021-01-18 12:15:00+05:30,85.65,86.0,85.05,85.1,55153
2021-01-18 13:15:00+05:30,85.1,85.9,85.1,85.85,30527
2021-01-18 14:15:00+05:30,85.85,86.3,85.3,85.65,76706
2021-01-18 15:15:00+05:30,85.65,85.95,85.0,85.8,34354
2021-01-19 09:15:00+05:30,86.1,88.55,86.1,88.4,105379
2021-01-19 10:15:00+05:30,88.4,89.45,88.1,88.9,89321
2021-01-19 11:15:00+05:30,88.9,89.2,88.45,88.85,29884
2021-01-19 12:15:00+05:30,88.85,89.0,88.65,88.8,14771
2021-01-19 13:15:00+05:30,88.8,89.15,88.55,88.95,15085
2021-01-19 14:15:00+05:30,89.0,89.2,88.75,89.05,31209
2021-01-19 15:15:00+05:30,89.05,89.9,88.9,89.05,55968
2021-01-20 09:15:00+05:30,89.3,89.9,89.15,89.4,97361
2021-01-20 10:15:00+05:30,89.35,89.9,89.05,89.7,75390
2021-01-20 11:15:00+05:30,89.7,89.75,89.1,89.3,94599
2021-01-20 12:15:00+05:30,89.3,89.3,87.7,88.5,78419
2021-01-20 13:15:00+05:30,88.5,88.5,88.25,88.25,12072
2021-01-20 14:15:00+05:30,88.25,90.7,88.25,88.9,225938
2021-01-20 15:15:00+05:30,88.9,89.3,88.5,88.65,40016
2021-01-21 09:15:00+05:30,89.8,90.55,89.3,89.7,71475
2021-01-21 10:15:00+05:30,89.7,89.95,89.45,89.6,34537
2021-01-21 11:15:00+05:30,89.6,89.65,88.4,88.6,81095
2021-01-21 12:15:00+05:30,88.6,89.4,88.4,89.25,45681
2021-01-21 13:15:00+05:30,89.25,89.4,88.2,88.45,81792
2021-01-21 14:15:00+05:30,88.45,88.75,86.55,87.05,79845
2021-01-21 15:15:00+05:30,87.05,87.3,85.5,86.55,48861
2021-01-22 09:15:00+05:30,86.4,89.35,86.2,89.35,160739
2021-01-22 10:15:00+05:30,89.35,89.4,87.3,87.8,128477
2021-01-22 11:15:00+05:30,87.8,89.7,86.75,88.55,131851
2021-01-22 12:15:00+05:30,88.55,89.3,87.15,87.25,85383
2021-01-22 13:15:00+05:30,87.15,87.75,86.1,87.0,51543
2021-01-22 14:15:00+05:30,87.0,94.1,87.0,91.35,1639276
2021-01-22 15:15:00+05:30,91.35,91.6,90.4,90.7,256807
2021-01-25 09:15:00+05:30,91.95,92.2,88.2,89.8,373897
2021-01-25 10:15:00+05:30,89.8,90.2,89.0,89.8,70451
2021-01-25 11:15:00+05:30,89.8,90.0,88.35,89.0,68688
2021-01-25 12:15:00+05:30,89.0,89.6,88.8,89.05,29627
2021-01-25 13:15:00+05:30,89.05,89.5,88.05,88.45,57068
2021-01-25 14:15:00+05:30,88.45,88.85,87.65,87.65,71651
2021-01-25 15:15:00+05:30,87.65,88.15,87.25,87.5,47826
2021-01-27 09:15:00+05:30,87.0,89.45,85.65,89.0,163547
2021-01-27 10:15:00+05:30,89.0,89.15,88.3,88.55,76889
2021-01-27 11:15:00+05:30,88.55,88.7,87.4,88.5,108848
2021-01-27 12:15:00+05:30,88.5,88.5,87.75,88.0,30277
2021-01-27 13:15:00+05:30,88.0,88.45,86.6,87.15,65896
2021-01-27 14:15:00+05:30,87.15,88.15,85.8,88.15,159796
2021-01-27 15:15:00+05:30,88.15,88.5,88.0,88.5,54937
2021-01-28 09:15:00+05:30,87.0,87.7,86.4,87.05,85580
2021-01-28 10:15:00+05:30,87.05,87.8,86.9,87.15,40021
2021-01-28 11:15:00+05:30,87.15,87.65,86.95,87.35,32195
2021-01-28 12:15:00+05:30,87.35,88.9,87.25,87.7,321562
2021-01-28 13:15:00+05:30,87.95,88.7,87.6,88.15,301682
2021-01-28 14:15:00+05:30,88.15,90.7,88.0,90.35,99152
2021-01-28 15:15:00+05:30,90.35,90.7,89.7,90.0,50171
2021-01-29 09:15:00+05:30,91.0,91.4,88.85,89.35,93485
2021-01-29 10:15:00+05:30,89.35,89.8,88.75,89.3,21670
2021-01-29 11:15:00+05:30,89.3,90.25,88.6,90.15,102001
2021-01-29 12:15:00+05:30,90.15,91.0,90.0,90.2,45807
2021-01-29 13:15:00+05:30,90.2,90.6,89.9,90.4,111904
2021-01-29 14:15:00+05:30,90.4,91.0,90.0,90.05,131429
2021-01-29 15:15:00+05:30,90.05,90.15,87.65,88.35,123669
2021-02-01 09:15:00+05:30,89.45,89.45,87.5,88.55,49763
2021-02-01 10:15:00+05:30,88.55,92.95,88.4,90.8,210892
2021-02-01 11:15:00+05:30,90.8,91.5,90.3,90.3,62031
2021-02-01 12:15:00+05:30,90.3,92.1,90.0,90.7,81504
2021-02-01 13:15:00+05:30,90.7,92.35,90.65,91.4,112536
2021-02-01 14:15:00+05:30,91.4,92.25,91.25,91.3,86422
2021-02-01 15:15:00+05:30,91.3,91.95,91.3,91.7,31854
2021-02-02 09:15:00+05:30,92.2,96.75,92.2,96.15,830917
2021-02-02 10:15:00+05:30,96.15,96.5,94.6,94.8,409743
2021-02-02 11:15:00+05:30,94.8,95.6,94.65,95.0,123500
2021-02-02 12:15:00+05:30,95.0,95.5,94.65,95.3,104779
2021-02-02 13:15:00+05:30,95.3,95.55,94.75,95.25,88346
2021-02-02 14:15:00+05:30,95.25,97.0,94.7,96.85,516455
2021-02-02 15:15:00+05:30,97.0,98.0,96.85,97.35,353675
2021-02-03 09:15:00+05:30,97.85,99.5,95.65,98.6,525217
2021-02-03 10:15:00+05:30,98.6,98.9,96.35,97.95,207516
2021-02-03 11:15:00+05:30,97.95,98.1,96.6,97.15,98422
2021-02-03 12:15:00+05:30,97.15,98.4,97.1,98.25,85054
2021-02-03 13:15:00+05:30,98.25,98.9,98.0,98.05,95007
2021-02-03 14:15:00+05:30,98.15,98.25,96.1,97.2,188007
2021-02-03 15:15:00+05:30,97.2,97.3,96.2,96.5,77682
2021-02-04 09:15:00+05:30,98.0,99.0,96.55,97.0,429193
2021-02-04 10:15:00+05:30,97.0,97.25,96.25,96.9,174474
2021-02-04 11:15:00+05:30,96.9,97.2,96.65,96.8,200893
2021-02-04 12:15:00+05:30,96.8,97.1,96.5,96.7,80140
2021-02-04 13:15:00+05:30,96.7,97.65,96.05,97.5,193446
2021-02-04 14:15:00+05:30,97.5,101.0,96.85,100.4,825287
2021-02-04 15:15:00+05:30,100.4,100.4,98.75,98.9,236741
2021-02-05 09:15:00+05:30,100.2,100.65,97.0,97.15,284354
2021-02-05 10:15:00+05:30,97.15,98.45,96.35,97.35,139372
2021-02-05 11:15:00+05:30,97.35,98.2,97.15,97.95,70339
2021-02-05 12:15:00+05:30,97.95,98.0,96.6,96.8,131470
2021-02-05 13:15:00+05:30,96.9,97.25,95.8,97.1,147800
2021-02-05 14:15:00+05:30,97.1,97.45,95.8,96.1,176960
2021-02-05 15:15:00+05:30,96.1,96.45,95.8,96.0,59040
2021-02-08 09:15:00+05:30,96.75,98.35,96.3,97.3,180343
2021-02-08 10:15:00+05:30,97.55,98.1,96.85,97.15,111780
2021-02-08 11:15:00+05:30,97.15,97.5,96.9,97.05,42378
2021-02-08 12:15:00+05:30,97.05,97.25,96.05,96.65,59823
2021-02-08 13:15:00+05:30,96.65,96.95,96.35,96.4,39929
2021-02-08 14:15:00+05:30,96.6,97.2,96.2,97.0,77693
2021-02-08 15:15:00+05:30,97.0,97.0,96.15,96.35,38261
2021-02-09 09:15:00+05:30,96.95,98.1,96.1,97.2,107290
2021-02-09 10:15:00+05:30,97.2,97.2,96.3,96.7,35171
2021-02-09 11:15:00+05:30,96.7,96.95,96.2,96.85,41300
2021-02-09 12:15:00+05:30,96.85,96.85,96.3,96.45,29189
2021-02-09 13:15:00+05:30,96.45,96.5,96.2,96.3,26942
2021-02-09 14:15:00+05:30,96.3,96.5,93.8,94.5,275367
2021-02-09 15:15:00+05:30,94.5,94.65,92.95,93.6,140568
2021-02-10 09:15:00+05:30,93.65,94.9,93.35,94.4,198496
2021-02-10 10:15:00+05:30,94.4,94.9,93.95,94.25,95789
2021-02-10 11:15:00+05:30,94.25,94.85,94.2,94.75,16129
2021-02-10 12:15:00+05:30,94.75,94.9,94.3,94.65,44448
2021-02-10 13:15:00+05:30,94.65,94.65,93.0,93.0,196849
2021-02-10 14:15:00+05:30,93.0,93.75,92.8,93.5,34023
2021-02-10 15:15:00+05:30,93.5,93.65,92.65,92.8,120833
2021-02-11 09:15:00+05:30,92.85,93.95,92.8,93.65,74616
2021-02-11 10:15:00+05:30,93.65,96.55,93.5,95.3,225442
2021-02-11 11:15:00+05:30,95.45,96.2,94.9,95.45,75305
2021-02-11 12:15:00+05:30,95.45,95.75,94.45,94.7,89978
2021-02-11 13:15:00+05:30,94.7,95.05,94.5,94.6,20165
2021-02-11 14:15:00+05:30,94.6,94.75,94.0,94.0,45591
2021-02-11 15:15:00+05:30,94.0,94.4,93.6,94.35,56451
2021-02-12 09:15:00+05:30,95.0,98.9,95.0,97.65,436983
2021-02-12 10:15:00+05:30,97.6,99.2,96.85,97.95,345569
2021-02-12 11:15:00+05:30,97.95,98.25,97.3,97.7,75751
2021-02-12 12:15:00+05:30,97.8,98.85,97.7,98.75,109770
2021-02-12 13:15:00+05:30,98.75,99.0,96.7,98.0,281484
2021-02-12 14:15:00+05:30,98.0,98.45,96.9,97.5,260870
2021-02-12 15:15:00+05:30,97.5,97.85,97.25,97.7,80923
2021-02-15 09:15:00+05:30,98.45,98.95,97.4,97.45,88098
2021-02-15 10:15:00+05:30,97.45,97.85,95.85,96.35,89045
2021-02-15 11:15:00+05:30,96.35,96.65,95.65,95.65,56112
2021-02-15 12:15:00+05:30,95.65,96.5,95.0,95.15,55678
2021-02-15 13:15:00+05:30,94.95,95.45,94.75,95.2,79859
2021-02-15 14:15:00+05:30,95.2,95.65,95.0,95.3,50790
2021-02-15 15:15:00+05:30,95.25,95.4,94.6,94.85,45023
2021-02-16 09:15:00+05:30,95.25,96.95,95.1,95.35,70087
2021-02-16 10:15:00+05:30,95.35,95.75,95.0,95.1,28397
2021-02-16 11:15:00+05:30,95.1,95.25,94.75,94.95,33528
2021-02-16 12:15:00+05:30,94.95,95.0,94.0,94.1,50076
2021-02-16 13:15:00+05:30,94.1,95.1,94.1,94.6,19973
2021-02-16 14:15:00+05:30,94.7,95.7,94.7,95.5,73211
2021-02-16 15:15:00+05:30,95.5,96.3,95.3,95.3,47392
2021-02-17 09:15:00+05:30,95.3,96.6,94.15,95.75,120933
2021-02-17 10:15:00+05:30,95.8,96.25,95.5,95.8,19041
2021-02-17 11:15:00+05:30,95.8,95.95,94.5,95.7,49286
2021-02-17 12:15:00+05:30,95.7,95.85,95.3,95.5,26862
2021-02-17 13:15:00+05:30,95.7,95.7,94.65,95.3,32811
2021-02-17 14:15:00+05:30,95.3,95.5,94.6,95.15,46422
2021-02-17 15:15:00+05:30,95.15,95.15,93.8,94.5,66450
2021-02-18 09:15:00+05:30,94.9,97.4,94.4,97.0,118915
2021-02-18 10:15:00+05:30,97.0,97.75,95.75,96.0,110091
2021-02-18 11:15:00+05:30,96.0,96.75,95.6,96.35,46667
2021-02-18 12:15:00+05:30,96.35,96.35,95.25,95.5,44698
2021-02-18 13:15:00+05:30,95.5,96.7,95.5,96.3,56423
2021-02-18 14:15:00+05:30,96.3,96.75,95.7,96.45,44182
2021-02-18 15:15:00+05:30,96.35,96.45,95.55,96.0,46985
2021-02-19 09:15:00+05:30,95.4,99.5,95.1,99.35,672200
2021-02-19 10:15:00+05:30,99.3,99.75,98.1,99.6,386127
2021-02-19 11:15:00+05:30,99.55,102.25,98.6,101.9,796298
2021-02-19 12:15:00+05:30,101.95,102.25,100.6,100.7,577314
2021-02-19 13:15:00+05:30,100.7,100.8,97.0,97.0,472060
2021-02-19 14:15:00+05:30,97.0,99.5,97.0,99.3,294388
2021-02-19 15:15:00+05:30,99.3,99.45,98.55,98.7,135773
2021-02-22 09:15:00+05:30,99.75,102.8,99.3,99.85,679836
2021-02-22 10:15:00+05:30,99.9,102.0,98.25,101.0,420679
2021-02-22 11:15:00+05:30,101.0,101.0,99.6,99.8,158837
2021-02-22 12:15:00+05:30,99.9,100.9,99.65,100.45,106615
2021-02-22 13:15:00+05:30,100.45,100.5,99.65,99.65,107819
2021-02-22 14:15:00+05:30,99.65,100.5,98.65,99.6,224479
2021-02-22 15:15:00+05:30,99.6,100.5,99.5,99.8,140658
2021-02-23 09:15:00+05:30,101.1,104.45,100.55,101.9,875168
2021-02-23 10:15:00+05:30,102.0,103.7,101.5,101.95,319306
2021-02-23 11:15:00+05:30,101.95,102.0,100.5,101.0,243115
2021-02-23 12:15:00+05:30,101.0,102.35,100.9,101.95,112335
2021-02-23 13:15:00+05:30,101.95,102.4,101.2,101.6,81947
2021-02-23 14:15:00+05:30,101.6,102.2,100.7,101.25,223374
2021-02-23 15:15:00+05:30,101.25,101.4,100.15,100.9,107590
2021-02-24 09:15:00+05:30,102.0,102.8,100.7,102.0,269115
2021-02-24 10:15:00+05:30,102.0,102.25,100.75,101.55,155264
2021-02-24 11:15:00+05:30,101.5,101.95,101.1,101.25,38906
2021-02-24 15:15:00+05:30,100.15,102.0,95.15,100.7,49703
2021-02-24 16:15:00+05:30,100.9,101.15,97.0,100.95,180478
2021-02-25 09:15:00+05:30,100.3,101.95,100.3,101.25,113291
2021-02-25 10:15:00+05:30,101.25,105.7,101.15,103.9,702393
2021-02-25 11:15:00+05:30,103.9,104.1,102.5,103.05,197065
2021-02-25 12:15:00+05:30,103.05,104.0,103.0,103.6,89715
2021-02-25 13:15:00+05:30,103.6,103.8,103.0,103.1,39399
2021-02-25 14:15:00+05:30,103.15,103.8,102.1,102.7,128798
2021-02-25 15:15:00+05:30,102.7,103.4,102.5,102.9,57071
2021-02-26 09:15:00+05:30,101.0,105.45,99.95,105.1,366499
2021-02-26 10:15:00+05:30,105.25,105.25,103.15,103.7,200696
2021-02-26 11:15:00+05:30,103.7,103.95,101.5,102.35,203215
2021-02-26 12:15:00+05:30,102.35,104.75,101.8,104.2,252454
2021-02-26 13:15:00+05:30,104.2,106.8,103.85,104.7,629398
2021-02-26 14:15:00+05:30,104.7,105.0,102.85,103.25,228245
2021-02-26 15:15:00+05:30,103.25,103.45,102.0,102.9,84525
2021-03-01 09:15:00+05:30,104.5,107.55,103.3,105.5,1093497
2021-03-01 10:15:00+05:30,105.35,106.4,105.35,105.9,313746
2021-03-01 11:15:00+05:30,105.75,106.2,104.6,105.0,240696
2021-03-01 12:15:00+05:30,105.0,105.25,104.1,104.9,668770
2021-03-01 13:15:00+05:30,104.9,105.3,104.55,104.6,84366
2021-03-01 14:15:00+05:30,104.6,108.1,104.2,107.55,1266854
2021-03-01 15:15:00+05:30,107.65,108.0,106.45,107.3,326378
2021-03-02 09:15:00+05:30,107.6,110.2,107.3,109.85,501673
2021-03-02 10:15:00+05:30,109.85,110.15,107.9,108.15,200433
2021-03-02 11:15:00+05:30,108.2,108.65,107.45,108.5,80209
2021-03-02 12:15:00+05:30,108.5,108.5,107.0,107.45,65641
2021-03-02 13:15:00+05:30,107.35,110.5,107.2,109.9,245397
2021-03-02 14:15:00+05:30,109.9,109.9,107.6,108.65,138569
2021-03-02 15:15:00+05:30,108.65,109.0,106.85,107.7,102557
2021-03-03 09:15:00+05:30,108.5,109.6,108.1,108.5,142107
2021-03-03 10:15:00+05:30,108.5,108.7,108.1,108.15,88598
2021-03-03 11:15:00+05:30,108.15,108.85,107.9,108.05,70326
2021-03-03 12:15:00+05:30,108.05,109.4,106.8,107.15,377937
2021-03-03 13:15:00+05:30,107.15,108.1,106.9,107.65,74644
2021-03-03 14:15:00+05:30,107.65,108.0,103.55,104.9,295498
2021-03-03 15:15:00+05:30,105.0,105.2,103.85,104.25,84038
2021-03-04 09:15:00+05:30,103.0,105.25,103.0,104.7,162800
2021-03-04 10:15:00+05:30,104.7,105.5,102.7,103.3,308247
2021-03-04 11:15:00+05:30,103.0,103.9,103.0,103.5,98827
2021-03-04 12:15:00+05:30,103.65,104.0,103.0,103.45,163370
2021-03-04 13:15:00+05:30,103.45,104.0,103.2,104.0,53633
2021-03-04 14:15:00+05:30,104.0,104.2,103.2,103.4,81920
2021-03-04 15:15:00+05:30,103.2,104.0,102.75,104.0,78088
2021-03-05 09:15:00+05:30,103.7,104.0,101.15,102.2,242629
2021-03-05 10:15:00+05:30,102.4,102.4,100.6,101.1,86429
2021-03-05 11:15:00+05:30,100.85,101.25,99.75,100.5,129255
2021-03-05 12:15:00+05:30,100.5,101.4,100.3,100.9,65731
2021-03-05 13:15:00+05:30,100.9,101.0,99.3,99.3,88289
2021-03-05 14:15:00+05:30,99.3,99.8,97.4,97.55,316494
2021-03-05 15:15:00+05:30,97.55,99.35,96.2,99.1,231122
2021-03-08 09:15:00+05:30,99.7,101.4,99.0,100.8,163091
2021-03-08 10:15:00+05:30,100.9,100.9,99.55,100.4,50616
2021-03-08 11:15:00+05:30,100.4,101.65,100.4,100.75,64424
2021-03-08 12:15:00+05:30,100.75,101.35,100.75,101.25,36564
2021-03-08 13:15:00+05:30,101.25,101.45,98.45,98.85,119049
2021-03-08 14:15:00+05:30,98.85,99.2,97.85,98.6,149021
2021-03-08 15:15:00+05:30,98.6,99.65,98.5,99.0,47893
2021-03-09 09:15:00+05:30,99.6,101.3,99.6,100.65,111712
2021-03-09 10:15:00+05:30,100.65,101.6,100.2,100.8,106689
2021-03-09 11:15:00+05:30,100.8,102.4,100.7,102.0,145555
2021-03-09 12:15:00+05:30,102.0,102.55,100.65,100.8,118318
2021-03-09 13:15:00+05:30,100.8,101.2,100.0,100.9,131850
2021-03-09 14:15:00+05:30,100.9,101.8,100.3,101.6,72919
2021-03-09 15:15:00+05:30,101.6,102.0,101.5,101.5,59651
2021-03-10 09:15:00+05:30,103.0,104.15,101.8,102.55,110490
2021-03-10 10:15:00+05:30,102.55,104.0,102.3,103.7,127787
2021-03-10 11:15:00+05:30,103.7,103.9,102.7,103.0,26163
2021-03-10 12:15:00+05:30,103.0,103.25,102.75,103.2,22162
2021-03-10 13:15:00+05:30,103.2,103.4,102.85,103.05,21353
2021-03-10 14:15:00+05:30,103.05,103.75,102.95,103.65,61902
2021-03-10 15:15:00+05:30,103.7,103.7,102.95,103.5,53933
2021-03-12 09:15:00+05:30,103.9,105.15,103.3,103.5,145062
2021-03-12 10:15:00+05:30,103.5,103.65,102.25,102.9,44532
2021-03-12 11:15:00+05:30,103.05,103.5,102.3,102.3,42125
2021-03-12 12:15:00+05:30,102.3,102.5,101.45,101.9,39301
2021-03-12 13:15:00+05:30,101.7,101.8,100.7,100.95,38062
2021-03-12 14:15:00+05:30,100.95,101.1,99.4,100.5,114999
2021-03-12 15:15:00+05:30,100.5,100.6,100.0,100.6,34119
2021-03-15 09:15:00+05:30,100.0,100.8,97.75,98.45,129444
2021-03-15 10:15:00+05:30,98.3,98.6,96.7,97.2,106657
2021-03-15 11:15:00+05:30,97.2,98.55,97.2,97.8,119932
2021-03-15 12:15:00+05:30,97.8,98.2,97.2,98.1,52021
2021-03-15 13:15:00+05:30,98.1,98.45,98.0,98.15,38991
2021-03-15 14:15:00+05:30,98.15,99.5,97.95,99.0,133438
2021-03-15 15:15:00+05:30,99.05,99.45,99.0,99.0,18144
2021-03-16 09:15:00+05:30,99.7,100.5,98.35,98.8,101896
2021-03-16 10:15:00+05:30,98.8,99.3,98.7,99.2,18531
2021-03-16 11:15:00+05:30,99.3,99.3,98.55,98.9,18639
2021-03-16 12:15:00+05:30,98.9,100.4,98.55,99.0,151878
2021-03-16 13:15:00+05:30,99.0,99.25,98.3,98.85,49171
2021-03-16 14:15:00+05:30,98.85,99.15,98.05,98.5,28752
2021-03-16 15:15:00+05:30,98.5,98.8,98.1,98.3,27033
2021-03-17 09:15:00+05:30,98.9,99.0,98.2,98.35,43226
2021-03-17 10:15:00+05:30,98.35,98.75,98.1,98.15,28790
2021-03-17 11:15:00+05:30,98.15,99.3,98.15,98.4,75848
2021-03-17 12:15:00+05:30,98.5,100.55,98.2,100.05,189507
2021-03-17 13:15:00+05:30,100.05,100.85,99.5,100.0,211129
2021-03-17 14:15:00+05:30,100.0,100.3,97.1,97.3,169922
2021-03-17 15:15:00+05:30,97.3,97.9,96.5,97.85,54683
2021-03-18 09:15:00+05:30,98.05,99.25,96.85,97.2,95251
2021-03-18 10:15:00+05:30,97.5,98.95,97.1,97.45,161980
2021-03-18 11:15:00+05:30,97.5,98.4,96.95,98.2,147443
2021-03-18 12:15:00+05:30,98.35,98.8,97.8,98.05,64368
2021-03-18 13:15:00+05:30,98.05,98.7,95.15,95.25,199020
2021-03-18 14:15:00+05:30,95.25,96.9,95.1,96.9,126103
2021-03-18 15:15:00+05:30,96.9,97.25,96.0,97.0,37310
2021-03-19 09:15:00+05:30,95.0,95.8,89.8,92.35,273820
2021-03-19 10:15:00+05:30,92.35,92.95,91.4,92.9,82526
2021-03-19 11:15:00+05:30,92.9,92.9,92.3,92.5,41594
2021-03-19 12:15:00+05:30,92.5,93.7,92.15,93.2,275779
2021-03-19 13:15:00+05:30,93.2,94.0,93.2,94.0,41664
2021-03-19 14:15:00+05:30,94.0,95.0,93.65,94.4,58894
2021-03-19 15:15:00+05:30,94.4,94.55,93.5,94.0,49181
2021-03-22 09:15:00+05:30,94.9,95.9,94.0,94.9,99884
2021-03-22 10:15:00+05:30,94.9,94.9,94.2,94.8,23039
2021-03-22 11:15:00+05:30,94.8,98.0,94.65,97.7,116301
2021-03-22 12:15:00+05:30,97.7,98.2,96.35,97.1,70731
2021-03-22 13:15:00+05:30,97.1,98.2,96.65,97.5,159573
2021-03-22 14:15:00+05:30,97.5,98.2,97.05,98.2,45487
2021-03-22 15:15:00+05:30,98.2,99.4,98.05,98.3,46374
2021-03-23 09:15:00+05:30,98.4,99.05,96.35,96.8,126193
2021-03-23 10:15:00+05:30,96.8,97.0,96.2,96.35,60863
2021-03-23 11:15:00+05:30,96.35,97.45,95.3,97.25,184183
2021-03-23 12:15:00+05:30,97.25,97.5,96.8,97.4,26619
2021-03-23 13:15:00+05:30,97.4,98.2,97.4,98.0,129378
2021-03-23 14:15:00+05:30,98.0,98.3,97.95,98.05,104337
2021-03-23 15:15:00+05:30,98.1,98.1,98.0,98.05,36016
2021-03-24 09:15:00+05:30,98.0,98.0,96.8,97.0,44358
2021-03-24 10:15:00+05:30,97.0,97.0,96.5,96.65,28116
2021-03-24 11:15:00+05:30,96.65,97.7,96.6,97.5,269885
2021-03-24 12:15:00+05:30,97.5,97.6,97.3,97.35,15032
2021-03-24 13:15:00+05:30,97.35,97.6,96.7,97.35,80275
2021-03-24 14:15:00+05:30,97.35,97.45,96.5,96.65,40179
2021-03-24 15:15:00+05:30,96.6,96.65,95.0,95.4,40546
2021-03-25 09:15:00+05:30,95.95,95.95,93.35,93.8,151456
2021-03-25 10:15:00+05:30,93.8,94.0,92.9,94.0,146921
2021-03-25 11:15:00+05:30,94.0,94.7,92.8,92.95,191909
2021-03-25 12:15:00+05:30,92.95,95.5,92.9,93.3,146988
2021-03-25 13:15:00+05:30,93.3,94.85,93.3,94.5,28279
2021-03-25 14:15:00+05:30,94.5,94.75,93.2,93.5,39249
2021-03-25 15:15:00+05:30,93.45,93.6,91.65,92.4,61675
2021-03-26 09:15:00+05:30,93.9,95.25,93.0,93.7,77219
2021-03-26 10:15:00+05:30,93.7,95.5,93.5,95.2,61746
2021-03-26 11:15:00+05:30,95.2,95.8,95.0,95.3,29391
2021-03-26 12:15:00+05:30,95.25,95.4,95.05,95.2,9084
2021-03-26 13:15:00+05:30,95.2,95.55,95.0,95.2,40030
2021-03-26 14:15:00+05:30,95.2,95.2,94.95,95.05,69928
2021-03-26 15:15:00+05:30,95.05,95.7,95.0,95.0,25909
2021-03-30 09:15:00+05:30,97.9,97.9,91.6,96.55,89303
2021-03-30 10:15:00+05:30,96.55,99.0,96.0,98.5,126865
2021-03-30 11:15:00+05:30,98.5,98.75,98.05,98.15,70440
2021-03-30 12:15:00+05:30,98.15,98.45,97.95,98.1,62412
2021-03-30 13:15:00+05:30,98.1,98.8,97.9,98.45,56853
2021-03-30 14:15:00+05:30,98.45,98.8,97.9,98.8,62875
2021-03-30 15:15:00+05:30,98.8,99.25,98.15,98.75,46396
2021-03-31 09:15:00+05:30,100.0,101.9,97.85,100.65,236133
2021-03-31 10:15:00+05:30,100.65,100.9,99.3,100.8,129434
2021-03-31 11:15:00+05:30,100.8,101.0,100.25,101.0,54600
2021-03-31 12:15:00+05:30,101.0,101.75,100.8,101.25,102798
2021-03-31 13:15:00+05:30,101.25,101.25,100.9,101.1,30516
2021-03-31 14:15:00+05:30,101.1,101.2,100.8,101.0,100572
2021-03-31 15:15:00+05:30,101.0,101.25,98.5,99.9,216652
2021-04-01 09:15:00+05:30,100.9,101.85,100.55,101.05,94137
2021-04-01 10:15:00+05:30,101.05,101.4,100.85,101.0,24927
2021-04-01 11:15:00+05:30,101.0,101.4,101.0,101.1,28223
2021-04-01 12:15:00+05:30,101.1,102.45,100.9,101.7,171095
2021-04-01 13:15:00+05:30,101.7,102.0,100.75,101.15,70539
2021-04-01 14:15:00+05:30,101.15,102.05,101.0,101.3,47661
2021-04-01 15:15:00+05:30,101.3,102.2,101.0,101.6,37896
2021-04-05 09:15:00+05:30,101.3,101.3,97.55,98.55,149618
2021-04-05 10:15:00+05:30,98.55,98.9,97.4,97.9,48816
2021-04-05 11:15:00+05:30,97.9,99.65,97.75,99.2,71065
2021-04-05 12:15:00+05:30,99.2,100.5,98.05,99.45,206888
2021-04-05 13:15:00+05:30,99.45,100.0,99.2,99.5,19699
2021-04-05 14:15:00+05:30,99.5,99.75,98.25,98.4,50753
2021-04-05 15:15:00+05:30,98.45,99.4,98.35,99.4,15427
2021-04-06 09:15:00+05:30,99.6,100.7,98.4,99.75,71849
2021-04-06 10:15:00+05:30,99.75,101.45,99.6,101.1,60588
2021-04-06 11:15:00+05:30,101.1,101.8,100.95,101.25,68366
2021-04-06 12:15:00+05:30,101.25,101.25,100.9,101.1,45191
2021-04-06 13:15:00+05:30,101.1,101.25,100.85,100.9,153010
2021-04-06 14:15:00+05:30,100.9,101.45,100.5,101.25,90809
2021-04-06 15:15:00+05:30,101.2,101.7,100.25,100.9,41403
2021-04-07 09:15:00+05:30,100.85,101.25,100.05,100.1,54988
2021-04-07 10:15:00+05:30,100.1,102.55,100.1,102.05,185387
2021-04-07 11:15:00+05:30,102.05,103.35,102.05,102.4,148284
2021-04-07 12:15:00+05:30,102.4,103.0,102.25,102.4,48415
2021-04-07 13:15:00+05:30,102.4,102.5,101.15,102.0,47740
2021-04-07 14:15:00+05:30,102.0,102.0,100.5,100.55,62954
2021-04-07 15:15:00+05:30,100.55,100.55,100.0,100.4,41188
2021-04-08 09:15:00+05:30,101.45,102.65,101.05,101.7,77622
2021-04-08 10:15:00+05:30,101.7,105.0,101.7,103.4,386419
2021-04-08 11:15:00+05:30,103.4,103.45,102.2,102.4,115304
2021-04-08 12:15:00+05:30,102.4,102.85,102.2,102.4,53452
2021-04-08 13:15:00+05:30,102.4,102.95,102.0,102.7,136647
2021-04-08 14:15:00+05:30,102.7,102.7,101.9,102.0,82517
2021-04-08 15:15:00+05:30,102.0,102.45,101.8,102.2,50360
2021-04-09 09:15:00+05:30,101.9,102.8,101.25,102.45,72126
2021-04-09 10:15:00+05:30,102.45,104.2,101.8,103.0,118937
2021-04-09 11:15:00+05:30,103.0,103.35,102.6,102.85,24770
2021-04-09 12:15:00+05:30,102.85,103.3,102.2,103.05,137942
2021-04-09 13:15:00+05:30,103.05,103.2,102.2,102.4,76969
2021-04-09 14:15:00+05:30,102.4,103.0,102.05,102.5,52900
2021-04-09 15:15:00+05:30,102.45,102.65,101.7,101.75,32297
2021-04-12 09:15:00+05:30,100.0,100.9,94.05,96.7,214384
2021-04-12 10:15:00+05:30,96.7,96.7,94.9,95.15,53826
2021-04-12 11:15:00+05:30,95.15,95.4,92.2,92.5,73560
2021-04-12 12:15:00+05:30,92.5,95.2,92.45,95.0,61536
2021-04-12 13:15:00+05:30,95.0,95.55,94.8,95.35,64738
2021-04-12 14:15:00+05:30,95.35,95.35,93.6,94.4,55394
2021-04-12 15:15:00+05:30,94.4,95.0,93.0,93.9,44666
2021-04-13 09:15:00+05:30,94.9,97.75,94.5,97.15,66856
2021-04-13 10:15:00+05:30,97.15,97.2,94.9,96.25,78801
2021-04-13 11:15:00+05:30,96.25,96.35,95.2,95.5,37266
2021-04-13 12:15:00+05:30,95.45,96.6,95.25,95.75,20836
2021-04-13 13:15:00+05:30,95.75,96.95,95.5,96.4,26641
2021-04-13 14:15:00+05:30,96.4,97.0,95.9,96.9,20959
2021-04-13 15:15:00+05:30,96.9,97.4,96.55,97.35,9991
2021-04-15 09:15:00+05:30,94.9,96.45,94.45,94.65,40623
2021-04-15 10:15:00+05:30,94.65,94.8,93.7,94.35,33120
2021-04-15 11:15:00+05:30,94.35,96.6,94.2,96.45,58597
2021-04-15 12:15:00+05:30,96.45,96.75,96.0,96.15,13923
2021-04-15 13:15:00+05:30,96.15,96.6,95.95,96.35,27330
2021-04-15 14:15:00+05:30,96.35,96.55,95.95,96.25,36930
2021-04-15 15:15:00+05:30,96.2,96.6,95.95,96.15,18895
2021-04-16 09:15:00+05:30,96.25,98.8,96.05,98.25,143797
2021-04-16 10:15:00+05:30,98.0,98.25,97.2,97.2,28767
2021-04-16 11:15:00+05:30,97.25,97.55,95.85,96.0,47255
2021-04-16 12:15:00+05:30,96.0,96.0,95.3,95.9,42161
2021-04-16 13:15:00+05:30,95.9,96.2,94.3,94.85,74538
2021-04-16 14:15:00+05:30,94.85,96.4,94.5,96.1,79946
2021-04-16 15:15:00+05:30,96.2,96.9,96.2,96.5,33167
2021-04-19 09:15:00+05:30,93.1,94.95,91.35,93.05,90311
2021-04-19 10:15:00+05:30,93.05,93.45,92.6,93.25,25952
2021-04-19 11:15:00+05:30,93.25,93.4,92.5,92.7,18799
2021-04-19 12:15:00+05:30,92.7,93.2,91.35,93.15,106385
2021-04-19 13:15:00+05:30,93.15,94.35,93.0,94.25,55288
2021-04-19 14:15:00+05:30,94.25,94.5,94.0,94.2,35306
2021-04-19 15:15:00+05:30,94.15,94.7,94.0,94.05,18882
2021-04-20 09:15:00+05:30,97.45,97.45,94.8,95.15,38634
2021-04-20 10:15:00+05:30,95.15,95.4,95.05,95.05,12283
2021-04-20 11:15:00+05:30,95.05,96.25,94.35,96.0,75255
2021-04-20 12:15:00+05:30,96.0,96.2,95.5,96.1,41954
2021-04-20 13:15:00+05:30,96.1,96.3,95.85,96.05,24586
2021-04-20 14:15:00+05:30,96.05,96.2,95.5,96.2,74498
2021-04-20 15:15:00+05:30,96.2,96.3,95.9,96.25,16565
2021-04-22 09:15:00+05:30,95.5,95.85,93.95,95.0,26011
2021-04-22 10:15:00+05:30,95.0,95.25,94.65,94.7,8754
2021-04-22 11:15:00+05:30,94.7,96.45,94.6,96.0,43066
2021-04-22 12:15:00+05:30,96.0,96.2,95.45,95.85,32192
2021-04-22 13:15:00+05:30,95.85,96.2,95.5,96.05,18767
2021-04-22 14:15:00+05:30,96.05,96.4,96.0,96.05,15509
2021-04-22 15:15:00+05:30,96.05,97.0,96.0,96.6,13613
2021-04-23 09:15:00+05:30,96.9,96.9,95.1,95.5,39401
2021-04-23 10:15:00+05:30,95.5,96.1,95.5,96.0,23871
2021-04-23 11:15:00+05:30,96.0,96.2,95.6,95.6,21306
2021-04-23 12:15:00+05:30,95.6,95.6,95.1,95.25,24490
2021-04-23 13:15:00+05:30,95.25,95.5,94.65,94.85,17212
2021-04-23 14:15:00+05:30,94.8,96.4,94.2,96.35,153709
2021-04-23 15:15:00+05:30,96.35,97.2,95.3,95.3,36749
2021-04-26 09:15:00+05:30,97.05,97.9,95.8,95.9,57479
2021-04-26 10:15:00+05:30,95.9,96.55,95.55,95.9,14627
2021-04-26 11:15:00+05:30,95.9,97.35,95.6,97.1,51727
2021-04-26 12:15:00+05:30,97.1,97.5,96.55,97.0,39991
2021-04-26 13:15:00+05:30,97.0,97.3,96.05,97.0,60860
2021-04-26 14:15:00+05:30,97.0,97.25,96.55,97.1,29937
2021-04-26 15:15:00+05:30,97.1,97.2,97.0,97.0,23904
2021-04-27 09:15:00+05:30,96.5,97.7,96.5,97.3,35462
2021-04-27 10:15:00+05:30,97.4,98.9,97.0,98.1,73384
2021-04-27 11:15:00+05:30,98.1,98.15,97.6,97.95,44698
2021-04-27 12:15:00+05:30,97.95,98.4,97.85,98.0,28406
2021-04-27 13:15:00+05:30,98.0,98.15,97.75,97.95,12208
2021-04-27 14:15:00+05:30,97.95,98.4,97.7,98.15,40376
2021-04-27 15:15:00+05:30,98.15,98.6,98.0,98.0,32805
2021-04-28 09:15:00+05:30,98.9,100.4,98.35,99.7,105150
2021-04-28 10:15:00+05:30,99.85,104.7,99.45,102.4,548883
2021-04-28 11:15:00+05:30,102.4,102.5,101.35,102.1,148035
2021-04-28 12:15:00+05:30,102.1,103.15,101.9,102.75,257697
2021-04-28 13:15:00+05:30,102.75,102.8,102.3,102.35,49679
2021-04-28 14:15:00+05:30,102.35,102.65,101.75,102.0,81822
2021-04-28 15:15:00+05:30,102.0,102.65,102.0,102.65,65699
2021-04-29 09:15:00+05:30,103.0,103.55,99.55,100.75,119636
2021-04-29 10:15:00+05:30,100.75,101.0,99.65,100.0,34518
2021-04-29 11:15:00+05:30,100.1,100.6,99.8,100.1,26422
2021-04-29 12:15:00+05:30,100.1,101.8,100.0,101.05,36943
2021-04-29 13:15:00+05:30,101.05,101.25,99.85,100.85,44339
2021-04-29 14:15:00+05:30,100.85,101.4,100.35,100.75,42581
2021-04-29 15:15:00+05:30,100.75,100.8,99.75,99.75,27343
2021-04-30 09:15:00+05:30,99.3,100.4,98.1,99.8,49799
2021-04-30 10:15:00+05:30,99.8,99.8,98.55,99.2,33402
2021-04-30 11:15:00+05:30,99.2,100.7,98.8,100.7,43895
2021-04-30 12:15:00+05:30,100.7,101.6,100.35,101.15,145751
2021-04-30 13:15:00+05:30,101.15,101.4,100.75,100.9,102726
2021-04-30 14:15:00+05:30,100.9,101.95,100.9,101.35,79327
2021-04-30 15:15:00+05:30,101.25,101.6,101.0,101.0,32396
2021-05-03 09:15:00+05:30,100.9,101.0,99.85,100.35,44181
2021-05-03 10:15:00+05:30,100.35,100.35,99.6,99.8,17444
2021-05-03 11:15:00+05:30,99.6,101.5,99.2,101.15,72579
2021-05-03 12:15:00+05:30,101.15,101.55,100.9,101.2,37736
2021-05-03 13:15:00+05:30,101.2,101.25,100.8,100.95,60272
2021-05-03 14:15:00+05:30,100.95,101.45,100.85,101.1,39735
2021-05-03 15:15:00+05:30,101.1,101.25,101.0,101.0,15309
2021-05-04 09:15:00+05:30,102.0,102.45,100.5,100.5,40548
2021-05-04 10:15:00+05:30,100.5,101.5,100.3,100.85,45188
2021-05-04 11:15:00+05:30,100.85,101.1,100.65,101.0,13150
2021-05-04 12:15:00+05:30,101.0,101.0,100.2,100.5,25686
2021-05-04 13:15:00+05:30,100.5,103.95,100.5,103.0,288875
2021-05-04 14:15:00+05:30,103.1,103.35,102.0,102.75,257157
2021-05-04 15:15:00+05:30,102.75,102.8,102.5,102.65,34217
2021-05-05 09:15:00+05:30,103.0,103.35,101.25,101.55,59210
2021-05-05 10:15:00+05:30,101.55,101.8,100.15,100.2,67891
2021-05-05 11:15:00+05:30,100.2,100.7,99.5,100.6,70581
2021-05-05 12:15:00+05:30,100.6,102.2,100.1,101.65,73469
2021-05-05 13:15:00+05:30,101.65,101.8,100.9,101.35,21748
2021-05-05 14:15:00+05:30,101.35,103.0,101.0,102.9,177560
2021-05-05 15:15:00+05:30,102.9,103.25,102.25,103.2,94524
2021-05-06 09:15:00+05:30,103.4,103.8,102.05,102.55,68059
2021-05-06 10:15:00+05:30,102.55,102.7,101.75,101.9,40120
2021-05-06 11:15:00+05:30,101.9,103.55,101.9,103.5,95639
2021-05-06 12:15:00+05:30,103.5,107.7,103.5,105.85,498169
2021-05-06 13:15:00+05:30,105.85,106.0,104.8,105.8,169364
2021-05-06 14:15:00+05:30,105.8,108.75,105.75,107.6,520354
2021-05-06 15:15:00+05:30,107.6,109.0,107.6,108.75,324048
2021-05-07 09:15:00+05:30,111.4,113.7,110.3,111.1,1178348
2021-05-07 10:15:00+05:30,111.1,111.95,110.2,111.6,423446
2021-05-07 11:15:00+05:30,111.6,111.9,110.7,111.0,167055
2021-05-07 12:15:00+05:30,110.95,111.5,110.5,110.8,94975
2021-05-07 13:15:00+05:30,110.8,111.5,110.5,111.2,102380
2021-05-07 14:15:00+05:30,111.2,111.9,108.75,109.6,349604
2021-05-07 15:15:00+05:30,109.6,109.6,108.0,108.45,171349
2021-05-10 09:15:00+05:30,109.95,111.7,109.25,110.75,301468
2021-05-10 10:15:00+05:30,110.75,111.0,109.95,110.05,76144
2021-05-10 11:15:00+05:30,110.25,110.9,109.95,110.35,73106
2021-05-10 12:15:00+05:30,110.35,110.65,110.0,110.45,58305
2021-05-10 13:15:00+05:30,110.25,110.5,109.95,110.1,53585
2021-05-10 14:15:00+05:30,110.1,110.1,108.35,108.35,148860
2021-05-10 15:15:00+05:30,108.35,109.9,107.15,108.4,141257
2021-05-11 09:15:00+05:30,107.1,108.8,107.1,107.6,109022
2021-05-11 10:15:00+05:30,107.6,108.75,107.35,107.55,60241
2021-05-11 11:15:00+05:30,107.55,107.85,107.3,107.55,23251
2021-05-11 12:15:00+05:30,107.55,107.8,107.1,107.3,50868
2021-05-11 13:15:00+05:30,107.3,107.5,107.1,107.2,18357
2021-05-11 14:15:00+05:30,107.25,107.45,106.5,106.5,64792
2021-05-11 15:15:00+05:30,106.5,107.05,106.15,106.8,46190
2021-05-12 09:15:00+05:30,107.7,108.2,106.55,106.9,91057
2021-05-12 10:15:00+05:30,106.9,107.2,105.4,105.7,68993
2021-05-12 11:15:00+05:30,105.7,106.5,105.3,106.3,40071
2021-05-12 12:15:00+05:30,106.3,106.65,105.65,105.75,44010
2021-05-12 13:15:00+05:30,105.75,106.0,105.1,105.25,37944
2021-05-12 14:15:00+05:30,105.25,105.75,103.3,103.4,126339
2021-05-12 15:15:00+05:30,103.5,104.0,103.1,103.9,46862
2021-05-14 09:15:00+05:30,103.75,108.5,103.75,107.55,319571
2021-05-14 10:15:00+05:30,107.55,107.75,105.85,106.4,107767
2021-05-14 11:15:00+05:30,106.4,106.8,105.4,105.75,76275
2021-05-14 12:15:00+05:30,105.75,106.3,105.55,105.95,53495
2021-05-14 13:15:00+05:30,105.95,106.5,105.4,105.8,70711
2021-05-14 14:15:00+05:30,105.85,106.15,103.8,104.25,152919
2021-05-14 15:15:00+05:30,104.25,105.15,103.85,104.75,57416
2021-05-17 09:15:00+05:30,106.15,106.5,104.35,106.3,98460
2021-05-17 10:15:00+05:30,106.3,106.45,105.6,106.0,56329
2021-05-17 11:15:00+05:30,106.0,106.3,105.65,106.1,24309
2021-05-17 12:15:00+05:30,106.1,108.25,106.1,107.45,214391
2021-05-17 13:15:00+05:30,107.45,107.9,107.25,107.3,55051
2021-05-17 14:15:00+05:30,107.3,107.7,107.0,107.2,79149
2021-05-17 15:15:00+05:30,107.2,108.4,107.05,108.3,83189
2021-05-18 09:15:00+05:30,108.5,109.5,107.75,108.65,129565
2021-05-18 10:15:00+05:30,108.65,108.9,107.65,108.55,56002
2021-05-18 11:15:00+05:30,108.55,110.9,108.5,110.25,193299
2021-05-18 12:15:00+05:30,110.25,110.5,109.35,109.65,63189
2021-05-18 13:15:00+05:30,109.65,110.4,109.35,109.65,74201
2021-05-18 14:15:00+05:30,109.65,110.75,109.6,110.4,115347
2021-05-18 15:15:00+05:30,110.4,111.8,110.2,111.0,214625
2021-05-19 09:15:00+05:30,114.65,117.8,113.25,113.9,2531210
2021-05-19 10:15:00+05:30,113.9,115.3,112.8,114.05,682733
2021-05-19 11:15:00+05:30,114.05,114.8,113.75,114.0,160686
2021-05-19 12:15:00+05:30,114.0,114.2,113.5,113.65,122722
2021-05-19 13:15:00+05:30,113.65,114.4,113.1,114.3,203075
2021-05-19 14:15:00+05:30,114.3,114.55,112.85,113.0,313919
2021-05-19 15:15:00+05:30,112.9,113.5,111.0,111.8,292847
2021-05-20 09:15:00+05:30,112.55,113.6,110.8,112.85,258407
2021-05-20 10:15:00+05:30,112.85,113.75,112.45,112.7,86203
2021-05-20 11:15:00+05:30,112.7,113.0,112.45,112.8,39124
2021-05-20 12:15:00+05:30,112.8,112.9,112.4,112.7,27570
2021-05-20 13:15:00+05:30,112.65,112.85,112.4,112.55,34504
2021-05-20 14:15:00+05:30,112.55,112.7,112.25,112.35,61299
2021-05-20 15:15:00+05:30,112.35,113.75,112.3,112.6,63391
2021-05-21 09:15:00+05:30,114.7,114.9,113.4,113.9,154562
2021-05-21 10:15:00+05:30,113.9,113.9,113.0,113.05,45798
2021-05-21 11:15:00+05:30,113.05,113.55,112.5,113.5,67847
2021-05-21 12:15:00+05:30,113.5,113.5,112.55,112.8,33544
2021-05-21 13:15:00+05:30,112.8,113.2,112.3,112.85,22776
2021-05-21 14:15:00+05:30,112.85,112.95,110.35,110.5,106434
2021-05-21 15:15:00+05:30,110.7,110.7,109.5,110.55,67120
2021-05-24 09:15:00+05:30,110.4,113.7,110.0,112.3,227969
2021-05-24 10:15:00+05:30,112.3,114.7,112.3,112.95,120422
2021-05-24 11:15:00+05:30,112.95,114.35,112.15,113.85,82047
2021-05-24 12:15:00+05:30,113.8,114.2,112.9,113.25,57722
2021-05-24 13:15:00+05:30,113.25,113.5,112.7,113.0,54780
2021-05-24 14:15:00+05:30,113.0,113.45,112.6,112.8,50818
2021-05-24 15:15:00+05:30,112.8,113.05,111.65,112.5,45228
2021-05-25 09:15:00+05:30,113.0,115.9,112.7,114.8,232628
2021-05-25 10:15:00+05:30,114.8,115.0,113.75,114.0,77315
2021-05-25 11:15:00+05:30,114.0,114.65,113.55,114.4,65889
2021-05-25 12:15:00+05:30,114.4,114.5,113.5,113.6,24058
2021-05-25 13:15:00+05:30,113.75,113.9,113.05,113.15,50179
2021-05-25 14:15:00+05:30,113.15,113.35,112.4,112.75,56708
2021-05-25 15:15:00+05:30,112.75,112.95,112.2,112.85,47778
2021-05-26 09:15:00+05:30,112.65,114.2,112.6,113.4,90448
2021-05-26 10:15:00+05:30,113.4,113.5,112.95,113.0,24541
2021-05-26 11:15:00+05:30,113.15,113.5,112.85,113.0,16471
2021-05-26 12:15:00+05:30,113.0,113.15,112.3,112.45,18604
2021-05-26 13:15:00+05:30,112.45,113.0,112.3,112.9,62231
2021-05-26 14:15:00+05:30,112.9,113.05,110.3,111.35,90270
2021-05-26 15:15:00+05:30,111.35,111.5,110.15,111.0,46179
2021-05-27 09:15:00+05:30,111.65,112.3,111.4,111.9,54100
2021-05-27 10:15:00+05:30,111.9,113.95,111.65,112.9,112542
2021-05-27 11:15:00+05:30,112.9,113.1,112.4,112.85,33101
2021-05-27 12:15:00+05:30,112.85,112.95,112.35,112.65,9044
2021-05-27 13:15:00+05:30,112.65,114.45,112.65,114.0,274129
2021-05-27 14:15:00+05:30,114.0,114.25,113.55,113.8,198194
2021-05-27 15:15:00+05:30,113.8,114.15,113.1,113.8,44208
2021-05-28 09:15:00+05:30,115.0,116.0,113.05,113.7,143648
2021-05-28 10:15:00+05:30,113.7,113.85,113.35,113.5,39408
2021-05-28 11:15:00+05:30,113.6,113.7,113.35,113.55,24780
2021-05-28 12:15:00+05:30,113.55,113.7,113.5,113.5,16894
2021-05-28 13:15:00+05:30,113.65,113.85,113.5,113.75,25340
2021-05-28 14:15:00+05:30,113.75,114.5,113.35,113.5,444498
2021-05-28 15:15:00+05:30,113.5,114.0,113.0,113.25,78970
2021-05-31 09:15:00+05:30,114.5,119.0,113.55,117.9,756261
2021-05-31 10:15:00+05:30,117.9,118.95,117.55,118.55,316614
2021-05-31 11:15:00+05:30,118.55,119.85,117.9,118.35,310771
2021-05-31 12:15:00+05:30,118.35,118.6,117.35,118.6,103055
2021-05-31 13:15:00+05:30,118.6,118.6,117.95,118.5,118339
2021-05-31 14:15:00+05:30,118.5,129.5,118.5,126.45,6549847
2021-05-31 15:15:00+05:30,126.4,126.5,124.25,126.1,757522
2021-06-01 09:15:00+05:30,127.0,127.65,121.45,121.8,925643
2021-06-01 10:15:00+05:30,121.8,122.8,119.35,119.95,354555
2021-06-01 11:15:00+05:30,120.0,121.1,119.05,120.5,249683
2021-06-01 12:15:00+05:30,120.55,122.95,120.25,122.0,180090
2021-06-01 13:15:00+05:30,122.0,122.7,121.9,122.1,89528
2021-06-01 14:15:00+05:30,122.1,127.25,122.0,127.05,634104
2021-06-01 15:15:00+05:30,126.95,127.1,125.5,125.5,193909
2021-06-02 09:15:00+05:30,123.7,129.0,123.45,127.6,613715
2021-06-02 10:15:00+05:30,127.6,128.2,127.0,127.9,110685
2021-06-02 11:15:00+05:30,127.9,129.8,126.7,128.95,260776
2021-06-02 12:15:00+05:30,128.95,129.7,128.2,128.6,221725
2021-06-02 13:15:00+05:30,128.6,129.25,128.5,128.6,141452
2021-06-02 14:15:00+05:30,128.6,128.65,126.55,128.0,292799
2021-06-02 15:15:00+05:30,127.85,128.65,127.1,128.25,187668
2021-06-03 09:15:00+05:30,126.6,128.9,125.55,127.5,523922
2021-06-03 10:15:00+05:30,127.35,131.5,126.45,129.8,511175
2021-06-03 11:15:00+05:30,129.8,133.4,128.15,133.0,464104
2021-06-03 12:15:00+05:30,132.85,134.9,131.6,133.25,605888
2021-06-03 13:15:00+05:30,133.25,134.35,132.6,133.15,279876
2021-06-03 14:15:00+05:30,133.15,138.9,133.1,135.4,1074129
2021-06-03 15:15:00+05:30,135.55,135.55,132.6,133.75,428881
2021-06-04 09:15:00+05:30,134.5,136.45,132.2,133.75,454121
2021-06-04 10:15:00+05:30,133.75,134.0,133.3,133.65,76711
2021-06-04 11:15:00+05:30,133.65,134.7,132.75,133.95,96548
2021-06-04 12:15:00+05:30,133.95,134.95,133.75,133.8,75697
2021-06-04 13:15:00+05:30,133.8,134.0,132.7,134.0,84537
2021-06-04 14:15:00+05:30,134.0,134.0,132.75,133.15,140741
2021-06-04 15:15:00+05:30,133.15,134.0,132.1,133.95,136148
2021-06-07 09:15:00+05:30,133.85,134.3,132.25,134.0,169800
2021-06-07 10:15:00+05:30,133.85,135.55,133.7,135.4,312956
2021-06-07 11:15:00+05:30,135.4,136.45,134.6,135.55,154047
2021-06-07 12:15:00+05:30,135.55,135.9,135.0,135.4,193797
2021-06-07 13:15:00+05:30,135.4,135.7,135.0,135.6,196896
2021-06-07 14:15:00+05:30,135.4,135.6,133.35,133.75,124020
2021-06-07 15:15:00+05:30,133.55,137.2,133.5,137.0,251429
2021-06-08 09:15:00+05:30,135.4,136.2,134.05,135.85,438403
2021-06-08 10:15:00+05:30,135.85,140.8,134.85,138.7,324494
2021-06-08 11:15:00+05:30,138.7,140.75,138.35,140.0,203550
2021-06-08 12:15:00+05:30,140.0,141.95,138.2,139.75,1708577
2021-06-08 13:15:00+05:30,139.75,139.75,136.6,137.35,318304
2021-06-08 14:15:00+05:30,137.35,137.6,135.0,135.65,376708
2021-06-08 15:15:00+05:30,135.65,136.65,135.5,135.85,96684
2021-06-09 09:15:00+05:30,137.7,137.95,136.25,136.9,119908
2021-06-09 10:15:00+05:30,136.9,137.2,135.6,136.45,50649
2021-06-09 11:15:00+05:30,136.45,138.0,136.4,136.8,106198
2021-06-09 12:15:00+05:30,136.8,136.95,136.0,136.0,73420
2021-06-09 13:15:00+05:30,136.0,136.25,132.25,135.05,164110
2021-06-09 14:15:00+05:30,135.05,135.4,132.45,134.15,108822
2021-06-09 15:15:00+05:30,134.15,135.0,132.0,133.0,67775
2021-06-10 09:15:00+05:30,134.7,139.3,134.7,137.8,254312
2021-06-10 10:15:00+05:30,137.75,138.4,137.3,138.25,87943
2021-06-10 11:15:00+05:30,138.1,138.6,137.5,138.4,80357
2021-06-10 12:15:00+05:30,138.4,138.7,137.65,138.1,66303
2021-06-10 13:15:00+05:30,138.1,138.3,137.65,137.7,32855
2021-06-10 14:15:00+05:30,137.7,137.8,137.25,137.5,74083
2021-06-10 15:15:00+05:30,137.6,138.0,137.5,137.75,51537
2021-06-11 09:15:00+05:30,138.9,139.95,137.6,138.6,135533
2021-06-11 10:15:00+05:30,138.6,138.65,138.05,138.5,33890
2021-06-11 11:15:00+05:30,138.35,138.5,136.8,136.85,40821
2021-06-11 12:15:00+05:30,136.85,136.9,135.8,136.7,26566
2021-06-11 13:15:00+05:30,136.7,137.6,136.5,137.4,33287
2021-06-11 14:15:00+05:30,137.4,137.55,136.0,136.65,38611
2021-06-11 15:15:00+05:30,136.65,137.55,136.0,137.15,33700
2021-06-14 09:15:00+05:30,137.55,140.55,136.45,138.2,427023
2021-06-14 10:15:00+05:30,138.15,138.65,137.2,137.8,263491
2021-06-14 11:15:00+05:30,137.8,138.0,136.65,137.5,87059
2021-06-14 12:15:00+05:30,137.5,137.6,136.8,136.85,47796
2021-06-14 13:15:00+05:30,136.85,137.0,136.65,136.9,40720
2021-06-14 14:15:00+05:30,136.9,137.45,136.75,137.3,51869
2021-06-14 15:15:00+05:30,137.3,137.45,136.45,136.8,65651
2021-06-15 09:15:00+05:30,138.4,138.4,135.05,135.45,124782
2021-06-15 10:15:00+05:30,135.7,135.7,134.8,134.8,108570
2021-06-15 11:15:00+05:30,134.8,135.5,134.8,135.15,84695
2021-06-15 12:15:00+05:30,135.15,135.3,135.0,135.25,37929
2021-06-15 13:15:00+05:30,135.25,135.3,134.9,135.15,41644
2021-06-15 14:15:00+05:30,135.15,136.55,134.9,134.9,153601
2021-06-15 15:15:00+05:30,134.9,135.2,134.0,135.0,62290
2021-06-16 09:15:00+05:30,135.9,135.9,133.2,133.5,66783
2021-06-16 10:15:00+05:30,133.5,133.95,132.55,133.85,69131
2021-06-16 11:15:00+05:30,133.85,135.9,133.6,135.0,185600
2021-06-16 12:15:00+05:30,135.0,135.2,133.3,133.8,60762
2021-06-16 13:15:00+05:30,133.8,138.25,133.6,138.0,274970
2021-06-16 14:15:00+05:30,137.75,138.25,135.15,135.45,463489
2021-06-16 15:15:00+05:30,135.45,136.0,135.15,135.65,73930
2021-06-17 09:15:00+05:30,134.3,135.0,133.3,133.65,94510
2021-06-17 10:15:00+05:30,133.6,135.0,133.15,133.35,370856
2021-06-17 11:15:00+05:30,133.35,133.9,132.1,132.85,125508
2021-06-17 12:15:00+05:30,133.0,134.5,132.65,133.5,109619
2021-06-17 13:15:00+05:30,133.5,135.7,133.4,135.0,144411
2021-06-17 14:15:00+05:30,135.0,135.35,133.4,133.85,75424
2021-06-17 15:15:00+05:30,133.85,135.15,133.8,134.6,32557
2021-06-18 09:15:00+05:30,135.3,135.3,126.05,128.2,278748
2021-06-18 10:15:00+05:30,128.2,128.2,126.6,127.85,153608
2021-06-18 11:15:00+05:30,127.85,127.9,127.0,127.4,70878
2021-06-18 12:15:00+05:30,127.4,128.65,127.15,128.05,73644
2021-06-18 13:15:00+05:30,128.05,129.45,128.0,128.55,53442
2021-06-18 14:15:00+05:30,128.55,129.05,128.0,129.05,143476
2021-06-18 15:15:00+05:30,129.05,129.1,128.0,128.3,114403
2021-06-21 09:15:00+05:30,125.25,127.9,125.1,127.55,111227
2021-06-21 10:15:00+05:30,127.55,132.5,127.2,131.45,225712
2021-06-21 11:15:00+05:30,131.45,131.55,129.0,129.7,88583
2021-06-21 12:15:00+05:30,129.7,129.8,129.1,129.8,20435
2021-06-21 13:15:00+05:30,129.8,131.45,129.45,130.4,67457
2021-06-21 14:15:00+05:30,130.4,130.95,129.95,130.0,35815
2021-06-21 15:15:00+05:30,130.0,130.6,129.9,130.6,45839
2021-06-22 09:15:00+05:30,130.05,132.0,129.9,131.5,55056
2021-06-22 10:15:00+05:30,131.5,134.65,131.25,132.5,195210
2021-06-22 11:15:00+05:30,132.5,133.25,132.5,133.0,25473
2021-06-22 12:15:00+05:30,133.0,133.5,132.5,132.5,34577
2021-06-22 13:15:00+05:30,132.5,133.55,132.5,133.0,47524
2021-06-22 14:15:00+05:30,133.0,133.5,132.05,133.0,95238
2021-06-22 15:15:00+05:30,133.0,133.5,132.75,133.5,36307
2021-06-23 09:15:00+05:30,134.3,135.55,133.05,134.1,109696
2021-06-23 10:15:00+05:30,134.1,136.3,133.9,134.0,184878
2021-06-23 11:15:00+05:30,134.0,134.55,131.65,132.85,71736
2021-06-23 12:15:00+05:30,132.85,134.3,132.4,133.9,48235
2021-06-23 13:15:00+05:30,133.9,134.9,133.8,134.0,26028
2021-06-23 14:15:00+05:30,133.95,134.15,128.9,130.3,203003
2021-06-23 15:15:00+05:30,130.3,130.4,129.05,130.0,31355
2021-06-24 09:15:00+05:30,131.85,131.85,129.7,129.8,46905
2021-06-24 10:15:00+05:30,130.0,131.35,129.75,129.75,246686
2021-06-24 11:15:00+05:30,129.75,131.0,129.3,129.3,127582
2021-06-24 12:15:00+05:30,129.3,129.65,128.2,129.05,161522
2021-06-24 13:15:00+05:30,129.05,129.4,129.0,129.0,44761
2021-06-24 14:15:00+05:30,129.2,131.1,128.75,129.65,97836
2021-06-24 15:15:00+05:30,129.65,130.75,129.4,130.75,29836
2021-06-25 09:15:00+05:30,129.9,131.7,129.0,129.85,56384
2021-06-25 10:15:00+05:30,129.85,130.8,129.5,130.6,72292
2021-06-25 11:15:00+05:30,130.6,131.4,130.5,131.15,54830
2021-06-25 12:15:00+05:30,131.15,132.9,131.05,132.0,96318
2021-06-25 13:15:00+05:30,132.0,132.25,131.8,132.0,48962
2021-06-25 14:15:00+05:30,132.0,132.2,129.8,130.35,50342
2021-06-25 15:15:00+05:30,130.35,130.6,129.2,130.0,34175
2021-06-28 09:15:00+05:30,132.0,132.0,130.1,130.35,66819
2021-06-28 10:15:00+05:30,130.35,130.9,130.35,130.5,25749
2021-06-28 11:15:00+05:30,130.5,130.6,129.05,129.15,42310
2021-06-28 12:15:00+05:30,129.05,129.8,128.65,129.35,53450
2021-06-28 13:15:00+05:30,129.35,129.5,128.9,129.0,18459
2021-06-28 14:15:00+05:30,129.0,130.25,128.5,129.8,113593
2021-06-28 15:15:00+05:30,129.8,130.2,129.15,129.65,20669
2021-06-29 09:15:00+05:30,129.75,131.4,129.2,129.6,60425
2021-06-29 10:15:00+05:30,129.6,130.05,129.45,129.55,14966
2021-06-29 11:15:00+05:30,129.55,129.75,129.5,129.5,13481
2021-06-29 12:15:00+05:30,129.5,130.45,129.5,129.75,25342
2021-06-29 13:15:00+05:30,129.75,130.5,129.55,129.6,31934
2021-06-29 14:15:00+05:30,129.55,129.95,129.5,129.7,40161
2021-06-29 15:15:00+05:30,129.7,130.15,129.5,129.65,18220
2021-06-30 09:15:00+05:30,129.7,130.9,129.35,129.8,28386
2021-06-30 10:15:00+05:30,129.8,129.85,129.3,129.7,13712
2021-06-30 11:15:00+05:30,129.7,129.75,129.4,129.7,8127
2021-06-30 12:15:00+05:30,129.7,129.75,129.5,129.55,5418
2021-06-30 13:15:00+05:30,129.55,129.7,128.7,129.0,30924
2021-06-30 14:15:00+05:30,129.0,129.0,128.2,128.25,18947
2021-06-30 15:15:00+05:30,128.25,129.2,127.75,127.8,27210
2021-07-01 09:15:00+05:30,128.0,129.1,127.5,127.6,49333
2021-07-01 10:15:00+05:30,127.6,127.95,126.0,126.6,83949
2021-07-01 11:15:00+05:30,126.7,126.7,126.3,126.4,45138
2021-07-01 12:15:00+05:30,126.4,126.65,126.25,126.6,59648
2021-07-01 13:15:00+05:30,126.75,127.4,126.0,126.0,49609
2021-07-01 14:15:00+05:30,126.0,126.65,126.0,126.1,34648
2021-07-01 15:15:00+05:30,126.1,126.3,125.4,125.45,29703
2021-07-02 09:15:00+05:30,126.2,128.0,126.2,127.0,43789
2021-07-02 10:15:00+05:30,127.0,127.0,125.25,125.75,54641
2021-07-02 11:15:00+05:30,125.75,126.0,125.6,126.0,13109
2021-07-02 12:15:00+05:30,126.0,126.0,125.8,125.85,24242
2021-07-02 13:15:00+05:30,125.85,126.0,125.5,125.7,16868
2021-07-02 14:15:00+05:30,125.75,126.0,125.6,125.75,23545
2021-07-02 15:15:00+05:30,125.75,126.0,125.6,126.0,29130
2021-07-05 09:15:00+05:30,131.7,131.7,128.0,129.4,109056
2021-07-05 10:15:00+05:30,129.3,130.55,129.0,130.05,81793
2021-07-05 11:15:00+05:30,130.05,130.25,129.0,129.35,96244
2021-07-05 12:15:00+05:30,129.35,129.5,128.8,129.15,71578
2021-07-05 13:15:00+05:30,129.15,129.15,128.5,128.65,14860
2021-07-05 14:15:00+05:30,128.6,129.0,128.5,128.85,21442
2021-07-05 15:15:00+05:30,128.85,129.05,128.4,129.05,30523
2021-07-06 09:15:00+05:30,130.95,130.95,129.0,129.0,56536
2021-07-06 10:15:00+05:30,129.0,130.1,129.0,129.05,43705
2021-07-06 11:15:00+05:30,129.05,129.35,128.05,128.2,31858
2021-07-06 12:15:00+05:30,128.2,128.5,128.0,128.25,23472
2021-07-06 13:15:00+05:30,128.25,128.4,127.45,127.65,22219
2021-07-06 14:15:00+05:30,127.65,127.85,126.6,126.65,28195
2021-07-06 15:15:00+05:30,126.65,127.2,126.45,127.2,13839
2021-07-07 09:15:00+05:30,127.5,129.8,127.3,129.05,172992
2021-07-07 10:15:00+05:30,129.05,130.85,128.6,128.9,168790
2021-07-07 11:15:00+05:30,128.9,129.95,128.05,128.8,91646
2021-07-07 12:15:00+05:30,128.8,129.4,128.1,128.1,30179
2021-07-07 13:15:00+05:30,128.1,128.5,128.0,128.2,16226
2021-07-07 14:15:00+05:30,128.2,128.45,128.0,128.2,30138
2021-07-07 15:15:00+05:30,128.2,128.9,128.0,128.35,43476
2021-07-08 09:15:00+05:30,129.35,130.0,128.35,129.2,56279
2021-07-08 10:15:00+05:30,129.2,129.2,128.55,128.7,26884
2021-07-08 11:15:00+05:30,128.7,128.9,128.5,128.5,31156
2021-07-08 12:15:00+05:30,128.5,128.65,127.4,127.4,38713
2021-07-08 13:15:00+05:30,127.4,127.65,126.15,126.3,35842
2021-07-08 14:15:00+05:30,126.3,126.55,125.05,125.35,66608
2021-07-08 15:15:00+05:30,125.35,126.1,125.35,125.8,32583
2021-07-09 09:15:00+05:30,126.0,127.25,125.3,126.55,94621
2021-07-09 10:15:00+05:30,126.55,127.35,126.55,126.8,32747
2021-07-09 11:15:00+05:30,126.8,127.0,125.75,125.75,28635
2021-07-09 12:15:00+05:30,125.75,126.65,125.65,126.3,16668
2021-07-09 13:15:00+05:30,126.55,126.95,126.3,126.75,18807
2021-07-09 14:15:00+05:30,126.75,127.0,126.1,126.9,35077
2021-07-09 15:15:00+05:30,126.9,127.1,126.65,127.0,19649
2021-07-12 09:15:00+05:30,127.75,129.0,127.35,127.75,32260
2021-07-12 10:15:00+05:30,127.75,128.95,127.1,128.5,131592
2021-07-12 11:15:00+05:30,128.5,128.8,127.2,127.65,72413
2021-07-12 12:15:00+05:30,127.65,128.4,127.3,127.3,14190
2021-07-12 13:15:00+05:30,127.2,127.8,126.3,126.4,28806
2021-07-12 14:15:00+05:30,126.3,127.3,125.8,126.2,31601
2021-07-12 15:15:00+05:30,126.35,126.4,126.05,126.4,12074
2021-07-13 09:15:00+05:30,128.6,130.0,127.3,128.5,97904
2021-07-13 10:15:00+05:30,128.5,131.0,127.2,131.0,214909
2021-07-13 11:15:00+05:30,130.9,136.4,130.65,135.2,1349399
2021-07-13 12:15:00+05:30,135.2,137.8,135.0,136.15,715329
2021-07-13 13:15:00+05:30,136.1,136.2,135.0,136.05,309663
2021-07-13 14:15:00+05:30,135.9,137.45,135.0,137.25,526711
2021-07-13 15:15:00+05:30,137.2,138.0,136.3,137.35,375751
2021-07-14 09:15:00+05:30,138.4,140.3,137.55,138.6,700646
2021-07-14 10:15:00+05:30,138.6,139.75,138.05,138.05,170020
2021-07-14 11:15:00+05:30,138.1,138.4,137.25,137.85,122691
2021-07-14 12:15:00+05:30,137.9,140.75,137.5,137.9,464066
2021-07-14 13:15:00+05:30,137.9,137.95,135.75,136.6,136707
2021-07-14 14:15:00+05:30,136.5,137.55,134.0,136.35,214291
2021-07-14 15:15:00+05:30,136.35,136.4,134.5,135.9,98849
2021-07-15 09:15:00+05:30,135.9,135.95,134.5,135.25,105704
2021-07-15 10:15:00+05:30,135.25,136.85,135.25,136.5,73866
2021-07-15 11:15:00+05:30,136.5,136.65,134.9,135.4,61710
2021-07-15 12:15:00+05:30,135.3,135.6,134.8,135.35,25820
2021-07-15 13:15:00+05:30,135.35,136.8,134.8,136.75,75361
2021-07-15 14:15:00+05:30,136.75,147.35,136.3,145.5,3511975
2021-07-15 15:15:00+05:30,145.4,146.25,144.2,145.4,394025
2021-07-16 09:15:00+05:30,145.2,148.1,143.0,145.4,765292
2021-07-16 10:15:00+05:30,145.4,145.65,143.75,144.65,175781
2021-07-16 11:15:00+05:30,144.5,145.3,144.1,144.4,75387
2021-07-16 12:15:00+05:30,144.4,144.75,143.45,144.5,65748
2021-07-16 13:15:00+05:30,144.5,145.0,143.5,144.15,73975
2021-07-16 14:15:00+05:30,144.15,144.15,142.0,143.0,152465
2021-07-16 15:15:00+05:30,143.0,143.7,142.8,143.35,83678
2021-07-19 09:15:00+05:30,141.0,143.8,139.45,142.35,187790
2021-07-19 10:15:00+05:30,142.35,143.1,141.45,141.8,53362
2021-07-19 11:15:00+05:30,141.95,142.0,140.5,141.15,56094
2021-07-19 12:15:00+05:30,141.1,141.8,137.15,138.2,97266
2021-07-19 13:15:00+05:30,138.2,139.65,138.2,139.6,51282
2021-07-19 14:15:00+05:30,139.6,139.65,137.5,138.3,85732
2021-07-19 15:15:00+05:30,138.65,139.7,138.1,139.2,43291
2021-07-20 09:15:00+05:30,138.0,138.75,135.5,136.55,146940
2021-07-20 10:15:00+05:30,136.55,136.75,131.5,131.65,127030
2021-07-20 11:15:00+05:30,131.65,134.2,131.65,133.05,50244
2021-07-20 12:15:00+05:30,133.05,134.7,133.05,134.4,33063
2021-07-20 13:15:00+05:30,134.4,135.0,134.05,134.95,28258
2021-07-20 14:15:00+05:30,135.0,135.2,133.7,134.45,64538
2021-07-20 15:15:00+05:30,134.45,135.35,132.55,132.55,70260
2021-07-22 09:15:00+05:30,134.7,138.65,134.7,137.6,159511
2021-07-22 10:15:00+05:30,137.6,137.65,136.5,136.95,30766
2021-07-22 11:15:00+05:30,136.6,137.2,136.35,136.8,19654
2021-07-22 12:15:00+05:30,136.8,137.05,136.25,136.8,18382
2021-07-22 13:15:00+05:30,136.8,137.3,135.4,135.9,39128
2021-07-22 14:15:00+05:30,135.9,137.0,135.25,136.3,38627
2021-07-22 15:15:00+05:30,136.3,136.95,135.1,135.75,37755
2021-07-23 09:15:00+05:30,137.3,137.3,134.15,134.75,95112
2021-07-23 10:15:00+05:30,134.75,134.95,133.25,133.5,51401
2021-07-23 11:15:00+05:30,133.5,133.9,133.35,133.8,21828
2021-07-23 12:15:00+05:30,133.7,134.5,133.7,134.1,20623
2021-07-23 13:15:00+05:30,134.1,134.5,133.6,134.35,21198
2021-07-23 14:15:00+05:30,134.35,134.4,132.7,133.05,39641
2021-07-23 15:15:00+05:30,132.85,133.85,132.6,133.0,29240
2021-07-26 09:15:00+05:30,132.8,136.75,132.15,135.7,83103
2021-07-26 10:15:00+05:30,135.7,136.0,134.8,136.0,25544
2021-07-26 11:15:00+05:30,136.0,136.45,133.9,134.45,60970
2021-07-26 12:15:00+05:30,134.45,136.4,133.2,134.6,215704
2021-07-26 13:15:00+05:30,134.6,135.4,133.5,134.25,66649
2021-07-26 14:15:00+05:30,134.25,134.95,133.2,133.55,33889
2021-07-26 15:15:00+05:30,133.55,134.0,133.25,133.85,27615
2021-07-27 09:15:00+05:30,134.7,136.75,134.05,136.45,64744
2021-07-27 10:15:00+05:30,136.45,136.45,135.15,135.35,41931
2021-07-27 11:15:00+05:30,135.35,139.4,135.25,137.05,92379
2021-07-27 12:15:00+05:30,137.05,137.25,134.3,134.5,58181
2021-07-27 13:15:00+05:30,134.5,135.6,134.3,135.1,27646
2021-07-27 14:15:00+05:30,135.1,135.6,134.35,135.0,34481
2021-07-27 15:15:00+05:30,135.0,135.45,134.65,134.8,15432
2021-07-28 09:15:00+05:30,135.6,135.8,133.5,134.25,38006
2021-07-28 10:15:00+05:30,134.25,134.7,130.0,131.25,71526
2021-07-28 11:15:00+05:30,131.25,132.0,130.75,131.8,30689
2021-07-28 12:15:00+05:30,131.8,132.0,131.25,131.95,16014
2021-07-28 13:15:00+05:30,131.95,133.0,131.9,132.75,22381
2021-07-28 14:15:00+05:30,132.75,132.85,131.7,132.7,24418
2021-07-28 15:15:00+05:30,132.7,132.7,131.9,132.5,15074
2021-07-29 09:15:00+05:30,133.3,135.65,132.75,135.05,106651
2021-07-29 10:15:00+05:30,135.05,135.2,133.6,133.95,30678
2021-07-29 11:15:00+05:30,133.95,134.8,133.75,134.1,16835
2021-07-29 12:15:00+05:30,134.1,134.45,133.75,134.45,7792
2021-07-29 13:15:00+05:30,134.45,134.45,133.55,133.9,22710
2021-07-29 14:15:00+05:30,133.9,134.2,133.15,133.5,26413
2021-07-29 15:15:00+05:30,133.5,133.8,133.0,133.5,20999
2021-07-30 09:15:00+05:30,133.95,135.2,133.45,134.7,33753
2021-07-30 10:15:00+05:30,134.7,144.7,134.7,141.7,1366670
2021-07-30 11:15:00+05:30,141.7,142.35,141.15,141.5,201442
2021-07-30 12:15:00+05:30,141.5,143.55,141.05,141.35,613365
2021-07-30 13:15:00+05:30,141.2,142.15,141.2,141.65,419567
2021-07-30 14:15:00+05:30,141.65,141.75,138.65,139.9,412298
2021-07-30 15:15:00+05:30,139.7,139.85,137.35,138.55,190929
2021-08-02 09:15:00+05:30,140.0,141.7,138.0,139.4,542882
2021-08-02 10:15:00+05:30,139.4,139.5,138.7,139.0,83154
2021-08-02 11:15:00+05:30,139.0,139.35,138.35,139.15,84263
2021-08-02 12:15:00+05:30,139.15,139.3,138.75,138.8,28673
2021-08-02 13:15:00+05:30,138.8,139.2,138.0,138.4,71793
2021-08-02 14:15:00+05:30,138.4,138.55,136.15,136.2,139431
2021-08-02 15:15:00+05:30,136.2,136.55,135.3,135.8,109101
2021-08-03 09:15:00+05:30,135.05,136.65,135.05,136.2,94519
2021-08-03 10:15:00+05:30,136.2,136.3,135.05,135.4,46895
2021-08-03 11:15:00+05:30,135.4,136.5,135.15,136.3,62476
2021-08-03 12:15:00+05:30,136.3,140.6,135.6,139.25,334413
2021-08-03 13:15:00+05:30,139.25,139.5,137.85,138.3,163790
2021-08-03 14:15:00+05:30,138.3,138.5,137.6,138.2,85809
2021-08-03 15:15:00+05:30,138.1,138.95,137.3,138.05,96852
2021-08-04 09:15:00+05:30,138.85,139.65,138.0,138.25,126558
2021-08-04 10:15:00+05:30,138.25,138.65,137.4,137.4,42915
2021-08-04 11:15:00+05:30,137.4,137.4,134.5,134.9,98219
2021-08-04 12:15:00+05:30,134.9,135.45,134.6,135.1,41020
2021-08-04 13:15:00+05:30,135.1,135.55,134.7,135.0,36175
2021-08-04 14:15:00+05:30,135.0,135.05,134.5,134.6,39526
2021-08-04 15:15:00+05:30,134.6,134.9,134.2,134.9,30873
2021-08-05 09:15:00+05:30,135.35,135.35,130.65,130.85,119075
2021-08-05 10:15:00+05:30,130.85,132.6,130.85,132.05,42488
2021-08-05 11:15:00+05:30,132.05,132.3,131.8,132.15,15717
2021-08-05 12:15:00+05:30,132.15,133.5,132.1,132.95,44591
2021-08-05 13:15:00+05:30,132.95,133.15,132.55,132.75,14000
2021-08-05 14:15:00+05:30,132.75,133.25,132.5,132.5,19862
2021-08-05 15:15:00+05:30,132.5,133.25,132.5,132.6,21190
2021-08-06 09:15:00+05:30,132.1,134.5,132.1,133.5,42684
2021-08-06 10:15:00+05:30,133.5,133.8,132.95,133.0,34053
2021-08-06 11:15:00+05:30,133.0,133.4,132.6,133.15,16102
2021-08-06 12:15:00+05:30,133.05,133.75,132.95,133.1,18585
2021-08-06 13:15:00+05:30,133.1,133.1,132.4,132.6,15618
2021-08-06 14:15:00+05:30,132.6,133.75,132.15,133.1,43784
2021-08-06 15:15:00+05:30,133.1,133.75,133.0,133.5,35312
2021-08-09 09:15:00+05:30,134.2,135.6,133.45,134.2,43406
2021-08-09 10:15:00+05:30,134.2,134.2,132.9,133.85,21099
2021-08-09 11:15:00+05:30,133.85,133.85,132.0,132.3,14777
2021-08-09 12:15:00+05:30,132.3,132.3,131.4,131.5,14768
2021-08-09 13:15:00+05:30,131.5,132.35,131.5,132.35,20409
2021-08-09 14:15:00+05:30,132.35,133.1,131.7,132.2,48391
2021-08-09 15:15:00+05:30,132.2,135.0,131.7,133.35,52621
2021-08-10 09:15:00+05:30,132.1,135.0,132.1,132.6,44576
2021-08-10 10:15:00+05:30,132.55,132.9,130.5,130.8,40332
2021-08-10 11:15:00+05:30,130.8,131.7,130.6,131.0,21773
2021-08-10 12:15:00+05:30,131.0,131.7,131.0,131.1,24714
2021-08-10 13:15:00+05:30,131.1,131.3,125.05,125.45,117447
2021-08-10 14:15:00+05:30,125.4,127.5,125.2,127.3,119954
2021-08-10 15:15:00+05:30,127.35,128.85,127.0,128.45,36687
2021-08-11 09:15:00+05:30,128.8,129.0,125.5,126.7,146211
2021-08-11 10:15:00+05:30,126.7,128.5,125.9,127.6,71604
2021-08-11 11:15:00+05:30,127.6,129.0,127.0,128.5,44435
2021-08-11 12:15:00+05:30,128.5,132.0,128.25,131.15,150802
2021-08-11 13:15:00+05:30,131.15,132.4,130.3,130.95,71229
2021-08-11 14:15:00+05:30,131.0,132.0,130.7,131.6,55841
2021-08-11 15:15:00+05:30,131.55,132.9,130.1,131.2,50384
2021-08-12 09:15:00+05:30,131.05,137.35,131.05,135.7,263089
2021-08-12 10:15:00+05:30,135.7,138.4,135.1,136.0,150195
2021-08-12 11:15:00+05:30,136.0,136.0,131.35,133.5,252606
2021-08-12 12:15:00+05:30,133.5,134.1,132.8,132.8,46642
2021-08-12 13:15:00+05:30,133.0,133.0,131.25,132.1,70872
2021-08-12 14:15:00+05:30,132.05,132.15,130.6,131.0,57224
2021-08-12 15:15:00+05:30,131.0,132.95,130.95,132.9,37016
2021-08-13 09:15:00+05:30,132.25,137.9,132.25,133.25,208515
2021-08-13 10:15:00+05:30,133.25,133.4,132.45,133.0,58789
2021-08-13 11:15:00+05:30,133.0,133.45,131.6,132.0,65422
2021-08-13 12:15:00+05:30,132.0,132.25,131.6,131.85,23499
2021-08-13 13:15:00+05:30,131.85,132.6,131.8,132.0,25872
2021-08-13 14:15:00+05:30,132.0,133.2,131.6,133.0,55517
2021-08-13 15:15:00+05:30,133.0,133.25,131.0,131.35,49625
2021-08-16 09:15:00+05:30,132.75,132.9,130.45,132.45,52750
2021-08-16 10:15:00+05:30,132.45,132.45,131.15,131.7,26222
2021-08-16 11:15:00+05:30,131.7,132.0,131.0,131.0,14111
2021-08-16 12:15:00+05:30,131.0,131.25,130.65,130.85,13695
2021-08-16 13:15:00+05:30,130.85,131.5,130.6,130.9,21750
2021-08-16 14:15:00+05:30,130.9,130.9,129.2,129.5,48686
2021-08-16 15:15:00+05:30,129.7,130.15,128.2,129.2,33055
2021-08-17 09:15:00+05:30,128.75,129.75,125.35,128.5,71313
2021-08-17 10:15:00+05:30,128.5,128.75,128.1,128.5,16158
2021-08-17 11:15:00+05:30,128.5,128.5,128.0,128.0,24065
2021-08-17 12:15:00+05:30,128.0,128.5,128.0,128.5,10636
2021-08-17 13:15:00+05:30,128.5,128.55,128.0,128.1,23181
2021-08-17 14:15:00+05:30,128.1,128.65,127.4,127.65,39180
2021-08-17 15:15:00+05:30,127.7,128.0,126.6,127.0,34234
2021-08-18 09:15:00+05:30,127.0,131.2,127.0,130.6,163435
2021-08-18 10:15:00+05:30,130.6,132.6,130.3,130.95,119820
2021-08-18 11:15:00+05:30,130.95,131.3,130.05,130.8,59589
2021-08-18 12:15:00+05:30,130.8,131.0,130.1,130.6,71530
2021-08-18 13:15:00+05:30,130.6,133.9,130.6,131.3,195501
2021-08-18 14:15:00+05:30,131.35,131.45,130.2,130.55,77379
2021-08-18 15:15:00+05:30,130.55,131.0,129.1,130.0,48136
2021-08-20 09:15:00+05:30,130.0,130.35,126.65,127.1,83234
2021-08-20 10:15:00+05:30,126.95,127.35,126.2,127.15,28057
2021-08-20 11:15:00+05:30,126.95,127.55,126.25,126.9,27916
2021-08-20 12:15:00+05:30,126.9,127.0,126.25,126.4,20821
2021-08-20 13:15:00+05:30,126.4,126.75,126.3,126.5,8977
2021-08-20 14:15:00+05:30,126.35,126.7,126.2,126.4,17772
2021-08-20 15:15:00+05:30,126.4,126.9,125.1,125.5,38387
2021-08-23 09:15:00+05:30,127.1,127.5,123.0,123.4,83729
2021-08-23 10:15:00+05:30,123.4,123.8,114.9,118.3,246637
2021-08-23 11:15:00+05:30,118.3,119.1,118.05,118.85,53616
2021-08-23 12:15:00+05:30,118.85,119.0,117.6,118.25,47221
2021-08-23 13:15:00+05:30,118.25,119.0,117.9,118.65,38511
2021-08-23 14:15:00+05:30,118.65,118.7,117.0,117.2,53733
2021-08-23 15:15:00+05:30,117.2,118.6,116.6,117.5,47566
2021-08-24 09:15:00+05:30,117.5,119.35,117.25,118.75,50949
2021-08-24 10:15:00+05:30,118.75,120.05,118.35,119.4,36788
2021-08-24 11:15:00+05:30,119.4,126.0,119.4,125.45,264732
2021-08-24 12:15:00+05:30,125.45,126.45,123.0,124.0,437154
2021-08-24 13:15:00+05:30,124.0,124.15,123.15,124.0,30128
2021-08-24 14:15:00+05:30,124.0,125.1,123.5,124.3,108174
2021-08-24 15:15:00+05:30,124.3,124.5,123.6,123.75,30361
2021-08-25 09:15:00+05:30,125.5,125.5,123.25,124.15,57075
2021-08-25 10:15:00+05:30,124.15,124.25,123.6,123.9,15545
2021-08-25 11:15:00+05:30,123.9,124.4,122.8,123.25,35305
2021-08-25 12:15:00+05:30,123.25,124.15,122.95,123.3,17425
2021-08-25 13:15:00+05:30,123.3,123.65,123.05,123.1,15236
2021-08-25 14:15:00+05:30,123.1,123.1,122.05,122.8,16539
2021-08-25 15:15:00+05:30,122.8,122.85,121.9,122.5,23342
2021-08-26 09:15:00+05:30,122.6,122.85,120.0,120.4,62515
2021-08-26 10:15:00+05:30,120.4,120.95,120.25,120.45,21845
2021-08-26 11:15:00+05:30,120.45,120.65,118.15,119.3,63663
2021-08-26 12:15:00+05:30,119.3,119.75,117.6,119.1,53843
2021-08-26 13:15:00+05:30,119.1,119.55,118.65,119.4,22869
2021-08-26 14:15:00+05:30,119.4,120.05,119.05,119.55,53756
2021-08-26 15:15:00+05:30,119.55,120.0,119.1,119.9,37037
2021-08-27 09:15:00+05:30,121.4,121.4,117.85,118.9,86947
2021-08-27 10:15:00+05:30,119.25,119.25,118.3,118.7,26154
2021-08-27 11:15:00+05:30,118.7,119.6,118.65,119.2,19040
2021-08-27 12:15:00+05:30,119.2,119.75,119.0,119.6,14994
2021-08-27 13:15:00+05:30,119.6,120.15,119.1,119.65,17709
2021-08-27 14:15:00+05:30,119.65,119.65,118.8,119.25,18433
2021-08-27 15:15:00+05:30,119.25,120.8,118.5,119.65,27157
2021-08-30 09:15:00+05:30,120.1,122.45,120.1,121.25,62525
2021-08-30 10:15:00+05:30,121.25,122.6,121.0,121.0,84666
2021-08-30 11:15:00+05:30,121.0,121.3,120.85,121.2,45957
2021-08-30 12:15:00+05:30,121.2,123.3,121.0,122.6,63203
2021-08-30 13:15:00+05:30,122.6,122.85,122.0,122.25,20576
2021-08-30 14:15:00+05:30,122.25,122.35,121.7,122.15,24794
2021-08-30 15:15:00+05:30,122.05,122.4,121.85,122.0,39498
2021-08-31 09:15:00+05:30,123.9,123.9,120.25,120.65,70720
2021-08-31 10:15:00+05:30,120.65,121.2,120.3,120.5,30889
2021-08-31 11:15:00+05:30,120.5,120.6,119.2,120.1,53050
2021-08-31 12:15:00+05:30,120.05,120.1,118.7,119.05,202691
2021-08-31 13:15:00+05:30,119.05,121.5,118.6,119.7,223681
2021-08-31 14:15:00+05:30,119.7,119.8,119.15,119.4,31806
2021-08-31 15:15:00+05:30,119.4,120.85,119.35,120.0,46511
2021-09-01 09:15:00+05:30,121.85,124.45,120.1,123.55,190056
2021-09-01 10:15:00+05:30,123.55,123.75,120.3,120.9,131877
2021-09-01 11:15:00+05:30,121.05,121.6,120.3,120.8,35755
2021-09-01 12:15:00+05:30,120.8,121.75,120.35,121.35,21789
2021-09-01 13:15:00+05:30,121.35,121.7,120.1,120.6,26845
2021-09-01 14:15:00+05:30,120.6,121.5,120.4,120.8,28729
2021-09-01 15:15:00+05:30,120.8,124.95,120.8,124.85,120982
2021-09-02 09:15:00+05:30,126.5,129.45,126.5,127.85,1172740
2021-09-02 10:15:00+05:30,127.9,129.5,127.4,129.2,310440
2021-09-02 11:15:00+05:30,129.2,129.9,128.2,129.5,273388
2021-09-02 12:15:00+05:30,129.35,129.95,128.8,129.3,173749
2021-09-02 13:15:00+05:30,129.3,129.6,128.1,129.25,126634
2021-09-02 14:15:00+05:30,129.1,132.95,129.0,130.5,632084
2021-09-02 15:15:00+05:30,130.5,131.5,129.5,131.0,179400
2021-09-03 09:15:00+05:30,130.95,131.4,129.0,130.55,175031
2021-09-03 10:15:00+05:30,130.55,130.7,129.0,129.1,46281
2021-09-03 11:15:00+05:30,129.2,129.95,129.0,129.6,42856
2021-09-03 12:15:00+05:30,129.6,134.3,129.0,132.6,271910
2021-09-03 13:15:00+05:30,132.6,133.05,130.15,130.15,193840
2021-09-03 14:15:00+05:30,130.15,130.8,129.95,130.3,60083
2021-09-03 15:15:00+05:30,130.3,130.45,129.25,130.2,48831
2021-09-06 09:15:00+05:30,130.95,130.95,129.15,129.3,58626
2021-09-06 10:15:00+05:30,129.3,129.5,128.15,128.9,43980
2021-09-06 11:15:00+05:30,128.9,128.95,128.4,128.6,16466
2021-09-06 12:15:00+05:30,128.8,128.85,128.15,128.55,24051
2021-09-06 13:15:00+05:30,128.55,129.5,128.3,128.7,12702
2021-09-06 14:15:00+05:30,128.7,128.9,127.7,128.0,34890
2021-09-06 15:15:00+05:30,128.0,128.5,127.3,128.5,24753
2021-09-07 09:15:00+05:30,128.5,129.4,126.55,127.15,55207
2021-09-07 10:15:00+05:30,127.15,127.2,126.4,126.9,16463
2021-09-07 11:15:00+05:30,126.9,127.2,125.4,126.5,39798
2021-09-07 12:15:00+05:30,126.5,126.9,126.3,126.7,12161
2021-09-07 13:15:00+05:30,126.7,126.7,125.8,126.3,21614
2021-09-07 14:15:00+05:30,126.3,126.4,124.2,125.7,45127
2021-09-07 15:15:00+05:30,125.7,126.15,124.0,124.8,19799
2021-09-08 09:15:00+05:30,125.15,126.1,124.5,124.8,35717
2021-09-08 10:15:00+05:30,124.8,125.0,124.5,124.8,15901
2021-09-08 11:15:00+05:30,124.8,124.85,124.55,124.55,18125
2021-09-08 12:15:00+05:30,124.55,125.0,124.5,124.6,8219
2021-09-08 13:15:00+05:30,124.6,125.0,124.55,124.75,6894
2021-09-08 14:15:00+05:30,124.9,124.9,124.65,124.85,14258
2021-09-08 15:15:00+05:30,124.85,125.0,124.75,125.0,11919
2021-09-09 09:15:00+05:30,126.5,126.95,124.3,124.75,95188
2021-09-09 10:15:00+05:30,124.75,125.0,124.4,124.8,41128
2021-09-09 11:15:00+05:30,124.8,125.0,124.2,124.95,27969
2021-09-09 12:15:00+05:30,124.95,125.0,124.45,124.85,12818
2021-09-09 13:15:00+05:30,124.85,125.0,124.5,124.75,19615
2021-09-09 14:15:00+05:30,124.75,125.0,124.3,124.65,25758
2021-09-09 15:15:00+05:30,124.65,125.0,123.35,123.5,52774
2021-09-13 09:15:00+05:30,124.95,126.15,124.6,125.0,140751
2021-09-13 10:15:00+05:30,125.0,125.7,124.75,125.5,70258
2021-09-13 11:15:00+05:30,125.5,125.65,125.2,125.5,49972
2021-09-13 12:15:00+05:30,125.5,128.45,125.4,128.4,175920
2021-09-13 13:15:00+05:30,128.2,128.7,127.05,127.45,74129
2021-09-13 14:15:00+05:30,127.45,127.6,126.0,127.0,71719
2021-09-13 15:15:00+05:30,127.0,127.0,126.05,127.0,44558
2021-09-14 09:15:00+05:30,128.95,128.95,127.55,127.55,99996
2021-09-14 10:15:00+05:30,127.8,128.0,127.1,127.95,39826
2021-09-14 11:15:00+05:30,127.95,128.0,126.95,126.95,49338
2021-09-14 12:15:00+05:30,126.95,126.95,126.4,126.4,31607
2021-09-14 13:15:00+05:30,126.4,126.75,126.4,126.65,29659
2021-09-14 14:15:00+05:30,126.65,127.55,126.65,126.85,82619
2021-09-14 15:15:00+05:30,126.85,127.2,126.6,126.65,38654
2021-09-15 09:15:00+05:30,127.75,129.05,127.65,127.95,121074
2021-09-15 10:15:00+05:30,127.95,128.15,127.6,128.0,100668
2021-09-15 11:15:00+05:30,128.0,128.1,127.8,128.0,93171
2021-09-15 12:15:00+05:30,128.0,129.9,127.9,128.25,142681
2021-09-15 13:15:00+05:30,128.25,128.5,128.05,128.5,72107
2021-09-15 14:15:00+05:30,128.45,128.5,128.0,128.2,89207
2021-09-15 15:15:00+05:30,128.2,128.5,128.0,128.5,57170
2021-09-16 09:15:00+05:30,130.1,138.0,130.1,134.7,1059712
2021-09-16 10:15:00+05:30,134.65,135.1,134.3,134.7,190162
2021-09-16 11:15:00+05:30,134.7,136.7,134.6,135.25,321558
2021-09-16 12:15:00+05:30,135.25,136.3,134.7,135.6,228976
2021-09-16 13:15:00+05:30,135.6,136.1,135.0,135.15,203637
2021-09-16 14:15:00+05:30,135.15,135.5,133.3,133.75,251561
2021-09-16 15:15:00+05:30,133.75,134.9,132.65,134.1,149170
2021-09-17 09:15:00+05:30,134.85,136.4,133.7,136.25,266605
2021-09-17 10:15:00+05:30,136.25,136.65,134.9,136.05,139278
2021-09-17 11:15:00+05:30,136.05,136.2,133.0,133.7,121798
2021-09-17 12:15:00+05:30,133.8,135.4,133.0,135.0,110904
2021-09-17 13:15:00+05:30,134.9,135.9,134.8,135.7,68104
2021-09-17 14:15:00+05:30,135.6,136.45,134.3,136.2,147498
2021-09-17 15:15:00+05:30,136.25,136.6,135.55,135.8,94084
2021-09-20 09:15:00+05:30,134.5,135.3,132.9,134.9,136394
2021-09-20 10:15:00+05:30,135.1,136.0,134.5,135.85,55937
2021-09-20 11:15:00+05:30,135.85,135.95,133.0,134.05,55389
2021-09-20 12:15:00+05:30,134.05,134.15,133.25,133.5,22690
2021-09-20 13:15:00+05:30,133.5,133.8,132.2,132.65,33515
2021-09-20 14:15:00+05:30,132.65,132.75,131.0,131.0,50464
2021-09-20 15:15:00+05:30,131.0,131.05,127.5,128.0,72551
2021-09-21 09:15:00+05:30,128.7,128.7,125.25,126.9,161663
2021-09-21 10:15:00+05:30,126.9,131.05,126.4,130.5,144232
2021-09-21 11:15:00+05:30,130.2,131.75,128.9,131.45,88868
2021-09-21 12:15:00+05:30,131.45,132.35,131.0,132.25,78896
2021-09-21 13:15:00+05:30,132.3,133.3,131.05,131.8,82962
2021-09-21 14:15:00+05:30,131.65,133.5,131.2,131.8,138546
2021-09-21 15:15:00+05:30,131.8,132.55,131.0,131.75,39136
2021-09-22 09:15:00+05:30,133.8,134.35,131.65,133.35,101475
2021-09-22 10:15:00+05:30,133.35,133.45,132.2,132.5,29947
2021-09-22 11:15:00+05:30,132.5,132.5,131.1,132.0,30874
2021-09-22 12:15:00+05:30,132.0,132.55,131.6,131.6,22049
2021-09-22 13:15:00+05:30,131.6,131.6,128.2,128.3,130856
2021-09-22 14:15:00+05:30,128.3,128.5,127.4,127.95,247222
2021-09-22 15:15:00+05:30,127.95,128.3,127.65,128.25,50361
2021-09-23 09:15:00+05:30,129.0,131.1,129.0,130.1,113678
2021-09-23 10:15:00+05:30,130.1,130.4,129.55,130.05,30734
2021-09-23 11:15:00+05:30,130.05,130.25,129.65,129.9,60521
2021-09-23 12:15:00+05:30,129.9,130.05,129.5,129.7,20082
2021-09-23 13:15:00+05:30,129.7,130.0,128.75,129.15,41564
2021-09-23 14:15:00+05:30,129.15,129.65,128.6,129.15,41228
2021-09-23 15:15:00+05:30,129.05,129.45,128.1,129.3,35276
2021-09-24 09:15:00+05:30,129.9,130.5,128.0,128.35,102570
2021-09-24 10:15:00+05:30,128.45,128.5,127.6,128.25,65673
2021-09-24 11:15:00+05:30,128.25,128.5,127.7,128.1,28249
2021-09-24 12:15:00+05:30,128.1,128.2,127.7,127.8,16455
2021-09-24 13:15:00+05:30,127.8,128.2,127.5,127.5,32180
2021-09-24 14:15:00+05:30,127.55,127.85,127.5,127.55,25686
2021-09-24 15:15:00+05:30,127.55,128.0,127.0,128.0,42769
2021-09-27 09:15:00+05:30,128.25,129.55,127.9,128.5,73335
2021-09-27 10:15:00+05:30,128.5,129.25,128.1,128.95,23409
2021-09-27 11:15:00+05:30,128.95,129.0,128.5,128.85,21272
2021-09-27 12:15:00+05:30,128.85,129.2,127.7,128.6,144540
2021-09-27 13:15:00+05:30,128.6,130.8,127.85,129.5,104084
2021-09-27 14:15:00+05:30,129.5,129.75,121.0,125.4,440813
2021-09-27 15:15:00+05:30,125.4,125.9,125.05,125.9,68922
2021-09-28 09:15:00+05:30,125.9,127.95,125.9,127.0,96551
2021-09-28 10:15:00+05:30,127.0,127.5,123.35,123.6,174407
2021-09-28 11:15:00+05:30,123.6,124.8,121.8,122.55,318643
2021-09-28 12:15:00+05:30,122.55,122.6,120.2,120.8,216415
2021-09-28 13:15:00+05:30,120.8,122.15,120.15,121.1,152096
2021-09-28 14:15:00+05:30,121.1,121.35,118.9,120.9,411292
2021-09-28 15:15:00+05:30,120.7,122.0,120.6,121.3,81817
2021-09-29 09:15:00+05:30,121.0,123.25,120.5,123.25,119377
2021-09-29 10:15:00+05:30,123.25,123.6,122.75,123.2,50826
2021-09-29 11:15:00+05:30,123.2,123.4,123.0,123.3,34377
2021-09-29 12:15:00+05:30,123.3,123.75,122.75,123.6,71174
2021-09-29 13:15:00+05:30,123.5,126.4,123.4,126.1,204048
2021-09-29 14:15:00+05:30,126.1,129.25,126.0,129.0,432886
2021-09-29 15:15:00+05:30,129.0,131.0,128.5,130.25,218532
2021-09-30 09:15:00+05:30,130.4,130.4,128.05,128.3,108540
2021-09-30 10:15:00+05:30,128.3,129.0,128.1,128.8,36427
2021-09-30 11:15:00+05:30,128.8,128.9,128.05,128.6,30205
2021-09-30 12:15:00+05:30,128.7,128.7,127.65,127.7,31878
2021-09-30 13:15:00+05:30,127.85,127.95,126.7,127.1,38583
2021-09-30 14:15:00+05:30,127.1,127.6,126.7,126.85,30368
2021-09-30 15:15:00+05:30,126.85,128.5,126.7,127.75,32373
2021-10-01 09:15:00+05:30,127.0,127.35,125.5,126.35,71655
2021-10-01 10:15:00+05:30,126.35,126.45,125.55,126.2,29424
2021-10-01 11:15:00+05:30,126.2,126.5,125.55,125.95,20534
2021-10-01 12:15:00+05:30,125.95,126.1,125.7,126.05,18369
2021-10-01 13:15:00+05:30,126.05,130.45,125.35,129.25,180345
2021-10-01 14:15:00+05:30,129.25,134.05,128.1,132.45,412330
2021-10-01 15:15:00+05:30,132.35,133.8,132.25,132.6,190642
2021-10-04 09:15:00+05:30,133.8,133.85,130.7,131.55,139739
2021-10-04 10:15:00+05:30,131.65,132.0,130.85,131.75,33367
2021-10-04 11:15:00+05:30,131.75,132.85,131.5,132.6,94982
2021-10-04 12:15:00+05:30,132.6,133.0,131.95,132.35,36449
2021-10-04 13:15:00+05:30,132.35,136.0,132.35,135.0,267345
2021-10-04 14:15:00+05:30,135.0,135.1,133.1,133.6,98366
2021-10-04 15:15:00+05:30,133.6,134.6,133.0,134.0,61167
2021-10-05 09:15:00+05:30,134.35,136.0,133.6,134.4,229830
2021-10-05 10:15:00+05:30,134.4,137.7,134.35,136.6,332507
2021-10-05 11:15:00+05:30,136.7,136.75,135.5,135.7,78698
2021-10-05 12:15:00+05:30,135.7,135.95,135.1,135.35,49741
2021-10-05 13:15:00+05:30,135.35,135.75,135.0,135.1,36786
2021-10-05 14:15:00+05:30,135.1,135.3,134.2,134.75,69889
2021-10-05 15:15:00+05:30,134.65,134.75,134.0,134.2,58117
2021-10-06 09:15:00+05:30,135.35,136.5,132.5,132.95,126635
2021-10-06 10:15:00+05:30,132.95,133.25,129.85,130.0,166680
2021-10-06 11:15:00+05:30,130.0,131.95,129.95,131.8,52231
2021-10-06 12:15:00+05:30,131.65,131.8,131.0,131.2,19211
2021-10-06 13:15:00+05:30,131.3,131.3,129.55,130.55,53911
2021-10-06 14:15:00+05:30,130.55,131.0,129.45,129.6,64446
2021-10-06 15:15:00+05:30,129.45,130.75,128.4,130.35,64431
2021-10-07 09:15:00+05:30,130.8,134.8,130.8,134.15,158139
2021-10-07 10:15:00+05:30,134.15,134.25,133.4,133.55,50893
2021-10-07 11:15:00+05:30,133.55,134.45,133.0,133.35,41033
2021-10-07 12:15:00+05:30,133.35,133.65,133.0,133.1,13155
2021-10-07 13:15:00+05:30,133.1,133.5,132.5,133.05,32462
2021-10-07 14:15:00+05:30,132.9,133.6,132.45,133.3,47754
2021-10-07 15:15:00+05:30,133.3,133.85,132.25,133.85,43593
2021-10-08 09:15:00+05:30,133.8,134.75,133.1,133.85,111343
2021-10-08 10:15:00+05:30,133.8,134.0,133.2,133.65,41314
2021-10-08 11:15:00+05:30,133.65,133.9,132.5,133.25,37798
2021-10-08 12:15:00+05:30,133.25,133.75,132.75,133.4,34941
2021-10-08 13:15:00+05:30,133.4,133.65,132.75,133.0,37042
2021-10-08 14:15:00+05:30,133.0,133.6,132.5,132.65,42563
2021-10-08 15:15:00+05:30,132.65,133.0,132.1,132.9,35704
2021-10-11 09:15:00+05:30,133.8,139.6,133.1,136.75,586542
2021-10-11 10:15:00+05:30,136.75,139.5,136.6,138.75,418829
2021-10-11 11:15:00+05:30,138.75,139.5,138.5,138.6,248689
2021-10-11 12:15:00+05:30,138.6,138.85,137.2,137.9,107998
2021-10-11 13:15:00+05:30,138.05,139.1,137.75,138.65,152616
2021-10-11 14:15:00+05:30,138.65,139.95,138.1,138.7,359835
2021-10-11 15:15:00+05:30,138.7,139.65,138.3,139.5,118756
2021-10-12 09:15:00+05:30,139.3,141.85,137.65,140.3,383509
2021-10-12 10:15:00+05:30,140.35,140.8,138.0,138.3,151371
2021-10-12 11:15:00+05:30,138.3,139.6,138.3,139.25,68016
2021-10-12 12:15:00+05:30,139.25,139.45,138.1,138.6,38968
2021-10-12 13:15:00+05:30,138.6,138.8,138.0,138.5,33478
2021-10-12 14:15:00+05:30,138.5,138.6,137.6,138.1,59794
2021-10-12 15:15:00+05:30,138.1,138.2,137.0,137.1,91659
2021-10-13 09:15:00+05:30,138.65,140.0,137.6,138.9,130988
2021-10-13 10:15:00+05:30,138.9,139.55,137.45,139.1,102729
2021-10-13 11:15:00+05:30,139.1,139.15,137.75,138.7,45702
2021-10-13 12:15:00+05:30,138.55,139.0,137.75,138.0,35578
2021-10-13 13:15:00+05:30,138.0,138.5,137.25,137.5,57513
2021-10-13 14:15:00+05:30,137.75,138.0,136.1,136.35,71391
2021-10-13 15:15:00+05:30,136.35,137.5,136.05,137.0,42720
2021-10-14 09:15:00+05:30,137.7,137.7,134.5,135.25,168132
2021-10-14 10:15:00+05:30,135.25,135.6,134.0,134.8,67883
2021-10-14 11:15:00+05:30,134.75,134.95,134.1,134.85,41100
2021-10-14 12:15:00+05:30,134.85,135.35,134.1,134.45,35108
2021-10-14 13:15:00+05:30,134.45,134.55,134.0,134.45,22606
2021-10-14 14:15:00+05:30,134.45,134.55,134.05,134.2,54193
2021-10-14 15:15:00+05:30,134.2,134.3,132.0,132.5,103911
2021-10-18 09:15:00+05:30,134.2,135.9,133.75,134.5,89185
2021-10-18 10:15:00+05:30,134.55,134.6,133.8,134.4,43268
2021-10-18 11:15:00+05:30,134.4,134.5,133.6,133.8,28856
2021-10-18 12:15:00+05:30,133.8,134.2,133.5,133.9,17157
2021-10-18 13:15:00+05:30,133.9,134.15,133.4,133.5,35989
2021-10-18 14:15:00+05:30,133.5,133.95,132.7,133.0,98651
2021-10-18 15:15:00+05:30,132.95,133.15,132.0,132.8,75404
2021-10-19 09:15:00+05:30,133.5,134.8,130.45,130.5,145492
2021-10-19 10:15:00+05:30,130.5,132.2,129.6,130.1,114921
2021-10-19 11:15:00+05:30,130.1,130.45,128.95,129.45,82479
2021-10-19 12:15:00+05:30,129.45,130.0,129.0,130.0,66843
2021-10-19 13:15:00+05:30,130.0,130.25,129.5,129.7,29195
2021-10-19 14:15:00+05:30,129.7,129.95,128.6,128.75,55268
2021-10-19 15:15:00+05:30,128.55,129.0,128.0,128.8,43348
2021-10-20 09:15:00+05:30,128.4,130.35,127.5,129.8,96282
2021-10-20 10:15:00+05:30,129.8,129.9,128.8,129.1,26105
2021-10-20 11:15:00+05:30,129.1,129.7,128.5,128.9,15482
2021-10-20 12:15:00+05:30,128.7,129.0,128.0,128.45,27990
2021-10-20 13:15:00+05:30,128.45,129.2,127.65,128.0,22831
2021-10-20 14:15:00+05:30,128.0,128.45,126.35,127.85,50974
2021-10-20 15:15:00+05:30,127.85,128.35,125.9,127.0,37896
2021-10-21 09:15:00+05:30,128.1,129.2,127.65,128.35,43694
2021-10-21 10:15:00+05:30,128.35,128.75,127.2,127.35,55714
2021-10-21 11:15:00+05:30,127.35,127.35,125.75,126.8,45402
2021-10-21 12:15:00+05:30,126.95,127.4,126.6,127.15,14531
2021-10-21 13:15:00+05:30,127.15,127.15,125.15,126.2,30453
2021-10-21 14:15:00+05:30,126.05,127.5,126.0,126.9,22573
2021-10-21 15:15:00+05:30,126.9,127.75,126.9,127.45,14583
2021-10-22 09:15:00+05:30,129.4,130.9,127.5,130.65,117300
2021-10-22 10:15:00+05:30,130.65,130.85,129.8,130.25,62397
2021-10-22 11:15:00+05:30,130.25,130.6,129.55,130.1,31512
2021-10-22 12:15:00+05:30,130.1,130.3,129.45,129.95,57177
2021-10-22 13:15:00+05:30,129.9,130.65,129.25,130.05,67386
2021-10-22 14:15:00+05:30,130.05,130.45,129.9,129.95,69823
2021-10-22 15:15:00+05:30,129.95,130.5,129.7,130.5,27930
2021-10-25 09:15:00+05:30,133.5,133.75,128.0,128.45,160321
2021-10-25 10:15:00+05:30,128.45,130.1,128.1,129.3,61640
2021-10-25 11:15:00+05:30,129.25,129.5,128.5,129.1,53111
2021-10-25 12:15:00+05:30,129.1,129.35,128.7,129.1,15258
2021-10-25 13:15:00+05:30,129.1,129.2,128.2,128.2,23135
2021-10-25 14:15:00+05:30,128.2,128.95,128.1,128.4,34342
2021-10-25 15:15:00+05:30,128.4,128.4,127.5,128.0,30459
2021-10-26 09:15:00+05:30,130.1,133.6,130.05,132.3,166868
2021-10-26 10:15:00+05:30,132.3,134.2,131.3,133.6,263733
2021-10-26 11:15:00+05:30,133.4,134.9,133.1,134.55,101870
2021-10-26 12:15:00+05:30,134.55,137.5,134.55,136.4,443861
2021-10-26 13:15:00+05:30,136.35,138.9,136.0,138.4,456899
2021-10-26 14:15:00+05:30,138.4,139.9,137.65,138.5,492278
2021-10-26 15:15:00+05:30,138.65,139.6,138.5,139.25,163590
2021-10-27 09:15:00+05:30,140.4,144.75,139.55,144.5,1004046
2021-10-27 10:15:00+05:30,144.5,144.75,143.25,143.95,309974
2021-10-27 11:15:00+05:30,143.95,143.95,141.9,143.45,203016
2021-10-27 12:15:00+05:30,143.45,144.35,143.25,144.2,183173
2021-10-27 13:15:00+05:30,144.2,144.7,143.5,144.2,166232
2021-10-27 14:15:00+05:30,144.2,146.0,143.4,144.9,748141
2021-10-27 15:15:00+05:30,144.9,144.9,144.3,144.8,162734
2021-10-28 09:15:00+05:30,145.25,149.3,141.25,143.4,876052
2021-10-28 10:15:00+05:30,143.4,143.9,141.3,142.8,199176
2021-10-28 11:15:00+05:30,142.8,146.95,141.9,146.75,280666
2021-10-28 12:15:00+05:30,146.8,148.6,146.45,146.9,438992
2021-10-28 13:15:00+05:30,146.75,147.85,146.3,147.05,222520
2021-10-28 14:15:00+05:30,147.05,147.5,145.5,147.0,356428
2021-10-28 15:15:00+05:30,147.05,149.0,147.0,148.8,230869
2021-10-29 09:15:00+05:30,151.9,153.3,142.65,150.85,1522890
2021-10-29 10:15:00+05:30,150.85,154.05,150.25,152.65,926682
2021-10-29 11:15:00+05:30,152.65,153.6,152.25,152.55,336612
2021-10-29 12:15:00+05:30,152.55,153.5,152.5,153.1,246034
2021-10-29 13:15:00+05:30,153.1,153.95,152.75,153.45,295700
2021-10-29 14:15:00+05:30,153.45,155.55,153.35,155.15,837080
2021-10-29 15:15:00+05:30,155.05,157.7,153.95,156.7,386538
2021-11-01 09:15:00+05:30,160.0,174.45,160.0,173.55,4022373
2021-11-01 10:15:00+05:30,173.5,175.3,171.2,172.6,2069609
2021-11-01 11:15:00+05:30,172.8,176.3,170.65,174.9,1824833
2021-11-01 12:15:00+05:30,174.85,174.9,171.5,172.1,1041222
2021-11-01 13:15:00+05:30,171.85,172.8,169.1,169.95,1110894
2021-11-01 14:15:00+05:30,169.9,171.85,167.05,167.2,985901
2021-11-01 15:15:00+05:30,167.4,169.9,165.35,167.65,530082
2021-11-02 09:15:00+05:30,168.1,169.5,162.6,165.95,785370
2021-11-02 10:15:00+05:30,165.95,173.0,165.3,170.3,757212
2021-11-02 11:15:00+05:30,170.3,172.5,170.0,171.05,269646
2021-11-02 12:15:00+05:30,171.15,171.4,169.7,170.15,183475
2021-11-02 13:15:00+05:30,170.15,172.6,170.05,171.65,254453
2021-11-02 14:15:00+05:30,171.65,172.8,170.45,171.4,826161
2021-11-02 15:15:00+05:30,171.05,174.85,171.0,172.35,318718
2021-11-03 09:15:00+05:30,175.0,177.85,172.0,175.2,782337
2021-11-03 10:15:00+05:30,175.2,175.45,173.7,175.0,252086
2021-11-03 11:15:00+05:30,175.0,175.0,174.2,174.3,217332
2021-11-03 12:15:00+05:30,174.3,175.0,174.3,174.85,417670
2021-11-03 13:15:00+05:30,174.85,174.85,174.0,174.1,182107
2021-11-03 14:15:00+05:30,174.1,174.85,173.45,174.2,606760
2021-11-03 15:15:00+05:30,174.2,174.3,173.5,174.0,275966
2021-11-04 18:15:00+05:30,178.0,178.25,175.0,175.4,243760
2021-11-08 09:15:00+05:30,176.4,177.75,172.8,175.95,227410
2021-11-08 10:15:00+05:30,175.95,179.0,175.3,178.1,198171
2021-11-08 11:15:00+05:30,177.95,178.5,176.25,178.1,83416
2021-11-08 12:15:00+05:30,178.1,178.5,176.7,177.6,44736
2021-11-08 13:15:00+05:30,177.6,179.45,177.0,178.75,121603
2021-11-08 14:15:00+05:30,178.6,178.8,176.45,177.85,71860
2021-11-08 15:15:00+05:30,177.85,178.7,177.0,177.25,64112
2021-11-09 09:15:00+05:30,178.0,178.9,173.1,176.0,155754
2021-11-09 10:15:00+05:30,176.0,176.2,174.05,174.4,95477
2021-11-09 11:15:00+05:30,174.4,174.8,172.95,174.5,109527
2021-11-09 12:15:00+05:30,174.5,175.0,173.9,174.65,58302
2021-11-09 13:15:00+05:30,174.65,175.25,174.0,175.2,84209
2021-11-09 14:15:00+05:30,175.2,175.2,174.4,174.45,82821
2021-11-09 15:15:00+05:30,174.45,175.0,174.25,175.0,38879
2021-11-10 09:15:00+05:30,174.5,177.2,173.25,175.2,151918
2021-11-10 10:15:00+05:30,175.05,176.0,174.4,174.85,32777
2021-11-10 11:15:00+05:30,174.85,175.0,173.5,174.35,30200
2021-11-10 12:15:00+05:30,174.35,174.7,173.5,173.6,16779
2021-11-10 13:15:00+05:30,173.5,174.45,173.4,174.05,15849
2021-11-10 14:15:00+05:30,174.05,174.5,173.5,173.9,29350
2021-11-10 15:15:00+05:30,173.9,174.0,171.0,171.95,32781
2021-11-11 09:15:00+05:30,170.15,172.8,165.45,167.6,90941
2021-11-11 10:15:00+05:30,167.6,168.35,165.45,165.45,53979
2021-11-11 11:15:00+05:30,165.45,166.55,165.0,166.15,46148
2021-11-11 12:15:00+05:30,166.15,166.9,165.0,166.25,39674
2021-11-11 13:15:00+05:30,166.25,167.5,165.5,165.65,36197
2021-11-11 14:15:00+05:30,165.65,166.4,165.0,166.0,53403
2021-11-11 15:15:00+05:30,166.0,166.2,165.35,166.2,20807
2021-11-12 09:15:00+05:30,167.25,171.0,166.55,169.2,94447
2021-11-12 10:15:00+05:30,169.2,169.85,167.45,168.65,35703
2021-11-12 11:15:00+05:30,168.65,168.8,167.05,168.1,28015
2021-11-12 12:15:00+05:30,168.1,168.8,166.05,166.95,37529
2021-11-12 13:15:00+05:30,166.95,167.95,166.75,167.5,28448
2021-11-12 14:15:00+05:30,167.5,167.9,166.2,166.5,28369
2021-11-12 15:15:00+05:30,166.5,167.95,166.1,167.95,18805
2021-11-15 09:15:00+05:30,167.05,175.35,167.05,172.75,278703
2021-11-15 10:15:00+05:30,172.75,175.55,172.55,175.0,187540
2021-11-15 11:15:00+05:30,175.15,175.4,174.85,175.1,66905
2021-11-15 12:15:00+05:30,175.1,175.2,174.8,175.05,62007
2021-11-15 13:15:00+05:30,175.05,175.1,173.6,175.0,81294
2021-11-15 14:15:00+05:30,175.0,177.95,174.65,176.55,735797
2021-11-15 15:15:00+05:30,176.75,177.85,175.8,176.0,160165
2021-11-16 09:15:00+05:30,179.0,179.85,175.35,176.1,275406
2021-11-16 10:15:00+05:30,176.1,176.45,174.2,174.9,75431
2021-11-16 11:15:00+05:30,174.9,175.35,173.55,175.35,95504
2021-11-16 12:15:00+05:30,175.35,175.5,174.25,174.85,40782
2021-11-16 13:15:00+05:30,174.85,175.8,174.5,175.5,58607
2021-11-16 14:15:00+05:30,175.5,175.5,174.15,174.45,74026
2021-11-16 15:15:00+05:30,174.45,174.5,172.9,173.85,87188
2021-11-17 09:15:00+05:30,173.85,174.7,171.35,171.9,94077
2021-11-17 10:15:00+05:30,171.9,173.1,171.5,172.5,44120
2021-11-17 11:15:00+05:30,172.7,172.75,171.05,171.2,28156
2021-11-17 12:15:00+05:30,171.2,171.8,170.35,171.35,41402
2021-11-17 13:15:00+05:30,171.35,171.5,169.15,169.85,53917
2021-11-17 14:15:00+05:30,169.85,170.8,169.4,169.95,79663
2021-11-17 15:15:00+05:30,169.8,170.0,168.0,170.0,44767
2021-11-18 09:15:00+05:30,169.65,170.25,163.05,163.05,130077
2021-11-18 10:15:00+05:30,163.05,165.0,161.7,163.75,109631
2021-11-18 11:15:00+05:30,163.75,164.15,161.55,162.0,52221
2021-11-18 12:15:00+05:30,161.9,164.3,161.35,164.2,97004
2021-11-18 13:15:00+05:30,164.2,164.6,162.35,163.0,39160
2021-11-18 14:15:00+05:30,163.0,164.35,162.35,162.9,105036
2021-11-18 15:15:00+05:30,162.9,166.0,162.3,165.4,47411
2021-11-22 09:15:00+05:30,165.8,165.8,160.1,160.8,138722
2021-11-22 10:15:00+05:30,160.8,161.2,160.1,160.3,35441
2021-11-22 11:15:00+05:30,160.3,160.3,156.55,156.95,80821
2021-11-22 12:15:00+05:30,157.2,160.65,154.2,160.2,158221
2021-11-22 13:15:00+05:30,160.2,160.2,158.7,159.15,61143
2021-11-22 14:15:00+05:30,159.15,159.65,155.25,156.85,102620
2021-11-22 15:15:00+05:30,157.1,158.0,155.0,157.0,40854
2021-11-23 09:15:00+05:30,156.0,164.85,155.05,162.1,197332
2021-11-23 10:15:00+05:30,162.1,166.05,162.0,165.55,110728
2021-11-23 11:15:00+05:30,165.6,165.6,161.2,163.1,109587
2021-11-23 12:15:00+05:30,163.1,164.5,161.6,164.5,89240
2021-11-23 13:15:00+05:30,164.5,165.0,163.7,165.0,49887
2021-11-23 14:15:00+05:30,165.0,165.5,163.6,164.65,83633
2021-11-23 15:15:00+05:30,164.65,164.65,163.8,164.6,49680
2021-11-24 09:15:00+05:30,165.4,171.9,164.05,171.6,334647
2021-11-24 10:15:00+05:30,171.65,174.0,170.6,171.0,375789
2021-11-24 11:15:00+05:30,171.0,172.05,170.4,170.95,101763
2021-11-24 12:15:00+05:30,170.8,173.1,169.55,170.6,110226
2021-11-24 13:15:00+05:30,170.6,171.1,170.15,170.4,44605
2021-11-24 14:15:00+05:30,170.4,170.65,167.5,169.1,187887
2021-11-24 15:15:00+05:30,169.1,170.45,168.8,170.0,60539
2021-11-25 09:15:00+05:30,171.8,172.0,169.3,170.9,162842
2021-11-25 10:15:00+05:30,170.9,170.95,169.85,170.4,45588
2021-11-25 11:15:00+05:30,170.4,170.6,169.95,170.1,18641
2021-11-25 12:15:00+05:30,170.1,170.85,169.25,170.5,46127
2021-11-25 13:15:00+05:30,170.5,170.5,169.65,170.5,23084
2021-11-25 14:15:00+05:30,170.5,170.75,169.5,170.2,75038
2021-11-25 15:15:00+05:30,170.2,171.2,170.0,171.1,55450
2021-11-26 09:15:00+05:30,167.9,172.0,165.85,170.8,197074
2021-11-26 10:15:00+05:30,170.8,170.8,167.35,169.05,132779
2021-11-26 11:15:00+05:30,169.05,170.95,168.55,170.4,75716
2021-11-26 12:15:00+05:30,170.4,170.65,169.05,169.9,40047
2021-11-26 13:15:00+05:30,169.9,171.4,168.35,169.05,116655
2021-11-26 14:15:00+05:30,169.1,171.25,167.95,169.75,125339
2021-11-26 15:15:00+05:30,169.7,170.25,168.0,168.25,47369
2021-11-29 09:15:00+05:30,165.0,169.0,157.25,163.65,307785
2021-11-29 10:15:00+05:30,163.85,165.85,161.55,165.75,88576
2021-11-29 11:15:00+05:30,165.75,169.0,165.0,169.0,98468
2021-11-29 12:15:00+05:30,169.0,170.8,168.45,170.65,582693
2021-11-29 13:15:00+05:30,170.65,171.55,170.0,170.0,103628
2021-11-29 14:15:00+05:30,170.0,172.0,166.45,171.0,332619
2021-11-29 15:15:00+05:30,171.0,171.0,169.05,169.45,153669
2021-11-30 09:15:00+05:30,170.9,175.0,170.5,172.9,238604
2021-11-30 10:15:00+05:30,172.9,175.0,171.1,171.75,194068
2021-11-30 11:15:00+05:30,171.6,171.95,168.2,169.8,119318
2021-11-30 12:15:00+05:30,169.8,170.5,168.75,169.0,42965
2021-11-30 13:15:00+05:30,169.0,169.95,168.8,169.25,22560
2021-11-30 14:15:00+05:30,169.25,169.55,161.4,163.2,125237
2021-11-30 15:15:00+05:30,163.45,163.75,163.0,163.5,59914
2021-12-01 09:15:00+05:30,164.0,171.5,164.0,166.5,124498
2021-12-01 10:15:00+05:30,166.5,169.5,166.1,168.95,124750
2021-12-01 11:15:00+05:30,168.95,170.4,166.6,167.0,551390
2021-12-01 12:15:00+05:30,167.0,168.05,165.6,166.0,64814
2021-12-01 13:15:00+05:30,166.0,168.3,165.3,166.5,45339
2021-12-01 14:15:00+05:30,166.35,166.95,165.25,165.9,88280
2021-12-01 15:15:00+05:30,165.9,166.0,162.0,165.0,50701
2021-12-02 09:15:00+05:30,167.6,167.6,164.0,164.15,49147
2021-12-02 10:15:00+05:30,164.15,164.8,161.85,162.95,39422
2021-12-02 11:15:00+05:30,162.95,163.9,160.9,162.15,56119
2021-12-02 12:15:00+05:30,162.15,163.0,161.85,162.75,31268
2021-12-02 13:15:00+05:30,162.55,162.9,161.9,162.0,26181
2021-12-02 14:15:00+05:30,162.2,163.65,162.2,163.0,34628
2021-12-02 15:15:00+05:30,163.0,163.55,162.5,163.3,21613
2021-12-03 09:15:00+05:30,163.9,166.35,163.2,164.7,54333
2021-12-03 10:15:00+05:30,164.7,165.1,164.15,164.7,16927
2021-12-03 11:15:00+05:30,164.7,165.55,164.4,165.45,11371
2021-12-03 12:15:00+05:30,165.45,165.5,164.2,164.55,15730
2021-12-03 13:15:00+05:30,164.55,164.95,162.4,163.3,28846
2021-12-03 14:15:00+05:30,163.5,163.5,162.45,162.9,31744
2021-12-03 15:15:00+05:30,162.9,163.3,162.5,163.25,20055
2021-12-06 09:15:00+05:30,164.8,167.0,161.8,164.25,197613
2021-12-06 10:15:00+05:30,164.25,164.7,162.0,162.1,52085
2021-12-06 11:15:00+05:30,162.1,163.05,161.75,162.5,54952
2021-12-06 12:15:00+05:30,162.55,164.2,161.55,163.05,59391
2021-12-06 13:15:00+05:30,163.05,164.0,162.4,162.9,27320
2021-12-06 14:15:00+05:30,162.9,162.9,161.25,161.65,30600
2021-12-06 15:15:00+05:30,161.65,162.4,161.25,161.6,25950
2021-12-07 09:15:00+05:30,163.05,163.15,161.3,162.6,34002
2021-12-07 10:15:00+05:30,162.6,164.15,162.5,163.95,19880
2021-12-07 11:15:00+05:30,163.95,163.95,163.05,163.65,14950
2021-12-07 12:15:00+05:30,163.65,163.7,163.15,163.35,5963
2021-12-07 13:15:00+05:30,163.4,164.0,163.2,163.4,10268
2021-12-07 14:15:00+05:30,163.4,163.65,163.0,163.2,15149
2021-12-07 15:15:00+05:30,163.2,163.85,162.25,162.5,17886
2021-12-08 09:15:00+05:30,165.1,166.15,162.9,163.2,87237
2021-12-08 10:15:00+05:30,163.05,163.95,162.9,163.3,24311
2021-12-08 11:15:00+05:30,163.3,163.95,162.9,163.5,27525
2021-12-08 12:15:00+05:30,163.5,163.5,162.5,162.8,27921
2021-12-08 13:15:00+05:30,162.8,163.5,162.5,162.95,26074
2021-12-08 14:15:00+05:30,162.95,163.45,162.5,162.65,35932
2021-12-08 15:15:00+05:30,162.65,162.9,161.1,161.95,49865
2021-12-09 09:15:00+05:30,163.3,163.8,161.25,162.45,65523
2021-12-09 10:15:00+05:30,162.45,163.6,162.05,163.5,18555
2021-12-09 11:15:00+05:30,163.5,163.6,163.1,163.2,10980
2021-12-09 12:15:00+05:30,163.2,165.6,163.15,164.5,50291
2021-12-09 13:15:00+05:30,164.5,164.6,163.2,164.05,22060
2021-12-09 14:15:00+05:30,164.05,164.65,163.3,163.7,29824
2021-12-09 15:15:00+05:30,163.7,164.15,162.7,163.0,15141
2021-12-10 09:15:00+05:30,163.0,172.5,163.0,170.25,721795
2021-12-10 10:15:00+05:30,170.25,173.25,169.9,171.7,380185
2021-12-10 11:15:00+05:30,171.7,173.9,171.65,172.65,345365
2021-12-10 12:15:00+05:30,172.65,173.0,171.65,172.35,200614
2021-12-10 13:15:00+05:30,172.35,174.9,171.55,173.55,359300
2021-12-10 14:15:00+05:30,173.6,175.95,172.75,174.5,679512
2021-12-10 15:15:00+05:30,174.5,175.5,174.1,174.15,248646
2021-12-13 09:15:00+05:30,178.0,179.3,174.35,176.5,668007
2021-12-13 10:15:00+05:30,176.5,178.0,175.25,176.35,257262
2021-12-13 11:15:00+05:30,176.5,176.55,175.8,176.05,81133
2021-12-13 12:15:00+05:30,176.05,176.1,174.2,174.2,153968
2021-12-13 13:15:00+05:30,174.2,175.45,173.9,174.9,105612
2021-12-13 14:15:00+05:30,174.95,175.85,174.6,175.4,132818
2021-12-13 15:15:00+05:30,175.5,175.9,171.25,173.0,122849
2021-12-14 09:15:00+05:30,171.75,174.4,170.4,172.25,199834
2021-12-14 10:15:00+05:30,172.25,172.6,169.55,170.5,140540
2021-12-14 11:15:00+05:30,170.5,171.3,170.2,170.55,59318
2021-12-14 12:15:00+05:30,170.55,172.45,170.55,171.75,42705
2021-12-14 13:15:00+05:30,171.75,172.3,171.0,171.2,47635
2021-12-14 14:15:00+05:30,171.2,171.9,170.0,170.2,109220
2021-12-14 15:15:00+05:30,170.2,171.1,170.0,171.0,35946
2021-12-15 09:15:00+05:30,172.0,175.0,170.95,171.4,127105
2021-12-15 10:15:00+05:30,171.4,171.6,170.4,171.2,34656
2021-12-15 11:15:00+05:30,171.2,171.45,170.55,171.1,39645
2021-12-15 12:15:00+05:30,171.1,171.1,168.15,169.2,56673
2021-12-15 13:15:00+05:30,169.2,170.5,168.8,170.25,54206
2021-12-15 14:15:00+05:30,170.4,170.4,167.5,168.5,48692
2021-12-15 15:15:00+05:30,168.5,171.45,167.8,171.45,36743
2021-12-16 09:15:00+05:30,170.9,171.95,166.75,167.2,104845
2021-12-16 10:15:00+05:30,167.2,169.5,167.1,169.1,36084
2021-12-16 11:15:00+05:30,169.1,169.7,166.05,166.4,39778
2021-12-16 12:15:00+05:30,166.25,168.4,166.25,167.5,40440
2021-12-16 13:15:00+05:30,167.5,168.95,167.25,167.45,30604
2021-12-16 14:15:00+05:30,167.15,168.1,166.5,167.85,42257
2021-12-16 15:15:00+05:30,167.85,168.0,167.0,167.9,32751
2021-12-17 09:15:00+05:30,168.75,169.15,161.5,163.7,130800
2021-12-17 10:15:00+05:30,163.6,164.65,162.5,164.25,86474
2021-12-17 11:15:00+05:30,164.25,165.45,163.3,164.25,46695
2021-12-17 12:15:00+05:30,164.25,166.0,163.7,165.6,22448
2021-12-17 13:15:00+05:30,165.6,166.7,165.0,165.6,26476
2021-12-17 14:15:00+05:30,165.6,165.8,163.4,163.8,38400
2021-12-17 15:15:00+05:30,163.8,165.0,163.35,164.9,20798
2021-12-20 09:15:00+05:30,160.0,160.2,155.0,156.8,181395
2021-12-20 10:15:00+05:30,156.8,157.9,155.15,157.85,64140
2021-12-20 11:15:00+05:30,157.8,157.8,155.25,155.7,48332
2021-12-20 12:15:00+05:30,155.7,155.9,150.65,152.0,137032
2021-12-20 13:15:00+05:30,152.0,157.35,151.9,156.65,78887
2021-12-20 14:15:00+05:30,156.65,157.85,156.4,156.4,59283
2021-12-20 15:15:00+05:30,156.4,158.0,156.0,158.0,22720
2021-12-21 09:15:00+05:30,159.8,161.0,158.05,159.75,82820
2021-12-21 10:15:00+05:30,159.75,167.25,159.75,165.95,274753
2021-12-21 11:15:00+05:30,165.8,169.2,165.0,167.9,218765
2021-12-21 12:15:00+05:30,167.9,168.4,165.0,165.4,613974
2021-12-21 13:15:00+05:30,165.4,165.9,162.6,163.5,98590
2021-12-21 14:15:00+05:30,163.25,164.75,161.15,164.05,147823
2021-12-21 15:15:00+05:30,164.0,164.6,163.6,164.0,31929
2021-12-22 09:15:00+05:30,164.9,171.95,164.1,170.9,388299
2021-12-22 10:15:00+05:30,171.0,177.9,168.05,176.35,1274985
2021-12-22 11:15:00+05:30,176.35,176.45,174.2,176.0,640156
2021-12-22 12:15:00+05:30,175.9,178.2,171.45,171.7,1031806
2021-12-22 13:15:00+05:30,171.55,172.6,170.7,171.45,343283
2021-12-22 14:15:00+05:30,171.45,173.55,171.0,171.45,395741
2021-12-22 15:15:00+05:30,171.45,173.0,170.5,172.0,249924
2021-12-23 09:15:00+05:30,172.4,174.0,171.0,172.05,336616
2021-12-23 10:15:00+05:30,172.0,173.5,171.7,172.2,95606
2021-12-23 11:15:00+05:30,172.2,172.4,171.1,171.2,90617
2021-12-23 12:15:00+05:30,171.2,171.45,169.45,170.3,67891
2021-12-23 13:15:00+05:30,170.3,172.0,170.1,171.3,57657
2021-12-23 14:15:00+05:30,171.25,171.95,169.7,171.2,102326
2021-12-23 15:15:00+05:30,171.05,171.7,170.4,171.1,69638
2021-12-24 09:15:00+05:30,172.65,172.65,167.0,167.85,172068
2021-12-24 10:15:00+05:30,168.0,169.4,167.05,169.05,48960
2021-12-24 11:15:00+05:30,169.05,169.7,168.15,169.65,43690
2021-12-24 12:15:00+05:30,169.65,169.7,168.2,168.2,26689
2021-12-24 13:15:00+05:30,168.2,169.45,168.1,169.45,26794
2021-12-24 14:15:00+05:30,169.45,169.45,167.0,167.55,61800
2021-12-24 15:15:00+05:30,167.55,168.0,165.8,167.7,37258
2021-12-27 09:15:00+05:30,168.2,170.7,165.3,169.15,156125
2021-12-27 10:15:00+05:30,169.5,171.5,169.25,171.2,101834
2021-12-27 11:15:00+05:30,171.2,172.95,170.5,172.2,105707
2021-12-27 12:15:00+05:30,172.2,172.5,169.55,170.1,53794
2021-12-27 13:15:00+05:30,170.05,171.0,169.0,169.1,112629
2021-12-27 14:15:00+05:30,169.1,169.45,166.4,167.4,103440
2021-12-27 15:15:00+05:30,167.4,167.75,164.55,166.5,69346
2021-12-28 09:15:00+05:30,167.45,169.7,167.4,168.65,95175
2021-12-28 10:15:00+05:30,168.65,168.65,167.05,167.5,30302
2021-12-28 11:15:00+05:30,167.5,168.15,166.75,167.35,29454
2021-12-28 12:15:00+05:30,167.35,168.8,167.3,168.6,33076
2021-12-28 13:15:00+05:30,168.6,168.7,168.0,168.05,21142
2021-12-28 14:15:00+05:30,168.05,168.5,166.0,168.3,62588
2021-12-28 15:15:00+05:30,168.3,169.0,167.95,168.85,22335
2021-12-29 09:15:00+05:30,169.0,170.8,168.55,169.85,76315
2021-12-29 10:15:00+05:30,169.8,178.3,169.45,174.9,1554483
2021-12-29 11:15:00+05:30,175.0,175.15,173.2,173.85,375124
2021-12-29 12:15:00+05:30,173.85,173.85,171.5,172.5,259564
2021-12-29 13:15:00+05:30,172.5,174.0,172.25,172.75,133496
2021-12-29 14:15:00+05:30,172.75,173.45,167.3,168.8,236406
2021-12-29 15:15:00+05:30,168.8,169.45,166.7,168.75,166141
2021-12-30 09:15:00+05:30,169.0,170.65,167.6,169.8,199627
2021-12-30 10:15:00+05:30,169.8,170.0,169.0,169.5,51047
2021-12-30 11:15:00+05:30,169.7,169.95,168.55,169.1,45796
2021-12-30 12:15:00+05:30,169.1,169.35,168.3,168.65,40778
2021-12-30 13:15:00+05:30,168.65,168.9,168.4,168.6,17678
2021-12-30 14:15:00+05:30,168.6,169.65,167.85,168.4,73160
2021-12-30 15:15:00+05:30,168.35,168.9,167.65,167.9,41909
2021-12-31 09:15:00+05:30,169.35,171.75,168.75,170.35,135635
2021-12-31 10:15:00+05:30,170.35,170.5,169.15,169.5,37816
2021-12-31 11:15:00+05:30,169.5,170.3,169.2,170.25,25553
2021-12-31 12:15:00+05:30,170.25,172.7,169.9,170.95,88769
2021-12-31 13:15:00+05:30,170.95,171.2,168.1,168.8,59106
2021-12-31 14:15:00+05:30,168.8,169.75,168.35,168.8,55419
2021-12-31 15:15:00+05:30,168.8,169.75,167.9,169.75,36650
2022-01-03 09:15:00+05:30,172.0,172.8,170.55,171.25,129193
2022-01-03 10:15:00+05:30,171.4,172.4,171.0,172.25,74676
2022-01-03 11:15:00+05:30,172.25,172.25,171.25,172.0,37121
2022-01-03 12:15:00+05:30,172.0,187.75,171.7,186.7,3025855
2022-01-03 13:15:00+05:30,186.7,189.9,185.8,189.25,2242535
2022-01-03 14:15:00+05:30,189.3,198.95,186.2,198.45,4021492
2022-01-03 15:15:00+05:30,198.45,202.3,198.45,202.3,2097948
2022-01-04 09:15:00+05:30,204.95,209.4,198.3,201.9,6952205
2022-01-04 10:15:00+05:30,201.85,203.5,199.95,200.75,777578
2022-01-04 11:15:00+05:30,200.5,201.55,198.65,200.75,744176
2022-01-04 12:15:00+05:30,200.75,202.9,199.1,199.5,522415
2022-01-04 13:15:00+05:30,199.6,200.4,195.7,197.9,949960
2022-01-04 14:15:00+05:30,197.8,199.95,197.05,198.0,777942
2022-01-04 15:15:00+05:30,198.0,198.0,193.85,198.0,675434
2022-01-05 09:15:00+05:30,196.0,204.6,195.9,202.1,1789095
2022-01-05 10:15:00+05:30,202.1,202.3,199.4,200.3,492023
2022-01-05 11:15:00+05:30,200.3,200.65,199.5,199.8,153806
2022-01-05 12:15:00+05:30,199.8,200.85,199.5,200.15,177811
2022-01-05 13:15:00+05:30,200.15,202.3,199.4,200.2,264032
2022-01-05 14:15:00+05:30,200.2,205.0,199.4,204.5,662878
2022-01-05 15:15:00+05:30,204.2,205.0,201.3,201.8,444863
2022-01-06 09:15:00+05:30,200.0,200.95,195.2,198.95,682895
2022-01-06 10:15:00+05:30,198.95,199.0,196.3,197.75,225072
2022-01-06 11:15:00+05:30,197.9,198.3,197.25,197.55,61977
2022-01-06 12:15:00+05:30,197.55,198.7,197.4,198.3,73548
2022-01-06 13:15:00+05:30,198.3,199.0,197.8,198.1,109610
2022-01-06 14:15:00+05:30,198.1,201.8,197.95,199.7,257834
2022-01-06 15:15:00+05:30,199.7,200.0,198.1,199.8,109019
2022-01-07 09:15:00+05:30,200.5,200.8,197.05,197.5,454687
2022-01-07 10:15:00+05:30,197.5,199.35,197.2,197.65,189856
2022-01-07 11:15:00+05:30,197.65,198.4,196.5,197.8,146423
2022-01-07 12:15:00+05:30,197.8,197.8,196.25,197.1,75564
2022-01-07 13:15:00+05:30,197.1,197.9,196.8,197.15,43828
2022-01-07 14:15:00+05:30,197.2,205.0,197.0,199.05,891915
2022-01-07 15:15:00+05:30,199.0,199.35,197.2,198.75,148532
2022-01-10 09:15:00+05:30,199.6,202.2,196.35,200.5,500699
2022-01-10 10:15:00+05:30,200.5,200.55,198.8,199.0,193155
2022-01-10 11:15:00+05:30,198.9,200.0,198.6,199.0,161646
2022-01-10 12:15:00+05:30,198.8,199.5,198.65,199.05,121774
2022-01-10 13:15:00+05:30,199.05,201.2,199.0,200.6,179864
2022-01-10 14:15:00+05:30,200.6,205.5,199.6,199.95,1072563
2022-01-10 15:15:00+05:30,200.0,200.5,199.1,200.3,150396
2022-01-11 09:15:00+05:30,199.95,200.7,198.0,198.55,340063
2022-01-11 10:15:00+05:30,198.55,199.5,197.35,197.95,129082
2022-01-11 11:15:00+05:30,198.05,198.2,197.1,197.6,75007
2022-01-11 12:15:00+05:30,197.6,198.35,197.45,198.3,75639
2022-01-11 13:15:00+05:30,198.3,198.95,198.0,198.1,107106
2022-01-11 14:15:00+05:30,198.1,198.25,194.5,196.6,259380
2022-01-11 15:15:00+05:30,196.4,196.7,190.8,193.6,169574
2022-01-12 09:15:00+05:30,196.3,196.95,194.1,194.3,262422
2022-01-12 10:15:00+05:30,194.25,194.5,191.9,192.4,147265
2022-01-12 11:15:00+05:30,192.4,192.55,189.35,190.7,144709
2022-01-12 12:15:00+05:30,190.7,191.95,190.5,190.8,77235
2022-01-12 13:15:00+05:30,190.5,190.85,190.1,190.25,73014
2022-01-12 14:15:00+05:30,190.25,191.85,189.95,190.85,173923
2022-01-12 15:15:00+05:30,191.05,191.3,189.0,190.5,108326
2022-01-13 09:15:00+05:30,192.0,195.8,189.8,194.0,432846
2022-01-13 10:15:00+05:30,193.65,194.9,192.1,192.5,117868
2022-01-13 11:15:00+05:30,192.6,192.75,191.65,192.0,53638
2022-01-13 12:15:00+05:30,192.0,192.45,191.25,192.0,53285
2022-01-13 13:15:00+05:30,192.0,192.7,191.55,191.85,56833
2022-01-13 14:15:00+05:30,191.85,193.0,191.45,192.35,97328
2022-01-13 15:15:00+05:30,192.35,192.5,190.7,191.0,78673
2022-01-14 09:15:00+05:30,191.9,194.0,190.6,193.9,163684
2022-01-14 10:15:00+05:30,193.9,197.6,193.6,195.4,344736
2022-01-14 11:15:00+05:30,195.4,195.4,193.0,193.0,126307
2022-01-14 12:15:00+05:30,193.0,194.7,193.0,193.55,49483
2022-01-14 13:15:00+05:30,193.4,194.25,193.1,193.65,53531
2022-01-14 14:15:00+05:30,193.65,194.5,193.0,193.6,114321
2022-01-14 15:15:00+05:30,193.6,194.05,190.75,192.25,138283
2022-01-17 09:15:00+05:30,194.0,204.3,193.45,203.05,1116916
2022-01-17 10:15:00+05:30,203.2,203.3,200.65,201.3,274302
2022-01-17 11:15:00+05:30,201.3,204.0,201.1,203.55,306853
2022-01-17 12:15:00+05:30,203.55,205.0,201.55,202.5,472376
2022-01-17 13:15:00+05:30,202.25,203.5,198.85,201.2,346200
2022-01-17 14:15:00+05:30,201.2,202.5,200.0,200.25,187224
2022-01-17 15:15:00+05:30,200.25,201.4,200.0,200.9,134081
2022-01-18 09:15:00+05:30,202.0,204.0,199.15,200.35,414704
2022-01-18 10:15:00+05:30,200.35,202.4,198.85,202.15,152753
2022-01-18 11:15:00+05:30,202.15,202.25,200.8,201.0,81912
2022-01-18 12:15:00+05:30,201.0,204.0,200.85,202.6,135124
2022-01-18 13:15:00+05:30,202.6,202.9,200.9,201.2,157451
2022-01-18 14:15:00+05:30,201.2,202.0,200.7,201.0,277897
2022-01-18 15:15:00+05:30,201.0,201.9,200.8,201.45,617254
2022-01-19 09:15:00+05:30,201.0,204.25,197.2,199.45,379786
2022-01-19 10:15:00+05:30,199.5,199.65,197.9,198.45,61324
2022-01-19 11:15:00+05:30,198.45,199.5,197.55,199.05,53014
2022-01-19 12:15:00+05:30,199.35,199.4,197.9,198.9,47339
2022-01-19 13:15:00+05:30,198.65,199.7,198.45,198.9,35709
2022-01-19 14:15:00+05:30,198.9,199.55,198.3,198.5,63867
2022-01-19 15:15:00+05:30,198.5,199.25,197.5,198.15,67690
2022-01-20 09:15:00+05:30,199.5,205.0,198.5,200.65,391137
2022-01-20 10:15:00+05:30,200.65,201.7,200.15,200.55,52014
2022-01-20 11:15:00+05:30,200.55,201.1,199.4,200.2,77688
2022-01-20 12:15:00+05:30,200.2,202.35,200.05,200.95,70010
2022-01-20 13:15:00+05:30,201.0,204.5,200.05,203.85,220862
2022-01-20 14:15:00+05:30,203.7,214.0,203.7,207.8,3412073
2022-01-20 15:15:00+05:30,207.7,208.5,206.7,208.0,338205
2022-01-21 09:15:00+05:30,206.4,210.8,204.0,209.2,831289
2022-01-21 10:15:00+05:30,209.2,211.65,208.0,209.5,573900
2022-01-21 11:15:00+05:30,209.5,210.4,209.3,210.0,160644
2022-01-21 12:15:00+05:30,210.0,210.55,209.1,209.55,172429
2022-01-21 13:15:00+05:30,209.55,209.65,205.15,205.5,347441
2022-01-21 14:15:00+05:30,205.55,205.9,197.1,200.25,572657
2022-01-21 15:15:00+05:30,200.25,202.25,199.55,200.45,141099
2022-01-24 09:15:00+05:30,199.9,201.85,186.05,190.8,648198
2022-01-24 10:15:00+05:30,190.8,191.6,187.45,189.7,231549
2022-01-24 11:15:00+05:30,189.95,190.45,187.05,188.2,158407
2022-01-24 12:15:00+05:30,188.2,189.5,186.1,189.35,200477
2022-01-24 13:15:00+05:30,189.35,189.75,181.75,182.2,244923
2022-01-24 14:15:00+05:30,182.4,192.7,182.4,192.25,453461
2022-01-24 15:15:00+05:30,192.35,192.5,185.2,186.5,163361
2022-01-25 09:15:00+05:30,183.0,192.9,180.1,189.4,631484
2022-01-25 10:15:00+05:30,189.45,190.9,188.1,190.3,127199
2022-01-25 11:15:00+05:30,190.25,191.3,189.7,190.35,76382
2022-01-25 12:15:00+05:30,190.35,190.6,189.0,189.8,55512
2022-01-25 13:15:00+05:30,189.8,191.6,189.6,191.0,72655
2022-01-25 14:15:00+05:30,191.0,206.75,190.1,202.25,766166
2022-01-25 15:15:00+05:30,202.55,205.0,200.8,201.6,171368
2022-01-27 09:15:00+05:30,199.0,202.8,194.7,200.8,439465
2022-01-27 10:15:00+05:30,200.8,205.9,199.6,203.5,469006
2022-01-27 11:15:00+05:30,203.4,203.9,200.95,201.2,120974
2022-01-27 12:15:00+05:30,201.15,204.35,200.9,203.95,118546
2022-01-27 13:15:00+05:30,204.25,208.35,203.0,205.95,576580
2022-01-27 14:15:00+05:30,206.0,207.55,205.0,206.4,243265
2022-01-27 15:15:00+05:30,206.35,207.2,204.75,204.75,115818
2022-01-28 09:15:00+05:30,208.0,210.35,206.35,207.7,278504
2022-01-28 10:15:00+05:30,207.7,208.2,207.2,207.6,52270
2022-01-28 11:15:00+05:30,207.6,207.75,206.65,207.0,56460
2022-01-28 12:15:00+05:30,207.0,208.0,205.0,205.35,113388
2022-01-28 13:15:00+05:30,205.35,206.4,202.65,203.4,299703
2022-01-28 14:15:00+05:30,203.4,204.0,200.65,201.6,94804
2022-01-28 15:15:00+05:30,201.6,202.3,200.0,201.2,76588
2022-01-31 09:15:00+05:30,204.0,205.55,202.1,203.5,274085
2022-01-31 10:15:00+05:30,203.3,204.4,202.1,202.75,81560
2022-01-31 11:15:00+05:30,202.75,208.25,202.05,204.05,223716
2022-01-31 12:15:00+05:30,204.0,204.5,202.1,202.35,96738
2022-01-31 13:15:00+05:30,202.4,202.4,200.0,200.1,219462
2022-01-31 14:15:00+05:30,200.1,200.7,197.65,199.25,259860
2022-01-31 15:15:00+05:30,199.25,199.4,197.7,199.0,69066
2022-02-01 09:15:00+05:30,200.45,202.75,199.3,199.75,221588
2022-02-01 10:15:00+05:30,199.75,200.55,199.0,199.85,84102
2022-02-01 11:15:00+05:30,199.85,200.05,197.6,199.25,149632
2022-02-01 12:15:00+05:30,199.25,199.95,196.2,196.5,68751
2022-02-01 13:15:00+05:30,196.4,201.6,196.05,201.6,114845
2022-02-01 14:15:00+05:30,201.6,202.5,198.4,198.5,181701
2022-02-01 15:15:00+05:30,198.5,199.15,197.3,198.05,65976
2022-02-02 09:15:00+05:30,200.5,202.25,199.15,201.1,245840
2022-02-02 10:15:00+05:30,201.1,205.45,201.0,203.0,238957
2022-02-02 11:15:00+05:30,203.0,203.5,202.0,203.0,47515
2022-02-02 12:15:00+05:30,203.0,203.5,202.5,203.0,131453
2022-02-02 13:15:00+05:30,203.0,206.6,202.5,202.9,225654
2022-02-02 14:15:00+05:30,202.9,203.0,200.45,200.9,170342
2022-02-02 15:15:00+05:30,200.85,201.5,200.5,201.15,50622
2022-02-03 09:15:00+05:30,202.85,205.9,200.65,205.0,273543
2022-02-03 10:15:00+05:30,205.3,205.3,201.55,202.4,99777
2022-02-03 11:15:00+05:30,202.4,202.9,200.65,200.8,59372
2022-02-03 12:15:00+05:30,200.65,202.25,200.55,201.6,36576
2022-02-03 13:15:00+05:30,201.6,202.05,200.1,201.65,56652
2022-02-03 14:15:00+05:30,201.65,202.4,201.1,201.25,76730
2022-02-03 15:15:00+05:30,201.45,201.45,199.05,199.6,91650
2022-02-04 09:15:00+05:30,201.0,203.8,200.0,202.0,140034
2022-02-04 10:15:00+05:30,202.0,202.3,200.75,202.0,47323
2022-02-04 11:15:00+05:30,202.0,202.35,201.05,201.05,35489
2022-02-04 12:15:00+05:30,201.05,201.4,200.0,200.15,42757
2022-02-04 13:15:00+05:30,200.15,202.9,200.15,201.35,58556
2022-02-04 14:15:00+05:30,201.45,207.8,201.05,204.55,259201
2022-02-04 15:15:00+05:30,204.5,204.9,201.6,203.0,101955
2022-02-07 09:15:00+05:30,203.9,203.9,197.0,199.35,253030
2022-02-07 10:15:00+05:30,199.35,199.9,198.55,198.8,45920
2022-02-07 11:15:00+05:30,198.8,199.15,196.85,197.45,78687
2022-02-07 12:15:00+05:30,197.45,197.95,195.15,196.6,135067
2022-02-07 13:15:00+05:30,196.6,197.85,195.45,197.3,91079
2022-02-07 14:15:00+05:30,197.3,198.05,196.0,196.7,92365
2022-02-07 15:15:00+05:30,196.7,196.8,193.0,194.65,146495
2022-02-08 09:15:00+05:30,194.65,197.95,193.05,193.95,237874
2022-02-08 10:15:00+05:30,193.95,194.6,185.15,186.35,281240
2022-02-08 11:15:00+05:30,186.35,188.85,186.1,188.4,134033
2022-02-08 12:15:00+05:30,188.4,190.6,187.8,188.3,144549
2022-02-08 13:15:00+05:30,188.3,190.7,188.3,189.55,95072
2022-02-08 14:15:00+05:30,189.55,190.85,188.25,189.8,102631
2022-02-08 15:15:00+05:30,189.8,193.9,189.55,192.05,66415
2022-02-09 09:15:00+05:30,192.05,196.15,191.8,192.85,163393
2022-02-09 10:15:00+05:30,192.7,193.35,192.0,192.7,41916
2022-02-09 11:15:00+05:30,192.65,193.4,192.2,192.8,23797
2022-02-09 12:15:00+05:30,192.9,193.75,192.2,193.2,33215
2022-02-09 13:15:00+05:30,193.2,196.55,192.8,195.15,56753
2022-02-09 14:15:00+05:30,195.15,198.1,194.2,198.0,235950
2022-02-09 15:15:00+05:30,198.35,199.5,197.45,199.5,127452
2022-02-10 09:15:00+05:30,199.0,199.8,196.5,199.0,113911
2022-02-10 10:15:00+05:30,199.0,199.5,197.85,199.2,35562
2022-02-10 11:15:00+05:30,199.2,201.6,198.6,200.2,85194
2022-02-10 12:15:00+05:30,200.2,200.9,199.65,200.25,30423
2022-02-10 13:15:00+05:30,200.25,201.0,199.8,200.65,30862
2022-02-10 14:15:00+05:30,200.65,203.4,197.6,198.6,177008
2022-02-10 15:15:00+05:30,198.6,198.9,197.3,197.45,54017
2022-02-11 09:15:00+05:30,196.5,198.15,193.65,196.0,105278
2022-02-11 10:15:00+05:30,196.0,197.0,195.1,196.15,43805
2022-02-11 11:15:00+05:30,196.15,197.05,196.05,196.9,10706
2022-02-11 12:15:00+05:30,196.9,198.0,196.65,197.85,16078
2022-02-11 13:15:00+05:30,197.85,199.8,196.5,197.55,56389
2022-02-11 14:15:00+05:30,197.65,197.75,196.0,196.5,49398
2022-02-11 15:15:00+05:30,196.5,197.35,196.0,196.1,23365
2022-02-14 09:15:00+05:30,190.0,191.45,186.65,190.8,220975
2022-02-14 10:15:00+05:30,190.5,191.85,189.5,190.35,62123
2022-02-14 11:15:00+05:30,190.25,190.6,188.95,189.55,34080
2022-02-14 12:15:00+05:30,189.55,189.9,188.3,189.5,19267
2022-02-14 13:15:00+05:30,189.5,189.8,186.0,186.4,77467
2022-02-14 14:15:00+05:30,186.4,186.8,180.05,180.05,135408
2022-02-14 15:15:00+05:30,180.05,185.4,177.75,180.1,130274
2022-02-15 09:15:00+05:30,180.0,185.45,178.1,179.4,230830
2022-02-15 10:15:00+05:30,179.25,181.85,179.25,181.6,102272
2022-02-15 11:15:00+05:30,181.6,183.8,181.4,183.0,43413
2022-02-15 12:15:00+05:30,183.0,186.25,181.8,185.45,73584
2022-02-15 13:15:00+05:30,185.45,189.75,185.1,189.2,108488
2022-02-15 14:15:00+05:30,189.0,191.75,188.85,191.0,163299
2022-02-15 15:15:00+05:30,191.0,192.75,190.15,190.3,53075
2022-02-16 09:15:00+05:30,192.5,194.8,190.05,191.8,133266
2022-02-16 10:15:00+05:30,191.8,192.85,190.1,190.55,52533
2022-02-16 11:15:00+05:30,190.55,191.95,190.05,191.6,46973
2022-02-16 12:15:00+05:30,191.6,196.0,191.6,193.25,161037
2022-02-16 13:15:00+05:30,193.3,194.65,193.3,193.55,77747
2022-02-16 14:15:00+05:30,193.55,194.35,191.5,192.7,92494
2022-02-16 15:15:00+05:30,192.7,195.0,191.8,192.95,56970
2022-02-17 09:15:00+05:30,193.5,197.0,193.5,195.5,239629
2022-02-17 10:15:00+05:30,195.5,200.55,195.25,198.25,286915
2022-02-17 11:15:00+05:30,198.25,198.85,197.55,198.4,54676
2022-02-17 12:15:00+05:30,198.4,199.2,197.0,198.0,278563
2022-02-17 13:15:00+05:30,198.2,198.25,197.4,197.8,73077
2022-02-17 14:15:00+05:30,197.8,198.0,196.55,197.15,140978
2022-02-17 15:15:00+05:30,197.35,197.35,195.25,195.35,56724
2022-02-18 09:15:00+05:30,193.0,197.65,193.0,197.4,219821
2022-02-18 10:15:00+05:30,197.4,198.8,196.6,198.0,197496
2022-02-18 11:15:00+05:30,198.0,198.25,197.45,197.95,29329
2022-02-18 12:15:00+05:30,197.95,198.4,196.5,197.6,70054
2022-02-18 13:15:00+05:30,197.6,198.0,195.6,195.6,56814
2022-02-18 14:15:00+05:30,195.6,196.1,194.05,195.9,77608
2022-02-18 15:15:00+05:30,195.9,196.55,193.15,194.4,53793
2022-02-21 09:15:00+05:30,194.9,194.9,186.1,189.95,186658
2022-02-21 10:15:00+05:30,189.95,190.5,188.3,190.25,66825
2022-02-21 11:15:00+05:30,190.2,196.2,190.2,195.55,92802
2022-02-21 12:15:00+05:30,195.55,196.35,192.5,193.45,75332
2022-02-21 13:15:00+05:30,193.4,193.4,191.65,192.0,48250
2022-02-21 14:15:00+05:30,192.0,192.65,191.55,192.05,98861
2022-02-21 15:15:00+05:30,192.0,192.3,190.1,191.25,74125
2022-02-22 09:15:00+05:30,175.5,185.95,175.5,181.85,338391
2022-02-22 10:15:00+05:30,181.8,185.2,180.5,185.0,116362
2022-02-22 11:15:00+05:30,185.0,186.35,183.2,184.65,105394
2022-02-22 12:15:00+05:30,184.65,185.95,183.45,184.9,55127
2022-02-22 13:15:00+05:30,184.9,188.95,184.2,188.85,148836
2022-02-22 14:15:00+05:30,188.85,195.85,188.35,193.75,243098
2022-02-22 15:15:00+05:30,194.1,197.35,193.25,194.8,109681
2022-02-23 09:15:00+05:30,195.1,199.4,195.1,197.25,324890
2022-02-23 10:15:00+05:30,197.25,198.25,197.0,198.2,89951
2022-02-23 11:15:00+05:30,198.2,198.5,197.05,197.55,56655
2022-02-23 12:15:00+05:30,197.55,199.35,197.5,198.8,89756
2022-02-23 13:15:00+05:30,198.8,199.3,197.55,198.6,88180
2022-02-23 14:15:00+05:30,198.6,201.2,198.0,200.05,279019
2022-02-23 15:15:00+05:30,200.0,200.8,198.7,199.45,98673
2022-02-24 09:15:00+05:30,185.2,193.2,185.0,187.95,351598
2022-02-24 10:15:00+05:30,187.95,191.0,187.5,188.2,139970
2022-02-24 11:15:00+05:30,188.2,189.0,183.15,185.45,156441
2022-02-24 12:15:00+05:30,185.45,187.4,184.4,187.4,133518
2022-02-24 13:15:00+05:30,187.15,189.75,185.0,187.0,160633
2022-02-24 14:15:00+05:30,187.0,188.85,186.0,188.15,113344
2022-02-24 15:15:00+05:30,188.15,190.3,186.0,190.0,97160
2022-02-25 09:15:00+05:30,191.0,199.2,191.0,196.85,242512
2022-02-25 10:15:00+05:30,196.85,199.6,196.15,197.0,153734
2022-02-25 11:15:00+05:30,196.95,197.65,195.05,195.45,53185
2022-02-25 12:15:00+05:30,195.45,197.0,194.1,196.5,63043
2022-02-25 13:15:00+05:30,196.5,197.75,195.0,196.7,51573
2022-02-25 14:15:00+05:30,196.7,198.7,195.15,198.5,122227
2022-02-25 15:15:00+05:30,198.5,199.35,197.0,197.0,77107
2022-02-28 09:15:00+05:30,195.0,199.0,190.5,198.05,198878
2022-02-28 10:15:00+05:30,198.05,198.5,197.75,198.15,79947
2022-02-28 11:15:00+05:30,198.15,198.5,197.15,197.5,150317
2022-02-28 12:15:00+05:30,197.5,198.5,196.05,198.05,74936
2022-02-28 13:15:00+05:30,198.05,198.5,195.55,196.8,104230
2022-02-28 14:15:00+05:30,196.8,198.15,196.3,197.3,133058
2022-02-28 15:15:00+05:30,197.25,199.0,197.0,198.55,58906
2022-03-02 09:15:00+05:30,195.0,197.65,192.6,195.0,199017
2022-03-02 10:15:00+05:30,195.0,195.0,193.5,194.25,23876
2022-03-02 11:15:00+05:30,194.25,194.45,191.2,191.55,56179
2022-03-02 12:15:00+05:30,191.5,191.6,188.3,191.0,102534
2022-03-02 13:15:00+05:30,191.0,191.4,186.65,187.95,150008
2022-03-02 14:15:00+05:30,187.95,188.8,186.2,187.95,115940
2022-03-02 15:15:00+05:30,187.65,188.0,186.55,187.8,84303
2022-03-03 09:15:00+05:30,189.95,193.85,187.8,189.15,187045
2022-03-03 10:15:00+05:30,189.15,190.25,188.2,190.25,59390
2022-03-03 11:15:00+05:30,190.25,190.55,189.5,190.2,22106
2022-03-03 12:15:00+05:30,190.2,190.3,189.05,189.5,42335
2022-03-03 13:15:00+05:30,189.6,190.3,185.75,186.0,87273
2022-03-03 14:15:00+05:30,186.0,186.0,185.35,186.0,61775
2022-03-03 15:15:00+05:30,185.95,186.1,185.15,186.1,41031
2022-03-04 09:15:00+05:30,183.85,185.5,182.5,183.6,90123
2022-03-04 10:15:00+05:30,183.6,184.9,182.5,182.95,44414
2022-03-04 11:15:00+05:30,183.1,184.95,182.9,184.35,35544
2022-03-04 12:15:00+05:30,184.35,187.3,183.3,185.35,53801
2022-03-04 13:15:00+05:30,185.35,187.4,184.05,184.75,53386
2022-03-04 14:15:00+05:30,184.85,185.3,183.3,184.5,40732
2022-03-04 15:15:00+05:30,184.45,187.95,184.1,187.0,22401
2022-03-07 09:15:00+05:30,184.6,184.6,177.4,179.15,262396
2022-03-07 10:15:00+05:30,179.15,179.4,176.25,177.9,139303
2022-03-07 11:15:00+05:30,177.85,179.0,177.0,177.2,86409
2022-03-07 12:15:00+05:30,177.4,178.9,177.2,177.2,22270
2022-03-07 13:15:00+05:30,177.2,178.4,175.15,175.95,64293
2022-03-07 14:15:00+05:30,175.95,177.35,175.0,175.65,76556
2022-03-07 15:15:00+05:30,175.65,175.9,174.1,175.0,65458
2022-03-08 09:15:00+05:30,175.05,180.0,173.6,178.85,175674
2022-03-08 10:15:00+05:30,178.85,178.9,175.75,176.25,54663
2022-03-08 11:15:00+05:30,176.1,176.95,175.35,176.0,27065
2022-03-08 12:15:00+05:30,176.0,176.9,174.75,176.45,17484
2022-03-08 13:15:00+05:30,176.45,179.6,175.7,178.85,43587
2022-03-08 14:15:00+05:30,178.85,184.45,177.95,183.3,133980
2022-03-08 15:15:00+05:30,183.7,183.8,181.0,181.05,29162
2022-03-09 09:15:00+05:30,185.5,186.6,183.0,184.05,123775
2022-03-09 10:15:00+05:30,184.05,184.9,183.75,184.5,31519
2022-03-09 11:15:00+05:30,184.5,185.35,184.0,184.7,24831
2022-03-09 12:15:00+05:30,184.7,186.6,184.35,186.6,48221
2022-03-09 13:15:00+05:30,186.6,187.5,184.8,187.5,68268
2022-03-09 14:15:00+05:30,187.5,194.3,185.95,191.0,193374
2022-03-09 15:15:00+05:30,191.0,191.45,189.7,190.15,39274
2022-03-10 09:15:00+05:30,193.0,194.55,191.15,193.1,198857
2022-03-10 10:15:00+05:30,193.1,193.25,192.0,192.55,35282
2022-03-10 11:15:00+05:30,192.55,192.9,190.9,191.0,40056
2022-03-10 12:15:00+05:30,191.25,191.5,189.95,190.55,31806
2022-03-10 13:15:00+05:30,190.55,191.0,186.2,187.4,94588
2022-03-10 14:15:00+05:30,187.4,188.15,186.1,186.7,59799
2022-03-10 15:15:00+05:30,186.9,187.0,182.45,185.7,92194
2022-03-11 09:15:00+05:30,186.9,188.7,185.45,186.8,90488
2022-03-11 10:15:00+05:30,186.8,186.9,184.75,186.6,42149
2022-03-11 11:15:00+05:30,186.6,187.45,185.25,185.45,79300
2022-03-11 12:15:00+05:30,185.45,186.25,184.9,185.4,26653
2022-03-11 13:15:00+05:30,185.4,186.1,185.15,185.6,18173
2022-03-11 14:15:00+05:30,185.6,186.8,185.0,185.35,46524
2022-03-11 15:15:00+05:30,185.35,185.65,182.65,184.1,49340
2022-03-14 09:15:00+05:30,185.0,187.65,181.6,182.65,98121
2022-03-14 10:15:00+05:30,182.65,183.0,181.65,183.0,36293
2022-03-14 11:15:00+05:30,182.7,183.0,182.0,182.15,21374
2022-03-14 12:15:00+05:30,182.15,183.3,181.65,182.9,22496
2022-03-14 13:15:00+05:30,182.9,184.55,182.55,184.4,15512
2022-03-14 14:15:00+05:30,184.4,185.25,184.0,184.8,29530
2022-03-14 15:15:00+05:30,184.8,185.15,183.0,184.0,27063
2022-03-15 09:15:00+05:30,185.4,191.1,185.4,190.6,206489
2022-03-15 10:15:00+05:30,190.95,191.0,189.1,189.8,57053
2022-03-15 11:15:00+05:30,189.8,190.0,188.7,189.8,41945
2022-03-15 12:15:00+05:30,189.65,189.85,185.55,186.2,80378
2022-03-15 13:15:00+05:30,186.2,187.9,185.4,186.7,54888
2022-03-15 14:15:00+05:30,186.7,201.95,185.1,200.4,585237
2022-03-15 15:15:00+05:30,200.55,203.35,197.2,198.85,688123
2022-03-16 09:15:00+05:30,204.0,205.3,198.55,198.9,1025542
2022-03-16 10:15:00+05:30,198.7,202.4,197.9,201.0,354290
2022-03-16 11:15:00+05:30,200.85,203.45,200.0,202.45,171301
2022-03-16 12:15:00+05:30,202.6,204.0,200.3,201.75,217926
2022-03-16 13:15:00+05:30,201.65,204.8,201.2,201.95,287380
2022-03-16 14:15:00+05:30,201.95,202.9,200.5,200.95,293805
2022-03-16 15:15:00+05:30,200.95,201.0,199.0,199.95,191671
2022-03-17 09:15:00+05:30,204.4,204.4,199.1,199.8,380949
2022-03-17 10:15:00+05:30,199.8,200.85,199.5,200.15,224931
2022-03-17 11:15:00+05:30,200.15,200.35,199.2,199.35,25738
2022-03-17 12:15:00+05:30,199.35,200.15,198.1,198.95,75630
2022-03-17 13:15:00+05:30,198.7,200.0,198.65,199.25,52057
2022-03-17 14:15:00+05:30,199.25,200.0,198.4,198.8,106856
2022-03-17 15:15:00+05:30,198.6,200.0,198.25,199.1,92433
2022-03-21 09:15:00+05:30,200.0,202.85,196.0,199.3,371695
2022-03-21 10:15:00+05:30,199.3,200.1,199.05,199.75,75450
2022-03-21 11:15:00+05:30,199.75,200.1,199.45,199.6,36792
2022-03-21 12:15:00+05:30,199.6,200.1,199.1,199.9,43630
2022-03-21 13:15:00+05:30,199.9,200.75,199.6,199.75,70219
2022-03-21 14:15:00+05:30,199.75,200.2,196.35,197.15,98214
2022-03-21 15:15:00+05:30,197.15,197.85,196.3,197.0,33793
2022-03-22 09:15:00+05:30,196.0,199.45,195.5,196.1,89783
2022-03-22 10:15:00+05:30,196.1,200.95,195.55,198.6,126616
2022-03-22 11:15:00+05:30,198.6,199.15,196.85,197.95,44871
2022-03-22 12:15:00+05:30,197.95,199.2,197.2,198.95,22485
2022-03-22 13:15:00+05:30,198.95,199.85,197.55,198.05,41157
2022-03-22 14:15:00+05:30,198.05,199.5,197.8,199.0,39335
2022-03-22 15:15:00+05:30,199.0,200.75,197.15,198.9,40186
2022-03-23 09:15:00+05:30,200.9,202.8,198.25,199.0,217935
2022-03-23 10:15:00+05:30,199.0,200.0,198.15,198.15,265338
2022-03-23 11:15:00+05:30,198.1,199.6,197.45,198.35,56078
2022-03-23 12:15:00+05:30,198.35,198.4,197.25,197.65,47945
2022-03-23 13:15:00+05:30,197.65,197.85,196.75,197.8,24165
2022-03-23 14:15:00+05:30,197.8,198.45,196.5,197.2,75457
2022-03-23 15:15:00+05:30,197.2,197.3,195.85,196.45,24474
2022-03-24 09:15:00+05:30,195.5,204.8,195.5,203.05,566773
2022-03-24 10:15:00+05:30,203.05,213.2,202.65,209.3,2312672
2022-03-24 11:15:00+05:30,209.3,210.0,207.55,208.1,629608
2022-03-24 12:15:00+05:30,208.45,210.8,207.3,208.0,980918
2022-03-24 13:15:00+05:30,207.95,209.85,207.6,209.35,345195
2022-03-24 14:15:00+05:30,209.35,209.8,206.0,206.2,739189
2022-03-24 15:15:00+05:30,206.3,208.5,205.75,207.8,284366
2022-03-25 09:15:00+05:30,208.8,212.25,205.0,205.7,1035076
2022-03-25 10:15:00+05:30,205.4,208.4,205.4,206.6,326520
2022-03-25 11:15:00+05:30,206.6,207.2,205.05,205.4,132586
2022-03-25 12:15:00+05:30,205.4,207.25,205.05,207.05,97341
2022-03-25 13:15:00+05:30,207.0,207.15,205.95,206.5,142073
2022-03-25 14:15:00+05:30,206.5,208.5,206.3,207.7,332453
2022-03-25 15:15:00+05:30,207.7,208.0,206.55,207.8,131143
2022-03-28 09:15:00+05:30,209.0,216.25,203.95,207.85,1787870
2022-03-28 10:15:00+05:30,207.85,209.35,205.35,206.8,376513
2022-03-28 11:15:00+05:30,206.5,206.8,204.2,205.15,132070
2022-03-28 12:15:00+05:30,205.15,206.3,205.0,205.9,96885
2022-03-28 13:15:00+05:30,205.95,206.15,204.0,205.65,127629
2022-03-28 14:15:00+05:30,205.55,206.8,200.0,201.3,319914
2022-03-28 15:15:00+05:30,201.6,203.4,199.05,201.0,299526
2022-03-29 09:15:00+05:30,202.9,204.5,198.0,198.85,396316
2022-03-29 10:15:00+05:30,198.85,200.0,196.45,199.65,202327
2022-03-29 11:15:00+05:30,199.45,199.65,198.2,199.15,61318
2022-03-29 12:15:00+05:30,199.15,202.0,198.6,201.25,143555
2022-03-29 13:15:00+05:30,201.25,205.45,200.1,204.45,252414
2022-03-29 14:15:00+05:30,204.3,205.1,203.2,203.35,145656
2022-03-29 15:15:00+05:30,203.5,203.75,202.4,203.55,67424
2022-03-30 09:15:00+05:30,204.8,206.6,202.35,205.65,212657
2022-03-30 10:15:00+05:30,205.65,206.5,205.0,205.5,97174
2022-03-30 11:15:00+05:30,205.55,207.7,205.15,206.0,120721
2022-03-30 12:15:00+05:30,206.0,207.5,205.8,206.45,109464
2022-03-30 13:15:00+05:30,206.45,206.75,205.8,206.15,40469
2022-03-30 14:15:00+05:30,206.15,206.45,199.1,200.5,175962
2022-03-30 15:15:00+05:30,200.05,200.45,198.5,199.5,86807
2022-03-31 09:15:00+05:30,199.5,206.55,199.5,204.7,317004
2022-03-31 10:15:00+05:30,204.7,206.35,204.45,204.55,121082
2022-03-31 11:15:00+05:30,204.55,205.0,203.45,204.8,132423
2022-03-31 12:15:00+05:30,204.8,205.5,204.35,205.0,69671
2022-03-31 13:15:00+05:30,205.0,205.1,203.25,203.9,89760
2022-03-31 14:15:00+05:30,203.9,208.05,203.55,206.2,351217
2022-03-31 15:15:00+05:30,206.2,208.45,205.45,207.0,108912
2022-04-01 09:15:00+05:30,207.45,211.6,206.95,210.0,391307
2022-04-01 10:15:00+05:30,210.0,211.7,208.7,210.2,243716
2022-04-01 11:15:00+05:30,210.4,211.2,209.5,209.9,671864
2022-04-01 12:15:00+05:30,209.9,210.5,209.5,210.0,78962
2022-04-01 13:15:00+05:30,210.0,211.8,209.4,209.4,177110
2022-04-01 14:15:00+05:30,209.6,209.6,205.2,205.5,204752
2022-04-01 15:15:00+05:30,205.45,206.0,204.0,205.85,71918
2022-04-04 09:15:00+05:30,206.85,209.95,205.7,206.05,240877
2022-04-04 10:15:00+05:30,205.55,206.95,204.0,205.25,110731
2022-04-04 11:15:00+05:30,205.25,207.1,204.7,205.45,75410
2022-04-04 12:15:00+05:30,205.45,207.35,205.3,206.45,52032
2022-04-04 13:15:00+05:30,206.5,206.95,205.95,206.5,24929
2022-04-04 14:15:00+05:30,206.55,207.0,205.55,206.25,57341
2022-04-04 15:15:00+05:30,205.9,206.25,203.65,205.9,71968
2022-04-05 09:15:00+05:30,206.8,210.9,206.05,209.7,297347
2022-04-05 10:15:00+05:30,209.7,214.45,206.75,207.4,712879
2022-04-05 11:15:00+05:30,207.4,208.0,206.25,207.8,66683
2022-04-05 12:15:00+05:30,207.8,207.95,205.3,205.65,108518
2022-04-05 13:15:00+05:30,205.65,207.6,205.25,206.9,105781
2022-04-05 14:15:00+05:30,206.9,207.5,204.65,205.3,138444
2022-04-05 15:15:00+05:30,205.3,206.0,204.7,205.5,81535
2022-04-06 09:15:00+05:30,205.5,208.75,204.4,206.05,195339
2022-04-06 10:15:00+05:30,206.05,207.7,205.5,207.35,62937
2022-04-06 11:15:00+05:30,207.35,209.35,206.0,208.5,253594
2022-04-06 12:15:00+05:30,208.5,208.5,206.65,208.25,236052
2022-04-06 13:15:00+05:30,208.25,212.55,206.4,208.4,501607
2022-04-06 14:15:00+05:30,208.4,223.35,208.0,221.0,2595231
2022-04-06 15:15:00+05:30,220.9,223.7,220.55,223.0,590262
2022-04-07 09:15:00+05:30,224.8,226.8,221.5,224.25,1083328
2022-04-07 10:15:00+05:30,224.15,224.35,218.4,221.05,353867
2022-04-07 11:15:00+05:30,221.05,222.4,219.8,220.55,153775
2022-04-07 12:15:00+05:30,220.65,221.5,219.4,220.3,102246
2022-04-07 13:15:00+05:30,220.3,220.8,213.9,215.9,263880
2022-04-07 14:15:00+05:30,215.9,219.2,215.0,216.7,233871
2022-04-07 15:15:00+05:30,216.5,218.4,214.3,217.1,139754
2022-04-08 09:15:00+05:30,218.0,219.9,215.5,217.65,251632
2022-04-08 10:15:00+05:30,217.65,218.25,215.5,216.0,132108
2022-04-08 11:15:00+05:30,216.0,216.55,215.1,215.7,162380
2022-04-08 12:15:00+05:30,215.75,218.5,215.7,217.0,362979
2022-04-08 13:15:00+05:30,217.0,227.45,216.55,223.6,725361
2022-04-08 14:15:00+05:30,223.6,229.5,222.05,226.75,1511850
2022-04-08 15:15:00+05:30,226.75,229.2,226.35,229.0,467430
2022-04-11 09:15:00+05:30,230.05,237.15,229.9,235.9,2043336
2022-04-11 10:15:00+05:30,236.05,236.75,233.65,233.95,450403
2022-04-11 11:15:00+05:30,233.95,235.9,231.8,234.2,514784
2022-04-11 12:15:00+05:30,234.2,235.2,233.65,234.5,208543
2022-04-11 13:15:00+05:30,234.5,235.8,234.05,234.85,253922
2022-04-11 14:15:00+05:30,234.75,235.6,234.0,235.0,445228
2022-04-11 15:15:00+05:30,235.15,235.25,234.1,235.25,337709
2022-04-12 09:15:00+05:30,234.5,234.5,228.25,229.35,504239
2022-04-12 10:15:00+05:30,229.15,229.9,227.0,227.95,218433
2022-04-12 11:15:00+05:30,227.75,229.6,227.45,229.6,122581
2022-04-12 12:15:00+05:30,229.6,229.6,226.2,226.2,158206
2022-04-12 13:15:00+05:30,226.3,230.3,225.6,229.4,181821
2022-04-12 14:15:00+05:30,229.5,230.4,228.6,228.95,434038
2022-04-12 15:15:00+05:30,228.7,230.2,227.55,229.8,206854
2022-04-13 09:15:00+05:30,230.15,231.45,227.65,227.65,223529
2022-04-13 10:15:00+05:30,227.65,229.95,227.3,229.65,83425
2022-04-13 11:15:00+05:30,229.4,229.65,227.6,228.1,75497
2022-04-13 12:15:00+05:30,228.1,228.45,225.1,226.25,97936
2022-04-13 13:15:00+05:30,226.25,226.7,225.1,226.2,58773
2022-04-13 14:15:00+05:30,226.2,226.6,223.0,224.45,107792
2022-04-13 15:15:00+05:30,224.45,226.0,224.05,226.0,63840
2022-04-18 09:15:00+05:30,224.0,226.45,218.2,219.65,268481
2022-04-18 10:15:00+05:30,219.7,222.4,218.45,221.5,84953
2022-04-18 11:15:00+05:30,221.5,222.9,221.15,221.8,52887
2022-04-18 12:15:00+05:30,221.8,223.0,221.05,222.15,53717
2022-04-18 13:15:00+05:30,222.15,229.6,222.05,227.5,361558
2022-04-18 14:15:00+05:30,227.85,237.4,227.35,235.95,697477
2022-04-18 15:15:00+05:30,235.95,242.9,235.95,241.85,579773
2022-04-19 09:15:00+05:30,247.0,284.35,247.0,252.15,3951802
2022-04-19 10:15:00+05:30,252.4,253.75,250.05,251.25,1088578
2022-04-19 11:15:00+05:30,251.0,254.15,250.05,253.6,584150
2022-04-19 12:15:00+05:30,253.6,254.0,251.5,252.65,261081
2022-04-19 13:15:00+05:30,252.65,257.3,252.0,253.25,555480
2022-04-19 14:15:00+05:30,253.6,255.0,251.25,252.15,661512
2022-04-19 15:15:00+05:30,252.15,252.5,245.35,248.0,379713
2022-04-20 09:15:00+05:30,253.0,266.0,251.0,263.35,1243779
2022-04-20 10:15:00+05:30,263.4,263.75,256.5,260.45,605121
2022-04-20 11:15:00+05:30,260.45,261.75,259.25,260.6,262229
2022-04-20 12:15:00+05:30,260.5,261.3,259.85,260.0,132368
2022-04-20 13:15:00+05:30,260.0,261.95,257.85,261.3,265519
2022-04-20 14:15:00+05:30,261.3,263.7,259.7,262.05,410389
2022-04-20 15:15:00+05:30,262.15,268.75,261.5,267.1,448875
2022-04-21 09:15:00+05:30,266.0,266.55,256.65,259.6,1279680
2022-04-21 10:15:00+05:30,259.35,260.6,256.3,259.9,203198
2022-04-21 11:15:00+05:30,260.15,260.45,258.9,259.4,289645
2022-04-21 12:15:00+05:30,259.45,260.3,258.55,260.0,155944
2022-04-21 13:15:00+05:30,260.0,260.25,259.2,260.0,111924
2022-04-21 14:15:00+05:30,260.0,261.3,256.3,258.8,255434
2022-04-21 15:15:00+05:30,258.8,259.5,258.1,259.3,112138
2022-04-22 09:15:00+05:30,257.45,258.3,253.1,255.25,231319
2022-04-22 10:15:00+05:30,255.25,255.7,251.75,253.0,198193
2022-04-22 11:15:00+05:30,253.0,261.15,252.75,257.2,435409
2022-04-22 12:15:00+05:30,257.0,257.75,255.4,257.3,84673
2022-04-22 13:15:00+05:30,257.3,257.75,255.55,257.0,121515
2022-04-22 14:15:00+05:30,257.0,275.7,256.6,267.95,1344657
2022-04-22 15:15:00+05:30,268.0,271.9,267.7,270.4,252741
2022-04-25 09:15:00+05:30,270.0,272.3,264.8,268.4,599114
2022-04-25 10:15:00+05:30,268.4,268.45,264.8,265.95,154886
2022-04-25 11:15:00+05:30,265.95,266.3,264.1,264.35,80820
2022-04-25 12:15:00+05:30,264.35,266.5,263.1,265.95,91754
2022-04-25 13:15:00+05:30,265.95,266.3,265.0,265.55,52319
2022-04-25 14:15:00+05:30,265.55,267.6,261.5,264.5,197375
2022-04-25 15:15:00+05:30,264.6,268.0,264.6,266.5,101898
2022-04-26 09:15:00+05:30,267.95,274.4,265.0,269.4,528793
2022-04-26 10:15:00+05:30,269.4,269.7,265.7,265.9,101841
2022-04-26 11:15:00+05:30,265.9,267.85,261.35,261.6,197893
2022-04-26 12:15:00+05:30,261.6,263.15,257.65,258.95,151037
2022-04-26 13:15:00+05:30,258.95,263.05,258.5,262.65,79350
2022-04-26 14:15:00+05:30,262.65,264.5,258.2,259.6,185014
2022-04-26 15:15:00+05:30,259.9,259.9,252.45,256.55,182499
2022-04-27 09:15:00+05:30,256.0,256.5,249.1,251.6,303338
2022-04-27 10:15:00+05:30,251.6,251.8,250.1,251.8,76347
2022-04-27 11:15:00+05:30,251.8,253.45,250.6,252.8,72284
2022-04-27 12:15:00+05:30,252.8,253.1,250.6,251.2,74110
2022-04-27 13:15:00+05:30,251.2,252.85,251.0,251.9,72178
2022-04-27 14:15:00+05:30,251.9,260.45,250.85,253.95,392624
2022-04-27 15:15:00+05:30,253.5,255.0,251.2,252.0,126755
2022-04-28 09:15:00+05:30,253.9,258.7,252.6,256.75,300842
2022-04-28 10:15:00+05:30,256.5,266.35,255.7,259.85,559898
2022-04-28 11:15:00+05:30,259.85,259.85,256.4,257.2,225032
2022-04-28 12:15:00+05:30,257.2,258.45,257.0,257.55,73945
2022-04-28 13:15:00+05:30,257.55,258.75,255.55,257.4,84167
2022-04-28 14:15:00+05:30,257.4,258.9,256.3,257.3,119033
2022-04-28 15:15:00+05:30,257.3,257.75,256.55,257.55,97530
2022-04-29 09:15:00+05:30,258.8,259.1,254.2,254.75,126852
2022-04-29 10:15:00+05:30,254.6,256.15,253.45,253.7,66139
2022-04-29 11:15:00+05:30,253.7,254.7,251.35,253.8,124375
2022-04-29 12:15:00+05:30,253.8,254.65,252.55,254.45,43002
2022-04-29 13:15:00+05:30,254.45,256.95,251.1,252.85,125308
2022-04-29 14:15:00+05:30,252.85,253.85,246.6,247.4,146705
2022-04-29 15:15:00+05:30,247.15,248.9,245.05,247.0,65382
2022-05-02 09:15:00+05:30,242.0,253.5,240.25,248.5,355237
2022-05-02 10:15:00+05:30,248.5,250.6,247.1,248.4,81452
2022-05-02 11:15:00+05:30,248.4,250.5,246.55,249.9,61943
2022-05-02 12:15:00+05:30,249.9,250.3,243.65,244.65,87554
2022-05-02 13:15:00+05:30,244.85,245.85,243.3,245.0,111472
2022-05-02 14:15:00+05:30,245.0,245.5,243.4,243.95,156572
2022-05-02 15:15:00+05:30,243.95,244.5,241.45,244.0,58603
2022-05-04 09:15:00+05:30,245.3,254.5,245.1,253.5,406279
2022-05-04 10:15:00+05:30,253.1,258.45,252.7,253.75,623815
2022-05-04 11:15:00+05:30,253.75,256.95,252.4,254.5,156622
2022-05-04 12:15:00+05:30,254.5,254.9,250.5,251.8,158849
2022-05-04 13:15:00+05:30,251.8,253.65,247.75,249.35,117947
2022-05-04 14:15:00+05:30,249.0,250.55,243.5,246.85,274251
2022-05-04 15:15:00+05:30,246.85,247.95,242.7,247.25,102130
2022-05-05 09:15:00+05:30,250.3,252.7,246.0,248.5,169692
2022-05-05 10:15:00+05:30,248.5,248.95,247.5,247.75,31273
2022-05-05 11:15:00+05:30,247.75,248.0,246.7,247.95,24816
2022-05-05 12:15:00+05:30,247.95,249.7,246.9,247.2,39382
2022-05-05 13:15:00+05:30,246.85,247.2,238.5,240.9,104624
2022-05-05 14:15:00+05:30,240.9,244.7,238.0,242.05,144268
2022-05-05 15:15:00+05:30,242.1,244.05,240.95,241.15,47165
2022-05-06 09:15:00+05:30,240.5,240.5,233.05,236.95,222933
2022-05-06 10:15:00+05:30,236.65,237.4,233.25,234.5,73027
2022-05-06 11:15:00+05:30,234.5,235.0,232.35,234.35,74467
2022-05-06 12:15:00+05:30,234.35,234.9,232.2,233.05,44949
2022-05-06 13:15:00+05:30,233.25,237.5,232.95,236.95,62086
2022-05-06 14:15:00+05:30,237.05,238.8,235.45,238.75,81241
2022-05-06 15:15:00+05:30,238.75,239.3,235.65,236.8,60248
2022-05-09 09:15:00+05:30,234.9,236.05,230.2,232.3,165602
2022-05-09 10:15:00+05:30,232.3,232.45,226.65,227.5,107842
2022-05-09 11:15:00+05:30,227.5,229.9,227.0,228.8,33476
2022-05-09 12:15:00+05:30,228.8,229.9,227.6,228.55,43120
2022-05-09 13:15:00+05:30,228.55,229.0,224.05,225.0,84161
2022-05-09 14:15:00+05:30,225.0,227.1,223.5,224.0,104080
2022-05-09 15:15:00+05:30,224.0,225.1,221.2,221.75,84240
2022-05-10 09:15:00+05:30,222.9,226.85,213.75,214.0,340962
2022-05-10 10:15:00+05:30,213.9,214.4,203.7,204.9,675858
2022-05-10 11:15:00+05:30,205.0,211.45,205.0,210.0,385455
2022-05-10 12:15:00+05:30,210.0,213.1,210.0,210.25,181835
2022-05-10 13:15:00+05:30,210.0,210.85,207.05,207.85,166192
2022-05-10 14:15:00+05:30,207.85,207.95,205.0,205.7,191258
2022-05-10 15:15:00+05:30,205.65,212.25,203.05,206.2,141279
2022-05-11 09:15:00+05:30,206.0,210.2,203.6,205.55,302202
2022-05-11 10:15:00+05:30,205.55,206.6,199.45,201.25,191584
2022-05-11 11:15:00+05:30,201.25,202.85,186.8,189.25,533284
2022-05-11 12:15:00+05:30,189.25,191.55,187.75,187.95,241152
2022-05-11 13:15:00+05:30,187.9,196.3,186.2,194.55,220177
2022-05-11 14:15:00+05:30,194.55,199.7,192.3,198.25,439348
2022-05-11 15:15:00+05:30,198.25,204.15,198.25,201.4,112363
2022-05-12 09:15:00+05:30,193.5,205.75,192.6,204.85,425392
2022-05-12 10:15:00+05:30,204.85,206.2,203.05,203.3,246578
2022-05-12 11:15:00+05:30,203.2,204.65,199.35,200.05,203355
2022-05-12 12:15:00+05:30,200.05,200.5,198.5,199.6,168437
2022-05-12 13:15:00+05:30,199.8,201.5,196.4,196.8,102259
2022-05-12 14:15:00+05:30,196.8,197.4,193.3,196.7,198473
2022-05-12 15:15:00+05:30,196.85,200.0,195.55,197.8,101753
2022-05-13 09:15:00+05:30,202.95,206.4,198.85,199.45,333711
2022-05-13 10:15:00+05:30,199.15,201.05,199.1,200.4,80129
2022-05-13 11:15:00+05:30,200.5,201.4,199.6,201.35,82045
2022-05-13 12:15:00+05:30,201.35,202.3,200.65,201.7,132065
2022-05-13 13:15:00+05:30,201.7,204.4,200.05,200.65,173989
2022-05-13 14:15:00+05:30,200.65,200.95,196.7,198.05,108351
2022-05-13 15:15:00+05:30,197.95,198.85,197.0,197.35,45174
2022-05-16 09:15:00+05:30,191.55,195.3,179.85,183.05,1095843
2022-05-16 10:15:00+05:30,183.1,185.9,181.0,184.95,417522
2022-05-16 11:15:00+05:30,184.95,189.8,184.5,185.85,488066
2022-05-16 12:15:00+05:30,185.85,187.6,184.65,186.1,152340
2022-05-16 13:15:00+05:30,186.1,188.65,185.7,187.7,125580
2022-05-16 14:15:00+05:30,187.7,201.75,186.5,194.3,441654
2022-05-16 15:15:00+05:30,194.3,196.45,192.9,194.9,122964
2022-05-17 09:15:00+05:30,196.4,199.0,192.0,194.75,314410
2022-05-17 10:15:00+05:30,194.75,196.1,194.4,195.1,92314
2022-05-17 11:15:00+05:30,195.1,199.0,194.95,197.0,171480
2022-05-17 12:15:00+05:30,197.0,202.25,196.5,197.35,232987
2022-05-17 13:15:00+05:30,197.35,199.85,196.35,199.3,111303
2022-05-17 14:15:00+05:30,199.55,209.2,197.3,207.5,464984
2022-05-17 15:15:00+05:30,207.8,208.25,205.4,206.95,124445
2022-05-18 09:15:00+05:30,216.0,221.55,210.2,212.15,1553241
2022-05-18 10:15:00+05:30,212.1,213.9,211.2,212.45,290143
2022-05-18 11:15:00+05:30,212.6,213.6,211.0,211.1,222936
2022-05-18 12:15:00+05:30,211.1,211.3,206.55,209.15,467027
2022-05-18 13:15:00+05:30,209.15,212.2,208.5,210.45,253600
2022-05-18 14:15:00+05:30,210.45,213.25,208.95,211.05,393736
2022-05-18 15:15:00+05:30,211.25,213.25,210.6,212.0,221408
2022-05-19 09:15:00+05:30,199.7,206.35,199.7,204.0,401420
2022-05-19 10:15:00+05:30,204.0,204.75,203.05,203.8,112150
2022-05-19 11:15:00+05:30,204.0,204.0,201.8,202.4,144169
2022-05-19 12:15:00+05:30,202.55,202.75,200.5,201.05,101691
2022-05-19 13:15:00+05:30,201.05,203.8,199.5,199.7,146966
2022-05-19 14:15:00+05:30,199.7,200.3,197.75,198.0,160199
2022-05-19 15:15:00+05:30,198.2,199.8,197.5,199.0,74532
2022-05-20 09:15:00+05:30,205.0,205.8,202.5,204.25,201657
2022-05-20 10:15:00+05:30,204.25,204.5,203.05,203.75,59182
2022-05-20 11:15:00+05:30,203.75,203.85,200.5,201.35,87070
2022-05-20 12:15:00+05:30,201.35,203.0,201.0,202.75,36937
2022-05-20 13:15:00+05:30,202.75,204.4,201.6,204.3,81437
2022-05-20 14:15:00+05:30,204.2,204.4,203.1,203.8,98625
2022-05-20 15:15:00+05:30,203.8,205.1,202.1,203.4,68870
2022-05-23 09:15:00+05:30,206.0,208.45,204.05,206.25,240500
2022-05-23 10:15:00+05:30,206.25,207.0,204.75,207.0,63488
2022-05-23 11:15:00+05:30,207.05,209.9,204.95,205.6,120960
2022-05-23 12:15:00+05:30,205.6,206.15,203.05,205.25,89767
2022-05-23 13:15:00+05:30,205.25,205.55,202.25,203.8,53802
2022-05-23 14:15:00+05:30,203.8,204.75,202.7,203.05,58663
2022-05-23 15:15:00+05:30,203.05,203.45,198.5,200.2,81433
2022-05-24 09:15:00+05:30,203.0,203.95,198.2,199.45,143779
2022-05-24 10:15:00+05:30,199.45,201.5,198.3,201.3,66721
2022-05-24 11:15:00+05:30,201.3,204.2,201.15,202.1,159178
2022-05-24 12:15:00+05:30,202.1,204.0,201.1,201.9,45111
2022-05-24 13:15:00+05:30,201.9,202.55,201.3,202.35,34278
2022-05-24 14:15:00+05:30,202.35,202.5,200.0,200.9,62017
2022-05-24 15:15:00+05:30,200.9,202.0,200.9,201.55,43197
2022-05-25 09:15:00+05:30,201.35,207.7,201.35,204.1,572505
2022-05-25 10:15:00+05:30,204.1,204.8,203.2,204.3,44390
2022-05-25 11:15:00+05:30,204.3,204.8,200.55,202.35,120298
2022-05-25 12:15:00+05:30,202.45,202.85,201.25,202.65,58121
2022-05-25 13:15:00+05:30,202.6,203.0,200.05,202.1,77811
2022-05-25 14:15:00+05:30,202.1,202.55,200.4,201.75,92548
2022-05-25 15:15:00+05:30,201.8,201.8,200.0,200.8,91778
2022-05-26 09:15:00+05:30,201.65,203.0,195.65,196.0,174856
2022-05-26 10:15:00+05:30,196.0,199.2,192.6,197.85,112295
2022-05-26 11:15:00+05:30,198.0,200.5,197.8,199.55,53148
2022-05-26 12:15:00+05:30,199.55,203.55,199.55,201.5,98032
2022-05-26 13:15:00+05:30,201.5,202.85,195.6,196.25,97784
2022-05-26 14:15:00+05:30,196.55,199.65,196.4,198.1,104906
2022-05-26 15:15:00+05:30,198.1,202.4,198.0,201.0,49758
2022-05-27 09:15:00+05:30,202.0,203.75,200.2,201.3,103294
2022-05-27 10:15:00+05:30,201.3,201.95,200.35,201.1,56486
2022-05-27 11:15:00+05:30,201.1,201.75,200.05,200.3,38352
2022-05-27 12:15:00+05:30,200.3,201.5,199.5,199.65,34375
2022-05-27 13:15:00+05:30,199.65,200.0,197.65,198.7,57327
2022-05-27 14:15:00+05:30,198.7,199.3,197.55,198.7,68502
2022-05-27 15:15:00+05:30,198.45,198.7,196.0,196.55,46866
2022-05-30 09:15:00+05:30,200.2,201.35,197.6,199.3,131830
2022-05-30 10:15:00+05:30,199.5,203.0,198.85,201.95,275497
2022-05-30 11:15:00+05:30,201.95,202.9,201.4,201.5,96441
2022-05-30 12:15:00+05:30,201.5,202.0,200.3,200.9,125290
2022-05-30 13:15:00+05:30,200.9,201.65,199.6,201.25,81675
2022-05-30 14:15:00+05:30,201.25,201.35,199.0,201.0,112642
2022-05-30 15:15:00+05:30,201.0,201.0,198.1,200.0,73307
2022-05-31 09:15:00+05:30,200.65,207.5,196.6,207.15,303454
2022-05-31 10:15:00+05:30,207.25,211.4,207.05,210.0,350943
2022-05-31 11:15:00+05:30,210.0,215.8,209.9,214.85,521881
2022-05-31 12:15:00+05:30,215.05,217.5,214.3,216.5,496958
2022-05-31 13:15:00+05:30,216.35,216.95,214.3,215.5,231560
2022-05-31 14:15:00+05:30,215.5,215.9,209.2,209.9,910235
2022-05-31 15:15:00+05:30,209.65,210.95,206.5,208.5,630818
2022-06-01 09:15:00+05:30,207.15,211.35,207.15,210.7,312153
2022-06-01 10:15:00+05:30,210.7,210.75,208.0,209.4,83106
2022-06-01 11:15:00+05:30,209.4,209.55,208.6,209.05,46354
2022-06-01 12:15:00+05:30,209.05,209.55,208.3,208.3,35457
2022-06-01 13:15:00+05:30,208.1,209.45,207.5,208.55,54383
2022-06-01 14:15:00+05:30,208.5,210.5,208.25,209.75,103861
2022-06-01 15:15:00+05:30,209.9,213.45,207.05,211.0,110661
2022-06-02 09:15:00+05:30,209.1,211.65,208.55,210.25,144775
2022-06-02 10:15:00+05:30,210.25,212.3,208.7,209.15,77178
2022-06-02 11:15:00+05:30,209.15,210.05,207.6,208.0,65564
2022-06-02 12:15:00+05:30,208.0,209.45,207.7,208.35,29572
2022-06-02 13:15:00+05:30,208.35,209.6,208.15,209.45,25282
2022-06-02 14:15:00+05:30,209.45,218.0,209.35,217.7,306351
2022-06-02 15:15:00+05:30,217.25,218.0,216.0,217.7,195244
2022-06-03 09:15:00+05:30,217.7,217.95,214.0,215.35,301002
2022-06-03 10:15:00+05:30,215.35,215.5,213.1,214.0,109349
2022-06-03 11:15:00+05:30,214.1,215.7,213.65,214.5,42342
2022-06-03 12:15:00+05:30,214.5,214.75,213.15,214.0,45838
2022-06-03 13:15:00+05:30,214.0,214.75,213.0,214.3,45019
2022-06-03 14:15:00+05:30,214.3,214.8,211.0,211.95,99514
2022-06-03 15:15:00+05:30,211.95,212.2,211.25,211.45,45502
2022-06-06 09:15:00+05:30,210.8,211.25,203.65,203.65,271221
2022-06-06 10:15:00+05:30,203.85,204.6,201.5,201.6,257146
2022-06-06 11:15:00+05:30,201.6,202.25,201.6,202.25,65200
2022-06-06 12:15:00+05:30,202.25,202.5,200.5,202.0,87478
2022-06-06 13:15:00+05:30,202.0,202.25,200.5,200.8,83407
2022-06-06 14:15:00+05:30,200.8,201.2,200.3,200.55,116509
2022-06-06 15:15:00+05:30,200.55,201.0,199.95,200.8,86940
2022-06-07 09:15:00+05:30,200.0,200.45,196.65,197.9,245186
2022-06-07 10:15:00+05:30,197.9,198.1,196.1,197.65,122494
2022-06-07 11:15:00+05:30,197.65,198.35,197.45,198.05,43066
2022-06-07 12:15:00+05:30,198.05,198.05,194.2,195.15,144982
2022-06-07 13:15:00+05:30,194.95,195.15,194.55,195.0,51752
2022-06-07 14:15:00+05:30,195.0,195.8,194.4,194.6,92477
2022-06-07 15:15:00+05:30,194.6,195.6,193.55,195.5,83239
2022-06-08 09:15:00+05:30,196.75,199.35,195.35,198.55,225849
2022-06-08 10:15:00+05:30,198.55,201.25,198.5,199.5,164067
2022-06-08 11:15:00+05:30,199.55,203.0,199.25,201.95,98522
2022-06-08 12:15:00+05:30,201.95,202.95,199.1,199.95,111812
2022-06-08 13:15:00+05:30,199.45,199.75,197.65,198.5,130456
2022-06-08 14:15:00+05:30,198.5,201.6,197.4,201.0,116171
2022-06-08 15:15:00+05:30,201.0,201.7,199.0,199.0,44740
2022-06-09 09:15:00+05:30,198.5,201.15,197.5,198.1,125831
2022-06-09 10:15:00+05:30,197.85,198.15,196.7,196.85,38259
2022-06-09 11:15:00+05:30,196.85,197.25,196.5,197.0,35468
2022-06-09 12:15:00+05:30,197.0,197.15,196.4,196.85,32356
2022-06-09 13:15:00+05:30,196.85,197.05,196.25,196.8,31756
2022-06-09 14:15:00+05:30,196.8,197.35,196.45,196.7,44453
2022-06-09 15:15:00+05:30,196.7,196.9,196.0,196.75,41628
2022-06-10 09:15:00+05:30,196.4,199.5,195.75,196.85,147392
2022-06-10 10:15:00+05:30,196.85,197.2,196.4,196.75,36919
2022-06-10 11:15:00+05:30,196.5,197.2,196.0,197.0,21623
2022-06-10 12:15:00+05:30,197.0,197.0,195.65,195.95,29466
2022-06-10 13:15:00+05:30,195.95,196.05,194.85,195.2,56868
2022-06-10 14:15:00+05:30,195.2,196.0,194.8,195.85,44815
2022-06-10 15:15:00+05:30,196.0,196.1,193.0,194.4,50562
2022-06-13 09:15:00+05:30,190.0,191.5,188.15,189.95,136512
2022-06-13 10:15:00+05:30,189.95,190.2,189.2,189.8,37986
2022-06-13 11:15:00+05:30,189.8,190.05,189.25,189.55,22545
2022-06-13 12:15:00+05:30,189.55,189.9,188.6,188.75,32143
2022-06-13 13:15:00+05:30,188.75,189.6,187.6,188.3,52903
2022-06-13 14:15:00+05:30,188.3,189.95,188.0,189.45,51331
2022-06-13 15:15:00+05:30,189.45,190.0,188.0,189.9,31226
2022-06-14 09:15:00+05:30,188.0,191.35,186.45,188.9,105057
2022-06-14 10:15:00+05:30,188.9,190.15,188.9,189.8,47316
2022-06-14 11:15:00+05:30,189.8,190.05,188.55,189.7,28194
2022-06-14 12:15:00+05:30,189.7,190.0,188.1,190.0,30001
2022-06-14 13:15:00+05:30,189.65,190.05,188.15,188.25,21370
2022-06-14 14:15:00+05:30,188.25,189.0,187.8,188.85,35875
2022-06-14 15:15:00+05:30,188.85,188.9,187.0,188.0,32091
2022-06-15 09:15:00+05:30,188.0,190.65,187.5,189.9,99873
2022-06-15 10:15:00+05:30,189.9,190.05,189.0,189.15,31812
2022-06-15 11:15:00+05:30,189.15,190.0,189.1,189.3,16959
2022-06-15 12:15:00+05:30,189.65,189.95,189.35,189.75,18097
2022-06-15 13:15:00+05:30,189.75,190.0,189.35,189.7,21043
2022-06-15 14:15:00+05:30,189.7,189.75,187.7,187.8,47730
2022-06-15 15:15:00+05:30,187.8,188.2,187.2,187.9,13991
2022-06-16 09:15:00+05:30,189.5,195.65,189.5,189.9,223051
2022-06-16 10:15:00+05:30,190.0,190.0,186.0,186.5,91265
2022-06-16 11:15:00+05:30,186.55,186.7,185.3,185.95,76805
2022-06-16 12:15:00+05:30,185.95,186.55,183.2,184.25,72762
2022-06-16 13:15:00+05:30,184.25,186.25,183.1,183.7,80475
2022-06-16 14:15:00+05:30,183.7,184.2,182.5,182.85,89980
2022-06-16 15:15:00+05:30,182.6,182.85,180.0,182.0,53493
2022-06-17 09:15:00+05:30,178.5,181.75,175.75,179.9,214671
2022-06-17 10:15:00+05:30,179.7,183.6,179.15,182.55,88653
2022-06-17 11:15:00+05:30,182.55,182.6,178.2,178.35,53612
2022-06-17 12:15:00+05:30,178.4,178.8,177.05,177.45,38266
2022-06-17 13:15:00+05:30,177.35,180.75,177.15,179.5,34928
2022-06-17 14:15:00+05:30,179.5,181.55,178.0,178.0,50278
2022-06-17 15:15:00+05:30,178.0,180.0,177.7,180.0,48822
2022-06-20 09:15:00+05:30,179.0,181.5,171.25,174.6,144859
2022-06-20 10:15:00+05:30,174.6,176.9,172.55,173.35,71785
2022-06-20 11:15:00+05:30,173.35,173.4,170.75,172.45,65825
2022-06-20 12:15:00+05:30,172.45,173.1,169.05,169.7,62305
2022-06-20 13:15:00+05:30,169.65,169.65,166.7,167.45,99620
2022-06-20 14:15:00+05:30,167.45,169.3,165.75,168.35,96829
2022-06-20 15:15:00+05:30,168.35,170.8,168.1,168.45,42865
2022-06-21 09:15:00+05:30,169.0,176.0,169.0,175.05,106955
2022-06-21 10:15:00+05:30,175.05,175.95,172.1,172.3,111023
2022-06-21 11:15:00+05:30,172.3,172.3,169.85,170.0,113801
2022-06-21 12:15:00+05:30,170.0,171.95,169.6,171.35,80545
2022-06-21 13:15:00+05:30,171.35,171.9,169.8,170.65,83620
2022-06-21 14:15:00+05:30,170.65,172.25,170.0,171.5,143983
2022-06-21 15:15:00+05:30,171.5,171.6,170.5,171.25,32565
2022-06-22 09:15:00+05:30,172.4,172.7,169.5,170.05,207740
2022-06-22 10:15:00+05:30,170.0,171.8,169.65,170.35,139357
2022-06-22 11:15:00+05:30,170.55,171.25,169.6,170.5,130522
2022-06-22 12:15:00+05:30,170.5,170.7,168.6,168.6,131815
2022-06-22 13:15:00+05:30,168.75,170.2,166.85,169.85,169763
2022-06-22 14:15:00+05:30,169.95,170.05,167.85,168.65,156549
2022-06-22 15:15:00+05:30,168.65,168.7,166.5,166.9,36600
2022-06-23 09:15:00+05:30,168.4,169.45,167.15,168.8,80806
2022-06-23 10:15:00+05:30,168.75,169.4,168.55,168.95,53487
2022-06-23 11:15:00+05:30,168.95,169.0,166.1,167.15,56809
2022-06-23 12:15:00+05:30,167.15,167.4,163.5,164.4,76872
2022-06-23 13:15:00+05:30,164.4,166.35,163.95,165.25,50748
2022-06-23 14:15:00+05:30,165.25,168.35,165.25,168.05,91403
2022-06-23 15:15:00+05:30,168.05,170.4,167.2,169.5,87309
2022-06-24 09:15:00+05:30,170.0,177.3,170.0,176.15,355439
2022-06-24 10:15:00+05:30,176.15,180.75,175.35,180.1,313122
2022-06-24 11:15:00+05:30,180.3,181.65,178.05,179.7,328495
2022-06-24 12:15:00+05:30,179.55,184.9,179.2,183.6,327687
2022-06-24 13:15:00+05:30,183.8,184.5,181.45,182.45,345061
2022-06-24 14:15:00+05:30,182.45,184.6,180.65,183.9,411981
2022-06-24 15:15:00+05:30,183.9,189.25,183.25,184.0,317171
2022-06-27 09:15:00+05:30,185.5,189.4,183.05,188.5,324277
2022-06-27 10:15:00+05:30,188.5,190.0,187.65,189.9,199250
2022-06-27 11:15:00+05:30,189.95,190.0,187.65,188.7,101627
2022-06-27 12:15:00+05:30,188.7,190.0,188.1,190.0,51363
2022-06-27 13:15:00+05:30,190.0,192.85,189.2,189.25,267296
2022-06-27 14:15:00+05:30,189.25,191.95,189.2,191.35,134866
2022-06-27 15:15:00+05:30,191.05,192.7,190.8,190.8,82277
2022-06-28 09:15:00+05:30,189.5,190.3,187.55,188.25,239154
2022-06-28 10:15:00+05:30,188.25,190.0,188.25,189.8,57146
2022-06-28 11:15:00+05:30,189.8,190.0,189.5,189.85,38444
2022-06-28 12:15:00+05:30,189.85,189.9,187.7,188.15,46474
2022-06-28 13:15:00+05:30,188.15,189.0,187.5,188.65,24236
2022-06-28 14:15:00+05:30,188.65,189.9,188.05,189.55,47298
2022-06-28 15:15:00+05:30,189.55,190.0,188.0,189.45,33172
2022-06-29 09:15:00+05:30,188.0,192.9,186.55,191.45,231260
2022-06-29 10:15:00+05:30,191.45,194.5,191.05,192.45,211150
2022-06-29 11:15:00+05:30,192.6,196.0,192.0,194.8,177160
2022-06-29 12:15:00+05:30,194.8,196.95,194.2,196.5,209523
2022-06-29 13:15:00+05:30,196.5,196.65,195.45,196.4,82283
2022-06-29 14:15:00+05:30,196.4,197.9,195.6,196.75,188712
2022-06-29 15:15:00+05:30,196.45,197.0,195.6,196.05,155917
2022-06-30 09:15:00+05:30,195.8,202.5,195.7,196.5,333856
2022-06-30 10:15:00+05:30,196.45,199.55,195.6,198.8,148520
2022-06-30 11:15:00+05:30,198.8,200.5,197.2,199.75,113282
2022-06-30 12:15:00+05:30,199.3,201.5,197.8,200.8,113236
2022-06-30 13:15:00+05:30,200.8,200.9,199.65,200.8,65338
2022-06-30 14:15:00+05:30,200.8,203.45,199.2,203.0,124177
2022-06-30 15:15:00+05:30,203.0,203.0,200.1,201.0,78436
2022-07-01 09:15:00+05:30,202.0,202.0,194.8,197.0,178288
2022-07-01 10:15:00+05:30,197.0,200.8,196.05,199.0,119333
2022-07-01 11:15:00+05:30,199.0,201.2,199.0,200.55,57074
2022-07-01 12:15:00+05:30,200.55,204.2,200.3,200.9,101252
2022-07-01 13:15:00+05:30,200.9,200.9,199.2,199.7,41698
2022-07-01 14:15:00+05:30,199.65,203.0,198.5,202.0,79598
2022-07-01 15:15:00+05:30,201.6,203.4,201.55,203.0,41258
2022-07-04 09:15:00+05:30,203.55,205.55,201.25,201.85,153182
2022-07-04 10:15:00+05:30,201.85,207.75,201.65,207.25,129008
2022-07-04 11:15:00+05:30,207.25,209.5,206.15,208.75,161628
2022-07-04 12:15:00+05:30,208.75,209.9,208.35,208.75,124975
2022-07-04 13:15:00+05:30,208.75,213.05,208.6,210.4,280396
2022-07-04 14:15:00+05:30,210.2,213.0,209.15,211.9,157377
2022-07-04 15:15:00+05:30,212.0,212.9,210.2,210.85,120682
2022-07-05 09:15:00+05:30,211.9,211.9,208.35,209.15,280087
2022-07-05 10:15:00+05:30,209.15,210.0,209.0,209.15,73002
2022-07-05 11:15:00+05:30,209.15,212.65,208.2,212.05,237843
2022-07-05 12:15:00+05:30,212.05,213.0,210.15,210.45,72352
2022-07-05 13:15:00+05:30,210.45,214.9,210.45,210.8,266364
2022-07-05 14:15:00+05:30,210.8,211.6,210.0,210.05,126173
2022-07-05 15:15:00+05:30,210.0,210.85,210.0,210.15,62131
2022-07-06 09:15:00+05:30,210.1,213.8,206.4,209.6,162345
2022-07-06 10:15:00+05:30,209.55,210.2,207.7,207.8,50687
2022-07-06 11:15:00+05:30,207.8,208.6,207.05,207.1,26432
2022-07-06 12:15:00+05:30,207.1,208.0,207.05,207.8,18278
2022-07-06 13:15:00+05:30,207.8,208.15,206.25,206.35,35515
2022-07-06 14:15:00+05:30,206.35,208.3,206.0,207.1,78099
2022-07-06 15:15:00+05:30,207.1,207.3,205.4,206.7,52280
2022-07-07 09:15:00+05:30,209.2,213.0,208.0,212.25,162155
2022-07-07 10:15:00+05:30,212.3,213.5,212.0,212.4,69991
2022-07-07 11:15:00+05:30,212.15,212.55,211.7,212.0,46550
2022-07-07 12:15:00+05:30,212.0,212.6,211.85,212.25,16755
2022-07-07 13:15:00+05:30,212.25,214.4,211.2,211.5,111894
2022-07-07 14:15:00+05:30,211.5,215.0,211.4,215.0,77134
2022-07-07 15:15:00+05:30,215.0,215.0,212.6,213.0,48086
2022-07-08 09:15:00+05:30,213.6,213.6,208.55,209.5,90516
2022-07-08 10:15:00+05:30,209.5,212.7,209.2,212.0,69914
2022-07-08 11:15:00+05:30,212.0,213.4,211.5,212.25,45499
2022-07-08 12:15:00+05:30,212.25,214.7,212.1,213.2,69997
2022-07-08 13:15:00+05:30,213.2,213.8,212.0,212.9,56209
2022-07-08 14:15:00+05:30,212.9,213.4,211.5,212.15,51459
2022-07-08 15:15:00+05:30,212.15,212.8,211.0,211.05,32299
2022-07-11 09:15:00+05:30,210.95,218.8,209.85,218.0,316240
2022-07-11 10:15:00+05:30,217.95,218.0,216.35,216.7,74601
2022-07-11 11:15:00+05:30,216.7,217.5,216.1,216.9,59165
2022-07-11 12:15:00+05:30,216.9,218.7,216.4,218.45,52689
2022-07-11 13:15:00+05:30,219.45,220.0,217.25,218.0,111008
2022-07-11 14:15:00+05:30,217.7,217.95,216.5,217.7,74778
2022-07-11 15:15:00+05:30,217.7,218.75,216.25,217.0,78474
2022-07-12 09:15:00+05:30,217.4,222.0,217.4,220.35,205366
2022-07-12 10:15:00+05:30,220.15,223.15,220.1,222.4,98082
2022-07-12 11:15:00+05:30,222.4,222.5,221.4,222.0,63067
2022-07-12 12:15:00+05:30,222.0,222.5,221.25,222.1,63772
2022-07-12 13:15:00+05:30,222.1,226.0,222.0,223.0,239073
2022-07-12 14:15:00+05:30,223.0,224.95,222.55,223.4,129886
2022-07-12 15:15:00+05:30,223.4,224.4,222.25,223.2,72818
2022-07-13 09:15:00+05:30,225.75,226.85,222.0,226.2,152963
2022-07-13 10:15:00+05:30,226.2,226.35,224.0,224.7,75393
2022-07-13 11:15:00+05:30,224.55,225.2,224.1,224.7,27160
2022-07-13 12:15:00+05:30,224.7,225.5,223.0,224.55,39964
2022-07-13 13:15:00+05:30,224.3,226.2,222.9,225.55,95625
2022-07-13 14:15:00+05:30,225.35,226.75,224.9,225.6,82470
2022-07-13 15:15:00+05:30,225.6,227.0,225.0,226.05,37624
2022-07-14 09:15:00+05:30,226.0,228.5,224.9,226.8,127814
2022-07-14 10:15:00+05:30,226.7,227.0,225.5,226.8,48048
2022-07-14 11:15:00+05:30,226.8,227.3,225.8,226.55,48070
2022-07-14 12:15:00+05:30,226.55,227.1,226.0,226.2,29568
2022-07-14 13:15:00+05:30,226.2,227.4,225.95,226.2,44674
2022-07-14 14:15:00+05:30,226.2,227.35,225.75,226.2,64792
2022-07-14 15:15:00+05:30,226.05,226.55,223.2,224.0,38534
2022-07-15 09:15:00+05:30,226.05,231.95,226.05,230.25,234563
2022-07-15 10:15:00+05:30,230.25,230.65,228.45,230.0,130930
2022-07-15 11:15:00+05:30,230.0,230.2,229.35,229.7,32838
2022-07-15 12:15:00+05:30,229.7,233.95,229.3,233.3,272234
2022-07-15 13:15:00+05:30,233.3,233.35,230.95,232.1,74616
2022-07-15 14:15:00+05:30,232.1,233.4,231.0,231.35,117110
2022-07-15 15:15:00+05:30,231.35,232.2,231.0,232.0,49571
2022-07-18 09:15:00+05:30,234.2,235.9,233.75,234.6,169006
2022-07-18 10:15:00+05:30,234.3,236.6,234.25,235.95,86598
2022-07-18 11:15:00+05:30,236.35,237.95,235.45,236.9,83080
2022-07-18 12:15:00+05:30,236.9,238.1,235.75,235.85,49852
2022-07-18 13:15:00+05:30,236.0,237.5,235.8,235.8,91404
2022-07-18 14:15:00+05:30,235.8,237.0,234.7,236.65,89656
2022-07-18 15:15:00+05:30,236.65,238.2,235.6,236.0,35903
2022-07-19 09:15:00+05:30,235.35,237.5,234.4,237.35,79530
2022-07-19 10:15:00+05:30,237.4,237.4,232.1,232.2,69606
2022-07-19 11:15:00+05:30,232.2,232.2,227.65,230.05,113247
2022-07-19 12:15:00+05:30,230.0,232.9,229.25,231.7,132325
2022-07-19 13:15:00+05:30,231.7,232.6,231.1,231.75,29092
2022-07-19 14:15:00+05:30,231.75,231.9,230.0,230.6,39373
2022-07-19 15:15:00+05:30,230.65,231.45,230.0,230.55,35512
2022-07-20 09:15:00+05:30,230.85,232.85,229.75,230.15,102705
2022-07-20 10:15:00+05:30,230.25,230.55,228.5,229.0,46572
2022-07-20 11:15:00+05:30,229.0,229.0,224.55,225.25,116657
2022-07-20 12:15:00+05:30,225.25,227.7,225.25,225.6,42566
2022-07-20 13:15:00+05:30,225.6,227.1,225.55,226.5,19800
2022-07-20 14:15:00+05:30,226.5,226.5,224.0,224.3,66722
2022-07-20 15:15:00+05:30,224.5,224.55,223.0,223.0,44798
2022-07-21 09:15:00+05:30,223.0,227.8,222.0,226.5,108383
2022-07-21 10:15:00+05:30,226.5,226.85,225.1,225.4,29622
2022-07-21 11:15:00+05:30,225.4,226.15,224.5,225.45,18752
2022-07-21 12:15:00+05:30,225.45,225.45,223.1,223.8,22362
2022-07-21 13:15:00+05:30,223.8,224.7,223.5,224.1,22377
2022-07-21 14:15:00+05:30,224.1,226.5,224.0,226.3,39664
2022-07-21 15:15:00+05:30,226.3,229.0,226.05,227.05,38834
2022-07-22 09:15:00+05:30,227.9,230.8,227.5,227.85,111528
2022-07-22 10:15:00+05:30,227.65,228.2,226.5,226.65,30670
2022-07-22 11:15:00+05:30,226.65,227.1,225.3,226.1,22354
2022-07-22 12:15:00+05:30,226.1,226.95,225.7,226.1,10537
2022-07-22 13:15:00+05:30,226.1,227.2,225.7,226.35,22585
2022-07-22 14:15:00+05:30,226.35,226.95,224.45,224.85,32514
2022-07-22 15:15:00+05:30,224.8,226.45,224.0,225.4,20473
2022-07-25 09:15:00+05:30,223.0,228.9,222.45,227.6,133311
2022-07-25 10:15:00+05:30,227.7,229.0,226.45,226.5,80328
2022-07-25 11:15:00+05:30,226.5,227.15,225.8,225.95,28132
2022-07-25 12:15:00+05:30,225.95,226.65,225.6,226.55,18456
2022-07-25 13:15:00+05:30,226.55,227.5,225.7,226.35,18803
2022-07-25 14:15:00+05:30,226.35,227.4,225.55,225.75,24710
2022-07-25 15:15:00+05:30,225.75,227.15,223.5,224.7,28016
2022-07-26 09:15:00+05:30,226.15,226.7,221.4,222.5,66365
2022-07-26 10:15:00+05:30,222.5,224.0,221.3,222.6,21960
2022-07-26 11:15:00+05:30,222.6,222.9,218.6,220.0,55891
2022-07-26 12:15:00+05:30,220.0,220.4,218.35,220.2,33617
2022-07-26 13:15:00+05:30,220.2,221.0,219.7,220.25,17859
2022-07-26 14:15:00+05:30,220.25,220.55,214.15,215.9,103089
2022-07-26 15:15:00+05:30,215.85,217.0,215.0,216.0,40491
2022-07-27 09:15:00+05:30,213.8,227.05,213.75,224.05,214870
2022-07-27 10:15:00+05:30,224.05,225.05,221.55,221.7,122161
2022-07-27 11:15:00+05:30,221.7,222.75,221.7,222.45,19863
2022-07-27 12:15:00+05:30,222.45,223.75,222.45,223.5,23293
2022-07-27 13:15:00+05:30,223.4,223.5,221.7,222.8,27120
2022-07-27 14:15:00+05:30,222.8,224.7,221.7,224.55,35383
2022-07-27 15:15:00+05:30,224.35,224.8,223.3,224.05,25682
2022-07-28 09:15:00+05:30,227.0,228.9,223.25,226.2,81689
2022-07-28 10:15:00+05:30,226.2,230.55,225.3,229.95,128419
2022-07-28 11:15:00+05:30,229.75,230.2,228.0,228.3,39696
2022-07-28 12:15:00+05:30,228.3,228.7,227.5,227.9,16697
2022-07-28 13:15:00+05:30,227.85,229.0,227.05,227.35,17107
2022-07-28 14:15:00+05:30,227.35,228.85,225.65,227.9,27990
2022-07-28 15:15:00+05:30,227.9,228.0,227.0,228.0,27364
2022-07-29 09:15:00+05:30,227.6,230.0,227.6,227.8,40134
2022-07-29 10:15:00+05:30,227.8,227.8,225.25,226.25,53595
2022-07-29 11:15:00+05:30,226.25,226.45,225.3,225.55,11316
2022-07-29 12:15:00+05:30,225.55,226.0,224.95,225.5,16144
2022-07-29 13:15:00+05:30,225.7,225.9,222.8,223.3,32041
2022-07-29 14:15:00+05:30,223.05,224.05,222.8,223.45,30693
2022-07-29 15:15:00+05:30,223.5,223.6,221.0,222.35,49435
2022-08-01 09:15:00+05:30,223.85,227.5,223.3,226.05,86985
2022-08-01 10:15:00+05:30,226.05,226.65,225.2,226.65,37840
2022-08-01 11:15:00+05:30,226.65,226.65,224.8,224.8,23151
2022-08-01 12:15:00+05:30,224.8,226.0,224.8,225.5,15846
2022-08-01 13:15:00+05:30,225.5,226.35,225.15,226.0,15794
2022-08-01 14:15:00+05:30,226.0,226.55,225.3,225.35,24015
2022-08-01 15:15:00+05:30,225.35,225.7,222.5,224.9,30862
2022-08-02 09:15:00+05:30,224.2,229.0,223.5,225.25,107356
2022-08-02 10:15:00+05:30,225.45,228.9,225.1,227.55,66686
2022-08-02 11:15:00+05:30,227.55,228.1,226.9,227.3,17098
2022-08-02 12:15:00+05:30,227.3,227.9,226.6,227.8,21847
2022-08-02 13:15:00+05:30,227.8,232.25,227.5,230.55,126635
2022-08-02 14:15:00+05:30,230.45,239.25,230.45,237.45,503373
2022-08-02 15:15:00+05:30,237.45,238.65,235.15,235.6,104506
2022-08-03 09:15:00+05:30,237.95,244.8,235.3,238.0,428738
2022-08-03 10:15:00+05:30,237.8,238.0,234.5,235.15,91794
2022-08-03 11:15:00+05:30,235.15,235.75,233.2,233.65,71544
2022-08-03 12:15:00+05:30,233.85,238.0,233.05,237.8,50035
2022-08-03 13:15:00+05:30,237.8,238.95,235.0,238.35,41606
2022-08-03 14:15:00+05:30,238.35,240.5,237.45,238.8,162864
2022-08-03 15:15:00+05:30,238.95,239.2,236.2,237.5,71028
2022-08-04 09:15:00+05:30,239.0,239.5,233.5,234.15,109914
2022-08-04 10:15:00+05:30,234.15,236.75,233.65,234.65,51622
2022-08-04 11:15:00+05:30,234.65,234.65,227.5,231.8,133959
2022-08-04 12:15:00+05:30,231.8,232.45,229.6,231.5,42593
2022-08-04 13:15:00+05:30,231.5,232.65,231.0,231.1,17917
2022-08-04 14:15:00+05:30,231.1,231.7,229.75,230.7,37433
2022-08-04 15:15:00+05:30,230.4,231.0,228.75,229.4,47445
2022-08-05 09:15:00+05:30,231.25,233.6,229.9,232.5,99922
2022-08-05 10:15:00+05:30,232.5,236.45,232.0,235.55,75509
2022-08-05 11:15:00+05:30,235.55,236.0,234.0,235.85,41172
2022-08-05 12:15:00+05:30,235.85,236.0,233.0,233.4,30766
2022-08-05 13:15:00+05:30,233.4,237.8,231.6,237.0,200818
2022-08-05 14:15:00+05:30,236.9,247.05,236.15,241.25,2096069
2022-08-05 15:15:00+05:30,240.95,244.2,240.05,242.75,211280
2022-08-08 09:15:00+05:30,244.9,246.65,241.35,243.35,272615
2022-08-08 10:15:00+05:30,243.4,253.2,242.1,251.2,609931
2022-08-08 11:15:00+05:30,251.2,251.7,245.8,250.4,466133
2022-08-08 12:15:00+05:30,250.4,252.7,248.0,249.5,229262
2022-08-08 13:15:00+05:30,249.4,249.8,245.85,246.6,161359
2022-08-08 14:15:00+05:30,246.6,247.9,240.6,241.95,391944
2022-08-08 15:15:00+05:30,241.95,242.05,239.5,239.95,161482
2022-08-10 09:15:00+05:30,241.5,242.65,234.5,237.5,258738
2022-08-10 10:15:00+05:30,237.55,242.15,236.7,237.4,174813
2022-08-10 11:15:00+05:30,237.4,239.0,236.2,238.25,48378
2022-08-10 12:15:00+05:30,238.25,238.8,237.5,237.8,30512
2022-08-10 13:15:00+05:30,237.8,238.1,236.5,237.8,34974
2022-08-10 14:15:00+05:30,238.0,238.55,237.05,237.9,64312
2022-08-10 15:15:00+05:30,237.9,238.0,237.0,237.0,50928
2022-08-11 09:15:00+05:30,240.5,241.5,236.5,236.55,124525
2022-08-11 10:15:00+05:30,236.5,237.8,236.5,237.25,28623
2022-08-11 11:15:00+05:30,237.3,237.9,228.35,229.15,222807
2022-08-11 12:15:00+05:30,229.15,232.45,229.0,231.4,196698
2022-08-11 13:15:00+05:30,231.4,232.0,229.3,229.6,109109
2022-08-11 14:15:00+05:30,229.65,232.1,229.6,230.55,97397
2022-08-11 15:15:00+05:30,230.75,231.1,229.5,230.7,63005
2022-08-12 09:15:00+05:30,231.5,233.75,228.65,229.55,133277
2022-08-12 10:15:00+05:30,229.55,231.0,229.25,230.85,34482
2022-08-12 11:15:00+05:30,231.0,232.15,229.5,230.35,66026
2022-08-12 12:15:00+05:30,230.55,231.0,230.0,230.45,22295
2022-08-12 13:15:00+05:30,230.6,230.7,227.55,227.9,101180
2022-08-12 14:15:00+05:30,227.9,229.0,227.75,228.45,63295
2022-08-12 15:15:00+05:30,228.45,229.4,227.55,229.4,52945
2022-08-16 09:15:00+05:30,230.45,232.45,222.75,224.9,206369
2022-08-16 10:15:00+05:30,224.95,225.5,220.95,222.9,222796
2022-08-16 11:15:00+05:30,223.0,223.4,217.5,219.45,204719
2022-08-16 12:15:00+05:30,219.45,220.5,218.15,218.2,126204
2022-08-16 13:15:00+05:30,218.3,219.55,218.2,219.2,84143
2022-08-16 14:15:00+05:30,219.2,221.8,219.0,221.1,163836
2022-08-16 15:15:00+05:30,221.1,222.35,219.1,222.35,115861
2022-08-17 09:15:00+05:30,221.95,228.25,221.95,227.2,233057
2022-08-17 10:15:00+05:30,227.2,229.8,227.1,229.1,120815
2022-08-17 11:15:00+05:30,229.1,229.15,226.1,226.3,91546
2022-08-17 12:15:00+05:30,226.3,227.65,226.1,226.9,39042
2022-08-17 13:15:00+05:30,226.9,227.9,226.2,226.4,55031
2022-08-17 14:15:00+05:30,226.4,227.15,226.4,226.75,55194
2022-08-17 15:15:00+05:30,226.75,227.25,226.0,226.4,56217
2022-08-18 09:15:00+05:30,225.1,228.0,225.05,227.05,137440
2022-08-18 10:15:00+05:30,227.05,227.4,225.35,225.4,38056
2022-08-18 11:15:00+05:30,225.4,226.15,222.75,222.8,382813
2022-08-18 12:15:00+05:30,223.0,224.0,222.65,223.4,21979
2022-08-18 13:15:00+05:30,223.4,224.0,223.0,223.45,21349
2022-08-18 14:15:00+05:30,223.45,225.45,223.2,223.65,42725
2022-08-18 15:15:00+05:30,223.65,224.0,223.0,224.0,45615
2022-08-19 09:15:00+05:30,225.0,228.4,223.9,227.25,121000
2022-08-19 10:15:00+05:30,227.25,227.55,224.55,224.7,59715
2022-08-19 11:15:00+05:30,224.7,225.35,223.0,223.9,50196
2022-08-19 12:15:00+05:30,223.9,224.15,221.5,224.05,52924
2022-08-19 13:15:00+05:30,224.05,224.65,223.5,224.3,20968
2022-08-19 14:15:00+05:30,224.3,225.95,224.0,224.7,51594
2022-08-19 15:15:00+05:30,224.7,225.3,222.0,223.85,32109
2022-08-22 09:15:00+05:30,223.2,223.75,219.8,220.0,83229
2022-08-22 10:15:00+05:30,220.0,222.2,219.95,221.55,44500
2022-08-22 11:15:00+05:30,221.55,222.6,217.85,217.95,108275
2022-08-22 12:15:00+05:30,217.95,219.4,217.6,218.75,94561
2022-08-22 13:15:00+05:30,218.75,219.05,217.65,218.25,24078
2022-08-22 14:15:00+05:30,218.25,218.4,216.15,216.7,63603
2022-08-22 15:15:00+05:30,216.25,217.45,216.0,216.8,43386
2022-08-23 09:15:00+05:30,214.0,220.9,214.0,218.55,91766
2022-08-23 10:15:00+05:30,218.55,219.7,217.4,218.85,53047
2022-08-23 11:15:00+05:30,218.85,223.0,217.7,217.8,98432
2022-08-23 12:15:00+05:30,217.8,218.95,217.2,217.9,35133
2022-08-23 13:15:00+05:30,217.9,218.35,216.7,216.85,65946
2022-08-23 14:15:00+05:30,216.85,217.85,216.65,216.95,89445
2022-08-23 15:15:00+05:30,216.95,217.55,216.55,217.0,54922
2022-08-24 09:15:00+05:30,219.0,222.0,219.0,221.05,146416
2022-08-24 10:15:00+05:30,220.9,222.0,220.85,221.45,45278
2022-08-24 11:15:00+05:30,221.45,223.8,219.45,219.45,147181
2022-08-24 12:15:00+05:30,219.5,220.0,217.8,218.2,64651
2022-08-24 13:15:00+05:30,218.2,219.6,217.8,219.05,38150
2022-08-24 14:15:00+05:30,219.05,220.0,219.0,219.75,37763
2022-08-24 15:15:00+05:30,219.75,219.95,217.8,219.5,35440
2022-08-25 09:15:00+05:30,222.1,226.75,222.1,226.65,203815
2022-08-25 10:15:00+05:30,226.65,227.65,225.85,226.85,87193
2022-08-25 11:15:00+05:30,226.8,227.45,226.0,227.2,55980
2022-08-25 12:15:00+05:30,227.2,228.5,226.8,227.7,67170
2022-08-25 13:15:00+05:30,227.7,228.0,225.75,225.85,46221
2022-08-25 14:15:00+05:30,225.85,226.2,223.55,223.8,66818
2022-08-25 15:15:00+05:30,223.8,224.25,223.2,224.05,44547
2022-08-26 09:15:00+05:30,225.3,227.0,222.7,223.2,94853
2022-08-26 10:15:00+05:30,223.2,225.5,222.7,224.9,49171
2022-08-26 11:15:00+05:30,224.9,224.9,223.75,224.4,13765
2022-08-26 12:15:00+05:30,224.4,224.45,223.6,223.8,21061
2022-08-26 13:15:00+05:30,223.8,226.0,223.1,225.25,43040
2022-08-26 14:15:00+05:30,225.25,225.25,223.1,223.75,38285
2022-08-26 15:15:00+05:30,223.75,223.85,221.3,223.5,33058
2022-08-29 09:15:00+05:30,216.2,221.25,215.15,220.4,108623
2022-08-29 10:15:00+05:30,220.4,223.9,220.4,222.5,79213
2022-08-29 11:15:00+05:30,222.5,224.65,222.4,223.85,29916
2022-08-29 12:15:00+05:30,223.85,224.75,223.4,223.6,25764
2022-08-29 13:15:00+05:30,223.6,224.35,223.6,224.0,16176
2022-08-29 14:15:00+05:30,224.0,224.75,223.2,223.8,41346
2022-08-29 15:15:00+05:30,223.8,224.3,222.7,222.8,22855
2022-08-30 09:15:00+05:30,226.0,234.7,225.6,230.35,357891
2022-08-30 10:15:00+05:30,230.3,232.0,230.0,230.55,63545
2022-08-30 11:15:00+05:30,230.55,231.1,229.5,230.55,38227
2022-08-30 12:15:00+05:30,230.55,230.75,229.15,229.6,24713
2022-08-30 13:15:00+05:30,229.6,229.9,227.95,228.25,35633
2022-08-30 14:15:00+05:30,228.45,229.0,224.35,225.25,114053
2022-08-30 15:15:00+05:30,225.25,227.3,225.0,227.0,57972
2022-09-01 09:15:00+05:30,226.5,231.8,226.0,230.75,145459
2022-09-01 10:15:00+05:30,230.75,231.45,227.45,228.35,66488
2022-09-01 11:15:00+05:30,228.35,229.0,227.3,228.55,22848
2022-09-01 12:15:00+05:30,228.55,228.75,226.55,226.7,29504
2022-09-01 13:15:00+05:30,226.7,227.55,225.35,227.0,40636
2022-09-01 14:15:00+05:30,227.0,227.0,225.3,226.0,52098
2022-09-01 15:15:00+05:30,226.0,226.0,225.5,226.0,44904
2022-09-02 09:15:00+05:30,227.0,229.0,225.1,225.2,78210
2022-09-02 10:15:00+05:30,225.45,226.05,224.05,224.65,31839
2022-09-02 11:15:00+05:30,224.65,225.6,223.4,223.9,30549
2022-09-02 12:15:00+05:30,224.0,225.15,223.9,224.8,25799
2022-09-02 13:15:00+05:30,224.8,231.25,224.8,226.7,173843
2022-09-02 14:15:00+05:30,226.7,226.7,222.45,223.45,181691
2022-09-02 15:15:00+05:30,223.55,225.0,223.05,224.95,33516
2022-09-05 09:15:00+05:30,224.95,226.9,224.75,225.3,60652
2022-09-05 10:15:00+05:30,225.3,225.65,223.95,225.45,27672
2022-09-05 11:15:00+05:30,225.45,225.55,223.4,223.75,33408
2022-09-05 12:15:00+05:30,223.75,224.5,223.5,224.05,24541
2022-09-05 13:15:00+05:30,224.05,224.8,223.85,224.05,15293
2022-09-05 14:15:00+05:30,224.05,224.35,223.3,223.95,33642
2022-09-05 15:15:00+05:30,223.95,225.0,223.1,224.65,24401
2022-09-06 09:15:00+05:30,225.0,232.5,224.95,229.75,318788
2022-09-06 10:15:00+05:30,229.7,230.0,227.65,229.4,103736
2022-09-06 11:15:00+05:30,229.75,229.8,227.65,228.0,45967
2022-09-06 12:15:00+05:30,228.0,229.0,227.5,228.35,30293
2022-09-06 13:15:00+05:30,228.45,228.95,225.5,226.0,80828
2022-09-06 14:15:00+05:30,226.0,227.85,224.65,227.4,56010
2022-09-06 15:15:00+05:30,227.7,227.7,225.35,226.0,32260
2022-09-07 09:15:00+05:30,226.0,229.1,225.55,228.1,73794
2022-09-07 10:15:00+05:30,228.1,228.55,227.55,228.0,27419
2022-09-07 11:15:00+05:30,228.0,231.9,227.15,229.85,125050
2022-09-07 12:15:00+05:30,229.85,231.95,229.5,230.4,57470
2022-09-07 13:15:00+05:30,230.4,231.35,229.8,230.7,40892
2022-09-07 14:15:00+05:30,230.5,234.35,229.7,232.6,199816
2022-09-07 15:15:00+05:30,232.6,233.5,231.55,231.55,55416
2022-09-08 09:15:00+05:30,235.0,236.2,233.6,234.6,133154
2022-09-08 10:15:00+05:30,234.6,235.35,232.95,233.15,39841
2022-09-08 11:15:00+05:30,233.15,233.65,232.2,232.7,34666
2022-09-08 12:15:00+05:30,232.7,233.0,230.75,232.0,33141
2022-09-08 13:15:00+05:30,232.0,234.25,232.0,232.35,33866
2022-09-08 14:15:00+05:30,232.35,233.4,231.5,232.5,47255
2022-09-08 15:15:00+05:30,232.45,232.8,231.5,232.25,18566
2022-09-09 09:15:00+05:30,233.7,234.95,230.6,234.4,135650
2022-09-09 10:15:00+05:30,234.3,234.9,230.25,231.0,140323
2022-09-09 11:15:00+05:30,231.0,231.1,229.3,229.6,37671
2022-09-09 12:15:00+05:30,229.6,230.05,228.2,229.0,44652
2022-09-09 13:15:00+05:30,229.0,229.05,228.3,228.85,25548
2022-09-09 14:15:00+05:30,228.85,229.45,228.2,228.75,32429
2022-09-09 15:15:00+05:30,228.75,229.3,227.3,228.5,30794
2022-09-12 09:15:00+05:30,228.0,232.55,228.0,231.45,59390
2022-09-12 10:15:00+05:30,231.45,232.0,231.1,231.45,23150
2022-09-12 11:15:00+05:30,231.45,232.0,226.75,226.75,42990
2022-09-12 12:15:00+05:30,226.7,229.25,226.05,227.75,63978
2022-09-12 13:15:00+05:30,227.75,228.25,226.8,227.95,75231
2022-09-12 14:15:00+05:30,227.95,228.1,227.5,228.0,78958
2022-09-12 15:15:00+05:30,228.1,230.0,227.8,230.0,74696
2022-09-13 09:15:00+05:30,230.2,235.05,230.2,232.25,157343
2022-09-13 10:15:00+05:30,232.25,232.45,231.2,231.8,29847
2022-09-13 11:15:00+05:30,231.6,231.75,229.65,229.75,44164
2022-09-13 12:15:00+05:30,229.75,230.65,228.6,230.0,110163
2022-09-13 13:15:00+05:30,230.0,232.0,228.65,230.35,141929
2022-09-13 14:15:00+05:30,230.35,230.9,229.45,229.45,42040
2022-09-13 15:15:00+05:30,229.45,230.8,229.0,230.75,31815
2022-09-14 09:15:00+05:30,228.0,232.7,226.65,230.85,111259
2022-09-14 10:15:00+05:30,230.85,232.45,230.7,231.8,56323
2022-09-14 11:15:00+05:30,231.8,233.0,231.2,231.75,36539
2022-09-14 12:15:00+05:30,231.75,232.45,231.55,232.2,30553
2022-09-14 13:15:00+05:30,232.2,232.45,229.6,232.3,174543
2022-09-14 14:15:00+05:30,232.3,233.9,230.35,232.5,128927
2022-09-14 15:15:00+05:30,232.5,234.0,232.5,234.0,65306
2022-09-15 09:15:00+05:30,235.0,236.4,232.7,233.75,135704
2022-09-15 10:15:00+05:30,233.75,234.5,230.75,231.2,51441
2022-09-15 11:15:00+05:30,231.2,232.0,231.2,232.0,14569
2022-09-15 12:15:00+05:30,232.0,232.2,231.2,231.95,16739
2022-09-15 13:15:00+05:30,231.95,233.3,231.05,231.55,28076
2022-09-15 14:15:00+05:30,231.55,232.0,231.35,231.6,23431
2022-09-15 15:15:00+05:30,231.6,232.0,231.3,232.0,20385
2022-09-16 09:15:00+05:30,231.0,234.85,229.7,230.3,115981
2022-09-16 10:15:00+05:30,230.05,232.45,229.5,229.9,38246
2022-09-16 11:15:00+05:30,229.9,230.0,226.6,227.2,68976
2022-09-16 12:15:00+05:30,227.2,228.0,225.0,225.0,58307
2022-09-16 13:15:00+05:30,225.0,227.0,223.25,224.25,74398
2022-09-16 14:15:00+05:30,224.25,228.0,223.5,225.95,65987
2022-09-16 15:15:00+05:30,225.95,227.2,223.55,223.55,31712
2022-09-19 09:15:00+05:30,226.5,228.0,222.2,225.25,53629
2022-09-19 10:15:00+05:30,225.25,226.0,224.15,224.65,17104
2022-09-19 11:15:00+05:30,224.65,226.0,221.2,224.9,84401
2022-09-19 12:15:00+05:30,224.9,225.85,221.55,221.85,65730
2022-09-19 13:15:00+05:30,221.85,223.6,221.25,223.0,47161
2022-09-19 14:15:00+05:30,223.0,223.0,221.0,221.2,63725
2022-09-19 15:15:00+05:30,221.2,222.0,221.0,221.95,29340
2022-09-20 09:15:00+05:30,223.2,224.8,222.35,223.55,59208
2022-09-20 10:15:00+05:30,223.55,229.0,223.55,226.75,190281
2022-09-20 11:15:00+05:30,226.75,226.75,223.6,223.8,115890
2022-09-20 12:15:00+05:30,223.8,225.55,223.8,224.45,44303
2022-09-20 13:15:00+05:30,224.45,225.0,223.2,224.45,39398
2022-09-20 14:15:00+05:30,224.45,224.5,221.8,223.0,59700
2022-09-20 15:15:00+05:30,222.55,223.95,222.5,223.2,20261
2022-09-21 09:15:00+05:30,224.0,226.25,222.25,224.0,52370
2022-09-21 10:15:00+05:30,224.0,224.4,222.5,222.95,24199
2022-09-21 11:15:00+05:30,222.95,222.95,218.1,219.55,59223
2022-09-21 12:15:00+05:30,219.55,220.7,218.9,220.5,24592
2022-09-21 13:15:00+05:30,220.5,221.75,219.8,221.2,49680
2022-09-21 14:15:00+05:30,221.2,221.4,219.35,219.7,36159
2022-09-21 15:15:00+05:30,219.7,219.75,219.0,219.55,30527
2022-09-22 09:15:00+05:30,218.05,225.5,218.05,223.15,134028
2022-09-22 10:15:00+05:30,223.15,223.75,221.3,221.6,51296
2022-09-22 11:15:00+05:30,221.6,222.95,221.0,222.85,21230
2022-09-22 12:15:00+05:30,222.85,224.2,221.6,221.95,54251
2022-09-22 13:15:00+05:30,221.95,222.25,219.5,219.75,96111
2022-09-22 14:15:00+05:30,219.75,220.1,219.0,219.35,56581
2022-09-22 15:15:00+05:30,219.3,220.0,219.0,220.0,31570
2022-09-23 09:15:00+05:30,221.5,222.95,218.65,219.9,64521
2022-09-23 10:15:00+05:30,220.1,220.3,217.65,218.55,33272
2022-09-23 11:15:00+05:30,218.55,218.6,216.6,216.85,38822
2022-09-23 12:15:00+05:30,216.85,217.5,216.0,216.5,32587
2022-09-23 13:15:00+05:30,216.4,217.65,216.3,216.9,19451
2022-09-23 14:15:00+05:30,216.9,217.0,213.25,214.5,73145
2022-09-23 15:15:00+05:30,214.75,217.0,214.0,215.55,40446
2022-09-26 09:15:00+05:30,215.0,215.0,205.05,205.45,178614
2022-09-26 10:15:00+05:30,205.35,205.5,200.4,200.95,120547
2022-09-26 11:15:00+05:30,200.95,204.4,200.6,204.1,66933
2022-09-26 12:15:00+05:30,204.35,205.5,202.75,204.7,48896
2022-09-26 13:15:00+05:30,204.65,207.25,204.5,206.05,61552
2022-09-26 14:15:00+05:30,206.05,207.45,203.05,206.45,76550
2022-09-26 15:15:00+05:30,206.45,208.05,206.0,206.8,26146
2022-09-27 09:15:00+05:30,201.1,209.4,201.1,204.55,86240
2022-09-27 10:15:00+05:30,204.55,205.9,203.45,203.5,28074
2022-09-27 11:15:00+05:30,203.5,207.7,203.0,206.65,95753
2022-09-27 12:15:00+05:30,206.65,207.0,204.75,205.35,35367
2022-09-27 13:15:00+05:30,205.35,207.2,205.35,206.2,71387
2022-09-27 14:15:00+05:30,206.35,206.65,204.45,204.95,58880
2022-09-27 15:15:00+05:30,204.95,205.95,204.9,205.95,31466
2022-09-28 09:15:00+05:30,203.15,205.6,203.0,205.2,34434
2022-09-28 10:15:00+05:30,205.2,206.2,204.2,204.25,14158
2022-09-28 11:15:00+05:30,204.25,206.9,204.25,206.3,28794
2022-09-28 12:15:00+05:30,206.3,206.4,205.2,205.75,9800
2022-09-28 13:15:00+05:30,205.75,206.7,205.15,206.3,21441
2022-09-28 14:15:00+05:30,205.95,206.7,204.9,205.25,33747
2022-09-28 15:15:00+05:30,205.25,206.0,203.6,204.0,20815
2022-09-29 09:15:00+05:30,207.4,208.75,205.55,207.15,42959
2022-09-29 10:15:00+05:30,207.15,207.3,206.25,206.8,7587
2022-09-29 11:15:00+05:30,206.8,207.0,204.1,205.3,23444
2022-09-29 12:15:00+05:30,205.3,205.6,203.6,203.65,10455
2022-09-29 13:15:00+05:30,203.8,205.65,203.0,205.45,11871
2022-09-29 14:15:00+05:30,205.45,205.95,204.2,205.95,21569
2022-09-29 15:15:00+05:30,205.95,205.95,204.7,205.5,10545
2022-09-30 09:15:00+05:30,205.0,205.2,201.7,202.7,48488
2022-09-30 10:15:00+05:30,202.7,204.85,202.45,204.45,35102
2022-09-30 11:15:00+05:30,204.45,205.5,204.25,205.45,17529
2022-09-30 12:15:00+05:30,205.45,207.1,205.45,206.6,14982
2022-09-30 13:15:00+05:30,206.6,207.5,206.4,207.25,21025
2022-09-30 14:15:00+05:30,207.05,207.7,205.4,206.9,23733
2022-09-30 15:15:00+05:30,206.9,209.7,206.35,209.0,21779
2022-10-03 09:15:00+05:30,207.2,208.15,205.1,206.5,50594
2022-10-03 10:15:00+05:30,206.5,206.6,205.8,206.25,7143
2022-10-03 11:15:00+05:30,206.25,208.0,205.7,205.7,35269
2022-10-03 12:15:00+05:30,205.7,206.5,204.7,205.65,46458
2022-10-03 13:15:00+05:30,205.65,206.65,202.5,202.95,38594
2022-10-03 14:15:00+05:30,202.95,203.75,201.1,201.5,48454
2022-10-03 15:15:00+05:30,201.5,202.5,201.0,202.3,30528
2022-10-04 09:15:00+05:30,205.0,206.0,204.2,204.4,28527
2022-10-04 10:15:00+05:30,204.4,205.55,201.85,202.8,46218
2022-10-04 11:15:00+05:30,202.8,203.5,202.5,203.0,28292
2022-10-04 12:15:00+05:30,203.0,203.7,202.9,203.4,21169
2022-10-04 13:15:00+05:30,203.4,204.45,202.95,203.95,27131
2022-10-04 14:15:00+05:30,203.95,205.5,203.65,204.9,30367
2022-10-04 15:15:00+05:30,204.9,205.5,203.7,205.5,27814
2022-10-06 09:15:00+05:30,205.2,209.5,205.2,208.5,74890
2022-10-06 10:15:00+05:30,208.5,211.45,208.3,208.8,49306
2022-10-06 11:15:00+05:30,208.8,209.2,207.25,207.85,37729
2022-10-06 12:15:00+05:30,207.85,208.5,206.75,208.35,25861
2022-10-06 13:15:00+05:30,208.35,209.5,207.5,208.55,27711
2022-10-06 14:15:00+05:30,208.55,208.95,206.75,208.65,53566
2022-10-06 15:15:00+05:30,208.65,211.0,208.0,210.85,24480
2022-10-07 09:15:00+05:30,210.0,216.0,208.0,214.35,174799
2022-10-07 10:15:00+05:30,214.35,215.45,210.0,210.3,102442
2022-10-07 11:15:00+05:30,210.3,211.9,210.1,211.35,29219
2022-10-07 12:15:00+05:30,211.35,212.35,210.45,210.85,27086
2022-10-07 13:15:00+05:30,210.85,211.6,209.05,210.5,47777
2022-10-07 14:15:00+05:30,210.5,211.5,210.4,210.7,45905
2022-10-07 15:15:00+05:30,210.7,211.0,209.3,210.0,39105
2022-10-10 09:15:00+05:30,210.0,211.75,206.5,207.35,154485
2022-10-10 10:15:00+05:30,207.2,210.4,207.05,209.95,55973
2022-10-10 11:15:00+05:30,209.95,210.7,209.0,210.6,44213
2022-10-10 12:15:00+05:30,210.6,212.5,210.5,211.5,53248
2022-10-10 13:15:00+05:30,211.5,211.6,208.5,208.8,88851
2022-10-10 14:15:00+05:30,208.8,209.25,207.8,208.7,35807
2022-10-10 15:15:00+05:30,208.3,208.7,206.7,207.9,28550
2022-10-11 09:15:00+05:30,208.95,210.45,207.6,209.5,56498
2022-10-11 10:15:00+05:30,209.5,209.85,208.8,209.35,26225
2022-10-11 11:15:00+05:30,209.35,209.5,208.7,208.9,13177
2022-10-11 12:15:00+05:30,208.95,209.25,208.0,208.9,12373
2022-10-11 13:15:00+05:30,208.9,209.25,206.75,207.65,26548
2022-10-11 14:15:00+05:30,207.7,208.25,206.0,206.8,25957
2022-10-11 15:15:00+05:30,206.8,207.55,204.35,205.95,23136
2022-10-12 09:15:00+05:30,207.45,208.9,205.9,206.7,53077
2022-10-12 10:15:00+05:30,206.7,207.9,205.2,205.7,18516
2022-10-12 11:15:00+05:30,205.7,207.3,205.6,206.9,17548
2022-10-12 12:15:00+05:30,207.1,207.5,206.05,206.65,13884
2022-10-12 13:15:00+05:30,206.65,208.05,206.4,207.7,15067
2022-10-12 14:15:00+05:30,207.7,208.35,207.0,207.45,22626
2022-10-12 15:15:00+05:30,207.45,209.0,207.05,208.95,24900
2022-10-13 09:15:00+05:30,208.7,211.55,208.15,209.45,50008
2022-10-13 10:15:00+05:30,209.45,210.95,209.3,210.35,16731
2022-10-13 11:15:00+05:30,210.35,210.6,207.4,208.7,28824
2022-10-13 12:15:00+05:30,208.7,209.4,208.5,209.2,9935
2022-10-13 13:15:00+05:30,209.2,209.7,208.2,208.7,10489
2022-10-13 14:15:00+05:30,209.05,209.9,208.25,208.6,14570
2022-10-13 15:15:00+05:30,208.6,209.9,208.25,208.95,16820
2022-10-14 09:15:00+05:30,210.55,211.15,208.8,209.85,33904
2022-10-14 10:15:00+05:30,209.85,210.45,208.85,209.45,28393
2022-10-14 11:15:00+05:30,209.45,209.75,208.15,209.45,22932
2022-10-14 12:15:00+05:30,209.5,209.6,208.5,208.85,9463
2022-10-14 13:15:00+05:30,208.85,208.9,206.5,207.15,25307
2022-10-14 14:15:00+05:30,207.15,207.15,204.3,204.55,36951
2022-10-14 15:15:00+05:30,204.55,205.05,203.25,204.5,25536
2022-10-17 09:15:00+05:30,205.2,205.7,199.0,200.6,124683
2022-10-17 10:15:00+05:30,200.6,201.0,198.25,199.25,61818
2022-10-17 11:15:00+05:30,199.25,200.9,199.0,200.35,40318
2022-10-17 12:15:00+05:30,200.35,200.95,200.0,200.7,12249
2022-10-17 13:15:00+05:30,200.7,201.3,200.35,200.95,23882
2022-10-17 14:15:00+05:30,200.95,201.25,200.2,200.2,24277
2022-10-17 15:15:00+05:30,200.55,200.9,199.4,199.7,24510
2022-10-18 09:15:00+05:30,201.4,202.5,196.3,198.5,164344
2022-10-18 10:15:00+05:30,198.5,198.9,193.45,194.0,166459
2022-10-18 11:15:00+05:30,194.0,197.5,193.7,197.05,91008
2022-10-18 12:15:00+05:30,197.05,197.2,196.0,196.55,31620
2022-10-18 13:15:00+05:30,196.7,197.8,196.05,196.75,44283
2022-10-18 14:15:00+05:30,196.75,197.35,196.0,197.0,54319
2022-10-18 15:15:00+05:30,196.85,197.0,196.1,196.9,38054
2022-10-19 09:15:00+05:30,197.9,198.55,196.75,197.7,106136
2022-10-19 10:15:00+05:30,197.7,198.3,196.8,198.0,41770
2022-10-19 11:15:00+05:30,197.7,198.0,197.15,197.75,7154
2022-10-19 12:15:00+05:30,197.75,198.0,197.0,197.2,13843
2022-10-19 13:15:00+05:30,197.2,199.0,196.6,198.05,48178
2022-10-19 14:15:00+05:30,198.05,198.85,197.3,198.35,38808
2022-10-19 15:15:00+05:30,198.05,198.35,197.45,197.5,14397
2022-10-20 09:15:00+05:30,197.75,200.05,196.65,197.9,74347
2022-10-20 10:15:00+05:30,197.9,198.55,197.8,198.25,18430
2022-10-20 11:15:00+05:30,198.25,198.8,198.1,198.55,14602
2022-10-20 12:15:00+05:30,198.5,199.0,198.2,198.2,12256
2022-10-20 13:15:00+05:30,198.2,198.45,196.65,196.9,25008
2022-10-20 14:15:00+05:30,196.9,197.0,196.05,196.55,31193
2022-10-20 15:15:00+05:30,196.55,196.7,196.0,196.2,27171
2022-10-21 09:15:00+05:30,197.4,197.85,192.0,192.25,148392
2022-10-21 10:15:00+05:30,192.3,192.5,190.4,191.3,98257
2022-10-21 11:15:00+05:30,191.3,191.85,191.2,191.7,39406
2022-10-21 12:15:00+05:30,191.7,191.9,190.7,191.0,40819
2022-10-21 13:15:00+05:30,191.0,191.5,190.1,190.75,32559
2022-10-21 14:15:00+05:30,190.75,191.1,190.0,190.1,64352
2022-10-21 15:15:00+05:30,190.1,190.3,188.0,189.1,62133
2022-10-24 18:15:00+05:30,191.8,195.25,191.25,194.5,89935
2022-10-25 09:15:00+05:30,194.95,195.1,190.65,192.1,30278
2022-10-25 10:15:00+05:30,192.15,192.25,191.3,191.85,21405
2022-10-25 11:15:00+05:30,191.85,192.2,191.5,191.9,17865
2022-10-25 12:15:00+05:30,191.9,192.0,191.45,191.75,8333
2022-10-25 13:15:00+05:30,191.75,192.95,191.6,192.4,13703
2022-10-25 14:15:00+05:30,192.4,192.75,191.85,191.85,27510
2022-10-25 15:15:00+05:30,191.8,192.1,191.25,191.25,19255
2022-10-27 09:15:00+05:30,193.5,193.6,189.2,189.65,129560
2022-10-27 10:15:00+05:30,189.65,190.2,189.5,189.8,44132
2022-10-27 11:15:00+05:30,189.8,190.0,189.35,189.8,25158
2022-10-27 12:15:00+05:30,189.8,190.05,189.8,190.0,30926
2022-10-27 13:15:00+05:30,190.0,190.1,189.8,190.0,31709
2022-10-27 14:15:00+05:30,190.0,190.4,189.4,189.9,36273
2022-10-27 15:15:00+05:30,189.9,190.6,189.65,189.8,27140
2022-10-28 09:15:00+05:30,190.0,190.5,189.3,189.75,57063
2022-10-28 10:15:00+05:30,189.75,189.95,189.25,189.7,23320
2022-10-28 11:15:00+05:30,189.7,190.0,189.45,189.75,17898
2022-10-28 12:15:00+05:30,189.9,190.2,189.3,189.6,7207
2022-10-28 13:15:00+05:30,189.55,189.9,189.3,189.45,9350
2022-10-28 14:15:00+05:30,189.55,189.65,189.0,189.5,33184
2022-10-28 15:15:00+05:30,189.5,190.0,189.05,189.6,11235
2022-10-31 09:15:00+05:30,191.5,195.0,191.5,194.4,178205
2022-10-31 10:15:00+05:30,194.4,195.55,193.2,195.35,76242
2022-10-31 11:15:00+05:30,195.35,195.95,194.1,195.6,72753
2022-10-31 12:15:00+05:30,195.85,196.5,195.3,195.45,47116
2022-10-31 13:15:00+05:30,195.45,197.5,194.75,195.75,127728
2022-10-31 14:15:00+05:30,195.75,196.7,194.3,195.15,98818
2022-10-31 15:15:00+05:30,195.15,195.15,194.0,194.75,56037
2022-11-01 09:15:00+05:30,196.0,196.0,191.0,192.0,109535
2022-11-01 10:15:00+05:30,192.0,192.0,191.05,191.45,41953
2022-11-01 11:15:00+05:30,191.45,191.95,191.3,191.75,21304
2022-11-01 12:15:00+05:30,191.75,192.1,191.05,191.6,37269
2022-11-01 13:15:00+05:30,191.6,192.0,191.1,191.4,26235
2022-11-01 14:15:00+05:30,191.4,191.5,189.6,189.9,148868
2022-11-01 15:15:00+05:30,189.9,190.9,189.3,190.9,53304
2022-11-02 09:15:00+05:30,190.95,191.6,190.15,191.0,57886
2022-11-02 10:15:00+05:30,191.0,191.45,190.7,191.35,26836
2022-11-02 11:15:00+05:30,191.35,195.75,191.3,193.35,221189
2022-11-02 12:15:00+05:30,193.35,195.25,193.1,195.0,178198
2022-11-02 13:15:00+05:30,195.0,195.5,194.55,194.85,59353
2022-11-02 14:15:00+05:30,194.65,195.35,194.55,195.0,79644
2022-11-02 15:15:00+05:30,195.0,195.4,194.05,194.35,44970
2022-11-03 09:15:00+05:30,192.0,195.6,191.95,195.2,96464
2022-11-03 10:15:00+05:30,195.2,196.9,194.65,195.65,53404
2022-11-03 11:15:00+05:30,195.65,195.75,194.75,195.0,20364
2022-11-03 12:15:00+05:30,195.0,195.55,194.0,194.4,53289
2022-11-03 13:15:00+05:30,194.4,194.65,194.0,194.5,19382
2022-11-03 14:15:00+05:30,194.5,194.6,193.4,193.85,40601
2022-11-03 15:15:00+05:30,193.85,194.35,193.15,193.9,28082
2022-11-04 09:15:00+05:30,194.0,202.25,194.0,200.75,496916
2022-11-04 10:15:00+05:30,200.75,202.0,200.0,201.65,115454
2022-11-04 11:15:00+05:30,201.65,202.0,201.05,201.75,92322
2022-11-04 12:15:00+05:30,201.75,201.85,200.0,200.25,82374
2022-11-04 13:15:00+05:30,200.25,200.5,200.0,200.05,42777
2022-11-04 14:15:00+05:30,200.05,200.3,199.15,200.2,95087
2022-11-04 15:15:00+05:30,200.2,201.0,199.05,201.0,100033
2022-11-07 09:15:00+05:30,204.0,205.9,203.25,204.05,428492
2022-11-07 10:15:00+05:30,204.05,204.3,203.5,204.15,71251
2022-11-07 11:15:00+05:30,204.15,204.5,203.8,203.95,66190
2022-11-07 12:15:00+05:30,203.95,205.5,203.8,205.45,85931
2022-11-07 13:15:00+05:30,205.45,205.9,203.75,204.95,130704
2022-11-07 14:15:00+05:30,204.95,205.65,204.3,204.65,114455
2022-11-07 15:15:00+05:30,204.65,205.0,204.35,204.8,99822
2022-11-09 09:15:00+05:30,208.95,212.7,206.45,209.85,863087
2022-11-09 10:15:00+05:30,209.85,210.3,209.05,209.7,108228
2022-11-09 11:15:00+05:30,209.7,210.2,208.6,208.95,57632
2022-11-09 12:15:00+05:30,208.95,209.0,207.6,208.0,151644
2022-11-09 13:15:00+05:30,208.0,208.9,207.65,208.5,47422
2022-11-09 14:15:00+05:30,208.5,208.65,207.2,208.25,930998
2022-11-09 15:15:00+05:30,208.25,209.9,207.6,208.0,72186
2022-11-10 09:15:00+05:30,209.7,209.95,207.2,207.5,142297
2022-11-10 10:15:00+05:30,207.25,208.35,207.05,208.35,20824
2022-11-10 11:15:00+05:30,208.35,209.0,207.35,207.6,30297
2022-11-10 12:15:00+05:30,207.6,207.8,206.0,206.8,25689
2022-11-10 13:15:00+05:30,206.8,208.0,206.5,207.85,18241
2022-11-10 14:15:00+05:30,207.5,208.7,207.1,208.0,38239
2022-11-10 15:15:00+05:30,208.0,208.25,206.75,207.75,30330
2022-11-11 09:15:00+05:30,208.9,209.6,203.05,204.1,128855
2022-11-11 10:15:00+05:30,204.1,205.45,204.1,204.8,64621
2022-11-11 11:15:00+05:30,204.8,204.8,203.7,203.85,31449
2022-11-11 12:15:00+05:30,203.95,203.95,201.25,201.7,93755
2022-11-11 13:15:00+05:30,201.7,205.95,201.05,205.05,104291
2022-11-11 14:15:00+05:30,204.85,205.15,202.05,202.2,53844
2022-11-11 15:15:00+05:30,202.2,203.95,201.45,203.1,37235
2022-11-14 09:15:00+05:30,203.0,203.65,196.0,200.3,185944
2022-11-14 10:15:00+05:30,200.3,202.1,199.05,201.5,81618
2022-11-14 11:15:00+05:30,201.5,201.75,200.2,201.5,47738
2022-11-14 12:15:00+05:30,201.5,201.85,201.35,201.65,31826
2022-11-14 13:15:00+05:30,201.65,203.8,201.5,203.45,39104
2022-11-14 14:15:00+05:30,203.45,203.8,202.5,203.25,19566
2022-11-14 15:15:00+05:30,203.2,205.0,203.2,204.5,25289
2022-11-15 09:15:00+05:30,204.85,210.9,204.0,209.05,208932
2022-11-15 10:15:00+05:30,209.15,209.15,207.95,208.35,30810
2022-11-15 11:15:00+05:30,208.0,210.25,208.0,209.3,53164
2022-11-15 12:15:00+05:30,209.3,209.6,209.0,209.35,24625
2022-11-15 13:15:00+05:30,209.15,209.45,209.0,209.1,16542
2022-11-15 14:15:00+05:30,209.1,210.45,209.0,209.2,55706
2022-11-15 15:15:00+05:30,209.2,210.95,209.0,209.4,73132
2022-11-16 09:15:00+05:30,209.95,210.3,206.5,207.4,66104
2022-11-16 10:15:00+05:30,207.65,209.45,205.45,209.45,55990
2022-11-16 11:15:00+05:30,209.45,209.5,207.65,208.25,60820
2022-11-16 12:15:00+05:30,208.0,209.8,208.0,209.75,47887
2022-11-16 13:15:00+05:30,209.75,214.7,209.75,214.0,336909
2022-11-16 14:15:00+05:30,214.0,214.65,213.7,214.25,176671
2022-11-16 15:15:00+05:30,214.25,214.95,214.1,214.3,75414
2022-11-17 09:15:00+05:30,214.5,217.0,212.0,212.3,231012
2022-11-17 10:15:00+05:30,212.3,213.0,210.85,212.1,56001
2022-11-17 11:15:00+05:30,212.1,213.35,211.4,211.95,26648
2022-11-17 12:15:00+05:30,211.95,212.0,211.05,211.25,24013
2022-11-17 13:15:00+05:30,211.25,212.3,211.05,211.7,22002
2022-11-17 14:15:00+05:30,211.7,212.6,210.5,210.8,33177
2022-11-17 15:15:00+05:30,210.8,211.55,210.15,211.2,41421
2022-11-18 09:15:00+05:30,210.95,211.85,210.05,210.4,68618
2022-11-18 10:15:00+05:30,210.75,211.0,208.3,208.85,35232
2022-11-18 11:15:00+05:30,208.85,209.7,208.0,209.3,24677
2022-11-18 12:15:00+05:30,209.3,209.95,208.3,208.75,20903
2022-11-18 13:15:00+05:30,208.75,209.85,208.0,208.05,29548
2022-11-18 14:15:00+05:30,208.05,209.7,208.05,209.2,20905
2022-11-18 15:15:00+05:30,209.2,209.5,208.4,209.45,23744
2022-11-21 09:15:00+05:30,210.0,210.55,208.05,209.15,39054
2022-11-21 10:15:00+05:30,209.15,209.55,207.6,208.3,16575
2022-11-21 11:15:00+05:30,208.3,208.4,207.35,207.75,10194
2022-11-21 12:15:00+05:30,207.75,208.0,207.0,207.6,8599
2022-11-21 13:15:00+05:30,207.6,208.0,206.0,206.25,15680
2022-11-21 14:15:00+05:30,206.25,206.75,205.3,205.35,14779
2022-11-21 15:15:00+05:30,205.55,205.55,204.05,204.5,24437
2022-11-22 09:15:00+05:30,204.85,206.55,204.2,204.7,36739
2022-11-22 10:15:00+05:30,204.7,204.85,202.2,202.9,44570
2022-11-22 11:15:00+05:30,202.9,202.9,200.75,202.25,34917
2022-11-22 12:15:00+05:30,202.25,202.65,201.75,202.25,9664
2022-11-22 13:15:00+05:30,202.35,202.45,201.5,201.85,15348
2022-11-22 14:15:00+05:30,201.85,210.6,201.85,207.8,190545
2022-11-22 15:15:00+05:30,207.8,208.0,202.1,204.65,47856
2022-11-23 09:15:00+05:30,206.35,209.75,205.75,209.65,61783
2022-11-23 10:15:00+05:30,209.65,209.75,206.95,207.5,58053
2022-11-23 11:15:00+05:30,207.5,207.6,203.95,205.5,108012
2022-11-23 12:15:00+05:30,205.6,206.65,205.0,206.05,21891
2022-11-23 13:15:00+05:30,206.05,209.0,205.5,208.6,41250
2022-11-23 14:15:00+05:30,208.6,209.5,208.0,208.0,81735
2022-11-23 15:15:00+05:30,208.0,208.3,206.1,206.4,15138
2022-11-24 09:15:00+05:30,208.55,208.55,205.55,206.4,36500
2022-11-24 10:15:00+05:30,206.4,206.4,205.5,205.85,19050
2022-11-24 11:15:00+05:30,205.85,206.2,205.3,205.6,17179
2022-11-24 12:15:00+05:30,205.6,205.65,204.0,204.0,36485
2022-11-24 13:15:00+05:30,204.0,205.0,204.0,204.85,23530
2022-11-24 14:15:00+05:30,204.6,205.0,204.3,204.4,35105
2022-11-24 15:15:00+05:30,204.25,204.9,204.0,204.3,22311
2022-11-25 09:15:00+05:30,204.0,205.7,204.0,205.2,34567
2022-11-25 10:15:00+05:30,205.0,205.2,203.1,204.25,40034
2022-11-25 11:15:00+05:30,204.25,204.3,203.5,204.05,30530
2022-11-25 12:15:00+05:30,204.05,204.1,202.9,203.0,30849
2022-11-25 13:15:00+05:30,202.8,203.7,202.8,203.1,37736
2022-11-25 14:15:00+05:30,203.1,203.15,202.2,202.5,36934
2022-11-25 15:15:00+05:30,202.5,202.95,202.0,202.9,47638
2022-11-28 09:15:00+05:30,202.95,205.5,202.95,204.5,48111
2022-11-28 10:15:00+05:30,204.5,205.3,204.5,204.9,26422
2022-11-28 11:15:00+05:30,204.9,205.25,204.0,204.6,16092
2022-11-28 12:15:00+05:30,204.6,205.0,204.3,204.75,11972
2022-11-28 13:15:00+05:30,204.75,205.05,204.55,204.85,10408
2022-11-28 14:15:00+05:30,204.85,205.4,204.05,204.5,23902
2022-11-28 15:15:00+05:30,204.5,205.0,204.25,204.85,11948
2022-11-29 09:15:00+05:30,204.65,205.6,204.6,204.95,33862
2022-11-29 10:15:00+05:30,204.95,205.0,204.1,204.7,18325
2022-11-29 11:15:00+05:30,204.35,205.0,204.2,204.7,17157
2022-11-29 12:15:00+05:30,204.65,204.8,204.45,204.7,4888
2022-11-29 13:15:00+05:30,204.7,204.85,204.0,204.55,9821
2022-11-29 14:15:00+05:30,204.55,204.95,203.6,204.6,19452
2022-11-29 15:15:00+05:30,204.8,204.8,199.9,202.85,43019
2022-11-30 09:15:00+05:30,204.9,204.9,202.65,203.15,31247
2022-11-30 10:15:00+05:30,203.15,203.9,203.1,203.35,10362
2022-11-30 11:15:00+05:30,203.35,204.15,203.1,203.65,14354
2022-11-30 12:15:00+05:30,203.4,206.2,203.4,206.2,79972
2022-11-30 13:15:00+05:30,206.2,209.0,205.65,208.65,119747
2022-11-30 14:15:00+05:30,208.65,211.0,207.5,211.0,164207
2022-11-30 15:15:00+05:30,210.9,212.0,210.05,210.05,88785
2022-12-01 09:15:00+05:30,215.0,217.6,213.4,216.1,275810
2022-12-01 10:15:00+05:30,216.1,216.5,215.0,215.75,48246
2022-12-01 11:15:00+05:30,215.75,216.5,215.1,215.55,38756
2022-12-01 12:15:00+05:30,215.3,215.75,215.0,215.0,32566
2022-12-01 13:15:00+05:30,215.2,215.25,213.0,214.1,56382
2022-12-01 14:15:00+05:30,214.1,214.6,211.8,212.0,66105
2022-12-01 15:15:00+05:30,212.0,212.95,211.5,212.35,37236
2022-12-02 09:15:00+05:30,212.9,215.0,212.8,214.45,47696
2022-12-02 10:15:00+05:30,214.45,222.25,214.05,221.4,520012
2022-12-02 11:15:00+05:30,221.2,221.8,220.2,220.25,181209
2022-12-02 12:15:00+05:30,220.25,221.0,220.0,220.45,71626
2022-12-02 13:15:00+05:30,220.45,220.95,220.1,220.3,62320
2022-12-02 14:15:00+05:30,220.5,220.75,219.55,220.5,105947
2022-12-02 15:15:00+05:30,220.55,221.0,220.25,220.6,66559
2022-12-05 09:15:00+05:30,224.8,229.0,223.25,224.2,516270
2022-12-05 10:15:00+05:30,224.0,225.25,223.2,224.65,148055
2022-12-05 11:15:00+05:30,224.65,225.4,223.8,224.2,59645
2022-12-05 12:15:00+05:30,224.2,225.0,223.0,223.3,99750
2022-12-05 13:15:00+05:30,223.1,223.5,222.05,223.0,47789
2022-12-05 14:15:00+05:30,223.0,223.1,220.0,221.95,187862
2022-12-05 15:15:00+05:30,221.65,222.95,219.4,222.0,82600
2022-12-06 09:15:00+05:30,221.0,222.5,218.9,219.0,111541
2022-12-06 10:15:00+05:30,219.0,220.65,219.0,219.7,32063
2022-12-06 11:15:00+05:30,219.7,219.7,218.2,218.7,15578
2022-12-06 12:15:00+05:30,218.7,220.0,218.6,219.9,35148
2022-12-06 13:15:00+05:30,219.9,220.25,219.0,219.3,19578
2022-12-06 14:15:00+05:30,219.05,220.45,218.6,219.55,33338
2022-12-06 15:15:00+05:30,219.5,221.0,219.1,221.0,28887
2022-12-07 09:15:00+05:30,220.8,221.6,218.0,218.5,52683
2022-12-07 10:15:00+05:30,218.5,218.9,214.5,215.5,59724
2022-12-07 11:15:00+05:30,215.5,215.5,214.6,215.3,31806
2022-12-07 12:15:00+05:30,214.9,215.5,214.6,214.75,15965
2022-12-07 13:15:00+05:30,214.95,215.5,214.55,214.95,21837
2022-12-07 14:15:00+05:30,215.05,215.35,214.15,215.0,34839
2022-12-07 15:15:00+05:30,215.0,215.0,214.0,214.6,20432
2022-12-08 09:15:00+05:30,215.45,216.3,213.85,214.5,49806
2022-12-08 10:15:00+05:30,214.5,216.0,214.45,215.4,17573
2022-12-08 11:15:00+05:30,215.4,215.45,213.6,214.5,39527
2022-12-08 12:15:00+05:30,214.5,214.7,213.5,214.35,15727
2022-12-08 13:15:00+05:30,214.25,214.8,214.0,214.4,13304
2022-12-08 14:15:00+05:30,214.4,215.15,214.1,214.3,25391
2022-12-08 15:15:00+05:30,214.3,214.95,213.5,214.7,20760
2022-12-09 09:15:00+05:30,215.0,216.9,214.4,215.0,65567
2022-12-09 10:15:00+05:30,215.0,215.4,214.25,214.45,17801
2022-12-09 11:15:00+05:30,214.45,215.25,213.4,214.75,23693
2022-12-09 12:15:00+05:30,214.75,214.8,212.0,212.35,27465
2022-12-09 13:15:00+05:30,212.35,213.5,212.2,212.4,10840
2022-12-09 14:15:00+05:30,212.2,214.0,209.15,213.5,68431
2022-12-09 15:15:00+05:30,213.5,213.95,212.0,213.95,14211
2022-12-12 09:15:00+05:30,212.0,213.5,209.95,211.3,47421
2022-12-12 10:15:00+05:30,211.3,212.1,210.65,211.2,20228
2022-12-12 11:15:00+05:30,211.2,211.55,210.75,211.3,9367
2022-12-12 12:15:00+05:30,211.3,211.7,210.5,210.75,11545
2022-12-12 13:15:00+05:30,210.7,210.9,210.1,210.45,13002
2022-12-12 14:15:00+05:30,210.45,211.2,210.25,210.45,16152
2022-12-12 15:15:00+05:30,210.45,211.2,210.05,210.5,15462
2022-12-13 09:15:00+05:30,211.55,213.15,211.0,212.3,34922
2022-12-13 10:15:00+05:30,212.15,212.85,211.95,212.75,13076
2022-12-13 11:15:00+05:30,212.75,213.45,212.0,213.4,14654
2022-12-13 12:15:00+05:30,213.4,216.4,213.2,215.8,66991
2022-12-13 13:15:00+05:30,215.8,215.95,214.25,214.5,31108
2022-12-13 14:15:00+05:30,214.5,216.4,214.3,216.35,52092
2022-12-13 15:15:00+05:30,216.35,217.8,215.0,216.2,48618
2022-12-14 09:15:00+05:30,217.4,218.15,215.1,215.9,48184
2022-12-14 10:15:00+05:30,215.95,219.85,215.75,219.65,99275
2022-12-14 11:15:00+05:30,219.5,220.95,219.5,220.25,71889
2022-12-14 12:15:00+05:30,220.25,220.5,219.55,220.2,39632
2022-12-14 13:15:00+05:30,220.45,220.7,219.65,220.15,39010
2022-12-14 14:15:00+05:30,220.15,221.0,219.8,220.9,62593
2022-12-14 15:15:00+05:30,220.9,221.5,220.2,221.0,42545
2022-12-15 09:15:00+05:30,221.95,221.95,218.1,220.0,67868
2022-12-15 10:15:00+05:30,220.2,221.1,219.2,219.9,33015
2022-12-15 11:15:00+05:30,219.9,220.7,219.05,220.5,41834
2022-12-15 12:15:00+05:30,220.5,220.9,220.0,220.2,23847
2022-12-15 13:15:00+05:30,220.2,224.0,220.2,221.5,77603
2022-12-15 14:15:00+05:30,221.5,222.0,220.25,221.1,55260
2022-12-15 15:15:00+05:30,221.1,221.5,220.2,220.8,28967
2022-12-16 09:15:00+05:30,219.75,221.6,216.65,216.65,57874
2022-12-16 10:15:00+05:30,216.65,217.0,215.05,216.35,40303
2022-12-16 11:15:00+05:30,216.45,220.95,216.35,220.0,54869
2022-12-16 12:15:00+05:30,220.0,220.95,220.0,220.05,39768
2022-12-16 13:15:00+05:30,220.25,220.5,219.05,219.95,27700
2022-12-16 14:15:00+05:30,219.95,219.95,217.1,217.75,24375
2022-12-16 15:15:00+05:30,217.3,219.75,217.25,217.25,18763
2022-12-19 09:15:00+05:30,217.5,218.7,215.3,216.7,35006
2022-12-19 10:15:00+05:30,216.7,216.9,213.65,214.15,24971
2022-12-19 11:15:00+05:30,214.15,215.0,214.0,214.55,23959
2022-12-19 12:15:00+05:30,214.55,214.7,214.1,214.6,11998
2022-12-19 13:15:00+05:30,214.6,215.0,214.2,214.7,17036
2022-12-19 14:15:00+05:30,214.7,215.6,213.6,215.25,259137
2022-12-19 15:15:00+05:30,215.25,216.65,213.3,214.9,21194
2022-12-20 09:15:00+05:30,214.6,222.85,214.0,220.9,261680
2022-12-20 10:15:00+05:30,220.9,221.0,218.35,220.5,73184
2022-12-20 11:15:00+05:30,220.5,220.75,218.7,220.1,264088
2022-12-20 12:15:00+05:30,220.1,220.45,219.3,219.4,33843
2022-12-20 13:15:00+05:30,219.4,221.85,219.3,220.1,61415
2022-12-20 14:15:00+05:30,220.1,221.0,218.45,218.8,55719
2022-12-20 15:15:00+05:30,218.8,220.1,218.1,219.0,27679
2022-12-21 09:15:00+05:30,219.7,221.55,219.2,219.35,73685
2022-12-21 10:15:00+05:30,219.25,220.3,217.7,218.0,62216
2022-12-21 11:15:00+05:30,218.0,220.0,217.35,219.45,68668
2022-12-21 12:15:00+05:30,219.45,220.2,217.1,219.45,96297
2022-12-21 13:15:00+05:30,219.45,220.5,214.5,218.85,233992
2022-12-21 14:15:00+05:30,218.85,220.0,216.0,217.65,97196
2022-12-21 15:15:00+05:30,218.0,222.0,215.55,222.0,137478
2022-12-22 09:15:00+05:30,219.1,221.8,213.35,216.05,166932
2022-12-22 10:15:00+05:30,216.05,216.7,211.65,212.75,80681
2022-12-22 11:15:00+05:30,212.75,214.0,212.0,213.65,36421
2022-12-22 12:15:00+05:30,213.65,216.8,212.65,216.65,54506
2022-12-22 13:15:00+05:30,216.65,216.85,214.0,214.15,20751
2022-12-22 14:15:00+05:30,214.15,215.8,214.0,215.75,52504
2022-12-22 15:15:00+05:30,215.5,216.65,214.2,216.0,42099
2022-12-23 09:15:00+05:30,212.8,213.15,205.3,207.5,120254
2022-12-23 10:15:00+05:30,207.7,208.5,206.5,208.25,53414
2022-12-23 11:15:00+05:30,208.25,208.3,206.05,208.15,73460
2022-12-23 12:15:00+05:30,208.15,208.3,207.0,207.0,39942
2022-12-23 13:15:00+05:30,207.0,208.65,205.65,207.95,78263
2022-12-23 14:15:00+05:30,208.15,208.45,203.05,204.5,95678
2022-12-23 15:15:00+05:30,204.5,205.45,203.0,203.75,35727
2022-12-26 09:15:00+05:30,204.0,210.0,199.65,208.55,99177
2022-12-26 10:15:00+05:30,208.55,208.75,206.0,206.45,23929
2022-12-26 11:15:00+05:30,206.45,208.0,206.05,206.35,20567
2022-12-26 12:15:00+05:30,206.4,206.65,203.8,205.45,20071
2022-12-26 13:15:00+05:30,205.45,205.55,204.1,205.3,23850
2022-12-26 14:15:00+05:30,205.3,206.8,205.25,205.75,23242
2022-12-26 15:15:00+05:30,205.75,207.5,204.35,206.0,22578
2022-12-27 09:15:00+05:30,205.8,209.65,204.6,207.45,51863
2022-12-27 10:15:00+05:30,207.45,208.15,206.25,206.5,17426
2022-12-27 11:15:00+05:30,206.5,207.4,206.0,207.05,27434
2022-12-27 12:15:00+05:30,207.05,208.8,207.05,208.0,20111
2022-12-27 13:15:00+05:30,208.15,209.0,207.85,208.15,9620
2022-12-27 14:15:00+05:30,208.15,209.8,207.8,209.45,23361
2022-12-27 15:15:00+05:30,209.45,209.8,208.45,209.8,22302
2022-12-28 09:15:00+05:30,209.05,210.8,207.3,210.5,36567
2022-12-28 10:15:00+05:30,210.55,211.0,208.1,208.5,25594
2022-12-28 11:15:00+05:30,208.6,208.7,207.35,208.1,17602
2022-12-28 12:15:00+05:30,208.3,208.35,207.5,207.85,11061
2022-12-28 13:15:00+05:30,207.6,208.7,207.0,208.7,15142
2022-12-28 14:15:00+05:30,208.7,208.8,207.0,207.4,20332
2022-12-28 15:15:00+05:30,207.4,209.5,207.15,207.25,9408
2022-12-29 09:15:00+05:30,207.45,208.0,203.4,204.3,44518
2022-12-29 10:15:00+05:30,204.3,205.25,204.3,204.9,19535
2022-12-29 11:15:00+05:30,204.9,204.9,204.0,204.6,6922
2022-12-29 12:15:00+05:30,204.6,205.55,204.0,205.45,6631
2022-12-29 13:15:00+05:30,205.45,205.55,204.8,205.2,12629
2022-12-29 14:15:00+05:30,205.2,205.55,204.6,204.95,18265
2022-12-29 15:15:00+05:30,204.75,205.4,204.5,205.25,17612
2022-12-30 09:15:00+05:30,206.45,208.25,205.25,205.95,53199
2022-12-30 10:15:00+05:30,205.95,206.55,205.3,205.35,15609
2022-12-30 11:15:00+05:30,205.35,205.8,204.55,205.45,20087
2022-12-30 12:15:00+05:30,205.45,205.95,205.15,205.45,8365
2022-12-30 13:15:00+05:30,205.45,205.75,205.15,205.65,9796
2022-12-30 14:15:00+05:30,205.65,205.8,205.0,205.05,19128
2022-12-30 15:15:00+05:30,205.05,205.05,203.45,204.95,30290
2023-01-02 09:15:00+05:30,204.55,207.55,204.5,204.95,75225
2023-01-02 10:15:00+05:30,204.95,206.0,204.5,205.45,62328
2023-01-02 11:15:00+05:30,205.45,205.95,205.3,205.75,4818
2023-01-02 12:15:00+05:30,205.95,205.95,205.1,205.55,10200
2023-01-02 13:15:00+05:30,205.55,205.55,204.65,204.8,18932
2023-01-02 14:15:00+05:30,204.8,205.5,204.5,205.2,18521
2023-01-02 15:15:00+05:30,205.2,205.3,204.6,204.8,21461
2023-01-03 09:15:00+05:30,205.8,206.45,205.0,205.5,31253
2023-01-03 10:15:00+05:30,205.5,206.1,205.1,205.3,15898
2023-01-03 11:15:00+05:30,205.15,205.8,204.5,204.5,46536
2023-01-03 12:15:00+05:30,204.5,205.25,203.9,204.6,17085
2023-01-03 13:15:00+05:30,204.65,204.8,204.05,204.3,7636
2023-01-03 14:15:00+05:30,204.3,205.35,204.3,205.0,27115
2023-01-03 15:15:00+05:30,204.95,205.1,204.2,204.4,16128
2023-01-04 09:15:00+05:30,204.85,205.95,204.05,205.6,31428
2023-01-04 10:15:00+05:30,205.6,209.4,205.2,207.9,126988
2023-01-04 11:15:00+05:30,207.95,209.15,207.05,207.4,36605
2023-01-04 12:15:00+05:30,207.4,210.7,207.0,208.85,111092
2023-01-04 13:15:00+05:30,208.85,209.4,207.45,208.5,33476
2023-01-04 14:15:00+05:30,208.5,208.95,207.05,207.55,21053
2023-01-04 15:15:00+05:30,207.55,209.65,207.5,209.4,25480
2023-01-05 09:15:00+05:30,209.35,214.45,209.3,213.2,219856
2023-01-05 10:15:00+05:30,213.2,213.9,212.35,213.75,49871
2023-01-05 11:15:00+05:30,213.8,213.8,212.55,213.7,34831
2023-01-05 12:15:00+05:30,213.7,214.35,213.0,214.35,53944
2023-01-05 13:15:00+05:30,214.2,216.95,214.15,215.05,420134
2023-01-05 14:15:00+05:30,215.05,219.9,215.05,219.7,295209
2023-01-05 15:15:00+05:30,219.65,220.0,217.05,218.4,127787
2023-01-06 09:15:00+05:30,218.9,223.8,218.05,220.25,329573
2023-01-06 10:15:00+05:30,220.25,221.2,218.15,219.0,260307
2023-01-06 11:15:00+05:30,219.0,219.3,217.45,218.95,155179
2023-01-06 12:15:00+05:30,218.95,219.0,217.3,217.3,40524
2023-01-06 13:15:00+05:30,217.3,217.65,214.35,214.8,88195
2023-01-06 14:15:00+05:30,214.8,215.0,212.3,213.55,114567
2023-01-06 15:15:00+05:30,213.55,215.5,212.0,215.5,66371
2023-01-09 09:15:00+05:30,214.9,219.8,214.9,218.4,117932
2023-01-09 10:15:00+05:30,218.3,219.3,218.0,219.0,60220
2023-01-09 11:15:00+05:30,219.15,223.65,219.0,221.6,186520
2023-01-09 12:15:00+05:30,221.6,221.85,220.45,221.2,34973
2023-01-09 13:15:00+05:30,221.2,222.1,218.0,218.35,73909
2023-01-09 14:15:00+05:30,218.35,221.0,218.25,220.35,38851
2023-01-09 15:15:00+05:30,220.35,220.65,218.0,218.2,38977
2023-01-10 09:15:00+05:30,220.55,220.7,216.5,220.45,103916
2023-01-10 10:15:00+05:30,220.45,225.8,220.4,220.6,207597
2023-01-10 11:15:00+05:30,220.6,220.95,218.55,219.0,57840
2023-01-10 12:15:00+05:30,219.0,219.8,218.0,218.1,23952
2023-01-10 13:15:00+05:30,218.1,220.6,217.5,220.6,34373
2023-01-10 14:15:00+05:30,220.6,221.3,219.4,220.9,63168
2023-01-10 15:15:00+05:30,220.9,221.85,220.0,220.25,29835
2023-01-11 09:15:00+05:30,221.0,222.5,219.15,219.4,68957
2023-01-11 10:15:00+05:30,219.4,220.25,218.05,218.6,29087
2023-01-11 11:15:00+05:30,218.6,219.05,217.85,218.65,14397
2023-01-11 12:15:00+05:30,218.65,219.15,216.5,217.75,31691
2023-01-11 13:15:00+05:30,217.75,219.0,217.6,218.35,13980
2023-01-11 14:15:00+05:30,218.35,218.45,217.4,217.4,18502
2023-01-11 15:15:00+05:30,217.4,217.9,216.85,217.0,23811
2023-01-12 09:15:00+05:30,217.45,218.2,216.2,216.25,41360
2023-01-12 10:15:00+05:30,216.25,216.45,215.2,215.5,18049
2023-01-12 11:15:00+05:30,215.5,216.45,215.45,216.0,9077
2023-01-12 12:15:00+05:30,216.0,216.45,215.5,215.8,10274
2023-01-12 13:15:00+05:30,215.8,215.9,214.0,215.4,16739
2023-01-12 14:15:00+05:30,215.4,216.5,213.55,215.75,41525
2023-01-12 15:15:00+05:30,215.75,216.3,215.15,215.55,11710
2023-01-13 09:15:00+05:30,216.35,220.4,216.0,218.9,85197
2023-01-13 10:15:00+05:30,218.9,218.95,217.9,218.75,19706
2023-01-13 11:15:00+05:30,218.75,219.9,218.4,218.9,13728
2023-01-13 12:15:00+05:30,218.9,219.7,218.1,219.4,19096
2023-01-13 13:15:00+05:30,219.4,221.75,219.05,220.4,50141
2023-01-13 14:15:00+05:30,220.4,220.4,217.35,217.35,36789
2023-01-13 15:15:00+05:30,217.35,218.9,217.35,217.9,16847
2023-01-16 09:15:00+05:30,220.0,227.0,220.0,225.1,343585
2023-01-16 10:15:00+05:30,225.1,226.5,224.4,225.65,86442
2023-01-16 11:15:00+05:30,225.3,225.6,223.35,223.5,66567
2023-01-16 12:15:00+05:30,223.5,225.5,222.8,225.35,75123
2023-01-16 13:15:00+05:30,225.3,225.75,224.45,225.35,76221
2023-01-16 14:15:00+05:30,225.45,227.5,224.7,227.3,175210
2023-01-16 15:15:00+05:30,227.3,227.3,224.5,224.8,147783
2023-01-17 09:15:00+05:30,227.25,239.0,226.65,238.45,1700637
2023-01-17 10:15:00+05:30,238.3,240.45,237.35,238.35,927430
2023-01-17 11:15:00+05:30,238.15,241.3,237.55,238.25,764861
2023-01-17 12:15:00+05:30,238.25,238.95,237.1,237.45,245029
2023-01-17 13:15:00+05:30,237.45,242.0,237.15,240.7,560053
2023-01-17 14:15:00+05:30,240.7,242.0,238.25,240.4,765302
2023-01-17 15:15:00+05:30,240.3,242.7,240.1,241.45,394509
2023-01-18 09:15:00+05:30,243.0,246.3,239.0,242.2,659922
2023-01-18 10:15:00+05:30,242.05,243.45,236.3,236.65,198134
2023-01-18 11:15:00+05:30,236.6,238.3,233.5,233.55,215339
2023-01-18 12:15:00+05:30,233.75,235.45,233.75,235.0,90977
2023-01-18 13:15:00+05:30,235.0,235.0,228.0,229.65,409057
2023-01-18 14:15:00+05:30,229.65,230.45,228.25,228.25,335600
2023-01-18 15:15:00+05:30,228.25,229.2,227.5,228.55,163415
2023-01-19 09:15:00+05:30,229.25,233.45,228.2,231.25,294563
2023-01-19 10:15:00+05:30,231.25,233.15,230.85,232.8,62674
2023-01-19 11:15:00+05:30,232.8,233.95,232.1,233.0,63324
2023-01-19 12:15:00+05:30,232.9,233.4,230.55,230.6,79146
2023-01-19 13:15:00+05:30,230.6,231.85,230.0,231.45,67135
2023-01-19 14:15:00+05:30,231.45,232.7,230.2,230.8,104951
2023-01-19 15:15:00+05:30,230.8,232.0,230.6,231.75,74642
2023-01-20 09:15:00+05:30,233.0,236.5,230.2,233.9,303563
2023-01-20 10:15:00+05:30,233.9,233.95,230.9,232.15,89941
2023-01-20 11:15:00+05:30,232.15,232.4,229.3,230.7,126653
2023-01-20 12:15:00+05:30,230.7,231.3,229.85,231.2,31248
2023-01-20 13:15:00+05:30,231.2,232.0,229.55,230.5,50012
2023-01-20 14:15:00+05:30,230.5,230.95,227.65,227.85,104050
2023-01-20 15:15:00+05:30,227.85,229.5,226.6,228.1,57471
2023-01-23 09:15:00+05:30,228.95,230.1,225.4,226.9,133983
2023-01-23 10:15:00+05:30,226.7,227.0,224.75,225.05,30583
2023-01-23 11:15:00+05:30,224.9,225.7,222.9,223.8,53551
2023-01-23 12:15:00+05:30,223.8,224.75,223.15,223.6,45587
2023-01-23 13:15:00+05:30,223.6,225.45,223.6,225.0,33330
2023-01-23 14:15:00+05:30,225.0,225.1,223.4,224.7,55515
2023-01-23 15:15:00+05:30,224.7,225.3,223.7,225.0,35332
2023-01-24 09:15:00+05:30,224.95,226.6,224.15,224.35,73739
2023-01-24 10:15:00+05:30,224.35,224.65,221.5,221.5,61698
2023-01-24 11:15:00+05:30,221.3,221.65,219.6,220.2,56590
2023-01-24 12:15:00+05:30,220.5,220.75,219.75,220.0,18154
2023-01-24 13:15:00+05:30,220.0,220.0,219.15,219.95,28436
2023-01-24 14:15:00+05:30,219.95,220.0,218.2,219.25,57843
2023-01-24 15:15:00+05:30,219.35,219.75,218.3,219.5,25356
2023-01-25 09:15:00+05:30,219.4,225.3,219.35,221.55,181779
2023-01-25 10:15:00+05:30,221.55,224.25,221.05,223.75,56376
2023-01-25 11:15:00+05:30,223.75,223.95,218.95,219.7,388160
2023-01-25 12:15:00+05:30,219.7,220.7,219.3,220.0,29329
2023-01-25 13:15:00+05:30,220.25,220.7,216.65,219.0,96860
2023-01-25 14:15:00+05:30,219.0,220.6,217.55,217.95,106730
2023-01-25 15:15:00+05:30,217.95,218.0,214.25,215.8,142173
2023-01-27 09:15:00+05:30,217.0,219.4,208.8,208.85,178629
2023-01-27 10:15:00+05:30,208.85,209.0,203.2,204.0,268556
2023-01-27 11:15:00+05:30,204.0,204.0,200.0,201.5,282261
2023-01-27 12:15:00+05:30,201.5,201.75,196.55,196.9,249496
2023-01-27 13:15:00+05:30,196.85,197.6,195.0,195.65,291971
2023-01-27 14:15:00+05:30,195.65,197.0,195.5,196.0,375583
2023-01-27 15:15:00+05:30,196.0,196.8,193.0,196.65,224601
2023-01-30 09:15:00+05:30,199.0,204.3,197.75,203.0,337836
2023-01-30 10:15:00+05:30,203.0,207.4,202.75,204.65,269491
2023-01-30 11:15:00+05:30,204.85,206.35,204.05,205.7,59933
2023-01-30 12:15:00+05:30,205.7,206.0,204.2,204.2,47569
2023-01-30 13:15:00+05:30,204.25,204.25,201.7,203.2,93806
2023-01-30 14:15:00+05:30,203.15,205.55,201.2,205.35,97388
2023-01-30 15:15:00+05:30,204.95,207.2,204.25,205.2,64659
2023-01-31 09:15:00+05:30,207.2,207.45,204.05,206.95,72201
2023-01-31 10:15:00+05:30,207.1,207.85,206.0,207.1,54001
2023-01-31 11:15:00+05:30,207.1,208.7,206.7,207.35,39440
2023-01-31 12:15:00+05:30,207.35,207.8,206.15,207.2,19847
2023-01-31 13:15:00+05:30,207.25,210.4,206.95,208.7,73558
2023-01-31 14:15:00+05:30,208.7,213.35,208.7,213.2,144908
2023-01-31 15:15:00+05:30,213.5,215.75,213.2,213.8,71055
2023-02-01 09:15:00+05:30,215.4,217.8,212.0,214.8,133375
2023-02-01 10:15:00+05:30,214.8,217.25,213.8,216.5,72171
2023-02-01 11:15:00+05:30,216.7,216.95,214.5,214.5,65355
2023-02-01 12:15:00+05:30,214.5,216.0,213.45,213.45,29484
2023-02-01 13:15:00+05:30,213.45,213.7,207.8,209.05,85884
2023-02-01 14:15:00+05:30,209.25,216.8,209.25,216.1,198587
2023-02-01 15:15:00+05:30,216.1,217.0,215.2,216.1,40007
2023-02-02 09:15:00+05:30,214.95,214.95,210.8,212.9,116465
2023-02-02 10:15:00+05:30,212.9,213.6,212.15,212.45,23225
2023-02-02 11:15:00+05:30,212.5,213.0,211.4,212.45,22355
2023-02-02 12:15:00+05:30,212.45,212.9,210.8,211.35,18123
2023-02-02 13:15:00+05:30,211.35,211.65,205.65,206.9,60826
2023-02-02 14:15:00+05:30,206.9,209.8,206.6,209.0,65302
2023-02-02 15:15:00+05:30,209.0,210.0,209.0,209.05,15841
2023-02-03 09:15:00+05:30,211.0,215.55,207.15,208.65,186884
2023-02-03 10:15:00+05:30,208.65,209.1,203.05,204.45,135447
2023-02-03 11:15:00+05:30,204.45,207.0,203.9,206.1,50160
2023-02-03 12:15:00+05:30,206.1,206.65,205.0,205.35,23628
2023-02-03 13:15:00+05:30,205.35,207.9,205.35,206.2,43090
2023-02-03 14:15:00+05:30,206.2,210.0,205.4,210.0,65465
2023-02-03 15:15:00+05:30,210.0,210.0,208.5,209.0,28040
2023-02-06 09:15:00+05:30,209.6,211.15,208.45,210.3,42056
2023-02-06 10:15:00+05:30,210.3,210.45,207.2,207.9,30905
2023-02-06 11:15:00+05:30,207.9,209.2,207.5,208.7,10958
2023-02-06 12:15:00+05:30,208.7,209.05,207.55,208.2,27062
2023-02-06 13:15:00+05:30,208.2,209.2,208.1,208.6,13793
2023-02-06 14:15:00+05:30,208.6,208.6,207.6,208.25,19952
2023-02-06 15:15:00+05:30,208.25,211.0,208.2,209.8,25848
2023-02-07 09:15:00+05:30,210.85,210.85,207.0,207.85,57787
2023-02-07 10:15:00+05:30,207.85,208.95,207.15,208.0,33685
2023-02-07 11:15:00+05:30,208.05,208.75,207.05,208.6,12271
2023-02-07 12:15:00+05:30,208.6,208.6,207.0,207.0,14031
2023-02-07 13:15:00+05:30,207.0,207.95,206.1,207.0,38476
2023-02-07 14:15:00+05:30,207.0,208.75,206.45,208.15,30838
2023-02-07 15:15:00+05:30,208.15,209.4,208.15,209.3,34385
2023-02-08 09:15:00+05:30,209.5,214.0,208.85,211.25,87621
2023-02-08 10:15:00+05:30,211.25,212.5,210.75,212.5,16591
2023-02-08 11:15:00+05:30,212.5,212.85,211.25,211.85,18555
2023-02-08 12:15:00+05:30,211.85,212.05,211.25,211.3,8423
2023-02-08 13:15:00+05:30,211.25,213.3,210.95,212.8,21809
2023-02-08 14:15:00+05:30,213.0,213.0,209.8,211.1,35539
2023-02-08 15:15:00+05:30,211.1,211.8,209.8,211.0,19600
2023-02-09 09:15:00+05:30,210.95,212.1,206.2,207.45,125787
2023-02-09 10:15:00+05:30,207.45,207.7,206.45,207.25,33814
2023-02-09 11:15:00+05:30,207.25,207.7,207.2,207.2,10243
2023-02-09 12:15:00+05:30,207.2,207.25,206.0,206.25,19139
2023-02-09 13:15:00+05:30,206.25,206.7,200.5,201.25,148492
2023-02-09 14:15:00+05:30,201.25,203.0,201.1,202.7,84328
2023-02-09 15:15:00+05:30,202.7,204.9,201.2,202.5,55613
2023-02-10 09:15:00+05:30,202.75,204.1,202.0,203.4,45458
2023-02-10 10:15:00+05:30,203.4,204.9,203.2,204.7,41300
2023-02-10 11:15:00+05:30,204.7,204.9,204.05,204.2,19945
2023-02-10 12:15:00+05:30,204.2,204.9,203.4,204.2,20190
2023-02-10 13:15:00+05:30,204.2,204.6,203.2,204.25,18129
2023-02-10 14:15:00+05:30,204.25,204.7,203.05,203.95,28641
2023-02-10 15:15:00+05:30,203.95,205.75,203.1,204.2,20326
2023-02-13 09:15:00+05:30,206.0,206.15,199.0,201.5,182859
2023-02-13 10:15:00+05:30,201.5,207.85,200.95,207.2,112396
2023-02-13 11:15:00+05:30,207.2,207.7,206.75,207.35,42452
2023-02-13 12:15:00+05:30,207.35,207.5,206.0,207.5,28610
2023-02-13 13:15:00+05:30,207.5,208.8,207.0,208.25,35562
2023-02-13 14:15:00+05:30,208.25,208.5,208.0,208.05,37638
2023-02-13 15:15:00+05:30,208.05,211.95,208.0,211.95,114382
2023-02-14 09:15:00+05:30,210.05,213.1,208.7,212.0,86998
2023-02-14 10:15:00+05:30,212.0,212.55,211.0,211.15,26870
2023-02-14 11:15:00+05:30,211.15,212.3,210.05,211.55,37917
2023-02-14 12:15:00+05:30,211.55,212.1,211.0,212.1,16938
2023-02-14 13:15:00+05:30,212.1,212.25,210.3,210.7,25129
2023-02-14 14:15:00+05:30,210.7,210.9,207.3,207.75,30110
2023-02-14 15:15:00+05:30,207.6,208.1,207.0,207.8,21825
2023-02-15 09:15:00+05:30,207.65,209.0,206.4,208.5,43145
2023-02-15 10:15:00+05:30,208.5,212.0,208.5,211.3,96626
2023-02-15 11:15:00+05:30,211.3,211.7,210.3,210.5,20166
2023-02-15 12:15:00+05:30,210.5,211.5,210.5,211.1,13385
2023-02-15 13:15:00+05:30,211.1,211.6,210.7,211.25,23390
2023-02-15 14:15:00+05:30,211.25,212.1,210.65,211.75,46990
2023-02-15 15:15:00+05:30,211.75,211.9,210.5,211.6,19843
2023-02-16 09:15:00+05:30,211.6,213.0,209.25,212.2,59405
2023-02-16 10:15:00+05:30,212.2,212.2,210.05,210.05,15402
2023-02-16 11:15:00+05:30,210.05,210.25,209.25,209.7,16152
2023-02-16 12:15:00+05:30,209.7,211.45,209.4,210.8,26013
2023-02-16 13:15:00+05:30,210.8,213.8,210.55,213.25,45100
2023-02-16 14:15:00+05:30,213.25,214.5,213.0,213.55,66747
2023-02-16 15:15:00+05:30,213.55,213.95,213.0,213.8,15133
2023-02-17 09:15:00+05:30,219.0,226.2,211.25,212.8,1136415
2023-02-17 10:15:00+05:30,212.8,212.9,210.5,210.9,202789
2023-02-17 11:15:00+05:30,210.9,212.85,210.7,212.4,153320
2023-02-17 12:15:00+05:30,212.4,212.85,206.3,207.75,1282505
2023-02-17 13:15:00+05:30,207.65,209.4,204.1,205.0,523868
2023-02-17 14:15:00+05:30,205.0,206.95,204.35,204.5,598340
2023-02-17 15:15:00+05:30,204.7,205.0,201.55,204.0,378874
2023-02-20 09:15:00+05:30,204.9,210.75,202.25,202.95,593099
2023-02-20 10:15:00+05:30,202.95,207.25,202.3,205.15,438921
2023-02-20 11:15:00+05:30,205.0,205.45,202.95,204.5,147427
2023-02-20 12:15:00+05:30,204.5,205.3,203.0,203.45,142971
2023-02-20 13:15:00+05:30,203.45,203.95,202.7,203.0,73165
2023-02-20 14:15:00+05:30,202.9,204.15,201.8,202.5,452371
2023-02-20 15:15:00+05:30,202.15,203.0,201.15,203.0,154168
2023-02-21 09:15:00+05:30,205.85,205.85,195.7,196.85,876612
2023-02-21 10:15:00+05:30,196.6,196.85,194.3,194.35,559293
2023-02-21 11:15:00+05:30,194.35,195.55,193.8,195.0,318552
2023-02-21 12:15:00+05:30,194.75,196.8,194.5,196.25,266474
2023-02-21 13:15:00+05:30,196.25,197.0,193.5,194.75,294651
2023-02-21 14:15:00+05:30,195.0,198.35,193.5,197.0,599677
2023-02-21 15:15:00+05:30,197.0,197.5,194.1,194.8,237784
2023-02-22 09:15:00+05:30,195.45,195.45,191.25,192.15,262150
2023-02-22 10:15:00+05:30,192.2,194.25,191.8,193.55,154802
2023-02-22 11:15:00+05:30,193.55,195.05,193.55,194.55,110862
2023-02-22 12:15:00+05:30,194.55,195.75,193.75,195.0,97603
2023-02-22 13:15:00+05:30,195.0,196.45,194.5,194.55,84143
2023-02-22 14:15:00+05:30,194.55,195.9,194.25,195.0,133590
2023-02-22 15:15:00+05:30,195.0,197.45,194.6,196.9,83347
2023-02-23 09:15:00+05:30,197.35,198.5,194.0,196.1,129041
2023-02-23 10:15:00+05:30,196.1,197.35,195.85,196.5,53838
2023-02-23 11:15:00+05:30,196.5,196.65,193.25,193.8,72922
2023-02-23 12:15:00+05:30,193.8,196.85,193.4,196.85,53450
2023-02-23 13:15:00+05:30,196.85,197.9,196.2,197.0,165643
2023-02-23 14:15:00+05:30,197.0,198.9,197.0,198.05,90310
2023-02-23 15:15:00+05:30,198.35,198.5,197.65,198.0,32107
2023-02-24 09:15:00+05:30,199.65,199.65,193.8,194.9,149934
2023-02-24 10:15:00+05:30,194.9,198.5,194.5,198.15,157151
2023-02-24 11:15:00+05:30,198.15,198.45,197.75,197.85,41621
2023-02-24 12:15:00+05:30,198.0,198.15,197.45,197.65,37743
2023-02-24 13:15:00+05:30,197.65,198.2,196.8,196.8,48240
2023-02-24 14:15:00+05:30,196.8,197.75,196.0,197.7,97152
2023-02-24 15:15:00+05:30,197.7,197.7,196.0,196.8,36738
2023-02-27 09:15:00+05:30,196.75,196.8,190.75,191.65,197453
2023-02-27 10:15:00+05:30,191.65,193.4,190.65,193.15,71926
2023-02-27 11:15:00+05:30,193.15,193.6,192.8,193.0,27450
2023-02-27 12:15:00+05:30,193.0,193.3,192.8,193.0,14371
2023-02-27 13:15:00+05:30,193.0,193.7,192.8,193.3,17594
2023-02-27 14:15:00+05:30,193.3,193.4,192.45,192.75,91799
2023-02-27 15:15:00+05:30,192.75,193.55,192.0,193.0,35930
2023-02-28 09:15:00+05:30,193.25,194.45,192.0,193.6,109898
2023-02-28 10:15:00+05:30,193.6,193.9,192.65,193.0,30675
2023-02-28 11:15:00+05:30,193.0,193.25,192.6,192.6,27137
2023-02-28 12:15:00+05:30,192.6,193.2,192.5,192.9,26227
2023-02-28 13:15:00+05:30,192.9,193.25,192.5,192.85,41051
2023-02-28 14:15:00+05:30,192.85,193.9,192.55,193.2,63999
2023-02-28 15:15:00+05:30,193.2,193.2,192.15,193.0,32544
2023-03-01 09:15:00+05:30,193.65,200.6,193.65,199.0,318381
2023-03-01 10:15:00+05:30,199.0,201.45,198.5,201.1,194301
2023-03-01 11:15:00+05:30,201.1,201.45,200.0,200.1,49340
2023-03-01 12:15:00+05:30,200.1,201.3,199.2,201.0,63649
2023-03-01 13:15:00+05:30,201.05,205.5,200.0,204.1,440855
2023-03-01 14:15:00+05:30,204.1,206.8,204.0,205.2,337563
2023-03-01 15:15:00+05:30,205.2,206.3,205.15,205.6,102442
2023-03-02 09:15:00+05:30,205.7,205.7,201.5,202.85,138930
2023-03-02 10:15:00+05:30,202.85,204.45,202.3,202.7,59785
2023-03-02 11:15:00+05:30,202.7,204.55,202.0,204.1,163792
2023-03-02 12:15:00+05:30,204.1,204.5,202.5,203.1,303941
2023-03-02 13:15:00+05:30,203.1,204.5,202.25,202.85,110390
2023-03-02 14:15:00+05:30,202.85,203.1,201.5,201.6,63214
2023-03-02 15:15:00+05:30,201.6,204.45,201.0,202.55,95776
2023-03-03 09:15:00+05:30,203.0,204.55,201.4,203.45,142165
2023-03-03 10:15:00+05:30,203.4,203.65,202.85,202.9,19125
2023-03-03 11:15:00+05:30,202.9,203.4,201.0,201.3,52891
2023-03-03 12:15:00+05:30,201.3,202.55,201.3,202.1,23822
2023-03-03 13:15:00+05:30,201.95,202.25,201.6,202.0,20421
2023-03-03 14:15:00+05:30,202.0,204.5,201.8,203.25,108882
2023-03-03 15:15:00+05:30,203.25,203.9,202.25,202.9,40311
2023-03-06 09:15:00+05:30,204.0,205.95,202.0,205.15,181281
2023-03-06 10:15:00+05:30,205.15,205.95,204.9,205.15,167360
2023-03-06 11:15:00+05:30,205.1,209.6,205.0,208.0,266276
2023-03-06 12:15:00+05:30,208.0,208.45,206.75,207.1,64384
2023-03-06 13:15:00+05:30,207.05,207.65,206.95,206.95,28125
2023-03-06 14:15:00+05:30,206.95,208.95,204.75,206.15,118563
2023-03-06 15:15:00+05:30,206.15,207.0,205.0,205.2,39139
2023-03-08 09:15:00+05:30,203.95,205.8,202.5,204.7,135532
2023-03-08 10:15:00+05:30,204.7,206.5,204.7,205.05,61837
2023-03-08 11:15:00+05:30,205.05,205.6,205.0,205.25,10786
2023-03-08 12:15:00+05:30,205.25,205.75,204.7,205.05,19026
2023-03-08 13:15:00+05:30,205.05,205.55,204.55,205.2,18649
2023-03-08 14:15:00+05:30,205.2,208.0,205.2,207.05,82054
2023-03-08 15:15:00+05:30,207.05,208.85,207.0,207.75,53629
2023-03-09 09:15:00+05:30,207.6,207.6,204.5,206.05,206691
2023-03-09 10:15:00+05:30,206.1,206.45,204.2,204.65,246301
2023-03-09 11:15:00+05:30,204.65,205.2,203.4,204.7,74103
2023-03-09 12:15:00+05:30,204.8,207.45,203.8,206.45,218338
2023-03-09 13:15:00+05:30,206.45,207.85,206.0,206.65,76220
2023-03-09 14:15:00+05:30,206.65,208.3,206.0,207.0,38247
2023-03-09 15:15:00+05:30,207.2,207.5,206.0,206.05,21852
2023-03-10 09:15:00+05:30,205.0,208.45,205.0,206.6,108190
2023-03-10 10:15:00+05:30,206.7,206.85,205.75,205.8,12898
2023-03-10 11:15:00+05:30,205.75,208.45,205.75,207.2,57657
2023-03-10 12:15:00+05:30,207.2,207.25,206.0,206.2,18718
2023-03-10 13:15:00+05:30,206.2,207.4,206.2,207.05,39880
2023-03-10 14:15:00+05:30,207.05,207.3,206.55,206.9,10907
2023-03-10 15:15:00+05:30,206.7,207.3,205.25,206.5,34935
2023-03-13 09:15:00+05:30,205.8,205.8,195.5,202.25,757704
2023-03-13 10:15:00+05:30,202.25,202.3,200.0,201.5,74963
2023-03-13 11:15:00+05:30,201.5,202.85,201.0,202.75,28438
2023-03-13 12:15:00+05:30,202.55,202.75,201.05,202.0,37695
2023-03-13 13:15:00+05:30,202.0,202.75,201.25,202.0,26193
2023-03-13 14:15:00+05:30,202.0,202.25,200.0,200.05,117078
2023-03-13 15:15:00+05:30,200.35,200.5,199.0,200.0,53253
2023-03-14 09:15:00+05:30,200.05,200.7,196.65,197.25,63505
2023-03-14 10:15:00+05:30,197.25,197.25,196.0,196.55,23944
2023-03-14 11:15:00+05:30,196.55,197.85,196.55,197.55,12399
2023-03-14 12:15:00+05:30,197.55,198.2,197.0,197.1,20885
2023-03-14 13:15:00+05:30,197.1,197.5,196.55,196.6,15772
2023-03-14 14:15:00+05:30,196.6,198.6,196.2,196.8,27185
2023-03-14 15:15:00+05:30,196.8,197.45,196.5,196.55,15644
2023-03-15 09:15:00+05:30,197.8,199.15,196.15,198.05,72888
2023-03-15 10:15:00+05:30,198.05,198.4,197.55,198.4,7561
2023-03-15 11:15:00+05:30,198.4,199.15,197.9,198.6,13472
2023-03-15 12:15:00+05:30,198.6,198.6,197.25,197.45,14580
2023-03-15 13:15:00+05:30,197.45,201.6,197.25,200.75,74844
2023-03-15 14:15:00+05:30,200.75,202.7,198.65,200.5,102019
2023-03-15 15:15:00+05:30,200.5,200.85,200.0,200.0,13052
2023-03-16 09:15:00+05:30,199.1,199.1,195.6,196.55,64766
2023-03-16 10:15:00+05:30,196.55,198.05,196.55,197.75,24733
2023-03-16 11:15:00+05:30,197.75,198.55,197.55,197.75,44542
2023-03-16 12:15:00+05:30,197.75,197.75,196.05,196.05,45313
2023-03-16 13:15:00+05:30,195.85,198.35,194.9,197.25,186547
2023-03-16 14:15:00+05:30,197.25,198.7,197.1,197.1,27378
2023-03-16 15:15:00+05:30,197.1,199.15,196.5,197.3,17083
2023-03-17 09:15:00+05:30,197.7,199.55,197.2,198.05,51784
2023-03-17 10:15:00+05:30,198.05,198.25,197.0,197.2,12212
2023-03-17 11:15:00+05:30,197.2,197.25,196.45,197.25,14189
2023-03-17 12:15:00+05:30,197.25,197.25,196.8,197.15,11733
2023-03-17 13:15:00+05:30,197.15,197.45,196.75,197.05,6784
2023-03-17 14:15:00+05:30,197.05,197.5,194.5,196.0,138086
2023-03-17 15:15:00+05:30,195.9,199.8,195.0,199.0,97152
2023-03-20 09:15:00+05:30,197.0,198.3,195.35,195.65,42797
2023-03-20 10:15:00+05:30,195.6,196.2,195.25,196.1,17690
2023-03-20 11:15:00+05:30,196.1,196.2,195.2,195.2,9083
2023-03-20 12:15:00+05:30,195.2,195.45,195.0,195.45,9604
2023-03-20 13:15:00+05:30,195.45,195.65,195.0,195.3,8297
2023-03-20 14:15:00+05:30,195.3,196.4,195.1,195.6,21812
2023-03-20 15:15:00+05:30,195.6,196.5,194.8,196.45,30109
2023-03-21 09:15:00+05:30,196.3,197.0,195.75,196.6,17876
2023-03-21 10:15:00+05:30,196.6,198.0,196.0,196.25,17436
2023-03-21 11:15:00+05:30,196.25,196.25,195.3,195.95,5785
2023-03-21 12:15:00+05:30,195.95,195.95,194.65,195.0,17681
2023-03-21 13:15:00+05:30,195.0,195.9,194.9,195.85,10115
2023-03-21 14:15:00+05:30,195.85,197.35,195.6,196.4,23257
2023-03-21 15:15:00+05:30,196.4,196.4,195.0,195.3,17692
2023-03-22 09:15:00+05:30,196.0,202.3,195.75,202.15,177615
2023-03-22 10:15:00+05:30,202.15,203.5,200.5,200.9,90316
2023-03-22 11:15:00+05:30,200.9,200.9,200.0,200.2,10958
2023-03-22 12:15:00+05:30,200.2,200.4,199.25,199.45,11413
2023-03-22 13:15:00+05:30,199.45,199.85,198.6,199.0,11994
2023-03-22 14:15:00+05:30,199.0,201.75,198.15,201.65,145774
2023-03-22 15:15:00+05:30,201.65,201.7,200.15,201.0,55086
2023-03-23 09:15:00+05:30,201.0,201.45,199.05,200.55,40918
2023-03-23 10:15:00+05:30,200.55,201.2,200.1,200.1,6337
2023-03-23 11:15:00+05:30,200.1,200.1,197.4,198.45,49592
2023-03-23 12:15:00+05:30,198.45,201.6,197.0,201.05,86075
2023-03-23 13:15:00+05:30,201.05,201.45,200.2,200.5,16234
2023-03-23 14:15:00+05:30,200.5,201.35,200.35,201.0,43057
2023-03-23 15:15:00+05:30,201.0,201.45,200.45,201.4,50189
2023-03-24 09:15:00+05:30,200.0,207.7,200.0,207.35,538098
2023-03-24 10:15:00+05:30,207.5,209.3,207.4,208.6,289432
2023-03-24 11:15:00+05:30,208.6,209.75,207.3,209.75,197853
2023-03-24 12:15:00+05:30,209.8,212.25,209.5,211.1,631347
2023-03-24 13:15:00+05:30,211.1,211.75,210.0,210.1,207633
2023-03-24 14:15:00+05:30,210.15,210.5,209.0,209.6,293907
2023-03-24 15:15:00+05:30,209.5,213.0,209.0,209.0,270674
2023-03-27 09:15:00+05:30,210.5,216.3,207.0,215.3,437163
2023-03-27 10:15:00+05:30,215.25,216.0,210.6,211.05,191274
2023-03-27 11:15:00+05:30,211.05,212.65,209.0,211.6,85710
2023-03-27 12:15:00+05:30,211.65,214.5,211.15,214.1,84942
2023-03-27 13:15:00+05:30,214.1,216.9,212.55,216.65,186493
2023-03-27 14:15:00+05:30,216.45,216.9,213.9,214.6,194567
2023-03-27 15:15:00+05:30,214.55,216.25,212.5,213.5,50372
2023-03-28 09:15:00+05:30,214.0,217.0,211.55,215.15,188570
2023-03-28 10:15:00+05:30,215.15,216.75,213.1,213.35,63204
2023-03-28 11:15:00+05:30,213.35,215.7,212.15,215.7,69668
2023-03-28 12:15:00+05:30,215.7,215.7,214.3,215.2,54075
2023-03-28 13:15:00+05:30,215.2,216.0,214.0,214.4,71450
2023-03-28 14:15:00+05:30,214.4,214.5,211.95,213.7,72556
2023-03-28 15:15:00+05:30,213.7,214.3,186.95,207.9,813329
2023-03-29 09:15:00+05:30,204.6,216.15,204.6,208.55,1252489
2023-03-29 10:15:00+05:30,208.5,209.6,207.1,207.1,208612
2023-03-29 11:15:00+05:30,207.1,207.8,206.15,207.2,79755
2023-03-29 12:15:00+05:30,207.2,209.5,206.8,208.5,115164
2023-03-29 13:15:00+05:30,208.5,211.9,208.35,210.95,270033
2023-03-29 14:15:00+05:30,210.95,213.3,210.0,212.95,177563
2023-03-29 15:15:00+05:30,212.9,213.5,210.5,210.5,110668
2023-03-31 09:15:00+05:30,215.0,215.0,210.3,211.3,110786
2023-03-31 10:15:00+05:30,211.3,211.75,209.35,210.65,81828
2023-03-31 11:15:00+05:30,210.65,211.3,210.5,211.0,16200
2023-03-31 12:15:00+05:30,210.75,212.1,210.55,211.45,21861
2023-03-31 13:15:00+05:30,211.05,214.5,211.05,213.75,51081
2023-03-31 14:15:00+05:30,213.55,215.6,212.05,215.3,93025
2023-03-31 15:15:00+05:30,215.3,216.35,214.0,215.1,75699
2023-04-03 09:15:00+05:30,216.1,224.35,216.1,222.5,385092
2023-04-03 10:15:00+05:30,222.5,224.05,219.75,221.5,817875
2023-04-03 11:15:00+05:30,221.5,229.1,221.25,228.05,641690
2023-04-03 12:15:00+05:30,228.05,233.45,228.0,229.4,572337
2023-04-03 13:15:00+05:30,229.15,231.45,229.0,230.6,205634
2023-04-03 14:15:00+05:30,230.6,232.0,230.0,231.1,211055
2023-04-03 15:15:00+05:30,231.1,231.4,229.3,229.7,129976
2023-04-05 09:15:00+05:30,228.0,236.65,227.0,236.3,397764
2023-04-05 10:15:00+05:30,236.3,245.65,236.0,243.6,1055317
2023-04-05 11:15:00+05:30,243.6,246.6,242.5,243.25,606918
2023-04-05 12:15:00+05:30,243.25,244.0,242.0,242.5,183830
2023-04-05 13:15:00+05:30,242.5,243.0,241.0,241.45,139863
2023-04-05 14:15:00+05:30,241.45,242.0,241.0,241.45,142071
2023-04-05 15:15:00+05:30,241.15,241.9,241.0,241.5,150170
2023-04-06 09:15:00+05:30,239.5,242.0,235.0,240.0,351513
2023-04-06 10:15:00+05:30,240.0,241.75,237.0,237.25,115443
2023-04-06 11:15:00+05:30,237.25,237.8,236.05,236.45,39333
2023-04-06 12:15:00+05:30,236.8,238.7,236.75,238.05,72229
2023-04-06 13:15:00+05:30,238.05,242.65,237.7,242.0,283052
2023-04-06 14:15:00+05:30,242.0,248.5,241.95,248.2,934487
2023-04-06 15:15:00+05:30,248.2,250.75,244.0,246.95,211295
2023-04-10 09:15:00+05:30,250.1,251.4,245.0,247.65,367821
2023-04-10 10:15:00+05:30,247.65,251.65,246.7,251.5,128173
2023-04-10 11:15:00+05:30,251.5,253.25,249.0,251.5,234564
2023-04-10 12:15:00+05:30,251.5,252.0,250.5,250.6,85220
2023-04-10 13:15:00+05:30,250.75,252.4,249.0,251.5,184827
2023-04-10 14:15:00+05:30,251.7,253.3,251.5,253.0,284447
2023-04-10 15:15:00+05:30,253.0,256.6,253.0,255.1,310693
2023-04-11 09:15:00+05:30,254.45,254.45,248.6,251.0,311684
2023-04-11 10:15:00+05:30,251.0,251.0,247.5,248.9,125762
2023-04-11 11:15:00+05:30,248.9,249.6,248.15,248.4,35535
2023-04-11 12:15:00+05:30,248.4,248.75,247.5,248.3,33143
2023-04-11 13:15:00+05:30,248.3,253.45,248.05,253.1,152028
2023-04-11 14:15:00+05:30,253.0,255.4,251.05,251.6,287974
2023-04-11 15:15:00+05:30,251.6,252.55,248.65,252.5,81128
2023-04-12 09:15:00+05:30,251.9,251.9,247.65,248.25,108096
2023-04-12 10:15:00+05:30,248.25,250.45,247.5,247.7,91592
2023-04-12 11:15:00+05:30,247.7,251.95,246.25,249.7,229285
2023-04-12 12:15:00+05:30,249.7,249.9,247.5,247.9,73011
2023-04-12 13:15:00+05:30,247.9,255.25,247.65,255.15,365587
2023-04-12 14:15:00+05:30,255.15,260.25,255.0,257.4,553030
2023-04-12 15:15:00+05:30,257.3,258.55,257.3,258.3,118734
2023-04-13 09:15:00+05:30,258.75,264.95,256.7,264.0,1326557
2023-04-13 10:15:00+05:30,264.0,266.75,261.2,262.0,405395
2023-04-13 11:15:00+05:30,262.9,262.9,258.85,259.3,356585
2023-04-13 12:15:00+05:30,259.3,259.65,257.0,258.75,137376
2023-04-13 13:15:00+05:30,258.75,265.6,258.5,265.5,341975
2023-04-13 14:15:00+05:30,265.55,269.25,264.85,268.1,730268
2023-04-13 15:15:00+05:30,268.25,268.75,265.15,266.4,192773
2023-04-17 09:15:00+05:30,266.9,266.9,261.05,265.8,287476
2023-04-17 10:15:00+05:30,265.8,265.8,263.0,263.35,52628
2023-04-17 11:15:00+05:30,263.35,264.9,263.15,263.7,32510
2023-04-17 12:15:00+05:30,263.7,264.9,262.3,263.55,50496
2023-04-17 13:15:00+05:30,263.5,264.5,262.85,264.1,28596
2023-04-17 14:15:00+05:30,264.1,264.9,261.8,261.85,134689
2023-04-17 15:15:00+05:30,261.95,265.1,260.6,263.2,233564
2023-04-18 09:15:00+05:30,262.9,264.3,257.65,259.9,131514
2023-04-18 10:15:00+05:30,260.0,263.65,259.05,263.1,77716
2023-04-18 11:15:00+05:30,263.1,264.05,262.25,262.35,40215
2023-04-18 12:15:00+05:30,262.35,269.2,261.55,267.95,232046
2023-04-18 13:15:00+05:30,267.95,268.1,263.8,265.5,114739
2023-04-18 14:15:00+05:30,265.5,266.0,259.7,260.0,238794
2023-04-18 15:15:00+05:30,260.0,262.5,259.75,260.7,58348
2023-04-19 09:15:00+05:30,260.6,262.85,259.45,260.9,124515
2023-04-19 10:15:00+05:30,260.9,260.9,259.25,260.3,48776
2023-04-19 11:15:00+05:30,260.3,266.25,260.3,264.85,230098
2023-04-19 12:15:00+05:30,264.9,267.25,264.45,266.9,107655
2023-04-19 13:15:00+05:30,267.0,267.5,266.0,267.2,73610
2023-04-19 14:15:00+05:30,266.8,268.0,265.3,265.65,121645
2023-04-19 15:15:00+05:30,265.65,266.3,265.0,265.3,72283
2023-04-20 09:15:00+05:30,265.25,266.35,262.2,262.65,168230
2023-04-20 10:15:00+05:30,262.5,263.0,261.6,262.5,29935
2023-04-20 11:15:00+05:30,262.5,262.8,260.05,262.5,47721
2023-04-20 12:15:00+05:30,262.5,263.9,261.25,262.35,78883
2023-04-20 13:15:00+05:30,262.35,264.75,261.65,262.1,62642
2023-04-20 14:15:00+05:30,262.1,263.2,262.0,263.0,44326
2023-04-20 15:15:00+05:30,263.0,264.5,262.4,264.0,61011
2023-04-21 09:15:00+05:30,264.45,270.8,262.65,265.75,299125
2023-04-21 10:15:00+05:30,265.75,266.95,265.5,266.4,30589
2023-04-21 11:15:00+05:30,266.4,266.95,266.0,266.15,19999
2023-04-21 12:15:00+05:30,266.15,267.0,265.0,265.05,300356
2023-04-21 13:15:00+05:30,265.05,266.0,265.0,266.0,61462
2023-04-21 14:15:00+05:30,266.0,267.05,264.2,267.0,514839
2023-04-21 15:15:00+05:30,266.85,267.3,262.0,264.0,179155
2023-04-24 09:15:00+05:30,266.0,272.5,264.25,270.1,304267
2023-04-24 10:15:00+05:30,270.1,270.45,269.0,269.0,141239
2023-04-24 11:15:00+05:30,269.0,270.95,269.0,270.05,104193
2023-04-24 12:15:00+05:30,270.05,270.5,265.95,266.9,412495
2023-04-24 13:15:00+05:30,266.9,269.35,265.6,267.1,395693
2023-04-24 14:15:00+05:30,267.05,267.75,266.0,266.0,171639
2023-04-24 15:15:00+05:30,266.0,267.4,266.0,266.0,484363
2023-04-25 09:15:00+05:30,266.1,266.95,263.6,266.05,136753
2023-04-25 10:15:00+05:30,266.05,269.0,265.05,267.15,110537
2023-04-25 11:15:00+05:30,267.3,271.0,266.6,269.75,221348
2023-04-25 12:15:00+05:30,269.75,271.85,269.0,270.5,162831
2023-04-25 13:15:00+05:30,270.85,273.25,270.7,272.5,387826
2023-04-25 14:15:00+05:30,272.5,275.0,270.8,271.15,349471
2023-04-25 15:15:00+05:30,271.15,271.6,269.15,269.9,54377
2023-04-26 09:15:00+05:30,271.5,271.5,267.15,269.8,104308
2023-04-26 10:15:00+05:30,269.8,272.0,269.0,269.5,104544
2023-04-26 11:15:00+05:30,269.5,272.7,269.5,271.6,70011
2023-04-26 12:15:00+05:30,271.6,272.0,268.05,269.4,107560
2023-04-26 13:15:00+05:30,269.45,270.5,268.85,270.1,42257
2023-04-26 14:15:00+05:30,270.1,270.5,268.6,268.6,62178
2023-04-26 15:15:00+05:30,268.6,270.45,267.25,268.5,52417
2023-04-27 09:15:00+05:30,267.7,275.95,266.8,274.95,276133
2023-04-27 10:15:00+05:30,274.95,275.1,271.1,275.0,222839
2023-04-27 11:15:00+05:30,275.0,276.5,273.0,273.45,245697
2023-04-27 12:15:00+05:30,273.45,274.35,273.1,273.55,37429
2023-04-27 13:15:00+05:30,273.55,275.3,273.4,274.9,89221
2023-04-27 14:15:00+05:30,274.9,287.7,274.5,285.95,984508
2023-04-27 15:15:00+05:30,285.7,285.95,282.5,283.0,133873
2023-04-28 09:15:00+05:30,283.9,285.35,281.5,281.9,257397
2023-04-28 10:15:00+05:30,281.7,284.3,281.55,283.0,48846
2023-04-28 11:15:00+05:30,283.0,283.7,279.75,279.75,192329
2023-04-28 12:15:00+05:30,279.75,280.2,279.25,279.8,88798
2023-04-28 13:15:00+05:30,279.8,280.0,279.75,279.8,38178
2023-04-28 14:15:00+05:30,279.8,283.6,279.5,283.6,193829
2023-04-28 15:15:00+05:30,283.6,285.0,281.15,283.0,99832
2023-05-02 09:15:00+05:30,285.25,288.6,282.0,284.55,318316
2023-05-02 10:15:00+05:30,284.85,285.45,283.2,283.2,55805
2023-05-02 11:15:00+05:30,283.2,284.9,282.6,283.25,56427
2023-05-02 12:15:00+05:30,283.1,284.0,283.0,283.55,13504
2023-05-02 13:15:00+05:30,283.55,284.0,283.1,283.35,24300
2023-05-02 14:15:00+05:30,283.65,285.15,283.0,283.35,394397
2023-05-02 15:15:00+05:30,283.2,284.05,282.75,283.0,51118
2023-05-03 09:15:00+05:30,283.05,283.8,279.5,279.5,108356
2023-05-03 10:15:00+05:30,279.5,279.9,278.25,278.65,56466
2023-05-03 11:15:00+05:30,278.65,279.0,278.25,278.25,23432
2023-05-03 12:15:00+05:30,278.25,279.0,277.75,278.4,26759
2023-05-03 13:15:00+05:30,278.4,278.5,273.85,275.45,114182
2023-05-03 14:15:00+05:30,275.45,278.35,275.2,278.0,66628
2023-05-03 15:15:00+05:30,278.0,278.7,276.0,276.6,64290
2023-05-04 09:15:00+05:30,278.7,279.0,273.3,275.85,69856
2023-05-04 10:15:00+05:30,275.85,275.85,273.5,274.85,31289
2023-05-04 11:15:00+05:30,274.85,274.95,273.6,273.7,35238
2023-05-04 12:15:00+05:30,273.9,273.9,262.0,262.5,442660
2023-05-04 13:15:00+05:30,262.5,272.95,262.5,269.15,418413
2023-05-04 14:15:00+05:30,269.15,273.6,268.6,272.25,171617
2023-05-04 15:15:00+05:30,272.0,272.3,270.4,271.5,45944
2023-05-05 09:15:00+05:30,273.0,273.0,268.1,269.5,81800
2023-05-05 10:15:00+05:30,269.5,269.9,267.0,267.1,26613
2023-05-05 11:15:00+05:30,267.1,267.1,265.15,265.7,35974
2023-05-05 12:15:00+05:30,265.8,267.65,265.6,267.3,19473
2023-05-05 13:15:00+05:30,267.3,267.7,266.3,266.3,9063
2023-05-05 14:15:00+05:30,266.6,270.85,266.3,269.4,64190
2023-05-05 15:15:00+05:30,269.4,270.7,268.95,270.05,39241
2023-05-08 09:15:00+05:30,267.0,273.95,267.0,269.35,96030
2023-05-08 10:15:00+05:30,269.35,270.35,267.5,268.0,31122
2023-05-08 11:15:00+05:30,268.0,268.85,267.2,268.55,54695
2023-05-08 12:15:00+05:30,268.55,272.0,265.0,270.5,141021
2023-05-08 13:15:00+05:30,270.55,276.3,269.05,270.65,348156
2023-05-08 14:15:00+05:30,270.65,272.25,268.1,271.75,72639
2023-05-08 15:15:00+05:30,271.75,272.8,271.1,272.7,44579
2023-05-09 09:15:00+05:30,272.25,274.75,267.05,269.3,100014
2023-05-09 10:15:00+05:30,269.3,269.3,267.2,267.7,111493
2023-05-09 11:15:00+05:30,267.7,268.45,265.6,265.95,94642
2023-05-09 12:15:00+05:30,265.5,267.3,264.6,265.1,168623
2023-05-09 13:15:00+05:30,265.15,265.9,263.1,264.8,75698
2023-05-09 14:15:00+05:30,265.0,269.05,264.35,268.0,245797
2023-05-09 15:15:00+05:30,268.0,271.15,267.4,270.0,80942
2023-05-10 09:15:00+05:30,270.0,273.85,268.55,271.8,129137
2023-05-10 10:15:00+05:30,271.8,278.0,269.95,277.0,795343
2023-05-10 11:15:00+05:30,277.0,279.25,275.5,276.6,156147
2023-05-10 12:15:00+05:30,276.6,280.95,276.6,279.95,532363
2023-05-10 13:15:00+05:30,279.95,281.65,278.3,279.8,366114
2023-05-10 14:15:00+05:30,279.8,283.5,278.25,281.9,194756
2023-05-10 15:15:00+05:30,282.0,282.65,280.2,282.0,82419
2023-05-11 09:15:00+05:30,285.0,287.7,281.3,283.7,288774
2023-05-11 10:15:00+05:30,283.7,283.7,280.65,281.25,45335
2023-05-11 11:15:00+05:30,281.25,281.3,278.45,279.0,70087
2023-05-11 12:15:00+05:30,278.65,278.9,275.65,277.5,95263
2023-05-11 13:15:00+05:30,277.5,278.0,276.25,277.8,21176
2023-05-11 14:15:00+05:30,277.8,277.95,276.25,276.4,53930
2023-05-11 15:15:00+05:30,276.4,277.8,276.0,277.1,56583
2023-05-12 09:15:00+05:30,277.2,277.95,272.65,275.35,71088
2023-05-12 10:15:00+05:30,275.35,277.95,274.6,275.35,29072
2023-05-12 11:15:00+05:30,275.35,275.35,271.65,272.2,83988
2023-05-12 12:15:00+05:30,272.2,272.8,270.05,270.5,62516
2023-05-12 13:15:00+05:30,270.5,271.6,270.0,271.15,36733
2023-05-12 14:15:00+05:30,271.15,271.85,268.6,271.0,124176
2023-05-12 15:15:00+05:30,271.0,271.15,270.0,270.85,39405
2023-05-15 09:15:00+05:30,271.25,275.7,269.1,272.35,80906
2023-05-15 10:15:00+05:30,272.35,273.5,272.0,273.0,16122
2023-05-15 11:15:00+05:30,273.0,273.45,272.0,272.15,8059
2023-05-15 12:15:00+05:30,272.2,272.5,269.1,269.4,86097
2023-05-15 13:15:00+05:30,269.4,270.0,268.7,269.25,30271
2023-05-15 14:15:00+05:30,269.25,270.0,269.0,269.2,31491
2023-05-15 15:15:00+05:30,269.2,270.0,269.0,269.7,21080
2023-05-16 09:15:00+05:30,270.0,277.7,270.0,272.8,110087
2023-05-16 10:15:00+05:30,272.8,273.3,270.4,271.4,58739
2023-05-16 11:15:00+05:30,271.4,271.9,270.7,270.95,13918
2023-05-16 12:15:00+05:30,270.95,271.95,268.85,269.55,30346
2023-05-16 13:15:00+05:30,269.55,271.0,269.0,269.3,20643
2023-05-16 14:15:00+05:30,269.3,272.25,269.3,270.5,71173
2023-05-16 15:15:00+05:30,270.4,271.0,270.0,270.0,21805
2023-05-17 09:15:00+05:30,270.25,273.55,270.0,271.45,63950
2023-05-17 10:15:00+05:30,271.45,271.55,268.15,268.35,78781
2023-05-17 11:15:00+05:30,268.3,268.4,265.8,266.55,31997
2023-05-17 12:15:00+05:30,266.55,267.55,266.15,267.5,12691
2023-05-17 13:15:00+05:30,267.5,268.45,266.7,267.45,19909
2023-05-17 14:15:00+05:30,267.45,270.7,266.45,268.55,241748
2023-05-17 15:15:00+05:30,268.5,269.0,267.25,269.0,33949
2023-05-18 09:15:00+05:30,270.0,276.3,269.3,271.55,149278
2023-05-18 10:15:00+05:30,271.55,275.4,271.55,274.4,79439
2023-05-18 11:15:00+05:30,274.2,274.8,273.15,273.6,25666
2023-05-18 12:15:00+05:30,273.6,273.85,272.55,273.45,9918
2023-05-18 13:15:00+05:30,273.45,273.55,272.0,272.8,22006
2023-05-18 14:15:00+05:30,272.5,273.5,270.95,271.95,50979
2023-05-18 15:15:00+05:30,271.95,272.0,270.0,271.2,35171
2023-05-19 09:15:00+05:30,272.45,278.0,272.45,277.0,308055
2023-05-19 10:15:00+05:30,277.0,278.65,276.65,277.7,95692
2023-05-19 11:15:00+05:30,277.7,281.65,277.35,280.1,249233
2023-05-19 12:15:00+05:30,280.1,280.55,277.75,279.0,176972
2023-05-19 13:15:00+05:30,279.0,279.85,277.2,277.85,118576
2023-05-19 14:15:00+05:30,277.85,281.55,277.45,280.9,228091
2023-05-19 15:15:00+05:30,280.55,284.0,279.0,283.0,418990
2023-05-22 09:15:00+05:30,281.35,281.6,272.55,273.15,262250
2023-05-22 10:15:00+05:30,273.15,277.9,273.0,276.75,124439
2023-05-22 11:15:00+05:30,276.75,287.15,276.4,282.95,506101
2023-05-22 12:15:00+05:30,282.95,285.35,281.55,282.2,213193
2023-05-22 13:15:00+05:30,282.2,284.0,281.5,282.8,48330
2023-05-22 14:15:00+05:30,282.8,285.5,278.4,279.45,272604
2023-05-22 15:15:00+05:30,279.45,279.95,277.05,279.0,65196
2023-05-23 09:15:00+05:30,280.6,281.65,278.15,279.1,92039
2023-05-23 10:15:00+05:30,279.1,280.7,278.5,279.1,23386
2023-05-23 11:15:00+05:30,279.65,290.0,279.05,283.5,1018246
2023-05-23 12:15:00+05:30,283.5,287.25,283.5,284.95,136985
2023-05-23 13:15:00+05:30,284.95,285.0,282.95,283.25,80638
2023-05-23 14:15:00+05:30,283.25,285.0,282.2,283.45,262871
2023-05-23 15:15:00+05:30,283.7,283.7,281.2,282.5,77539
2023-05-24 09:15:00+05:30,282.5,284.25,281.7,282.6,95929
2023-05-24 10:15:00+05:30,282.6,283.5,282.4,283.2,64613
2023-05-24 11:15:00+05:30,283.4,286.0,282.2,284.55,303474
2023-05-24 12:15:00+05:30,284.55,285.0,282.75,283.25,53993
2023-05-24 13:15:00+05:30,283.25,284.0,283.25,283.7,27113
2023-05-24 14:15:00+05:30,283.7,284.0,279.5,280.0,113672
2023-05-24 15:15:00+05:30,280.0,281.65,279.15,281.1,54087
2023-05-25 09:15:00+05:30,281.2,281.25,273.0,279.55,123706
2023-05-25 10:15:00+05:30,279.55,280.8,278.6,279.0,30602
2023-05-25 11:15:00+05:30,279.0,279.1,276.25,276.9,54270
2023-05-25 12:15:00+05:30,276.95,281.0,273.1,277.8,392100
2023-05-25 13:15:00+05:30,277.8,278.8,276.1,277.3,43527
2023-05-25 14:15:00+05:30,277.3,277.45,276.05,276.2,40547
2023-05-25 15:15:00+05:30,276.25,281.2,276.0,281.0,55402
2023-05-26 09:15:00+05:30,279.3,283.5,278.9,282.8,127158
2023-05-26 10:15:00+05:30,282.8,283.5,280.3,282.45,59138
2023-05-26 11:15:00+05:30,282.45,282.85,280.3,282.25,52485
2023-05-26 12:15:00+05:30,282.25,285.3,282.0,282.65,143201
2023-05-26 13:15:00+05:30,282.6,283.0,280.5,281.7,87099
2023-05-26 14:15:00+05:30,281.7,286.2,281.5,283.95,210008
2023-05-26 15:15:00+05:30,284.0,284.5,282.5,284.3,106400
2023-05-29 09:15:00+05:30,283.0,289.0,281.3,281.95,214670
2023-05-29 10:15:00+05:30,281.95,281.95,279.0,279.2,61754
2023-05-29 11:15:00+05:30,279.2,283.1,279.0,282.2,240299
2023-05-29 12:15:00+05:30,282.2,285.05,280.2,281.0,356551
2023-05-29 13:15:00+05:30,281.0,281.15,279.25,279.6,52143
2023-05-29 14:15:00+05:30,279.6,280.0,278.0,278.45,71967
2023-05-29 15:15:00+05:30,278.45,280.1,275.8,278.4,95920
2023-05-30 09:15:00+05:30,279.45,279.55,276.5,279.55,86928
2023-05-30 10:15:00+05:30,279.55,279.95,278.5,279.15,49960
2023-05-30 11:15:00+05:30,279.15,279.5,278.8,278.9,16613
2023-05-30 12:15:00+05:30,278.9,279.2,277.5,278.9,20675
2023-05-30 13:15:00+05:30,278.9,281.85,278.65,280.3,115945
2023-05-30 14:15:00+05:30,280.3,280.75,278.5,279.45,57070
2023-05-30 15:15:00+05:30,279.5,280.0,278.65,279.1,20508
2023-05-31 09:15:00+05:30,281.5,284.25,279.45,283.85,146624
2023-05-31 10:15:00+05:30,283.85,283.95,281.15,281.35,42410
2023-05-31 11:15:00+05:30,281.35,281.35,278.55,279.8,34196
2023-05-31 12:15:00+05:30,279.8,280.0,278.4,279.9,19467
2023-05-31 13:15:00+05:30,279.9,281.8,278.9,281.45,42700
2023-05-31 14:15:00+05:30,281.45,284.5,281.45,284.3,134731
2023-05-31 15:15:00+05:30,284.3,284.6,282.3,283.5,72614
2023-06-01 09:15:00+05:30,286.5,287.5,284.4,285.65,490145
2023-06-01 10:15:00+05:30,285.65,286.15,282.8,283.85,93174
2023-06-01 11:15:00+05:30,283.85,285.95,283.0,284.25,92780
2023-06-01 12:15:00+05:30,284.25,285.85,284.0,284.65,65867
2023-06-01 13:15:00+05:30,284.65,285.0,283.4,283.7,44729
2023-06-01 14:15:00+05:30,283.7,284.65,283.5,283.9,97954
2023-06-01 15:15:00+05:30,283.9,284.1,280.8,281.5,57491
2023-06-02 09:15:00+05:30,283.95,290.7,282.75,289.8,397463
2023-06-02 10:15:00+05:30,289.9,295.5,289.15,294.25,1143863
2023-06-02 11:15:00+05:30,294.5,294.5,292.5,294.0,226931
2023-06-02 12:15:00+05:30,294.0,294.0,290.95,292.55,187995
2023-06-02 13:15:00+05:30,292.55,295.0,289.3,294.5,330259
2023-06-02 14:15:00+05:30,294.4,300.0,292.1,299.0,1060979
2023-06-02 15:15:00+05:30,298.7,300.0,296.5,297.0,443669
2023-06-05 09:15:00+05:30,300.9,301.75,292.5,298.0,1076456
2023-06-05 10:15:00+05:30,297.85,298.0,295.95,297.8,169991
2023-06-05 11:15:00+05:30,297.5,298.45,296.1,296.55,162353
2023-06-05 12:15:00+05:30,296.55,298.9,296.3,298.5,91686
2023-06-05 13:15:00+05:30,298.5,299.25,297.0,297.7,96923
2023-06-05 14:15:00+05:30,297.7,298.0,293.0,296.25,269450
2023-06-05 15:15:00+05:30,296.25,296.4,292.25,293.0,113729
2023-06-06 09:15:00+05:30,294.4,297.6,291.15,295.9,254799
2023-06-06 10:15:00+05:30,295.9,296.7,292.15,292.25,91419
2023-06-06 11:15:00+05:30,292.65,293.5,292.1,293.5,67915
2023-06-06 12:15:00+05:30,293.5,294.3,292.75,293.75,48685
2023-06-06 13:15:00+05:30,293.75,296.0,293.3,295.3,101044
2023-06-06 14:15:00+05:30,295.3,296.35,293.85,295.95,113502
2023-06-06 15:15:00+05:30,295.95,297.0,294.3,296.0,78962
2023-06-07 09:15:00+05:30,295.0,296.6,289.3,292.0,259076
2023-06-07 10:15:00+05:30,292.0,292.5,290.05,291.35,73635
2023-06-07 11:15:00+05:30,291.35,292.2,287.0,291.6,315807
2023-06-07 12:15:00+05:30,291.6,292.3,290.9,291.0,54637
2023-06-07 13:15:00+05:30,291.0,292.05,290.4,291.15,140518
2023-06-07 14:15:00+05:30,291.15,291.65,289.35,290.1,138800
2023-06-07 15:15:00+05:30,290.1,290.7,289.05,290.5,67785
2023-06-08 09:15:00+05:30,292.0,292.0,285.75,287.1,219869
2023-06-08 10:15:00+05:30,287.1,287.85,286.35,286.7,70056
2023-06-08 11:15:00+05:30,286.7,287.25,270.7,279.5,787477
2023-06-08 12:15:00+05:30,279.35,283.25,276.7,277.45,298317
2023-06-08 13:15:00+05:30,277.5,281.95,277.4,280.7,267710
2023-06-08 14:15:00+05:30,280.7,282.45,277.0,279.85,249248
2023-06-08 15:15:00+05:30,279.4,280.85,277.35,280.45,97328
2023-06-09 09:15:00+05:30,280.0,280.85,271.45,272.3,722300
2023-06-09 10:15:00+05:30,272.3,273.2,271.25,272.15,164559
2023-06-09 11:15:00+05:30,272.15,273.0,271.5,272.25,92826
2023-06-09 12:15:00+05:30,272.25,273.05,272.0,272.7,68896
2023-06-09 13:15:00+05:30,272.7,273.0,271.05,272.1,80662
2023-06-09 14:15:00+05:30,272.1,272.3,271.3,271.5,127851
2023-06-09 15:15:00+05:30,271.5,271.55,270.55,270.9,101903
2023-06-12 09:15:00+05:30,272.85,279.5,271.05,277.0,776313
2023-06-12 10:15:00+05:30,277.0,281.05,276.05,276.5,715283
2023-06-12 11:15:00+05:30,276.5,280.05,276.0,276.5,427842
2023-06-12 12:15:00+05:30,276.5,277.9,276.0,276.7,107233
2023-06-12 13:15:00+05:30,276.7,277.4,274.65,275.25,158927
2023-06-12 14:15:00+05:30,275.25,276.75,274.2,276.3,167145
2023-06-12 15:15:00+05:30,276.35,278.0,275.5,277.2,91526
2023-06-13 09:15:00+05:30,277.8,280.05,277.65,278.0,297502
2023-06-13 10:15:00+05:30,278.0,282.25,274.5,281.7,1435379
2023-06-13 11:15:00+05:30,281.7,285.1,281.35,284.0,458335
2023-06-13 12:15:00+05:30,284.0,284.6,282.3,282.9,97773
2023-06-13 13:15:00+05:30,282.9,284.2,282.3,282.65,92375
2023-06-13 14:15:00+05:30,282.65,285.85,282.35,284.2,164148
2023-06-13 15:15:00+05:30,284.2,286.0,284.05,285.25,117732
2023-06-14 09:15:00+05:30,287.9,288.65,283.45,283.85,152909
2023-06-14 10:15:00+05:30,283.85,284.2,281.2,281.7,72083
2023-06-14 11:15:00+05:30,281.4,283.4,279.75,282.5,152571
2023-06-14 12:15:00+05:30,282.5,283.0,280.6,282.4,64854
2023-06-14 13:15:00+05:30,282.4,282.5,280.55,281.15,26372
2023-06-14 14:15:00+05:30,281.15,282.3,278.55,279.9,151964
2023-06-14 15:15:00+05:30,279.85,281.45,279.2,280.0,62954
2023-06-15 09:15:00+05:30,280.95,283.2,279.0,279.7,154962
2023-06-15 10:15:00+05:30,279.7,280.35,278.95,279.3,40504
2023-06-15 11:15:00+05:30,279.3,279.3,275.5,277.15,103595
2023-06-15 12:15:00+05:30,277.15,280.05,276.3,277.15,69235
2023-06-15 13:15:00+05:30,277.15,279.6,277.15,277.4,28738
2023-06-15 14:15:00+05:30,277.4,280.0,276.1,278.7,74652
2023-06-15 15:15:00+05:30,278.7,279.1,277.75,278.05,35765
2023-06-16 09:15:00+05:30,279.1,287.45,279.1,286.55,487396
2023-06-16 10:15:00+05:30,286.55,292.3,284.95,291.0,1053179
2023-06-16 11:15:00+05:30,290.9,293.5,289.25,292.25,468872
2023-06-16 12:15:00+05:30,292.45,292.45,289.5,290.3,125821
2023-06-16 13:15:00+05:30,290.35,291.25,287.75,290.05,180876
2023-06-16 14:15:00+05:30,290.05,291.25,287.85,290.4,189012
2023-06-16 15:15:00+05:30,290.4,293.25,290.0,293.0,299632
2023-06-19 09:15:00+05:30,293.0,293.7,289.1,291.65,162920
2023-06-19 10:15:00+05:30,291.65,292.85,291.05,292.5,448027
2023-06-19 11:15:00+05:30,292.5,292.7,291.2,291.7,44862
2023-06-19 12:15:00+05:30,291.7,291.8,288.0,288.0,52079
2023-06-19 13:15:00+05:30,288.0,288.35,285.0,287.7,97661
2023-06-19 14:15:00+05:30,287.7,287.95,285.2,285.3,68359
2023-06-19 15:15:00+05:30,285.3,287.0,285.25,286.95,53769
2023-06-20 09:15:00+05:30,286.95,289.3,284.15,286.7,124469
2023-06-20 10:15:00+05:30,286.4,287.0,285.15,286.2,50986
2023-06-20 11:15:00+05:30,286.2,287.25,285.85,287.0,27933
2023-06-20 12:15:00+05:30,287.0,290.25,286.05,288.8,826266
2023-06-20 13:15:00+05:30,288.8,294.7,288.05,294.5,268556
2023-06-20 14:15:00+05:30,294.5,295.4,292.05,292.4,215630
2023-06-20 15:15:00+05:30,292.4,292.6,290.0,291.45,93708
2023-06-21 09:15:00+05:30,291.0,293.75,290.35,291.7,91643
2023-06-21 10:15:00+05:30,291.7,292.0,287.3,287.7,82496
2023-06-21 11:15:00+05:30,287.7,289.55,287.45,289.25,35746
2023-06-21 12:15:00+05:30,289.5,289.85,288.55,288.55,32785
2023-06-21 13:15:00+05:30,288.55,291.1,288.5,290.7,93828
2023-06-21 14:15:00+05:30,290.7,291.4,290.35,291.0,112618
2023-06-21 15:15:00+05:30,291.0,291.85,290.6,291.0,54207
2023-06-22 09:15:00+05:30,290.05,296.5,289.25,290.5,156708
2023-06-22 10:15:00+05:30,290.5,291.5,288.6,289.45,61044
2023-06-22 11:15:00+05:30,289.45,289.5,286.2,286.6,41036
2023-06-22 12:15:00+05:30,286.6,287.0,284.3,285.2,52342
2023-06-22 13:15:00+05:30,285.2,288.65,285.15,287.65,59243
2023-06-22 14:15:00+05:30,287.65,287.7,284.5,285.05,69696
2023-06-22 15:15:00+05:30,284.9,285.45,284.3,285.05,50813
2023-06-23 09:15:00+05:30,286.0,286.75,281.45,284.4,181915
2023-06-23 10:15:00+05:30,284.5,285.0,282.6,283.45,83108
2023-06-23 11:15:00+05:30,283.45,284.0,282.45,283.4,51429
2023-06-23 12:15:00+05:30,283.4,284.8,282.05,283.05,200298
2023-06-23 13:15:00+05:30,283.05,283.9,280.95,281.25,124587
2023-06-23 14:15:00+05:30,281.25,282.9,280.85,282.1,119984
2023-06-23 15:15:00+05:30,282.9,282.9,281.5,282.0,60062
2023-06-26 09:15:00+05:30,282.0,286.4,281.3,284.0,53495
2023-06-26 10:15:00+05:30,284.0,286.0,283.05,285.5,29698
2023-06-26 11:15:00+05:30,285.5,288.35,285.0,286.5,1220884
2023-06-26 12:15:00+05:30,286.5,287.25,285.8,286.05,44197
2023-06-26 13:15:00+05:30,286.05,286.35,285.35,285.95,29526
2023-06-26 14:15:00+05:30,285.95,289.6,285.4,287.8,356481
2023-06-26 15:15:00+05:30,287.8,289.9,287.05,289.7,57851
2023-06-27 09:15:00+05:30,289.7,289.7,285.6,286.85,125869
2023-06-27 10:15:00+05:30,286.85,286.85,283.95,284.15,38197
2023-06-27 11:15:00+05:30,284.2,286.0,284.0,284.25,23451
2023-06-27 12:15:00+05:30,284.2,284.9,282.6,282.6,22991
2023-06-27 13:15:00+05:30,282.6,283.9,282.55,283.15,13363
2023-06-27 14:15:00+05:30,283.15,283.25,281.3,281.7,55061
2023-06-27 15:15:00+05:30,281.7,283.5,281.7,283.5,62944
2023-06-28 09:15:00+05:30,282.65,284.95,282.0,282.1,46990
2023-06-28 10:15:00+05:30,282.1,283.0,282.0,282.55,36021
2023-06-28 11:15:00+05:30,282.55,282.7,281.85,282.05,30872
2023-06-28 12:15:00+05:30,282.05,282.5,280.55,281.5,68359
2023-06-28 13:15:00+05:30,281.05,281.65,279.5,280.4,36173
2023-06-28 14:15:00+05:30,280.4,280.8,279.5,280.0,70896
2023-06-28 15:15:00+05:30,280.0,280.5,279.6,280.4,62702
2023-06-30 09:15:00+05:30,280.95,284.5,280.95,282.25,52398
2023-06-30 10:15:00+05:30,282.25,282.35,278.8,279.4,69997
2023-06-30 11:15:00+05:30,279.4,280.35,277.35,279.7,50575
2023-06-30 12:15:00+05:30,279.7,281.75,279.0,279.8,56107
2023-06-30 13:15:00+05:30,279.8,282.5,278.9,281.05,78883
2023-06-30 14:15:00+05:30,281.05,283.0,281.05,282.45,70985
2023-06-30 15:15:00+05:30,282.45,283.0,281.6,283.0,61189
2023-07-03 09:15:00+05:30,278.1,289.45,278.1,289.0,317487
2023-07-03 10:15:00+05:30,289.0,289.95,287.0,289.9,204568
2023-07-03 11:15:00+05:30,289.9,291.55,286.7,291.55,656742
2023-07-03 12:15:00+05:30,291.7,292.0,289.1,289.65,108480
2023-07-03 13:15:00+05:30,289.65,293.9,288.45,293.9,217724
2023-07-03 14:15:00+05:30,293.9,296.4,292.0,293.55,369607
2023-07-03 15:15:00+05:30,293.55,294.5,293.0,293.25,91319
2023-07-04 09:15:00+05:30,294.3,295.0,277.5,282.0,3160433
2023-07-04 10:15:00+05:30,282.0,285.55,282.0,284.6,477558
2023-07-04 11:15:00+05:30,284.6,285.5,282.4,283.7,426842
2023-07-04 12:15:00+05:30,283.7,284.2,281.2,282.95,186959
2023-07-04 13:15:00+05:30,282.8,287.0,282.0,284.05,453916
2023-07-04 14:15:00+05:30,284.0,285.4,282.75,284.0,490337
2023-07-04 15:15:00+05:30,284.0,285.5,282.25,284.85,465582
2023-07-05 09:15:00+05:30,288.0,293.0,287.45,288.45,607930
2023-07-05 10:15:00+05:30,288.45,292.45,288.15,291.9,118411
2023-07-05 11:15:00+05:30,291.9,292.45,290.4,290.4,56608
2023-07-05 12:15:00+05:30,290.4,291.1,288.15,288.65,156680
2023-07-05 13:15:00+05:30,288.55,289.15,287.0,288.95,79882
2023-07-05 14:15:00+05:30,288.95,289.0,287.0,288.0,56041
2023-07-05 15:15:00+05:30,288.0,288.0,286.55,287.0,102636
2023-07-06 09:15:00+05:30,289.1,291.1,286.65,289.05,139481
2023-07-06 10:15:00+05:30,289.05,294.0,289.05,290.45,131236
2023-07-06 11:15:00+05:30,290.45,291.35,289.05,289.85,46134
2023-07-06 12:15:00+05:30,289.85,289.9,289.0,289.35,32499
2023-07-06 13:15:00+05:30,289.35,289.35,287.0,288.15,35164
2023-07-06 14:15:00+05:30,288.2,291.8,288.1,291.55,218922
2023-07-06 15:15:00+05:30,291.55,293.0,290.95,291.65,138317
2023-07-07 09:15:00+05:30,293.2,303.0,290.75,298.15,3135251
2023-07-07 10:15:00+05:30,298.15,303.0,298.0,302.5,703079
2023-07-07 11:15:00+05:30,302.5,303.0,299.1,299.45,483221
2023-07-07 12:15:00+05:30,299.45,300.0,296.4,296.5,392389
2023-07-07 13:15:00+05:30,296.5,298.75,295.8,296.65,181896
2023-07-07 14:15:00+05:30,296.65,297.2,294.3,295.0,377259
2023-07-07 15:15:00+05:30,295.0,296.0,293.35,295.3,262245
2023-07-10 09:15:00+05:30,294.7,299.0,293.25,296.0,200638
2023-07-10 10:15:00+05:30,296.0,296.25,293.5,293.8,65932
2023-07-10 11:15:00+05:30,293.8,294.1,288.05,290.0,116675
2023-07-10 12:15:00+05:30,290.1,290.9,289.95,290.1,25132
2023-07-10 13:15:00+05:30,290.1,291.65,288.75,290.4,55936
2023-07-10 14:15:00+05:30,290.4,292.3,288.5,291.45,85056
2023-07-10 15:15:00+05:30,291.5,294.0,291.0,293.4,75748
2023-07-11 09:15:00+05:30,293.0,295.5,291.0,294.0,151320
2023-07-11 10:15:00+05:30,294.0,307.7,293.55,304.15,2427885
2023-07-11 11:15:00+05:30,304.15,305.0,302.5,304.45,244992
2023-07-11 12:15:00+05:30,304.45,305.75,303.75,305.0,190473
2023-07-11 13:15:00+05:30,305.0,306.0,304.0,304.65,216774
2023-07-11 14:15:00+05:30,304.65,305.95,301.05,302.7,298005
2023-07-11 15:15:00+05:30,302.7,302.7,301.0,301.9,142996
2023-07-12 09:15:00+05:30,305.5,306.65,301.5,301.55,317545
2023-07-12 10:15:00+05:30,301.55,302.15,299.6,300.4,143182
2023-07-12 11:15:00+05:30,300.4,301.55,299.75,300.25,84877
2023-07-12 12:15:00+05:30,300.5,304.8,300.3,301.1,149309
2023-07-12 13:15:00+05:30,301.05,301.65,300.25,300.65,43740
2023-07-12 14:15:00+05:30,300.65,304.0,299.0,300.5,289565
2023-07-12 15:15:00+05:30,300.35,301.4,296.0,298.35,103769
2023-07-13 09:15:00+05:30,300.6,300.6,294.05,296.9,183699
2023-07-13 10:15:00+05:30,296.9,298.45,296.05,296.7,56731
2023-07-13 11:15:00+05:30,296.7,297.5,296.15,296.45,24247
2023-07-13 12:15:00+05:30,296.45,297.9,296.1,297.15,43964
2023-07-13 13:15:00+05:30,297.15,297.6,292.3,294.05,189837
2023-07-13 14:15:00+05:30,294.05,295.8,292.95,294.2,104845
2023-07-13 15:15:00+05:30,294.2,297.2,294.1,295.8,59442
2023-07-14 09:15:00+05:30,297.4,299.95,296.0,297.0,130374
2023-07-14 10:15:00+05:30,297.0,298.55,297.0,297.8,27784
2023-07-14 11:15:00+05:30,297.75,297.75,295.3,296.95,192269
2023-07-14 12:15:00+05:30,296.95,300.65,296.3,299.3,86870
2023-07-14 13:15:00+05:30,299.3,299.45,297.5,297.5,31367
2023-07-14 14:15:00+05:30,297.5,299.55,297.45,299.2,53165
2023-07-14 15:15:00+05:30,299.05,299.5,298.0,299.0,37120
2023-07-17 09:15:00+05:30,301.5,304.85,296.8,303.2,312000
2023-07-17 10:15:00+05:30,303.2,303.95,302.55,303.3,84971
2023-07-17 11:15:00+05:30,303.2,304.35,300.0,300.4,125305
2023-07-17 12:15:00+05:30,300.4,301.45,299.0,301.0,117866
2023-07-17 13:15:00+05:30,301.0,303.0,301.0,302.35,42579
2023-07-17 14:15:00+05:30,302.35,309.15,302.0,308.55,583444
2023-07-17 15:15:00+05:30,308.55,309.0,306.65,308.0,124912
2023-07-18 09:15:00+05:30,309.0,310.0,303.5,305.25,154482
2023-07-18 10:15:00+05:30,305.25,305.5,302.5,302.9,51745
2023-07-18 11:15:00+05:30,302.9,304.3,298.1,298.3,108632
2023-07-18 12:15:00+05:30,298.25,302.4,298.1,300.7,66248
2023-07-18 13:15:00+05:30,300.3,301.4,298.9,301.25,80587
2023-07-18 14:15:00+05:30,301.7,306.95,299.05,306.35,339510
2023-07-18 15:15:00+05:30,306.35,306.85,304.25,306.0,111891
2023-07-19 09:15:00+05:30,304.0,310.0,304.0,308.0,262985
2023-07-19 10:15:00+05:30,308.0,308.3,306.35,306.6,38822
2023-07-19 11:15:00+05:30,306.75,306.85,304.85,305.55,42471
2023-07-19 12:15:00+05:30,305.55,306.0,303.0,304.75,32130
2023-07-19 13:15:00+05:30,304.75,306.5,303.55,304.5,24869
2023-07-19 14:15:00+05:30,304.5,305.9,303.85,304.0,63340
2023-07-19 15:15:00+05:30,304.0,308.0,303.85,306.2,98090
2023-07-20 09:15:00+05:30,307.95,309.0,303.7,303.8,104664
2023-07-20 10:15:00+05:30,303.8,305.7,303.3,304.45,31287
2023-07-20 11:15:00+05:30,304.45,306.5,302.05,304.4,152523
2023-07-20 12:15:00+05:30,304.4,304.6,301.75,303.25,57847
2023-07-20 13:15:00+05:30,303.25,304.0,302.75,303.55,26618
2023-07-20 14:15:00+05:30,303.55,303.85,301.95,302.5,60486
2023-07-20 15:15:00+05:30,302.5,303.15,301.25,301.3,38172
2023-07-21 09:15:00+05:30,303.55,303.55,298.45,299.1,111171
2023-07-21 10:15:00+05:30,299.1,302.2,295.95,300.5,208982
2023-07-21 11:15:00+05:30,300.6,302.9,300.0,301.45,68253
2023-07-21 12:15:00+05:30,301.45,301.85,300.0,300.45,17159
2023-07-21 13:15:00+05:30,300.45,301.15,299.5,300.7,16598
2023-07-21 14:15:00+05:30,300.7,300.9,299.5,300.5,45594
2023-07-21 15:15:00+05:30,300.5,301.8,299.5,299.5,38786
2023-07-24 09:15:00+05:30,302.7,307.3,301.05,306.8,188696
2023-07-24 10:15:00+05:30,306.8,312.0,306.5,310.95,306078
2023-07-24 11:15:00+05:30,310.95,311.5,308.0,309.05,110301
2023-07-24 12:15:00+05:30,309.05,310.9,307.65,308.0,63839
2023-07-24 13:15:00+05:30,308.0,308.5,307.1,307.85,47505
2023-07-24 14:15:00+05:30,307.85,307.85,302.95,304.5,226333
2023-07-24 15:15:00+05:30,304.5,306.85,303.5,305.5,69583
2023-07-25 09:15:00+05:30,306.65,311.6,306.2,311.5,220128
2023-07-25 10:15:00+05:30,311.45,312.4,309.5,311.25,156832
2023-07-25 11:15:00+05:30,311.25,316.7,310.45,314.5,408557
2023-07-25 12:15:00+05:30,314.5,315.85,312.7,313.0,173472
2023-07-25 13:15:00+05:30,313.0,313.55,311.0,313.25,110085
2023-07-25 14:15:00+05:30,313.25,314.4,311.5,311.5,184536
2023-07-25 15:15:00+05:30,311.5,313.5,311.5,312.7,96778
2023-07-26 09:15:00+05:30,314.5,316.35,311.0,311.65,154810
2023-07-26 10:15:00+05:30,311.65,312.9,308.4,309.9,69124
2023-07-26 11:15:00+05:30,309.9,313.6,309.25,311.05,64160
2023-07-26 12:15:00+05:30,311.05,311.85,310.5,310.9,31080
2023-07-26 13:15:00+05:30,310.9,311.85,310.65,311.15,20873
2023-07-26 14:15:00+05:30,311.15,311.85,309.15,310.35,40053
2023-07-26 15:15:00+05:30,310.35,312.0,309.0,311.0,23028
2023-07-27 09:15:00+05:30,312.0,312.0,308.15,309.9,87555
2023-07-27 10:15:00+05:30,309.9,310.65,308.5,310.05,29341
2023-07-27 11:15:00+05:30,310.05,310.05,305.0,306.75,55559
2023-07-27 12:15:00+05:30,306.75,307.95,304.4,307.25,66292
2023-07-27 13:15:00+05:30,307.25,307.75,304.45,306.35,51042
2023-07-27 14:15:00+05:30,306.35,306.85,305.0,305.5,53944
2023-07-27 15:15:00+05:30,305.5,307.0,304.4,306.0,41934
2023-07-28 09:15:00+05:30,306.0,311.0,306.0,309.45,83731
2023-07-28 10:15:00+05:30,309.45,312.45,309.15,311.9,80052
2023-07-28 11:15:00+05:30,311.9,311.9,309.1,309.85,20920
2023-07-28 12:15:00+05:30,309.85,310.3,307.0,307.9,46320
2023-07-28 13:15:00+05:30,307.9,308.25,306.5,307.8,21116
2023-07-28 14:15:00+05:30,307.8,308.75,306.2,308.3,32814
2023-07-28 15:15:00+05:30,308.3,309.0,306.05,307.5,27932
2023-07-31 09:15:00+05:30,310.0,311.0,308.25,308.6,66279
2023-07-31 10:15:00+05:30,308.6,308.85,307.25,307.7,45532
2023-07-31 11:15:00+05:30,307.7,308.0,307.0,307.35,42907
2023-07-31 12:15:00+05:30,307.35,308.0,307.05,308.0,35256
2023-07-31 13:15:00+05:30,308.0,308.9,307.3,308.45,26460
2023-07-31 14:15:00+05:30,308.45,309.3,306.45,308.7,72161
2023-07-31 15:15:00+05:30,308.9,309.25,308.25,308.55,36109
2023-08-01 09:15:00+05:30,309.95,309.95,305.9,307.35,73951
2023-08-01 10:15:00+05:30,307.35,307.4,305.8,306.8,48211
2023-08-01 11:15:00+05:30,306.8,307.0,306.05,306.5,15598
2023-08-01 12:15:00+05:30,306.5,306.55,303.0,304.7,79320
2023-08-01 13:15:00+05:30,304.7,304.9,303.5,303.85,51141
2023-08-01 14:15:00+05:30,303.85,304.5,302.15,303.85,63942
2023-08-01 15:15:00+05:30,303.85,304.95,303.0,303.0,51319
2023-08-02 09:15:00+05:30,302.2,305.95,302.2,303.4,65582
2023-08-02 10:15:00+05:30,303.65,303.95,300.8,301.45,42873
2023-08-02 11:15:00+05:30,301.45,301.9,298.55,300.0,84212
2023-08-02 12:15:00+05:30,300.0,300.9,297.95,298.75,58002
2023-08-02 13:15:00+05:30,298.75,298.75,288.55,289.7,264285
2023-08-02 14:15:00+05:30,289.7,293.4,288.7,292.9,121419
2023-08-02 15:15:00+05:30,293.0,293.6,290.05,293.55,71112
2023-08-03 09:15:00+05:30,293.85,298.45,292.5,297.3,136639
2023-08-03 10:15:00+05:30,297.3,300.65,297.1,300.5,38728
2023-08-03 11:15:00+05:30,300.5,300.5,297.75,298.4,181051
2023-08-03 12:15:00+05:30,298.4,298.9,294.9,295.7,29075
2023-08-03 13:15:00+05:30,295.7,297.85,293.9,294.2,52019
2023-08-03 14:15:00+05:30,294.2,296.0,285.05,294.5,538409
2023-08-03 15:15:00+05:30,294.5,295.5,291.05,292.9,59142
2023-08-04 09:15:00+05:30,289.0,296.6,289.0,292.6,144559
2023-08-04 10:15:00+05:30,292.6,293.0,291.05,292.0,53306
2023-08-04 11:15:00+05:30,292.0,293.5,291.6,293.4,21156
2023-08-04 12:15:00+05:30,293.0,296.5,292.7,296.0,110714
2023-08-04 13:15:00+05:30,295.95,303.55,295.75,298.75,237577
2023-08-04 14:15:00+05:30,298.75,300.35,298.0,299.0,60683
2023-08-04 15:15:00+05:30,299.0,300.0,298.75,300.0,123801
2023-08-07 09:15:00+05:30,300.0,301.2,292.8,297.6,174874
2023-08-07 10:15:00+05:30,297.55,299.95,296.85,298.2,62356
2023-08-07 11:15:00+05:30,298.2,299.0,297.2,297.65,23520
2023-08-07 12:15:00+05:30,297.65,298.8,297.3,298.25,18532
2023-08-07 13:15:00+05:30,298.25,298.55,296.95,297.5,23481
2023-08-07 14:15:00+05:30,297.5,297.75,295.1,295.8,64032
2023-08-07 15:15:00+05:30,295.8,296.0,293.75,294.0,43174
2023-08-08 09:15:00+05:30,295.8,295.8,290.0,292.2,185595
2023-08-08 10:15:00+05:30,292.0,294.4,292.0,292.25,34586
2023-08-08 11:15:00+05:30,292.25,292.55,288.7,291.6,106616
2023-08-08 12:15:00+05:30,291.6,292.0,288.2,289.7,57802
2023-08-08 13:15:00+05:30,289.7,290.15,286.65,287.65,133086
2023-08-08 14:15:00+05:30,287.85,292.4,280.0,288.95,2477996
2023-08-08 15:15:00+05:30,288.95,290.7,286.05,290.0,448557
2023-08-09 09:15:00+05:30,291.2,300.65,291.2,300.2,1117980
2023-08-09 10:15:00+05:30,300.2,304.0,298.0,298.5,886737
2023-08-09 11:15:00+05:30,298.25,300.6,296.55,300.4,185465
2023-08-09 12:15:00+05:30,300.4,302.0,299.05,300.7,112844
2023-08-09 13:15:00+05:30,300.7,301.0,297.15,299.6,454955
2023-08-09 14:15:00+05:30,299.6,299.9,297.45,298.25,147093
2023-08-09 15:15:00+05:30,298.25,299.0,297.1,297.9,98980
2023-08-10 09:15:00+05:30,300.7,303.3,297.05,299.7,266079
2023-08-10 10:15:00+05:30,299.7,299.7,296.7,297.6,55528
2023-08-10 11:15:00+05:30,297.6,298.45,297.1,297.5,23927
2023-08-10 12:15:00+05:30,297.5,297.95,296.5,297.45,26799
2023-08-10 13:15:00+05:30,297.45,298.05,296.1,296.55,23388
2023-08-10 14:15:00+05:30,296.55,297.9,296.0,296.5,127539
2023-08-10 15:15:00+05:30,296.5,296.75,295.1,296.0,54047
2023-08-11 09:15:00+05:30,299.0,301.0,294.3,294.55,130554
2023-08-11 10:15:00+05:30,294.4,296.7,294.2,295.8,52614
2023-08-11 11:15:00+05:30,295.8,303.0,295.3,302.05,311727
2023-08-11 12:15:00+05:30,302.05,302.75,299.05,299.55,81771
2023-08-11 13:15:00+05:30,299.55,301.0,299.15,300.65,39359
2023-08-11 14:15:00+05:30,300.65,301.4,299.65,300.65,89022
2023-08-11 15:15:00+05:30,300.65,301.95,299.4,300.5,91321
2023-08-14 09:15:00+05:30,302.0,302.95,292.5,296.6,163950
2023-08-14 10:15:00+05:30,296.6,297.0,294.8,296.75,43699
2023-08-14 11:15:00+05:30,296.75,298.15,296.45,297.8,25157
2023-08-14 12:15:00+05:30,297.8,299.2,295.9,296.95,36715
2023-08-14 13:15:00+05:30,297.0,298.5,296.55,297.7,19678
2023-08-14 14:15:00+05:30,297.7,299.25,296.9,299.25,28286
2023-08-14 15:15:00+05:30,299.35,299.7,296.1,298.0,33097
2023-08-16 09:15:00+05:30,296.1,299.8,295.3,299.8,66341
2023-08-16 10:15:00+05:30,299.8,300.5,298.3,298.6,33824
2023-08-16 11:15:00+05:30,298.5,299.45,298.0,298.9,22940
2023-08-16 12:15:00+05:30,298.9,300.4,297.15,297.95,31057
2023-08-16 13:15:00+05:30,297.9,298.95,297.05,298.95,27790
2023-08-16 14:15:00+05:30,298.95,298.95,295.45,295.9,55475
2023-08-16 15:15:00+05:30,295.55,296.4,295.3,296.0,26306
2023-08-17 09:15:00+05:30,298.0,302.95,296.35,301.15,197199
2023-08-17 10:15:00+05:30,301.15,304.5,300.7,302.7,177989
2023-08-17 11:15:00+05:30,302.7,302.9,299.05,300.0,141073
2023-08-17 12:15:00+05:30,300.0,300.1,296.5,298.0,50568
2023-08-17 13:15:00+05:30,298.0,299.75,298.0,299.25,54011
2023-08-17 14:15:00+05:30,299.0,309.25,298.1,309.15,1003174
2023-08-17 15:15:00+05:30,309.05,311.95,306.5,307.15,408313
2023-08-18 09:15:00+05:30,308.5,319.9,307.65,317.05,1325750
2023-08-18 10:15:00+05:30,317.05,320.25,317.05,317.75,348587
2023-08-18 11:15:00+05:30,317.75,318.9,313.55,316.2,234378
2023-08-18 12:15:00+05:30,316.0,316.55,314.95,315.6,56351
2023-08-18 13:15:00+05:30,315.6,316.2,314.15,314.85,92664
2023-08-18 14:15:00+05:30,314.85,317.05,314.25,316.0,174649
2023-08-18 15:15:00+05:30,316.3,316.65,314.0,315.0,112284
2023-08-21 09:15:00+05:30,316.5,320.75,313.9,316.0,354396
2023-08-21 10:15:00+05:30,316.1,320.5,316.1,319.9,183806
2023-08-21 11:15:00+05:30,319.9,322.0,318.5,319.8,235481
2023-08-21 12:15:00+05:30,319.8,319.8,315.6,316.05,104421
2023-08-21 13:15:00+05:30,316.05,316.55,315.6,316.2,22722
2023-08-21 14:15:00+05:30,316.2,316.7,314.4,314.5,70637
2023-08-21 15:15:00+05:30,314.5,315.0,312.0,313.45,70998
2023-08-22 09:15:00+05:30,313.75,316.7,313.0,313.65,108148
2023-08-22 10:15:00+05:30,313.6,314.3,313.2,314.05,57147
2023-08-22 11:15:00+05:30,314.05,323.1,313.0,318.65,1049950
2023-08-22 12:15:00+05:30,318.65,320.25,317.0,318.9,80980
2023-08-22 13:15:00+05:30,318.9,319.0,316.6,317.2,48463
2023-08-22 14:15:00+05:30,317.4,319.8,316.3,318.5,154784
2023-08-22 15:15:00+05:30,318.5,318.85,316.25,317.0,41431
2023-08-23 09:15:00+05:30,319.0,319.9,314.05,317.2,103006
2023-08-23 10:15:00+05:30,317.0,318.0,316.5,316.75,37852
2023-08-23 11:15:00+05:30,316.75,320.0,316.7,316.9,63613
2023-08-23 12:15:00+05:30,316.9,319.7,316.45,317.2,66836
2023-08-23 13:15:00+05:30,316.95,317.5,316.5,316.75,38074
2023-08-23 14:15:00+05:30,316.9,317.55,314.65,315.4,51387
2023-08-23 15:15:00+05:30,315.05,315.35,314.0,314.0,34486
2023-08-24 09:15:00+05:30,316.9,324.0,315.3,318.15,403102
2023-08-24 10:15:00+05:30,318.15,319.7,317.05,317.4,47240
2023-08-24 11:15:00+05:30,317.4,318.0,314.0,316.55,73128
2023-08-24 12:15:00+05:30,316.55,317.65,316.15,317.25,10502
2023-08-24 13:15:00+05:30,317.25,317.65,316.2,317.45,21633
2023-08-24 14:15:00+05:30,317.45,318.0,316.05,317.3,111827
2023-08-24 15:15:00+05:30,317.3,317.85,316.55,317.4,39186
2023-08-25 09:15:00+05:30,315.0,318.0,314.5,315.85,58001
2023-08-25 10:15:00+05:30,315.85,316.15,306.45,311.5,171347
2023-08-25 11:15:00+05:30,311.5,313.0,310.55,311.8,21600
2023-08-25 12:15:00+05:30,311.8,312.0,309.5,310.3,20077
2023-08-25 13:15:00+05:30,310.0,312.0,309.5,309.8,48105
2023-08-25 14:15:00+05:30,309.8,310.65,308.5,309.05,43463
2023-08-25 15:15:00+05:30,309.0,311.05,308.0,310.0,51428
2023-08-28 09:15:00+05:30,310.0,318.9,309.0,318.0,243016
2023-08-28 10:15:00+05:30,318.0,321.6,316.75,320.85,1416172
2023-08-28 11:15:00+05:30,320.85,326.1,319.8,323.5,2246755
2023-08-28 12:15:00+05:30,323.5,324.8,323.25,323.9,149969
2023-08-28 13:15:00+05:30,323.55,325.0,323.55,324.6,838660
2023-08-28 14:15:00+05:30,324.6,326.0,320.9,324.7,451285
2023-08-28 15:15:00+05:30,324.7,325.2,322.4,323.0,165070
2023-08-29 09:15:00+05:30,326.1,327.0,322.1,323.0,208132
2023-08-29 10:15:00+05:30,323.1,323.9,322.1,323.4,37956
2023-08-29 11:15:00+05:30,323.4,325.55,323.15,325.55,99612
2023-08-29 12:15:00+05:30,325.55,329.7,324.6,327.0,496210
2023-08-29 13:15:00+05:30,327.0,327.4,323.5,325.1,520374
2023-08-29 14:15:00+05:30,325.1,327.2,323.75,324.0,434462
2023-08-29 15:15:00+05:30,324.0,324.45,322.0,323.45,53817
2023-08-30 09:15:00+05:30,325.8,330.4,323.95,327.35,226617
2023-08-30 10:15:00+05:30,327.5,327.9,325.1,326.3,50725
2023-08-30 11:15:00+05:30,326.3,329.4,325.9,328.55,68201
2023-08-30 12:15:00+05:30,328.55,328.9,325.0,325.4,35748
2023-08-30 13:15:00+05:30,325.4,326.3,324.8,325.5,19273
2023-08-30 14:15:00+05:30,325.5,326.75,322.55,326.1,68427
2023-08-30 15:15:00+05:30,326.1,326.35,324.1,324.2,40384
2023-08-31 09:15:00+05:30,326.45,331.7,323.05,327.95,277334
2023-08-31 10:15:00+05:30,327.95,331.25,327.25,330.95,85991
2023-08-31 11:15:00+05:30,330.95,333.0,330.45,330.55,133436
2023-08-31 12:15:00+05:30,330.55,330.95,327.5,327.9,35065
2023-08-31 13:15:00+05:30,327.9,328.05,327.05,327.6,24084
2023-08-31 14:15:00+05:30,327.6,328.5,325.25,327.95,60626
2023-08-31 15:15:00+05:30,327.95,328.0,326.05,326.65,34471
2023-09-01 09:15:00+05:30,328.9,330.25,327.5,328.55,66595
2023-09-01 10:15:00+05:30,328.55,333.0,327.7,332.8,830313
2023-09-01 11:15:00+05:30,332.8,332.8,329.05,330.5,558115
2023-09-01 12:15:00+05:30,330.4,340.0,330.4,338.65,528753
2023-09-01 13:15:00+05:30,338.65,345.6,338.3,345.05,445137
2023-09-01 14:15:00+05:30,345.05,345.95,341.8,344.3,417835
2023-09-01 15:15:00+05:30,344.5,346.8,343.8,345.0,157298
2023-09-04 09:15:00+05:30,346.0,348.4,340.15,347.7,441679
2023-09-04 10:15:00+05:30,347.7,349.05,345.3,348.05,769035
2023-09-04 11:15:00+05:30,348.05,348.9,345.5,348.8,125308
2023-09-04 12:15:00+05:30,348.8,350.5,347.0,349.55,392795
2023-09-04 13:15:00+05:30,349.85,351.0,347.55,350.65,152697
2023-09-04 14:15:00+05:30,350.95,351.9,350.0,351.25,111693
2023-09-04 15:15:00+05:30,351.1,353.15,350.25,350.4,100031
2023-09-05 09:15:00+05:30,352.0,354.5,345.6,353.5,184077
2023-09-05 10:15:00+05:30,353.5,354.8,353.0,353.9,72263
2023-09-05 11:15:00+05:30,353.9,354.35,350.15,350.55,50313
2023-09-05 12:15:00+05:30,350.55,350.75,340.9,345.65,144178
2023-09-05 13:15:00+05:30,345.65,345.95,341.7,343.8,66983
2023-09-05 14:15:00+05:30,343.8,345.95,343.15,344.4,42671
2023-09-05 15:15:00+05:30,344.4,345.55,342.0,343.05,35745
2023-09-06 09:15:00+05:30,345.95,349.15,344.4,347.65,113926
2023-09-06 10:15:00+05:30,347.65,348.55,344.9,344.9,46227
2023-09-06 11:15:00+05:30,344.9,345.2,337.0,340.45,106911
2023-09-06 12:15:00+05:30,340.45,341.7,336.4,338.5,71539
2023-09-06 13:15:00+05:30,338.5,339.55,334.35,338.8,56820
2023-09-06 14:15:00+05:30,338.8,342.4,338.2,341.0,64743
2023-09-06 15:15:00+05:30,341.25,342.0,340.5,340.55,32745
2023-09-07 09:15:00+05:30,342.0,342.95,337.0,340.5,70437
2023-09-07 10:15:00+05:30,340.5,348.0,340.5,347.4,102891
2023-09-07 11:15:00+05:30,347.4,348.65,346.5,347.7,30849
2023-09-07 12:15:00+05:30,347.7,350.95,347.3,348.05,64565
2023-09-07 13:15:00+05:30,348.05,350.5,348.05,348.65,31527
2023-09-07 14:15:00+05:30,348.65,349.25,347.5,348.65,37242
2023-09-07 15:15:00+05:30,349.4,354.25,349.0,351.2,138542
2023-09-08 09:15:00+05:30,351.05,357.0,348.7,350.1,117766
2023-09-08 10:15:00+05:30,350.1,350.9,347.5,348.95,55703
2023-09-08 11:15:00+05:30,349.0,350.0,348.15,349.6,21645
2023-09-08 12:15:00+05:30,349.6,349.95,348.7,349.25,13398
2023-09-08 13:15:00+05:30,349.25,351.7,347.75,350.55,53755
2023-09-08 14:15:00+05:30,350.55,351.2,345.7,347.25,58844
2023-09-08 15:15:00+05:30,347.25,347.5,346.0,346.75,31252
2023-09-11 09:15:00+05:30,348.95,350.0,346.0,346.5,48417
2023-09-11 10:15:00+05:30,346.55,346.9,341.9,344.6,57090
2023-09-11 11:15:00+05:30,344.6,346.2,344.0,346.15,27565
2023-09-11 12:15:00+05:30,346.15,351.4,346.15,350.05,59044
2023-09-11 13:15:00+05:30,350.25,350.55,347.3,347.9,73361
2023-09-11 14:15:00+05:30,347.9,353.6,347.2,350.3,75867
2023-09-11 15:15:00+05:30,350.3,350.3,345.0,346.8,51440
2023-09-12 09:15:00+05:30,348.0,349.65,327.0,334.3,353981
2023-09-12 10:15:00+05:30,333.3,338.9,330.7,335.8,328422
2023-09-12 11:15:00+05:30,335.8,336.5,329.2,330.2,135020
2023-09-12 12:15:00+05:30,330.2,331.9,328.0,329.5,77682
2023-09-12 13:15:00+05:30,329.5,335.2,329.5,334.2,83881
2023-09-12 14:15:00+05:30,334.2,334.8,330.05,332.9,95031
2023-09-12 15:15:00+05:30,332.9,334.0,330.75,332.5,63420
2023-09-13 09:15:00+05:30,335.0,339.55,328.0,332.1,158736
2023-09-13 10:15:00+05:30,331.95,332.35,327.0,328.5,82712
2023-09-13 11:15:00+05:30,328.5,334.8,327.5,333.5,127016
2023-09-13 12:15:00+05:30,333.5,334.3,331.35,332.9,10569
2023-09-13 13:15:00+05:30,332.9,332.95,330.15,331.9,11167
2023-09-13 14:15:00+05:30,331.9,337.95,331.0,335.9,70060
2023-09-13 15:15:00+05:30,336.35,338.4,332.05,333.95,97985
2023-09-14 09:15:00+05:30,337.95,343.0,337.4,341.0,97805
2023-09-14 10:15:00+05:30,341.0,342.0,340.35,341.85,52615
2023-09-14 11:15:00+05:30,341.8,342.95,338.1,341.05,357954
2023-09-14 12:15:00+05:30,341.05,343.1,338.4,341.4,54390
2023-09-14 13:15:00+05:30,341.4,341.6,338.9,339.5,36776
2023-09-14 14:15:00+05:30,339.5,344.4,338.85,343.5,190846
2023-09-14 15:15:00+05:30,343.5,344.25,339.1,340.0,98599
2023-09-15 09:15:00+05:30,339.85,344.0,339.85,343.0,72291
2023-09-15 10:15:00+05:30,342.6,348.0,341.4,345.1,140803
2023-09-15 11:15:00+05:30,345.1,345.5,343.0,343.0,29870
2023-09-15 12:15:00+05:30,343.05,343.3,340.2,341.45,30856
2023-09-15 13:15:00+05:30,341.45,343.4,340.2,343.4,43834
2023-09-15 14:15:00+05:30,343.4,344.2,341.45,344.2,93642
2023-09-15 15:15:00+05:30,344.2,344.2,341.15,342.0,43498
2023-09-18 09:15:00+05:30,340.35,345.9,339.6,342.45,99177
2023-09-18 10:15:00+05:30,342.45,342.95,339.65,341.0,92317
2023-09-18 11:15:00+05:30,341.0,341.0,340.45,340.85,6736
2023-09-18 12:15:00+05:30,340.85,341.0,337.35,338.0,33207
2023-09-18 13:15:00+05:30,338.0,340.0,337.2,337.75,27308
2023-09-18 14:15:00+05:30,337.75,342.1,337.0,338.7,397402
2023-09-18 15:15:00+05:30,338.7,340.6,338.4,339.8,207483
2023-09-20 09:15:00+05:30,335.0,340.9,335.0,338.2,44802
2023-09-20 10:15:00+05:30,338.2,338.55,333.0,336.35,563415
2023-09-20 11:15:00+05:30,336.55,337.95,336.3,337.2,12098
2023-09-20 12:15:00+05:30,337.2,337.9,336.3,336.9,10211
2023-09-20 13:15:00+05:30,336.9,338.8,332.5,335.8,636839
2023-09-20 14:15:00+05:30,335.8,336.7,334.5,335.8,26056
2023-09-20 15:15:00+05:30,335.7,336.05,333.2,334.15,31365
2023-09-21 09:15:00+05:30,334.95,339.0,333.0,336.9,65825
2023-09-21 10:15:00+05:30,336.5,337.6,333.55,336.15,22799
2023-09-21 11:15:00+05:30,336.2,336.2,333.0,333.2,30311
2023-09-21 12:15:00+05:30,333.45,333.45,327.45,329.35,72412
2023-09-21 13:15:00+05:30,329.35,330.9,328.55,330.4,32211
2023-09-21 14:15:00+05:30,330.0,330.2,327.0,327.8,50048
2023-09-21 15:15:00+05:30,327.8,327.9,323.0,325.5,49060
2023-09-22 09:15:00+05:30,326.85,332.65,325.5,328.15,100778
2023-09-22 10:15:00+05:30,328.15,329.3,324.1,328.75,92464
2023-09-22 11:15:00+05:30,328.75,330.4,328.05,328.55,65853
2023-09-22 12:15:00+05:30,328.55,329.3,326.8,328.3,39369
2023-09-22 13:15:00+05:30,328.3,328.65,325.1,327.45,44987
2023-09-22 14:15:00+05:30,327.45,331.85,325.4,331.65,63909
2023-09-22 15:15:00+05:30,331.65,332.0,329.1,330.0,42137
2023-09-25 09:15:00+05:30,325.85,335.9,325.85,329.5,59380
2023-09-25 10:15:00+05:30,329.5,330.3,328.1,329.5,18012
2023-09-25 11:15:00+05:30,329.55,329.6,326.85,329.35,20016
2023-09-25 12:15:00+05:30,329.35,330.0,327.05,328.85,14791
2023-09-25 13:15:00+05:30,328.85,329.55,327.55,328.05,9210
2023-09-25 14:15:00+05:30,328.05,329.85,324.35,327.7,208192
2023-09-25 15:15:00+05:30,328.0,328.0,322.15,322.15,107532
2023-09-26 09:15:00+05:30,325.0,333.3,324.0,332.1,59612
2023-09-26 10:15:00+05:30,332.1,334.2,329.9,331.55,43746
2023-09-26 11:15:00+05:30,331.55,332.4,331.0,331.5,15584
2023-09-26 12:15:00+05:30,331.5,333.25,329.45,331.0,161027
2023-09-26 13:15:00+05:30,331.0,331.7,330.2,331.0,11433
2023-09-26 14:15:00+05:30,331.0,332.2,329.1,332.0,81814
2023-09-26 15:15:00+05:30,332.15,333.1,332.0,332.0,33808
2023-09-27 09:15:00+05:30,333.9,333.9,329.9,332.2,20596
2023-09-27 10:15:00+05:30,332.2,332.2,328.25,329.9,14967
2023-09-27 11:15:00+05:30,329.9,330.4,328.0,329.1,122700
2023-09-27 12:15:00+05:30,329.1,329.4,328.0,328.4,11211
2023-09-27 13:15:00+05:30,328.4,329.55,326.2,327.5,150587
2023-09-27 14:15:00+05:30,327.35,328.6,326.0,327.8,41376
2023-09-27 15:15:00+05:30,327.8,330.45,327.05,329.0,28770
2023-09-28 09:15:00+05:30,328.95,334.9,328.95,331.8,60912
2023-09-28 10:15:00+05:30,331.8,332.9,328.9,330.5,337649
2023-09-28 11:15:00+05:30,330.5,332.0,330.5,330.8,11839
2023-09-28 12:15:00+05:30,330.8,331.1,329.0,329.9,16410
2023-09-28 13:15:00+05:30,329.9,329.95,328.5,328.5,24305
2023-09-28 14:15:00+05:30,328.5,332.0,328.5,330.7,139631
2023-09-28 15:15:00+05:30,330.7,331.0,329.45,330.7,89691
2023-09-29 09:15:00+05:30,331.7,335.5,330.2,332.15,60645
2023-09-29 10:15:00+05:30,332.15,332.95,331.5,332.55,14523
2023-09-29 11:15:00+05:30,332.55,333.0,331.5,332.4,114763
2023-09-29 12:15:00+05:30,332.4,333.0,331.5,332.85,46669
2023-09-29 13:15:00+05:30,332.85,334.0,332.25,333.45,40368
2023-09-29 14:15:00+05:30,333.45,334.0,333.0,333.45,53634
2023-09-29 15:15:00+05:30,333.45,333.9,331.95,333.45,40491
2023-10-03 09:15:00+05:30,333.4,335.0,328.4,329.75,76346
2023-10-03 10:15:00+05:30,329.75,330.35,328.4,329.5,61139
2023-10-03 11:15:00+05:30,329.5,329.6,328.0,328.35,41552
2023-10-03 12:15:00+05:30,328.35,328.9,326.15,327.0,66535
2023-10-03 13:15:00+05:30,327.0,331.0,326.3,326.65,91347
2023-10-03 14:15:00+05:30,326.65,328.5,324.8,328.4,92548
2023-10-03 15:15:00+05:30,328.05,328.85,327.0,328.4,65901
2023-10-04 09:15:00+05:30,329.4,330.0,325.1,327.75,59481
2023-10-04 10:15:00+05:30,327.75,328.5,323.0,323.1,190552
2023-10-04 11:15:00+05:30,323.1,324.0,321.2,321.95,112788
2023-10-04 12:15:00+05:30,321.9,323.95,321.0,321.4,93695
2023-10-04 13:15:00+05:30,321.4,323.6,319.4,322.55,108723
2023-10-04 14:15:00+05:30,322.55,326.9,320.8,326.3,155976
2023-10-04 15:15:00+05:30,326.3,327.5,324.0,326.2,42611
2023-10-05 09:15:00+05:30,326.55,329.0,326.15,326.8,28225
2023-10-05 10:15:00+05:30,326.8,328.5,322.2,325.9,77569
2023-10-05 11:15:00+05:30,325.9,326.2,322.55,322.6,34418
2023-10-05 12:15:00+05:30,322.6,323.7,321.15,321.7,34412
2023-10-05 13:15:00+05:30,321.7,323.55,318.05,320.7,294220
2023-10-05 14:15:00+05:30,320.7,327.4,320.7,327.25,224592
2023-10-05 15:15:00+05:30,327.05,327.05,324.35,325.0,39436
2023-10-06 09:15:00+05:30,327.95,335.9,326.9,333.6,177770
2023-10-06 10:15:00+05:30,333.6,334.85,329.35,330.0,73539
2023-10-06 11:15:00+05:30,330.0,333.0,329.65,331.3,159926
2023-10-06 12:15:00+05:30,332.1,333.9,330.55,333.2,69116
2023-10-06 13:15:00+05:30,333.2,333.9,331.3,331.85,112365
2023-10-06 14:15:00+05:30,331.85,336.85,331.25,334.0,269007
2023-10-06 15:15:00+05:30,334.0,339.0,333.85,335.55,120555
2023-10-09 09:15:00+05:30,334.0,334.0,324.75,331.05,91114
2023-10-09 10:15:00+05:30,331.05,331.05,329.0,329.7,27693
2023-10-09 11:15:00+05:30,329.7,330.45,327.0,328.25,31460
2023-10-09 12:15:00+05:30,328.25,329.45,326.0,327.1,32599
2023-10-09 13:15:00+05:30,327.1,328.55,326.35,327.0,44208
2023-10-09 14:15:00+05:30,327.0,328.0,325.25,326.75,63654
2023-10-09 15:15:00+05:30,326.75,326.95,325.45,326.0,21218
2023-10-10 09:15:00+05:30,327.95,332.5,327.35,331.15,455059
2023-10-10 10:15:00+05:30,331.15,335.0,328.55,329.7,151795
2023-10-10 11:15:00+05:30,329.9,332.45,328.2,329.95,326753
2023-10-10 12:15:00+05:30,329.95,334.5,327.0,333.5,497789
2023-10-10 13:15:00+05:30,333.5,333.65,331.4,331.8,120799
2023-10-10 14:15:00+05:30,331.8,337.15,330.0,334.6,502921
2023-10-10 15:15:00+05:30,335.15,335.9,333.05,334.0,29798
2023-10-11 09:15:00+05:30,336.65,342.4,336.3,337.4,453881
2023-10-11 10:15:00+05:30,337.4,338.2,336.5,338.2,89734
2023-10-11 11:15:00+05:30,338.2,338.8,336.6,337.7,192665
2023-10-11 12:15:00+05:30,337.7,340.0,337.05,338.55,598870
2023-10-11 13:15:00+05:30,338.55,341.0,337.2,339.45,180099
2023-10-11 14:15:00+05:30,339.45,345.0,339.0,342.9,306728
2023-10-11 15:15:00+05:30,342.9,345.0,342.6,343.0,274192
2023-10-12 09:15:00+05:30,345.95,351.7,344.8,348.6,372442
2023-10-12 10:15:00+05:30,348.75,348.9,344.0,346.3,185447
2023-10-12 11:15:00+05:30,346.3,347.7,345.0,345.35,100465
2023-10-12 12:15:00+05:30,345.35,347.0,344.35,346.0,49529
2023-10-12 13:15:00+05:30,346.0,346.65,345.0,345.25,26231
2023-10-12 14:15:00+05:30,345.25,347.55,344.1,345.15,74778
2023-10-12 15:15:00+05:30,345.25,345.5,344.0,344.1,46625
2023-10-13 09:15:00+05:30,344.9,346.85,342.0,342.65,82070
2023-10-13 10:15:00+05:30,342.65,342.65,338.05,340.6,48424
2023-10-13 11:15:00+05:30,340.6,341.0,338.8,339.05,55071
2023-10-13 12:15:00+05:30,339.05,340.0,338.0,338.4,37569
2023-10-13 13:15:00+05:30,338.4,340.25,338.3,340.0,19302
2023-10-13 14:15:00+05:30,340.0,342.95,339.0,339.15,74408
2023-10-13 15:15:00+05:30,339.15,339.8,338.0,338.4,15611
2023-10-16 09:15:00+05:30,341.0,341.75,337.0,339.6,71389
2023-10-16 10:15:00+05:30,339.6,339.95,337.2,337.65,27597
2023-10-16 11:15:00+05:30,337.65,340.8,337.55,338.9,41374
2023-10-16 12:15:00+05:30,338.9,339.15,336.95,337.45,44857
2023-10-16 13:15:00+05:30,337.45,338.25,337.0,338.15,18373
2023-10-16 14:15:00+05:30,338.15,338.9,337.0,337.7,25971
2023-10-16 15:15:00+05:30,338.05,339.5,336.1,337.6,36877
2023-10-17 09:15:00+05:30,338.05,340.75,338.0,338.9,36541
2023-10-17 10:15:00+05:30,338.9,338.9,337.15,338.45,13693
2023-10-17 11:15:00+05:30,338.0,338.6,334.0,334.5,57363
2023-10-17 12:15:00+05:30,334.5,337.5,334.05,337.1,40515
2023-10-17 13:15:00+05:30,337.35,338.0,337.0,337.0,31246
2023-10-17 14:15:00+05:30,337.0,338.45,337.0,338.05,37888
2023-10-17 15:15:00+05:30,338.05,339.95,338.0,339.85,51159
2023-10-18 09:15:00+05:30,340.5,342.5,339.0,339.3,40746
2023-10-18 10:15:00+05:30,339.3,344.1,335.0,335.45,68198
2023-10-18 11:15:00+05:30,335.45,340.2,335.0,339.1,76873
2023-10-18 12:15:00+05:30,339.1,341.0,338.5,341.0,30920
2023-10-18 13:15:00+05:30,341.0,341.1,339.85,340.75,12590
2023-10-18 14:15:00+05:30,340.75,341.65,338.85,340.6,32346
2023-10-18 15:15:00+05:30,340.5,342.5,338.5,339.8,84979
2023-10-19 09:15:00+05:30,340.0,349.4,338.05,343.2,141621
2023-10-19 10:15:00+05:30,343.2,346.75,342.5,346.75,89121
2023-10-19 11:15:00+05:30,346.55,356.5,346.55,355.6,746944
2023-10-19 12:15:00+05:30,355.6,358.5,351.2,353.4,1588301
2023-10-19 13:15:00+05:30,353.4,369.95,351.7,364.7,2418200
2023-10-19 14:15:00+05:30,364.8,366.5,360.4,363.6,937357
2023-10-19 15:15:00+05:30,363.5,365.8,362.6,364.65,463454
2023-10-20 09:15:00+05:30,365.0,367.25,358.05,361.45,564792
2023-10-20 10:15:00+05:30,361.45,363.2,361.0,362.8,137610
2023-10-20 11:15:00+05:30,362.8,365.6,362.0,365.0,222598
2023-10-20 12:15:00+05:30,365.0,365.2,361.0,362.0,177167
2023-10-20 13:15:00+05:30,362.0,363.2,357.15,358.05,72697
2023-10-20 14:15:00+05:30,358.05,358.85,355.25,356.05,78661
2023-10-20 15:15:00+05:30,356.25,357.5,353.1,357.5,86736
2023-10-23 09:15:00+05:30,357.7,358.2,344.15,345.85,139801
2023-10-23 10:15:00+05:30,345.85,346.3,339.05,341.45,212108
2023-10-23 11:15:00+05:30,341.45,341.45,336.6,337.4,64303
2023-10-23 12:15:00+05:30,337.4,338.75,330.5,332.35,98375
2023-10-23 13:15:00+05:30,332.9,336.0,331.5,334.3,65483
2023-10-23 14:15:00+05:30,334.3,334.65,324.1,325.15,194423
2023-10-23 15:15:00+05:30,325.0,327.65,322.6,324.0,88451
2023-10-25 09:15:00+05:30,328.0,334.55,326.2,329.8,212094
2023-10-25 10:15:00+05:30,329.8,330.75,325.55,330.3,63741
2023-10-25 11:15:00+05:30,330.3,330.65,328.0,330.0,105794
2023-10-25 12:15:00+05:30,330.0,330.3,315.0,316.9,196243
2023-10-25 13:15:00+05:30,316.8,324.1,316.7,324.05,102381
2023-10-25 14:15:00+05:30,324.1,326.6,320.25,323.9,129385
2023-10-25 15:15:00+05:30,323.9,330.8,322.95,330.0,185164
2023-10-26 09:15:00+05:30,326.65,326.9,313.0,321.1,217326
2023-10-26 10:15:00+05:30,321.4,328.4,320.1,320.55,131850
2023-10-26 11:15:00+05:30,320.1,327.5,319.0,325.5,85627
2023-10-26 12:15:00+05:30,325.5,337.3,324.3,328.6,417651
2023-10-26 13:15:00+05:30,328.6,332.0,328.4,329.6,54172
2023-10-26 14:15:00+05:30,329.6,332.85,328.15,330.95,48363
2023-10-26 15:15:00+05:30,330.95,334.65,330.55,332.1,30868
2023-10-27 09:15:00+05:30,332.15,339.5,332.15,337.0,71832
2023-10-27 10:15:00+05:30,337.0,343.3,336.9,341.6,121141
2023-10-27 11:15:00+05:30,341.6,343.15,339.5,340.4,152257
2023-10-27 12:15:00+05:30,340.4,341.0,336.8,339.2,70546
2023-10-27 13:15:00+05:30,339.2,340.15,338.35,339.75,14154
2023-10-27 14:15:00+05:30,339.75,340.35,336.7,336.7,65394
2023-10-27 15:15:00+05:30,336.8,337.6,335.05,335.15,24173
2023-10-30 09:15:00+05:30,336.7,337.6,329.6,329.8,89639
2023-10-30 10:15:00+05:30,329.8,331.1,328.15,329.6,59261
2023-10-30 11:15:00+05:30,329.6,335.75,329.45,333.6,58497
2023-10-30 12:15:00+05:30,333.6,333.9,329.35,330.0,54581
2023-10-30 13:15:00+05:30,330.0,330.8,329.2,329.65,20442
2023-10-30 14:15:00+05:30,329.65,331.4,329.3,329.6,27460
2023-10-30 15:15:00+05:30,329.6,329.7,327.25,329.0,50634
2023-10-31 09:15:00+05:30,329.95,332.95,328.0,328.1,55956
2023-10-31 10:15:00+05:30,328.1,328.85,326.0,326.95,36934
2023-10-31 11:15:00+05:30,326.95,329.05,325.6,327.3,24398
2023-10-31 12:15:00+05:30,327.3,328.85,326.45,327.0,17154
2023-10-31 13:15:00+05:30,327.0,327.8,326.05,326.3,32481
2023-10-31 14:15:00+05:30,326.3,329.05,325.55,326.5,132891
2023-10-31 15:15:00+05:30,326.5,326.65,321.95,323.05,52346
2023-11-01 09:15:00+05:30,325.7,344.2,323.85,338.4,547161
2023-11-01 10:15:00+05:30,338.4,343.8,338.0,342.35,377219
2023-11-01 11:15:00+05:30,342.35,344.9,341.0,343.3,233631
2023-11-01 12:15:00+05:30,343.3,343.95,342.6,343.1,141045
2023-11-01 13:15:00+05:30,343.1,343.25,338.05,338.65,208637
2023-11-01 14:15:00+05:30,338.8,340.0,337.65,339.3,73165
2023-11-01 15:15:00+05:30,339.3,340.4,337.5,340.0,94129
2023-11-02 09:15:00+05:30,337.5,338.0,326.0,335.4,5489568
2023-11-02 10:15:00+05:30,335.4,340.9,335.15,339.95,546396
2023-11-02 11:15:00+05:30,339.95,340.75,337.6,339.55,254742
2023-11-02 12:15:00+05:30,339.55,342.0,339.0,340.6,316995
2023-11-02 13:15:00+05:30,340.55,340.55,337.0,337.7,114916
2023-11-02 14:15:00+05:30,337.7,339.4,333.75,337.4,436158
2023-11-02 15:15:00+05:30,337.5,338.0,337.0,337.95,106783
2023-11-03 09:15:00+05:30,340.0,348.6,338.5,348.0,969502
2023-11-03 10:15:00+05:30,348.0,351.0,342.95,343.6,719357
2023-11-03 11:15:00+05:30,343.75,343.9,340.2,341.8,147821
2023-11-03 12:15:00+05:30,341.8,342.3,338.1,339.75,181827
2023-11-03 13:15:00+05:30,339.75,340.35,337.4,337.95,121721
2023-11-03 14:15:00+05:30,337.95,342.55,336.05,341.25,234970
2023-11-03 15:15:00+05:30,341.5,342.5,340.9,340.9,114572
2023-11-06 09:15:00+05:30,344.95,344.95,336.35,337.95,208308
2023-11-06 10:15:00+05:30,337.95,340.45,337.25,340.3,48928
2023-11-06 11:15:00+05:30,340.3,342.75,336.0,337.65,2334176
2023-11-06 12:15:00+05:30,337.65,341.6,337.5,338.85,748789
2023-11-06 13:15:00+05:30,338.45,340.25,337.75,338.0,363941
2023-11-06 14:15:00+05:30,338.0,338.85,335.5,336.2,748039
2023-11-06 15:15:00+05:30,336.5,338.65,335.5,337.9,957375
2023-11-07 09:15:00+05:30,339.0,340.85,334.3,338.05,144725
2023-11-07 10:15:00+05:30,338.05,338.35,336.0,336.05,34991
2023-11-07 11:15:00+05:30,336.25,337.0,334.4,335.0,38738
2023-11-07 12:15:00+05:30,335.0,337.0,334.7,336.7,20801
2023-11-07 13:15:00+05:30,336.7,337.0,336.0,336.65,34529
2023-11-07 14:15:00+05:30,336.65,338.95,335.75,337.9,255207
2023-11-07 15:15:00+05:30,338.0,338.3,336.35,337.0,45343
2023-11-08 09:15:00+05:30,339.0,344.75,338.0,343.45,252293
2023-11-08 10:15:00+05:30,343.45,349.5,342.15,348.0,444429
2023-11-08 11:15:00+05:30,347.8,349.0,347.3,348.15,110790
2023-11-08 12:15:00+05:30,348.15,351.3,347.95,349.1,241378
2023-11-08 13:15:00+05:30,349.1,350.6,348.6,348.7,48366
2023-11-08 14:15:00+05:30,348.65,349.0,342.55,343.0,353515
2023-11-08 15:15:00+05:30,343.0,343.4,342.3,343.0,73975
2023-11-09 09:15:00+05:30,344.0,351.3,343.95,349.55,224894
2023-11-09 10:15:00+05:30,349.55,353.0,349.35,349.35,333730
2023-11-09 11:15:00+05:30,349.8,349.8,345.65,347.75,242024
2023-11-09 12:15:00+05:30,347.75,350.0,345.85,349.6,428164
2023-11-09 13:15:00+05:30,349.6,353.3,349.25,351.65,376627
2023-11-09 14:15:00+05:30,351.65,351.9,348.1,351.5,191696
2023-11-09 15:15:00+05:30,351.7,352.3,350.0,351.0,56991
2023-11-10 09:15:00+05:30,349.05,351.0,339.8,344.05,156993
2023-11-10 10:15:00+05:30,344.05,344.65,342.35,343.4,50942
2023-11-10 11:15:00+05:30,343.4,348.35,342.5,347.5,32500
2023-11-10 12:15:00+05:30,347.5,348.1,346.5,346.8,12562
2023-11-10 13:15:00+05:30,346.8,351.5,346.0,349.35,119671
2023-11-10 14:15:00+05:30,349.35,351.35,349.0,349.2,41076
2023-11-10 15:15:00+05:30,349.2,349.8,349.0,349.0,19019
2023-11-12 18:15:00+05:30,353.4,358.0,349.5,355.0,318869
2023-11-13 09:15:00+05:30,355.95,355.95,349.8,351.95,53461
2023-11-13 10:15:00+05:30,351.15,351.65,349.0,349.1,43051
2023-11-13 11:15:00+05:30,349.1,350.05,348.0,348.95,22662
2023-11-13 12:15:00+05:30,348.95,349.45,348.05,348.4,11862
2023-11-13 13:15:00+05:30,348.55,348.55,345.75,346.95,40626
2023-11-13 14:15:00+05:30,346.9,347.9,345.15,345.95,30693
2023-11-13 15:15:00+05:30,345.95,345.95,343.05,345.15,36002
2023-11-15 09:15:00+05:30,353.0,353.0,345.3,351.55,744978
2023-11-15 10:15:00+05:30,351.55,353.75,350.0,350.3,102325
2023-11-15 11:15:00+05:30,350.3,351.1,349.05,350.8,31655
2023-11-15 12:15:00+05:30,350.8,350.8,349.0,349.45,17432
2023-11-15 13:15:00+05:30,349.45,350.0,348.25,348.5,17780
2023-11-15 14:15:00+05:30,348.5,351.55,347.5,350.45,46749
2023-11-15 15:15:00+05:30,350.45,351.55,348.55,349.0,42300
2023-11-16 09:15:00+05:30,350.95,351.5,347.6,348.55,40996
2023-11-16 10:15:00+05:30,348.55,351.4,347.45,351.0,30374
2023-11-16 11:15:00+05:30,351.4,353.3,348.9,351.05,57535
2023-11-16 12:15:00+05:30,351.05,351.9,351.05,351.35,9670
2023-11-16 13:15:00+05:30,351.35,353.7,347.8,353.7,718230
2023-11-16 14:15:00+05:30,353.7,354.4,347.5,347.8,572120
2023-11-16 15:15:00+05:30,347.8,350.5,340.15,348.0,150359
2023-11-17 09:15:00+05:30,347.9,349.7,346.0,348.85,41593
2023-11-17 10:15:00+05:30,348.85,349.1,346.7,346.85,30600
2023-11-17 11:15:00+05:30,346.85,347.95,345.1,347.0,30075
2023-11-17 12:15:00+05:30,347.0,347.4,344.35,344.95,39886
2023-11-17 13:15:00+05:30,344.95,344.95,341.1,342.0,64733
2023-11-17 14:15:00+05:30,342.0,342.85,341.0,342.0,38508
2023-11-17 15:15:00+05:30,341.9,342.1,340.0,342.0,58753
2023-11-20 09:15:00+05:30,342.55,345.7,342.3,344.65,53796
2023-11-20 10:15:00+05:30,344.65,344.8,341.65,342.35,37947
2023-11-20 11:15:00+05:30,342.35,343.4,342.0,342.1,8133
2023-11-20 12:15:00+05:30,342.1,343.0,339.0,341.15,37815
2023-11-20 13:15:00+05:30,341.15,342.0,340.6,341.0,9444
2023-11-20 14:15:00+05:30,341.0,342.0,340.0,340.45,27788
2023-11-20 15:15:00+05:30,340.45,341.5,340.0,341.5,14749
2023-11-21 09:15:00+05:30,340.05,343.5,340.05,342.3,38751
2023-11-21 10:15:00+05:30,342.3,346.9,341.0,345.35,85844
2023-11-21 11:15:00+05:30,345.75,349.95,343.05,349.65,158642
2023-11-21 12:15:00+05:30,349.7,353.5,348.0,350.8,202959
2023-11-21 13:15:00+05:30,350.8,352.45,350.2,350.5,57721
2023-11-21 14:15:00+05:30,350.5,352.35,350.0,352.05,83787
2023-11-21 15:15:00+05:30,352.1,352.75,351.6,352.15,51244
2023-11-22 09:15:00+05:30,354.0,357.0,349.25,349.55,256389
2023-11-22 10:15:00+05:30,349.55,354.9,344.85,347.65,316914
2023-11-22 11:15:00+05:30,347.6,347.95,344.1,344.75,67420
2023-11-22 12:15:00+05:30,344.75,345.85,342.15,342.95,89308
2023-11-22 13:15:00+05:30,342.95,344.0,342.55,343.25,26314
2023-11-22 14:15:00+05:30,343.25,344.2,341.2,343.0,53666
2023-11-22 15:15:00+05:30,343.0,343.4,341.0,343.0,82047
2023-11-23 09:15:00+05:30,344.45,344.45,338.0,343.4,183255
2023-11-23 10:15:00+05:30,343.35,344.95,342.0,343.0,64592
2023-11-23 11:15:00+05:30,343.0,344.5,343.0,344.1,35147
2023-11-23 12:15:00+05:30,344.3,349.75,344.0,347.6,301804
2023-11-23 13:15:00+05:30,347.6,349.0,347.0,347.95,37258
2023-11-23 14:15:00+05:30,347.95,348.35,342.05,343.0,132737
2023-11-23 15:15:00+05:30,342.95,343.0,341.8,342.0,41276
2023-11-24 09:15:00+05:30,344.0,347.75,341.85,344.8,109681
2023-11-24 10:15:00+05:30,344.8,346.6,344.0,346.2,29886
2023-11-24 11:15:00+05:30,346.5,346.95,345.3,345.5,12650
2023-11-24 12:15:00+05:30,345.5,345.55,339.95,340.25,137293
2023-11-24 13:15:00+05:30,340.6,341.45,340.0,340.1,27881
2023-11-24 14:15:00+05:30,340.3,341.2,340.0,340.5,58212
2023-11-24 15:15:00+05:30,340.5,341.0,340.05,340.9,21250
2023-11-28 09:15:00+05:30,341.9,342.0,336.05,339.25,123994
2023-11-28 10:15:00+05:30,339.05,339.5,337.2,337.45,34672
2023-11-28 11:15:00+05:30,337.45,337.65,335.25,336.15,43586
2023-11-28 12:15:00+05:30,336.15,337.35,335.0,335.75,34686
2023-11-28 13:15:00+05:30,335.75,337.35,335.6,336.25,18932
2023-11-28 14:15:00+05:30,336.25,337.1,335.0,335.2,39712
2023-11-28 15:15:00+05:30,335.2,337.35,335.2,337.0,67118
2023-11-29 09:15:00+05:30,339.7,347.9,338.6,347.7,276561
2023-11-29 10:15:00+05:30,347.7,354.9,346.7,354.05,1010722
2023-11-29 11:15:00+05:30,354.25,365.5,354.0,364.5,1533517
2023-11-29 12:15:00+05:30,364.5,369.95,363.6,369.25,1563553
2023-11-29 13:15:00+05:30,369.25,375.4,368.3,375.0,2054593
2023-11-29 14:15:00+05:30,375.0,375.4,367.1,375.1,1556973
2023-11-29 15:15:00+05:30,375.3,375.4,371.0,372.7,641137
2023-11-30 09:15:00+05:30,374.75,374.75,363.0,372.05,742971
2023-11-30 10:15:00+05:30,371.45,375.9,366.85,368.3,491665
2023-11-30 11:15:00+05:30,368.3,369.65,365.4,365.5,78463
2023-11-30 12:15:00+05:30,365.8,366.6,364.5,365.7,66459
2023-11-30 13:15:00+05:30,365.7,366.2,363.15,363.5,50597
2023-11-30 14:15:00+05:30,363.5,366.7,362.1,365.8,191009
2023-11-30 15:15:00+05:30,365.8,366.3,363.1,364.1,79495
2023-12-01 09:15:00+05:30,368.0,371.0,361.2,370.0,254327
2023-12-01 10:15:00+05:30,370.0,370.45,369.25,370.0,104872
2023-12-01 11:15:00+05:30,370.05,370.85,369.2,370.0,42123
2023-12-01 12:15:00+05:30,370.0,370.7,369.6,370.6,33154
2023-12-01 13:15:00+05:30,370.6,370.65,369.6,369.95,29086
2023-12-01 14:15:00+05:30,370.0,370.95,365.15,367.4,142527
2023-12-01 15:15:00+05:30,367.0,368.0,365.05,366.0,56808
2023-12-04 09:15:00+05:30,372.1,374.7,367.8,374.45,309135
2023-12-04 10:15:00+05:30,374.45,374.55,368.5,369.65,119930
2023-12-04 11:15:00+05:30,369.8,372.05,368.55,370.1,112606
2023-12-04 12:15:00+05:30,370.1,370.65,369.1,369.35,37118
2023-12-04 13:15:00+05:30,369.35,370.15,367.0,367.4,53834
2023-12-04 14:15:00+05:30,367.4,371.45,365.0,370.5,117808
2023-12-04 15:15:00+05:30,371.0,380.0,370.5,378.9,373373
2023-12-05 09:15:00+05:30,378.5,386.2,377.35,383.9,564621
2023-12-05 10:15:00+05:30,384.15,384.35,378.7,381.95,181762
2023-12-05 11:15:00+05:30,382.0,382.65,375.25,380.45,179754
2023-12-05 12:15:00+05:30,380.45,386.3,379.5,383.6,476966
2023-12-05 13:15:00+05:30,383.6,385.9,380.5,382.0,323094
2023-12-05 14:15:00+05:30,381.55,381.85,373.65,378.5,189961
2023-12-05 15:15:00+05:30,378.4,379.5,377.15,378.2,169265
2023-12-06 09:15:00+05:30,380.8,380.95,374.05,376.65,105641
2023-12-06 10:15:00+05:30,376.3,377.45,372.85,375.4,77681
2023-12-06 11:15:00+05:30,375.55,375.65,369.9,370.55,598669
2023-12-06 12:15:00+05:30,370.75,373.95,370.45,373.0,78301
2023-12-06 13:15:00+05:30,373.0,376.9,372.55,375.0,223299
2023-12-06 14:15:00+05:30,375.0,382.0,374.0,380.9,250489
2023-12-06 15:15:00+05:30,380.95,382.05,372.45,378.0,223886
2023-12-07 09:15:00+05:30,379.2,379.2,374.0,374.75,70865
2023-12-07 10:15:00+05:30,374.75,376.45,374.05,376.0,39737
2023-12-07 11:15:00+05:30,376.0,377.8,374.55,374.95,148142
2023-12-07 12:15:00+05:30,374.95,375.0,373.5,374.1,34705
2023-12-07 13:15:00+05:30,374.1,375.0,373.7,374.55,14056
2023-12-07 14:15:00+05:30,374.55,376.1,371.9,374.85,170883
2023-12-07 15:15:00+05:30,374.85,375.0,373.05,373.7,29647
2023-12-08 09:15:00+05:30,375.95,378.9,373.35,374.45,54829
2023-12-08 10:15:00+05:30,374.4,374.8,372.45,372.95,24788
2023-12-08 11:15:00+05:30,372.95,373.0,371.15,372.5,15570
2023-12-08 12:15:00+05:30,372.5,373.35,369.15,369.85,34261
2023-12-08 13:15:00+05:30,369.9,371.45,368.0,370.15,33077
2023-12-08 14:15:00+05:30,370.15,374.35,369.7,374.3,51211
2023-12-08 15:15:00+05:30,374.3,375.05,373.0,373.0,27617
2023-12-11 09:15:00+05:30,373.0,373.8,368.75,372.05,50897
2023-12-11 10:15:00+05:30,372.35,381.85,371.0,378.9,111199
2023-12-11 11:15:00+05:30,378.9,382.5,376.5,377.2,72939
2023-12-11 12:15:00+05:30,377.2,377.45,374.25,375.0,45845
2023-12-11 13:15:00+05:30,375.0,375.1,373.05,373.1,35999
2023-12-11 14:15:00+05:30,373.1,376.0,372.0,375.25,49970
2023-12-11 15:15:00+05:30,375.25,377.7,375.2,376.5,25107
2023-12-12 09:15:00+05:30,379.65,388.4,376.55,382.95,489168
2023-12-12 10:15:00+05:30,383.1,383.2,380.5,381.55,194603
2023-12-12 11:15:00+05:30,381.55,382.3,380.5,381.0,30096
2023-12-12 12:15:00+05:30,380.75,381.15,378.0,378.2,102112
2023-12-12 13:15:00+05:30,378.2,380.7,377.95,380.25,395478
2023-12-12 14:15:00+05:30,380.25,384.8,380.0,383.45,609252
2023-12-12 15:15:00+05:30,383.15,383.95,380.3,383.25,67113
2023-12-13 09:15:00+05:30,383.25,383.95,378.45,380.75,70691
2023-12-13 10:15:00+05:30,380.75,383.0,379.05,380.0,34913
2023-12-13 11:15:00+05:30,380.25,381.5,379.35,381.4,21863
2023-12-13 12:15:00+05:30,381.4,381.9,380.0,381.3,31411
2023-12-13 13:15:00+05:30,381.3,382.25,381.0,382.05,13897
2023-12-13 14:15:00+05:30,381.55,382.7,380.0,381.9,36277
2023-12-13 15:15:00+05:30,381.8,382.0,379.9,380.7,40522
2023-12-14 09:15:00+05:30,386.0,390.45,382.05,389.9,265040
2023-12-14 10:15:00+05:30,391.0,391.0,383.25,383.55,161045
2023-12-14 11:15:00+05:30,383.55,385.8,383.5,383.75,94292
2023-12-14 12:15:00+05:30,383.75,383.75,380.6,380.8,47747
2023-12-14 13:15:00+05:30,380.8,381.45,380.05,380.65,16734
2023-12-14 14:15:00+05:30,380.65,383.15,380.4,382.0,50816
2023-12-14 15:15:00+05:30,382.0,383.0,380.65,381.05,23594
2023-12-15 09:15:00+05:30,384.9,384.9,377.7,380.5,68910
2023-12-15 10:15:00+05:30,380.5,382.0,377.95,379.5,40403
2023-12-15 11:15:00+05:30,379.5,381.3,376.6,377.35,40707
2023-12-15 12:15:00+05:30,377.35,378.05,376.5,377.4,13230
2023-12-15 13:15:00+05:30,377.4,377.55,374.1,377.0,29884
2023-12-15 14:15:00+05:30,377.0,384.0,376.05,383.05,211086
2023-12-15 15:15:00+05:30,383.05,383.9,383.0,383.0,33061
2023-12-18 09:15:00+05:30,383.2,385.0,379.9,383.5,46808
2023-12-18 10:15:00+05:30,383.5,383.7,382.55,383.55,48720
2023-12-18 11:15:00+05:30,383.55,383.7,380.9,382.0,777846
2023-12-18 12:15:00+05:30,382.0,382.6,381.0,381.8,38034
2023-12-18 13:15:00+05:30,381.8,385.3,381.1,384.65,61707
2023-12-18 14:15:00+05:30,384.9,385.5,382.0,385.35,65461
2023-12-18 15:15:00+05:30,385.35,386.0,377.8,381.0,98409
2023-12-19 09:15:00+05:30,384.0,388.15,379.2,385.3,117800
2023-12-19 10:15:00+05:30,385.3,393.9,385.25,391.7,863571
2023-12-19 11:15:00+05:30,391.7,392.45,388.1,389.0,101363
2023-12-19 12:15:00+05:30,388.7,390.95,388.5,390.25,50283
2023-12-19 13:15:00+05:30,390.25,392.1,389.3,392.0,69770
2023-12-19 14:15:00+05:30,392.3,403.85,392.3,401.85,819700
2023-12-19 15:15:00+05:30,401.85,404.25,397.9,400.0,188404
2023-12-20 09:15:00+05:30,401.0,401.0,393.95,395.1,135268
2023-12-20 10:15:00+05:30,395.5,395.65,393.5,394.05,33132
2023-12-20 11:15:00+05:30,394.05,394.3,391.1,391.55,371256
2023-12-20 12:15:00+05:30,391.55,391.7,386.85,387.2,105504
2023-12-20 13:15:00+05:30,387.2,387.5,375.7,381.7,121960
2023-12-20 14:15:00+05:30,381.7,383.6,373.2,377.25,198688
2023-12-20 15:15:00+05:30,377.25,377.25,372.25,374.0,92370
2023-12-21 09:15:00+05:30,374.0,386.4,369.0,383.25,161232
2023-12-21 10:15:00+05:30,383.25,386.4,381.05,383.3,186340
2023-12-21 11:15:00+05:30,383.3,383.3,378.55,379.7,46800
2023-12-21 12:15:00+05:30,379.7,381.3,377.1,377.65,21634
2023-12-21 13:15:00+05:30,377.95,378.55,375.6,377.65,42657
2023-12-21 14:15:00+05:30,377.65,380.9,376.45,380.4,130336
2023-12-21 15:15:00+05:30,380.5,385.0,380.0,384.0,60473
2023-12-22 09:15:00+05:30,384.0,388.0,382.4,385.65,78182
2023-12-22 10:15:00+05:30,385.65,385.9,384.55,385.2,22081
2023-12-22 11:15:00+05:30,385.2,385.7,383.8,384.15,116422
2023-12-22 12:15:00+05:30,384.2,384.3,381.0,382.2,19106
2023-12-22 13:15:00+05:30,382.2,383.0,381.15,382.95,18068
2023-12-22 14:15:00+05:30,382.95,384.5,381.85,384.1,41261
2023-12-22 15:15:00+05:30,384.1,385.1,382.3,383.9,18689
2023-12-26 09:15:00+05:30,384.0,384.2,377.95,382.3,68489
2023-12-26 10:15:00+05:30,382.3,382.95,381.35,382.0,6839
2023-12-26 11:15:00+05:30,382.0,382.1,379.15,379.95,19067
2023-12-26 12:15:00+05:30,379.95,382.0,379.0,380.6,21545
2023-12-26 13:15:00+05:30,380.6,385.2,379.0,384.45,614505
2023-12-26 14:15:00+05:30,384.45,386.95,384.3,386.25,69579
2023-12-26 15:15:00+05:30,386.25,386.75,386.0,386.0,25060
2023-12-27 09:15:00+05:30,387.0,389.75,384.1,385.3,73798
2023-12-27 10:15:00+05:30,385.3,385.45,383.4,384.05,11554
2023-12-27 11:15:00+05:30,384.05,384.35,382.5,382.7,13961
2023-12-27 12:15:00+05:30,382.7,382.95,379.5,380.5,17256
2023-12-27 13:15:00+05:30,380.5,381.6,379.1,380.85,10250
2023-12-27 14:15:00+05:30,380.8,383.9,379.1,381.9,41814
2023-12-27 15:15:00+05:30,381.95,384.5,380.3,383.1,45977
2023-12-28 09:15:00+05:30,384.3,387.0,381.3,381.65,30179
2023-12-28 10:15:00+05:30,381.65,382.55,381.3,382.3,13532
2023-12-28 11:15:00+05:30,382.3,382.3,380.9,381.95,7577
2023-12-28 12:15:00+05:30,381.95,381.95,379.5,380.05,14047
2023-12-28 13:15:00+05:30,380.05,380.4,379.15,380.0,9278
2023-12-28 14:15:00+05:30,380.0,380.3,377.45,378.45,36610
2023-12-28 15:15:00+05:30,378.45,380.0,376.6,379.9,31868
2023-12-29 09:15:00+05:30,377.55,389.2,376.6,385.55,140381
2023-12-29 10:15:00+05:30,385.55,388.85,385.05,385.75,114091
2023-12-29 11:15:00+05:30,385.75,387.0,384.4,386.55,71418
2023-12-29 12:15:00+05:30,386.55,387.9,385.75,387.4,63178
2023-12-29 13:15:00+05:30,387.4,387.95,386.2,387.5,26751
2023-12-29 14:15:00+05:30,386.95,388.25,385.0,386.25,116747
2023-12-29 15:15:00+05:30,386.55,386.95,384.05,385.05,28952
2024-01-01 09:15:00+05:30,386.0,387.2,380.0,386.55,70612
2024-01-01 10:15:00+05:30,386.55,386.95,385.15,385.65,20877
2024-01-01 11:15:00+05:30,385.65,386.4,385.15,385.95,6543
2024-01-01 12:15:00+05:30,385.95,386.0,385.0,385.7,26288
2024-01-01 13:15:00+05:30,385.75,387.65,384.9,386.65,17543
2024-01-01 14:15:00+05:30,386.65,386.9,384.7,384.95,14527
2024-01-01 15:15:00+05:30,384.95,385.9,384.05,384.8,11967
2024-01-02 09:15:00+05:30,385.25,385.25,379.15,380.75,47237
2024-01-02 10:15:00+05:30,380.75,381.9,377.85,380.3,32741
2024-01-02 11:15:00+05:30,380.3,381.9,379.9,381.4,12371
2024-01-02 12:15:00+05:30,381.4,381.9,380.5,381.35,6086
2024-01-02 13:15:00+05:30,381.35,381.45,378.25,380.45,216283
2024-01-02 14:15:00+05:30,380.45,380.7,379.2,379.55,16827
2024-01-02 15:15:00+05:30,379.15,380.0,375.3,379.0,58437
2024-01-03 09:15:00+05:30,378.0,381.25,377.25,377.95,45328
2024-01-03 10:15:00+05:30,377.95,382.0,377.1,380.0,47009
2024-01-03 11:15:00+05:30,380.0,380.0,378.0,378.8,22298
2024-01-03 12:15:00+05:30,378.8,380.0,377.5,380.0,25445
2024-01-03 13:15:00+05:30,380.0,387.8,379.55,387.5,129748
2024-01-03 14:15:00+05:30,387.5,389.3,384.55,384.95,114183
2024-01-03 15:15:00+05:30,384.45,386.0,381.7,385.0,33236
2024-01-04 09:15:00+05:30,386.4,387.0,382.9,383.95,34170
2024-01-04 10:15:00+05:30,383.95,384.9,383.15,384.15,10554
2024-01-04 11:15:00+05:30,384.15,384.4,381.6,382.75,29114
2024-01-04 12:15:00+05:30,382.75,382.9,379.15,379.65,53115
2024-01-04 13:15:00+05:30,379.65,380.75,376.0,380.45,69219
2024-01-04 14:15:00+05:30,380.45,380.65,379.0,379.6,31425
2024-01-04 15:15:00+05:30,379.6,380.6,379.2,380.45,22076
2024-01-05 09:15:00+05:30,385.75,386.0,381.0,382.8,54718
2024-01-05 10:15:00+05:30,383.05,383.25,380.1,381.05,19833
2024-01-05 11:15:00+05:30,381.05,381.6,380.0,380.85,10221
2024-01-05 12:15:00+05:30,380.85,382.6,380.5,382.4,6551
2024-01-05 13:15:00+05:30,382.4,383.95,380.45,380.5,17010
2024-01-05 14:15:00+05:30,380.5,381.4,379.65,380.15,29922
2024-01-05 15:15:00+05:30,380.15,380.35,379.15,379.5,20299
2024-01-08 09:15:00+05:30,380.65,383.05,376.45,380.65,40475
2024-01-08 10:15:00+05:30,380.65,381.0,377.0,378.1,25372
2024-01-08 11:15:00+05:30,378.1,378.7,375.55,377.25,18185
2024-01-08 12:15:00+05:30,377.25,378.05,375.75,376.35,14138
2024-01-08 13:15:00+05:30,376.35,377.35,373.95,375.95,27428
2024-01-08 14:15:00+05:30,375.95,377.25,373.2,375.95,26106
2024-01-08 15:15:00+05:30,375.9,378.3,373.25,376.0,20399
2024-01-09 09:15:00+05:30,377.05,380.4,374.15,379.25,65892
2024-01-09 10:15:00+05:30,379.25,379.35,376.25,377.3,46705
2024-01-09 11:15:00+05:30,376.85,379.9,376.8,377.7,23121
2024-01-09 12:15:00+05:30,377.7,389.65,377.7,384.2,620947
2024-01-09 13:15:00+05:30,384.3,392.0,384.2,388.55,509855
2024-01-09 14:15:00+05:30,388.5,390.95,385.55,388.15,368527
2024-01-09 15:15:00+05:30,388.15,390.0,387.0,387.5,100613
2024-01-10 09:15:00+05:30,390.1,391.25,381.65,382.75,154851
2024-01-10 10:15:00+05:30,382.75,386.0,382.5,385.7,44809
2024-01-10 11:15:00+05:30,385.05,385.5,382.2,382.95,77243
2024-01-10 12:15:00+05:30,382.95,394.6,382.05,390.8,196642
2024-01-10 13:15:00+05:30,390.8,393.0,390.15,390.95,55191
2024-01-10 14:15:00+05:30,390.95,392.65,390.1,390.2,400962
2024-01-10 15:15:00+05:30,390.2,390.95,388.85,389.15,34047
2024-01-11 09:15:00+05:30,391.0,396.9,389.9,392.25,106934
2024-01-11 10:15:00+05:30,392.25,393.0,391.0,391.0,22817
2024-01-11 11:15:00+05:30,391.0,392.0,390.0,391.8,11985
2024-01-11 12:15:00+05:30,391.8,395.5,391.0,395.15,71535
2024-01-11 13:15:00+05:30,395.6,396.5,393.05,394.4,85774
2024-01-11 14:15:00+05:30,394.45,396.5,383.95,387.5,424353
2024-01-11 15:15:00+05:30,387.5,389.5,386.0,389.5,36406
2024-01-12 09:15:00+05:30,392.95,408.7,390.5,405.0,915484
2024-01-12 10:15:00+05:30,405.1,405.6,393.7,395.05,244039
2024-01-12 11:15:00+05:30,395.05,398.9,393.3,393.3,158500
2024-01-12 12:15:00+05:30,393.65,396.0,393.3,394.0,230927
2024-01-12 13:15:00+05:30,394.0,396.9,393.5,396.0,166674
2024-01-12 14:15:00+05:30,396.0,396.05,385.85,390.1,258747
2024-01-12 15:15:00+05:30,390.1,398.0,390.1,396.0,191176
2024-01-15 09:15:00+05:30,397.0,403.7,394.2,401.6,385463
2024-01-15 10:15:00+05:30,401.6,403.4,399.0,401.2,237750
2024-01-15 11:15:00+05:30,401.2,402.2,399.35,400.0,640974
2024-01-15 12:15:00+05:30,400.0,401.0,399.55,400.0,115461
2024-01-15 13:15:00+05:30,400.0,400.25,398.05,398.35,131456
2024-01-15 14:15:00+05:30,398.35,399.0,395.1,396.4,136970
2024-01-15 15:15:00+05:30,396.4,398.0,395.5,395.5,60073
2024-01-16 09:15:00+05:30,398.4,398.45,393.35,395.65,75490
2024-01-16 10:15:00+05:30,395.65,401.4,394.0,397.9,251175
2024-01-16 11:15:00+05:30,397.9,399.9,392.85,392.9,90889
2024-01-16 12:15:00+05:30,392.9,393.5,388.1,388.95,47428
2024-01-16 13:15:00+05:30,388.95,390.0,382.55,384.65,195583
2024-01-16 14:15:00+05:30,384.7,385.7,382.1,385.2,80861
2024-01-16 15:15:00+05:30,385.2,386.9,382.0,383.5,73629
2024-01-17 09:15:00+05:30,381.5,382.95,377.7,378.3,165592
2024-01-17 10:15:00+05:30,378.3,383.0,377.0,382.75,78234
2024-01-17 11:15:00+05:30,382.75,383.7,379.1,381.2,52227
2024-01-17 12:15:00+05:30,381.65,382.95,380.1,382.1,58242
2024-01-17 13:15:00+05:30,382.1,390.0,382.1,389.2,122255
2024-01-17 14:15:00+05:30,389.15,401.75,388.0,399.8,900482
2024-01-17 15:15:00+05:30,399.8,405.0,399.0,403.85,204403
2024-01-18 09:15:00+05:30,403.8,409.55,386.95,392.05,772375
2024-01-18 10:15:00+05:30,392.05,397.5,391.7,396.95,75330
2024-01-18 11:15:00+05:30,397.35,402.0,394.65,402.0,96685
2024-01-18 12:15:00+05:30,401.7,406.95,401.0,406.4,202857
2024-01-18 13:15:00+05:30,406.4,406.8,402.35,404.5,121905
2024-01-18 14:15:00+05:30,404.5,404.5,400.1,400.55,86392
2024-01-18 15:15:00+05:30,400.6,402.25,399.5,401.0,60896
2024-01-19 09:15:00+05:30,402.4,408.7,402.4,404.2,123398
2024-01-19 10:15:00+05:30,404.25,404.75,400.05,400.85,46945
2024-01-19 11:15:00+05:30,401.05,402.55,400.4,400.4,19729
2024-01-19 12:15:00+05:30,400.4,401.0,398.0,399.25,30100
2024-01-19 13:15:00+05:30,399.25,399.9,396.8,398.4,25797
2024-01-19 14:15:00+05:30,398.4,400.0,397.25,399.5,44830
2024-01-19 15:15:00+05:30,399.2,402.3,399.0,402.0,39182
2024-01-20 09:15:00+05:30,400.35,407.95,399.95,406.4,73898
2024-01-20 10:15:00+05:30,406.4,408.4,399.65,400.45,91110
2024-01-20 11:15:00+05:30,400.45,402.5,400.25,401.55,22590
2024-01-20 12:15:00+05:30,401.55,402.5,401.4,401.85,18245
2024-01-20 13:15:00+05:30,401.85,403.25,401.5,403.25,10902
2024-01-20 14:15:00+05:30,403.25,406.5,403.15,406.5,94915
2024-01-20 15:15:00+05:30,406.5,406.5,404.3,404.4,23022
2024-01-23 09:15:00+05:30,406.3,407.45,398.0,400.4,77874
2024-01-23 10:15:00+05:30,400.4,401.15,394.5,400.0,82445
2024-01-23 11:15:00+05:30,400.0,402.7,398.0,399.2,48058
2024-01-23 12:15:00+05:30,399.2,404.0,397.35,400.8,56445
2024-01-23 13:15:00+05:30,400.8,403.55,400.65,400.95,81370
2024-01-23 14:15:00+05:30,400.95,401.35,399.0,399.7,117588
2024-01-23 15:15:00+05:30,399.55,403.0,396.95,397.0,66798
2024-01-24 09:15:00+05:30,400.6,406.0,394.4,404.2,118156
2024-01-24 10:15:00+05:30,404.2,407.0,404.2,404.95,86730
2024-01-24 11:15:00+05:30,404.95,406.3,402.0,403.65,53882
2024-01-24 12:15:00+05:30,403.65,405.4,402.15,405.0,36759
2024-01-24 13:15:00+05:30,405.0,405.6,403.0,405.0,30850
2024-01-24 14:15:00+05:30,405.0,405.65,395.0,398.15,173387
2024-01-24 15:15:00+05:30,398.0,399.1,392.0,395.5,74083
2024-01-25 09:15:00+05:30,405.9,409.5,397.1,403.0,204165
2024-01-25 10:15:00+05:30,403.0,403.5,399.8,399.8,41614
2024-01-25 11:15:00+05:30,399.55,404.0,399.0,402.2,44697
2024-01-25 12:15:00+05:30,402.2,402.55,399.25,401.5,26928
2024-01-25 13:15:00+05:30,401.5,404.15,400.05,403.25,60708
2024-01-25 14:15:00+05:30,403.25,408.6,402.7,407.55,83279
2024-01-25 15:15:00+05:30,407.55,409.9,405.0,408.15,56846
2024-01-29 09:15:00+05:30,408.05,414.0,405.0,406.95,190053
2024-01-29 10:15:00+05:30,407.45,407.95,404.65,407.9,48582
2024-01-29 11:15:00+05:30,407.9,408.1,406.0,407.4,16231
2024-01-29 12:15:00+05:30,407.4,407.9,406.05,406.5,12159
2024-01-29 13:15:00+05:30,406.5,407.0,405.2,406.5,42394
2024-01-29 14:15:00+05:30,406.5,407.0,405.5,406.25,46471
2024-01-29 15:15:00+05:30,406.25,407.25,405.75,406.1,62877
2024-01-30 09:15:00+05:30,406.75,413.35,405.4,409.0,184516
2024-01-30 10:15:00+05:30,409.3,409.35,405.45,407.25,102970
2024-01-30 11:15:00+05:30,407.25,410.0,407.15,408.95,39203
2024-01-30 12:15:00+05:30,408.95,409.95,408.0,409.1,29595
2024-01-30 13:15:00+05:30,409.0,410.0,408.05,408.85,35156
2024-01-30 14:15:00+05:30,408.85,409.5,405.0,409.2,63972
2024-01-30 15:15:00+05:30,409.2,409.5,407.5,407.55,21102
2024-01-31 09:15:00+05:30,409.0,415.0,408.3,412.95,125032
2024-01-31 10:15:00+05:30,412.95,412.95,406.0,410.2,59098
2024-01-31 11:15:00+05:30,410.2,413.7,409.1,412.9,42087
2024-01-31 12:15:00+05:30,412.9,413.0,409.25,411.0,73435
2024-01-31 13:15:00+05:30,411.0,412.95,410.0,412.55,62077
2024-01-31 14:15:00+05:30,412.55,412.9,411.9,412.7,60589
2024-01-31 15:15:00+05:30,412.7,413.0,411.9,413.0,62357
2024-02-01 09:15:00+05:30,415.0,416.65,412.0,412.8,78267
2024-02-01 10:15:00+05:30,412.8,413.4,410.6,412.9,64754
2024-02-01 11:15:00+05:30,412.9,413.0,409.05,411.5,61943
2024-02-01 12:15:00+05:30,411.5,413.6,409.15,413.0,29037
2024-02-01 13:15:00+05:30,413.0,413.5,412.0,412.85,46482
2024-02-01 14:15:00+05:30,412.85,413.0,402.75,406.8,128559
2024-02-01 15:15:00+05:30,406.6,406.65,403.7,406.3,31826
2024-02-02 09:15:00+05:30,406.75,410.95,403.3,404.95,94799
2024-02-02 10:15:00+05:30,404.95,411.9,404.7,410.4,50459
2024-02-02 11:15:00+05:30,410.7,410.95,405.25,406.1,55889
2024-02-02 12:15:00+05:30,406.1,406.6,402.2,404.25,74674
2024-02-02 13:15:00+05:30,404.25,407.15,404.0,405.0,46330
2024-02-02 14:15:00+05:30,405.0,405.35,403.05,404.2,58598
2024-02-02 15:15:00+05:30,404.2,406.0,404.0,405.0,24526
2024-02-05 09:15:00+05:30,407.2,413.0,402.0,407.9,115027
2024-02-05 10:15:00+05:30,407.9,415.85,405.75,408.75,112247
2024-02-05 11:15:00+05:30,408.75,409.8,407.55,408.85,37563
2024-02-05 12:15:00+05:30,408.85,411.35,407.95,411.1,83246
2024-02-05 13:15:00+05:30,411.1,411.4,408.55,410.5,108706
2024-02-05 14:15:00+05:30,410.5,411.45,408.5,409.0,61207
2024-02-05 15:15:00+05:30,409.0,410.0,408.5,408.5,14655
2024-02-06 09:15:00+05:30,411.65,415.75,408.65,409.0,72714
2024-02-06 10:15:00+05:30,409.0,410.0,407.2,409.0,17487
2024-02-06 11:15:00+05:30,409.0,409.5,406.2,407.0,34522
2024-02-06 12:15:00+05:30,407.0,409.0,404.3,408.8,92709
2024-02-06 13:15:00+05:30,408.8,410.2,408.2,409.0,91754
2024-02-06 14:15:00+05:30,409.0,414.5,408.1,413.95,86709
2024-02-06 15:15:00+05:30,413.95,415.15,412.6,412.9,52401
2024-02-07 09:15:00+05:30,416.35,419.95,415.0,416.85,69969
2024-02-07 10:15:00+05:30,416.85,416.85,411.4,412.35,27698
2024-02-07 11:15:00+05:30,412.35,413.45,408.0,408.95,58634
2024-02-07 12:15:00+05:30,408.9,410.4,407.7,410.4,40968
2024-02-07 13:15:00+05:30,410.4,411.15,408.55,409.3,10475
2024-02-07 14:15:00+05:30,409.3,409.85,408.0,409.6,13551
2024-02-07 15:15:00+05:30,409.15,409.65,407.1,408.0,26717
2024-02-08 09:15:00+05:30,409.75,412.55,407.8,409.0,48940
2024-02-08 10:15:00+05:30,409.0,409.0,405.3,406.6,25555
2024-02-08 11:15:00+05:30,406.6,408.8,406.0,406.9,120763
2024-02-08 12:15:00+05:30,406.9,408.0,406.7,408.0,13890
2024-02-08 13:15:00+05:30,408.0,408.4,406.0,407.95,34572
2024-02-08 14:15:00+05:30,407.95,408.85,405.5,406.0,24521
2024-02-08 15:15:00+05:30,406.0,408.0,405.55,406.9,16686
2024-02-09 09:15:00+05:30,407.95,409.25,396.55,403.1,63427
2024-02-09 10:15:00+05:30,403.1,403.1,395.55,397.65,51872
2024-02-09 11:15:00+05:30,397.3,397.9,396.1,397.8,18606
2024-02-09 12:15:00+05:30,397.8,399.25,397.05,398.35,5624
2024-02-09 13:15:00+05:30,398.35,400.0,397.05,398.85,30125
2024-02-09 14:15:00+05:30,398.85,402.35,397.0,400.9,60853
2024-02-09 15:15:00+05:30,400.9,401.2,398.05,399.9,13992
2024-02-12 09:15:00+05:30,404.0,418.0,400.25,400.65,231094
2024-02-12 10:15:00+05:30,400.2,400.5,393.05,396.65,116738
2024-02-12 11:15:00+05:30,396.65,403.9,396.1,400.25,142579
2024-02-12 12:15:00+05:30,400.25,401.8,399.0,399.3,67877
2024-02-12 13:15:00+05:30,399.3,399.35,398.5,398.55,28524
2024-02-12 14:15:00+05:30,398.55,406.5,395.75,399.6,100424
2024-02-12 15:15:00+05:30,399.6,400.0,394.5,397.9,33218
2024-02-13 09:15:00+05:30,396.85,399.4,386.1,397.4,137889
2024-02-13 10:15:00+05:30,397.35,399.4,393.25,396.1,93014
2024-02-13 11:15:00+05:30,396.1,399.4,393.25,398.9,225565
2024-02-13 12:15:00+05:30,398.65,403.15,398.15,401.0,54957
2024-02-13 13:15:00+05:30,401.0,403.5,401.0,402.15,25781
2024-02-13 14:15:00+05:30,402.05,408.3,401.8,404.7,98000
2024-02-13 15:15:00+05:30,404.95,405.4,404.6,404.9,18427
2024-02-14 09:15:00+05:30,392.05,415.0,392.05,413.15,145386
2024-02-14 10:15:00+05:30,413.15,417.75,410.25,410.4,168553
2024-02-14 11:15:00+05:30,410.4,415.2,410.3,411.35,91380
2024-02-14 12:15:00+05:30,411.35,411.95,410.0,410.6,17673
2024-02-14 13:15:00+05:30,410.6,410.9,409.05,410.15,7444
2024-02-14 14:15:00+05:30,410.15,413.6,410.0,410.4,29791
2024-02-14 15:15:00+05:30,410.95,410.95,406.75,407.45,35524
2024-02-15 09:15:00+05:30,412.55,413.05,405.65,405.8,53722
2024-02-15 10:15:00+05:30,405.75,412.8,403.95,410.4,86646
2024-02-15 11:15:00+05:30,410.4,410.6,405.25,405.85,52831
2024-02-15 12:15:00+05:30,405.85,406.1,404.7,405.0,24361
2024-02-15 13:15:00+05:30,405.0,407.0,404.2,405.9,86743
2024-02-15 14:15:00+05:30,405.9,406.6,402.6,402.95,77154
2024-02-15 15:15:00+05:30,403.0,407.6,402.0,407.0,56443
2024-02-16 09:15:00+05:30,400.0,429.9,400.0,415.15,421815
2024-02-16 10:15:00+05:30,414.85,415.9,411.5,413.65,109911
2024-02-16 11:15:00+05:30,413.65,417.3,407.8,409.0,141261
2024-02-16 12:15:00+05:30,408.9,415.9,405.15,415.2,201250
2024-02-16 13:15:00+05:30,415.2,416.7,409.25,410.45,177270
2024-02-16 14:15:00+05:30,409.7,414.15,406.0,406.25,246765
2024-02-16 15:15:00+05:30,406.65,408.2,404.05,405.0,110491
2024-02-19 09:15:00+05:30,425.55,442.15,425.55,431.9,1047576
2024-02-19 10:15:00+05:30,432.0,435.0,429.15,435.0,180950
2024-02-19 11:15:00+05:30,435.0,436.0,429.85,431.15,244166
2024-02-19 12:15:00+05:30,431.15,432.4,427.3,428.7,145592
2024-02-19 13:15:00+05:30,428.7,431.6,427.1,428.65,143836
2024-02-19 14:15:00+05:30,428.65,430.05,427.1,427.1,122304
2024-02-19 15:15:00+05:30,427.35,428.0,422.2,425.5,196845
2024-02-20 09:15:00+05:30,444.9,449.95,431.1,432.85,1058054
2024-02-20 10:15:00+05:30,432.85,433.5,427.9,428.6,221282
2024-02-20 11:15:00+05:30,428.6,429.95,426.25,429.9,169477
2024-02-20 12:15:00+05:30,429.9,432.5,429.0,431.05,140779
2024-02-20 13:15:00+05:30,431.0,433.5,428.6,431.2,144242
2024-02-20 14:15:00+05:30,431.2,432.0,428.0,428.1,139541
2024-02-20 15:15:00+05:30,428.05,429.35,424.4,427.0,160555
2024-02-21 09:15:00+05:30,430.9,435.0,426.05,426.25,186669
2024-02-21 10:15:00+05:30,426.5,427.0,419.9,421.4,145189
2024-02-21 11:15:00+05:30,421.4,422.2,421.25,421.7,72497
2024-02-21 12:15:00+05:30,421.7,429.0,421.55,428.75,61472
2024-02-21 13:15:00+05:30,428.75,430.95,427.2,428.95,70734
2024-02-21 14:15:00+05:30,428.95,431.5,425.25,430.9,97617
2024-02-21 15:15:00+05:30,430.9,432.0,430.0,430.55,48631
2024-02-22 09:15:00+05:30,434.8,436.0,425.4,428.55,202002
2024-02-22 10:15:00+05:30,428.55,432.6,427.3,431.95,51175
2024-02-22 11:15:00+05:30,431.95,431.95,430.25,430.45,19732
2024-02-22 12:15:00+05:30,430.45,431.0,430.0,430.5,12113
2024-02-22 13:15:00+05:30,430.5,431.1,427.5,427.9,33311
2024-02-22 14:15:00+05:30,427.9,433.95,427.5,433.35,86569
2024-02-22 15:15:00+05:30,433.35,436.0,431.2,432.45,71078
2024-02-23 09:15:00+05:30,430.0,433.2,430.0,430.5,40884
2024-02-23 10:15:00+05:30,430.0,432.0,429.45,430.6,19934
2024-02-23 11:15:00+05:30,430.6,431.45,430.0,430.3,18257
2024-02-23 12:15:00+05:30,430.3,431.5,430.3,430.65,8886
2024-02-23 13:15:00+05:30,430.65,432.15,426.4,431.5,89156
2024-02-23 14:15:00+05:30,431.5,434.25,430.6,432.7,100498
2024-02-23 15:15:00+05:30,432.65,434.55,431.55,431.6,61756
2024-02-26 09:15:00+05:30,434.2,435.15,431.35,431.85,57913
2024-02-26 10:15:00+05:30,431.85,434.95,430.65,434.15,38592
2024-02-26 11:15:00+05:30,434.15,438.7,434.0,437.35,63889
2024-02-26 12:15:00+05:30,437.35,437.85,434.05,434.05,16226
2024-02-26 13:15:00+05:30,434.05,435.65,433.0,433.8,12696
2024-02-26 14:15:00+05:30,433.45,434.15,431.5,433.25,40058
2024-02-26 15:15:00+05:30,433.25,434.05,431.4,432.5,16428
2024-02-27 09:15:00+05:30,432.5,433.95,429.5,429.75,29654
2024-02-27 10:15:00+05:30,429.75,430.95,428.85,429.65,20694
2024-02-27 11:15:00+05:30,429.65,431.75,428.8,430.4,11671
2024-02-27 12:15:00+05:30,430.4,431.5,430.15,430.8,7393
2024-02-27 13:15:00+05:30,430.8,431.5,428.0,428.9,38556
2024-02-27 14:15:00+05:30,428.25,428.85,426.0,427.9,25816
2024-02-27 15:15:00+05:30,427.9,432.7,426.2,432.7,36138
2024-02-28 09:15:00+05:30,431.25,431.5,423.35,423.35,73033
2024-02-28 10:15:00+05:30,423.35,423.65,416.55,419.1,62942
2024-02-28 11:15:00+05:30,419.05,421.2,417.0,418.55,44464
2024-02-28 12:15:00+05:30,418.55,422.95,418.55,421.25,27905
2024-02-28 13:15:00+05:30,421.25,423.05,421.25,422.95,25679
2024-02-28 14:15:00+05:30,422.85,425.8,422.0,424.0,154382
2024-02-28 15:15:00+05:30,424.0,426.0,421.0,422.0,206445
2024-02-29 09:15:00+05:30,420.05,423.1,417.8,418.05,58264
2024-02-29 10:15:00+05:30,418.05,421.5,417.7,420.6,19781
2024-02-29 11:15:00+05:30,420.6,421.5,420.05,420.7,4795
2024-02-29 12:15:00+05:30,420.7,421.0,420.0,420.55,6508
2024-02-29 13:15:00+05:30,420.55,425.6,420.05,424.4,22168
2024-02-29 14:15:00+05:30,424.4,424.4,418.95,421.85,94862
2024-02-29 15:15:00+05:30,421.9,426.8,416.1,426.8,109555
2024-03-01 09:15:00+05:30,420.75,434.0,420.05,428.9,147339
2024-03-01 10:15:00+05:30,428.9,429.0,424.5,425.0,20507
2024-03-01 11:15:00+05:30,425.0,425.4,424.05,424.75,9733
2024-03-01 12:15:00+05:30,424.75,425.25,424.05,424.05,5429
2024-03-01 13:15:00+05:30,424.0,425.0,420.5,425.0,43220
2024-03-01 14:15:00+05:30,425.0,426.65,424.05,424.9,41501
2024-03-01 15:15:00+05:30,424.95,425.1,422.6,424.0,46384
2024-03-02 09:15:00+05:30,427.4,432.25,424.25,430.0,10452
2024-03-02 11:15:00+05:30,430.0,435.0,430.0,432.0,38161
2024-03-02 12:15:00+05:30,432.0,432.85,430.0,430.0,7896
2024-03-04 09:15:00+05:30,430.95,431.6,423.0,425.9,47768
2024-03-04 10:15:00+05:30,425.3,428.05,424.85,428.05,18283
2024-03-04 11:15:00+05:30,428.05,429.75,427.3,428.7,9812
2024-03-04 12:15:00+05:30,428.7,430.0,427.9,428.35,12562
2024-03-04 13:15:00+05:30,428.35,431.0,427.0,429.2,22024
2024-03-04 14:15:00+05:30,429.2,430.4,427.2,427.25,17243
2024-03-04 15:15:00+05:30,427.25,430.1,427.1,428.45,14023
2024-03-05 09:15:00+05:30,425.6,429.15,425.0,426.65,43570
2024-03-05 10:15:00+05:30,426.65,427.15,423.0,423.4,43200
2024-03-05 11:15:00+05:30,423.4,424.0,423.05,424.0,7262
2024-03-05 12:15:00+05:30,424.0,424.05,422.1,422.8,19046
2024-03-05 13:15:00+05:30,422.5,423.45,422.0,422.65,11107
2024-03-05 14:15:00+05:30,422.65,426.65,422.0,426.55,56103
2024-03-05 15:15:00+05:30,426.55,432.5,422.15,432.0,67491
2024-03-06 09:15:00+05:30,426.9,428.4,417.65,420.8,44899
2024-03-06 10:15:00+05:30,420.8,420.8,414.15,414.25,52189
2024-03-06 11:15:00+05:30,414.25,414.75,411.65,412.55,26158
2024-03-06 12:15:00+05:30,412.55,414.05,411.0,412.9,47126
2024-03-06 13:15:00+05:30,412.9,420.1,411.2,418.8,45246
2024-03-06 14:15:00+05:30,418.8,418.8,409.25,415.35,165319
2024-03-06 15:15:00+05:30,415.8,420.95,415.2,420.0,78120
2024-03-07 09:15:00+05:30,408.7,420.0,408.7,419.1,57765
2024-03-07 10:15:00+05:30,419.1,422.7,418.25,420.8,36161
2024-03-07 11:15:00+05:30,420.8,421.2,419.5,420.25,11608
2024-03-07 12:15:00+05:30,420.25,423.4,419.6,423.0,17343
2024-03-07 13:15:00+05:30,423.0,423.0,414.1,415.5,49684
2024-03-07 14:15:00+05:30,415.5,417.55,414.1,416.0,38527
2024-03-07 15:15:00+05:30,415.55,420.0,415.0,416.0,17246
2024-03-11 09:15:00+05:30,411.0,416.65,410.0,411.0,39803
2024-03-11 10:15:00+05:30,411.0,411.45,410.0,410.25,16263
2024-03-11 11:15:00+05:30,410.0,410.85,407.6,407.9,14690
2024-03-11 12:15:00+05:30,407.9,409.0,406.0,407.6,21680
2024-03-11 13:15:00+05:30,407.6,408.4,406.5,407.15,11870
2024-03-11 14:15:00+05:30,407.2,411.5,406.3,410.05,63379
2024-03-11 15:15:00+05:30,410.4,410.7,410.0,410.1,11860
2024-03-12 09:15:00+05:30,406.05,409.9,399.4,405.75,58229
2024-03-12 10:15:00+05:30,405.75,406.65,400.35,405.8,43593
2024-03-12 11:15:00+05:30,405.8,405.8,402.0,402.75,20734
2024-03-12 12:15:00+05:30,402.9,405.25,402.4,404.8,12888
2024-03-12 13:15:00+05:30,404.8,406.45,403.5,404.4,16936
2024-03-12 14:15:00+05:30,404.4,408.15,404.05,405.45,29276
2024-03-12 15:15:00+05:30,405.7,406.2,405.05,405.25,25031
2024-03-13 09:15:00+05:30,403.95,407.4,390.05,394.1,128701
2024-03-13 10:15:00+05:30,394.1,398.0,392.4,393.75,42515
2024-03-13 11:15:00+05:30,393.75,395.3,385.3,388.65,67429
2024-03-13 12:15:00+05:30,388.65,389.7,385.05,387.15,38879
2024-03-13 13:15:00+05:30,387.15,392.1,385.05,386.55,91799
2024-03-13 14:15:00+05:30,386.0,386.85,382.0,384.8,60408
2024-03-13 15:15:00+05:30,384.65,385.0,380.05,380.9,35482
2024-03-14 09:15:00+05:30,380.0,387.65,373.2,386.3,82735
2024-03-14 10:15:00+05:30,386.3,388.6,376.95,385.0,193645
2024-03-14 11:15:00+05:30,385.0,385.2,381.05,383.55,25868
2024-03-14 12:15:00+05:30,383.55,385.65,374.0,375.9,71166
2024-03-14 13:15:00+05:30,375.9,379.6,369.85,374.1,189694
2024-03-14 14:15:00+05:30,374.1,382.3,366.85,381.0,205681
2024-03-14 15:15:00+05:30,381.0,382.0,380.05,381.8,57360
2024-03-15 09:15:00+05:30,380.05,385.35,375.35,377.25,45739
2024-03-15 10:15:00+05:30,377.25,377.7,372.65,374.0,27865
2024-03-15 11:15:00+05:30,374.0,377.05,373.3,375.25,13028
2024-03-15 12:15:00+05:30,375.25,378.8,374.55,378.3,9707
2024-03-15 13:15:00+05:30,378.3,383.65,374.0,377.9,79321
2024-03-15 14:15:00+05:30,377.9,381.8,377.55,378.7,46409
2024-03-15 15:15:00+05:30,379.1,380.0,378.0,378.0,30004
2024-03-18 09:15:00+05:30,371.5,385.1,365.85,375.05,170946
2024-03-18 10:15:00+05:30,375.05,384.55,375.0,381.9,50922
2024-03-18 11:15:00+05:30,382.3,384.65,380.85,384.4,47941
2024-03-18 12:15:00+05:30,384.4,385.95,382.05,385.15,26465
2024-03-18 13:15:00+05:30,385.15,385.55,383.5,383.8,18963
2024-03-18 14:15:00+05:30,383.8,384.2,377.0,380.85,74723
2024-03-18 15:15:00+05:30,380.85,385.0,380.0,382.5,21389
2024-03-19 09:15:00+05:30,381.0,387.05,379.0,385.2,60351
2024-03-19 10:15:00+05:30,386.05,386.05,381.3,381.65,59348
2024-03-19 11:15:00+05:30,381.85,383.95,379.15,382.95,25350
2024-03-19 12:15:00+05:30,382.95,383.95,380.1,380.4,20089
2024-03-19 13:15:00+05:30,380.4,382.5,380.2,380.65,13420
2024-03-19 14:15:00+05:30,380.65,383.25,380.0,383.0,28358
2024-03-19 15:15:00+05:30,383.0,385.5,380.0,385.5,52130
2024-03-20 09:15:00+05:30,384.0,388.15,380.4,384.7,57752
2024-03-20 10:15:00+05:30,384.7,390.75,381.15,389.15,60640
2024-03-20 11:15:00+05:30,389.2,392.9,388.3,391.8,86591
2024-03-20 12:15:00+05:30,391.8,394.15,390.5,393.15,40000
2024-03-20 13:15:00+05:30,393.15,394.3,391.6,391.95,31639
2024-03-20 14:15:00+05:30,391.95,394.05,391.55,392.0,31802
2024-03-20 15:15:00+05:30,392.0,396.3,391.25,395.75,54297
2024-03-21 09:15:00+05:30,397.0,399.0,393.1,394.35,34635
2024-03-21 10:15:00+05:30,394.35,403.15,394.05,398.25,54399
2024-03-21 11:15:00+05:30,398.25,401.85,398.05,400.05,47435
2024-03-21 12:15:00+05:30,400.05,401.75,398.85,398.85,20136
2024-03-21 13:15:00+05:30,398.85,402.7,398.8,401.75,24442
2024-03-21 14:15:00+05:30,401.75,402.7,400.65,400.85,15145
2024-03-21 15:15:00+05:30,401.25,402.7,400.05,400.75,15084
2024-03-22 09:15:00+05:30,400.35,401.55,398.4,399.7,15554
2024-03-22 10:15:00+05:30,399.7,401.6,398.9,400.0,32381
2024-03-22 11:15:00+05:30,400.0,400.5,398.5,398.85,4055
2024-03-22 12:15:00+05:30,398.85,400.2,398.55,399.95,7549
2024-03-22 13:15:00+05:30,399.45,405.05,399.3,402.2,37274
2024-03-22 14:15:00+05:30,402.2,405.25,401.15,405.05,36248
2024-03-22 15:15:00+05:30,405.05,408.0,403.75,406.9,51443
2024-03-26 09:15:00+05:30,403.9,407.0,400.6,405.8,32304
2024-03-26 10:15:00+05:30,405.8,405.8,403.5,404.8,11570
2024-03-26 11:15:00+05:30,404.8,405.35,402.05,402.65,5159
2024-03-26 12:15:00+05:30,402.65,404.0,402.0,402.05,7097
2024-03-26 13:15:00+05:30,402.05,403.05,401.5,402.0,5538
2024-03-26 14:15:00+05:30,402.0,405.9,401.8,405.3,201599
2024-03-26 15:15:00+05:30,405.3,407.0,405.0,406.1,12593
2024-03-27 09:15:00+05:30,405.45,410.75,405.45,410.05,80550
2024-03-27 10:15:00+05:30,410.05,415.0,409.1,413.45,49684
2024-03-27 11:15:00+05:30,413.45,414.8,412.0,413.95,26475
2024-03-27 12:15:00+05:30,413.55,415.95,413.35,414.7,22462
2024-03-27 13:15:00+05:30,414.7,418.0,413.0,416.15,30556
2024-03-27 14:15:00+05:30,416.15,417.95,412.2,414.7,35347
2024-03-27 15:15:00+05:30,414.55,416.95,414.2,415.1,15116
2024-03-28 09:15:00+05:30,417.95,421.65,415.35,418.7,39559
2024-03-28 10:15:00+05:30,418.7,419.3,415.0,415.25,15710
2024-03-28 11:15:00+05:30,415.25,421.35,415.25,420.85,37966
2024-03-28 12:15:00+05:30,420.85,422.5,418.0,418.5,28899
2024-03-28 13:15:00+05:30,418.5,422.35,418.5,421.45,55230
2024-03-28 14:15:00+05:30,421.45,424.95,417.4,419.9,53031
2024-03-28 15:15:00+05:30,419.6,419.9,415.1,418.0,21777
2024-04-01 09:15:00+05:30,415.95,425.2,415.0,419.05,50182
2024-04-01 10:15:00+05:30,419.05,420.85,417.75,420.65,14124
2024-04-01 11:15:00+05:30,420.7,420.7,417.55,418.7,13221
2024-04-01 12:15:00+05:30,418.7,420.65,418.1,419.7,19534
2024-04-01 13:15:00+05:30,419.7,420.55,417.5,418.0,31149
2024-04-01 14:15:00+05:30,418.0,418.25,417.5,418.0,16085
2024-04-01 15:15:00+05:30,418.0,418.2,416.5,417.4,23592
2024-04-02 09:15:00+05:30,419.0,420.45,415.1,416.45,38573
2024-04-02 10:15:00+05:30,416.45,417.5,415.8,416.5,7251
2024-04-02 11:15:00+05:30,416.5,418.8,415.85,416.65,14838
2024-04-02 12:15:00+05:30,416.65,418.2,416.65,417.45,7602
2024-04-02 13:15:00+05:30,417.45,417.45,412.4,414.95,49548
2024-04-02 14:15:00+05:30,414.95,415.1,414.0,414.75,10471
2024-04-02 15:15:00+05:30,414.75,414.95,412.5,414.45,34131
2024-04-03 09:15:00+05:30,415.5,429.55,414.2,425.0,182044
2024-04-03 10:15:00+05:30,425.0,425.7,419.7,420.05,80048
2024-04-03 11:15:00+05:30,420.05,420.95,419.5,419.8,32103
2024-04-03 12:15:00+05:30,420.05,420.9,419.8,420.05,28123
2024-04-03 13:15:00+05:30,420.05,421.1,419.5,420.05,50112
2024-04-03 14:15:00+05:30,420.05,421.9,418.2,419.9,31641
2024-04-03 15:15:00+05:30,419.9,419.95,415.6,417.7,21331
2024-04-04 09:15:00+05:30,421.8,422.7,416.95,417.85,78352
2024-04-04 10:15:00+05:30,417.85,419.65,417.1,419.25,9288
2024-04-04 11:15:00+05:30,419.25,420.0,419.0,419.35,12377
2024-04-04 12:15:00+05:30,419.35,419.8,417.5,419.8,8549
2024-04-04 13:15:00+05:30,419.8,420.15,417.8,418.5,24300
2024-04-04 14:15:00+05:30,418.5,419.6,416.5,419.15,29292
2024-04-04 15:15:00+05:30,419.6,420.0,417.8,418.0,15473
2024-04-05 09:15:00+05:30,421.0,426.75,420.5,425.85,175470
2024-04-05 10:15:00+05:30,425.85,429.75,423.0,428.95,216549
2024-04-05 11:15:00+05:30,429.0,429.0,425.65,426.55,71392
2024-04-05 12:15:00+05:30,427.45,428.5,425.75,425.9,34827
2024-04-05 13:15:00+05:30,425.9,427.8,425.0,425.45,58372
2024-04-05 14:15:00+05:30,425.45,427.0,424.8,425.05,69263
2024-04-05 15:15:00+05:30,425.2,425.5,421.2,423.0,76480
2024-04-08 09:15:00+05:30,427.95,434.9,424.45,425.25,175030
2024-04-08 10:15:00+05:30,425.25,425.95,424.0,424.7,24819
2024-04-08 11:15:00+05:30,424.7,429.6,423.3,424.2,99473
2024-04-08 12:15:00+05:30,424.15,425.0,423.15,424.0,27831
2024-04-08 13:15:00+05:30,424.0,424.0,418.5,421.15,71335
2024-04-08 14:15:00+05:30,421.15,424.0,418.7,423.5,159185
2024-04-08 15:15:00+05:30,423.5,426.4,418.0,421.2,107315
2024-04-09 09:15:00+05:30,422.3,427.25,422.3,426.6,21494
2024-04-09 10:15:00+05:30,426.6,426.6,423.1,423.4,23535
2024-04-09 11:15:00+05:30,423.4,424.0,420.5,421.0,19177
2024-04-09 12:15:00+05:30,421.0,423.5,420.5,422.05,31777
2024-04-09 13:15:00+05:30,422.05,422.4,418.0,418.15,38292
2024-04-09 14:15:00+05:30,418.15,422.5,417.1,418.85,55275
2024-04-09 15:15:00+05:30,418.85,420.95,417.5,418.55,87234
2024-04-10 09:15:00+05:30,419.5,423.95,418.5,421.9,48033
2024-04-10 10:15:00+05:30,421.9,422.0,421.0,421.4,11314
2024-04-10 11:15:00+05:30,421.4,422.5,420.75,421.5,24285
2024-04-10 12:15:00+05:30,421.5,422.4,421.1,422.25,3514
2024-04-10 13:15:00+05:30,422.25,422.5,420.6,421.65,98108
2024-04-10 14:15:00+05:30,421.65,421.65,419.0,419.5,11531
2024-04-10 15:15:00+05:30,419.5,420.8,419.0,419.0,10152
2024-04-12 09:15:00+05:30,419.3,425.9,414.95,418.75,63900
2024-04-12 10:15:00+05:30,418.7,420.25,418.0,418.8,12519
2024-04-12 11:15:00+05:30,418.8,420.0,418.0,418.5,28406
2024-04-12 12:15:00+05:30,418.5,418.75,417.0,417.45,10211
2024-04-12 13:15:00+05:30,417.45,417.65,416.0,416.5,16528
2024-04-12 14:15:00+05:30,416.5,416.9,412.2,413.5,28195
2024-04-12 15:15:00+05:30,413.65,415.95,413.4,415.0,25643
2024-04-15 09:15:00+05:30,405.0,408.0,397.35,406.8,76121
2024-04-15 10:15:00+05:30,406.8,418.05,406.35,416.25,146562
2024-04-15 11:15:00+05:30,416.25,417.1,415.0,416.6,41420
2024-04-15 12:15:00+05:30,416.05,417.1,414.2,415.0,51634
2024-04-15 13:15:00+05:30,415.0,417.7,415.0,417.15,120375
2024-04-15 14:15:00+05:30,417.15,417.15,412.05,412.75,57558
2024-04-15 15:15:00+05:30,412.75,414.95,408.9,410.0,69866
2024-04-16 09:15:00+05:30,408.0,413.85,405.3,409.0,88237
2024-04-16 10:15:00+05:30,409.0,411.2,408.0,410.2,50830
2024-04-16 11:15:00+05:30,410.2,410.3,407.5,408.2,12519
2024-04-16 12:15:00+05:30,408.2,409.0,407.0,407.5,13911
2024-04-16 13:15:00+05:30,407.5,409.5,407.0,408.0,10954
2024-04-16 14:15:00+05:30,408.0,408.6,405.1,406.6,24899
2024-04-16 15:15:00+05:30,406.6,407.75,406.1,407.4,15500
2024-04-18 09:15:00+05:30,408.95,411.4,405.5,407.3,46680
2024-04-18 10:15:00+05:30,408.0,409.15,406.4,406.55,21138
2024-04-18 11:15:00+05:30,406.55,407.5,406.5,406.9,12828
2024-04-18 12:15:00+05:30,406.9,408.95,406.5,408.9,19133
2024-04-18 13:15:00+05:30,408.9,408.9,406.1,406.45,12969
2024-04-18 14:15:00+05:30,406.45,407.5,403.0,403.0,30906
2024-04-18 15:15:00+05:30,403.0,404.8,402.05,404.8,16938
2024-04-19 09:15:00+05:30,399.95,400.8,388.8,399.4,41526
2024-04-19 10:15:00+05:30,399.4,405.3,399.4,404.85,32053
2024-04-19 11:15:00+05:30,404.9,408.4,403.95,404.3,32451
2024-04-19 12:15:00+05:30,404.3,406.0,404.3,406.0,8754
2024-04-19 13:15:00+05:30,406.0,408.35,405.35,408.35,11848
2024-04-19 14:15:00+05:30,408.35,409.0,404.0,405.85,23244
2024-04-19 15:15:00+05:30,405.85,406.6,404.0,405.7,10467
2024-04-22 09:15:00+05:30,406.0,409.5,404.0,404.35,39121
2024-04-22 10:15:00+05:30,404.0,405.8,403.1,403.95,26928
2024-04-22 11:15:00+05:30,403.95,406.4,403.45,405.5,22471
2024-04-22 12:15:00+05:30,405.5,405.95,403.6,404.7,17661
2024-04-22 13:15:00+05:30,404.7,405.0,403.75,404.05,8141
2024-04-22 14:15:00+05:30,404.05,404.95,403.45,404.95,12337
2024-04-22 15:15:00+05:30,404.95,404.95,404.0,404.75,10052
2024-04-23 09:15:00+05:30,407.5,409.95,405.05,409.95,43511
2024-04-23 10:15:00+05:30,409.95,411.0,408.5,409.95,27374
2024-04-23 11:15:00+05:30,409.95,410.0,409.0,409.6,7211
2024-04-23 12:15:00+05:30,409.6,411.4,408.0,410.65,23925
2024-04-23 13:15:00+05:30,410.65,410.9,409.05,410.4,14771
2024-04-23 14:15:00+05:30,410.4,414.45,410.15,412.9,47709
2024-04-23 15:15:00+05:30,412.9,415.2,412.15,415.2,33747
2024-04-24 09:15:00+05:30,414.55,418.5,413.2,413.8,63959
2024-04-24 10:15:00+05:30,413.8,417.0,413.65,416.0,84710
2024-04-24 11:15:00+05:30,416.0,416.95,415.0,415.65,14177
2024-04-24 12:15:00+05:30,415.65,415.7,414.35,414.65,9384
2024-04-24 13:15:00+05:30,414.95,415.75,413.9,414.05,13575
2024-04-24 14:15:00+05:30,414.05,415.5,412.05,415.0,19431
2024-04-24 15:15:00+05:30,415.0,415.0,413.35,414.95,10635
2024-04-25 09:15:00+05:30,414.45,418.8,413.25,414.9,141350
2024-04-25 10:15:00+05:30,414.9,415.8,409.05,415.0,1065773
2024-04-25 11:15:00+05:30,415.0,415.35,407.1,415.25,291614
2024-04-25 12:15:00+05:30,415.25,415.7,413.65,414.7,41325
2024-04-25 13:15:00+05:30,414.7,415.6,413.35,413.65,63009
2024-04-25 14:15:00+05:30,413.75,414.35,409.6,410.95,80805
2024-04-25 15:15:00+05:30,410.95,412.6,407.0,412.4,49944
2024-04-26 09:15:00+05:30,412.85,417.0,411.2,414.7,51742
2024-04-26 10:15:00+05:30,414.4,414.7,413.05,414.45,22914
2024-04-26 11:15:00+05:30,414.45,415.45,408.25,409.2,1654267
2024-04-26 12:15:00+05:30,409.4,414.8,409.35,413.15,147992
2024-04-26 13:15:00+05:30,413.4,413.9,409.5,410.2,165434
2024-04-26 14:15:00+05:30,410.2,410.65,408.85,409.45,105380
2024-04-26 15:15:00+05:30,409.45,409.45,408.05,408.95,26296
2024-04-29 09:15:00+05:30,411.2,411.95,403.6,407.0,97220
2024-04-29 10:15:00+05:30,407.0,409.3,406.0,408.5,15285
2024-04-29 11:15:00+05:30,408.9,411.1,407.25,410.55,59587
2024-04-29 12:15:00+05:30,410.55,412.45,410.1,410.8,23480
2024-04-29 13:15:00+05:30,410.8,412.35,410.5,411.25,16546
2024-04-29 14:15:00+05:30,411.25,412.2,410.9,411.4,39179
2024-04-29 15:15:00+05:30,411.4,412.55,411.0,411.15,27840
2024-04-30 09:15:00+05:30,411.25,414.95,411.2,412.25,23502
2024-04-30 10:15:00+05:30,412.25,413.35,412.15,412.65,11740
2024-04-30 11:15:00+05:30,412.65,412.9,409.65,409.65,21649
2024-04-30 12:15:00+05:30,409.95,410.0,408.8,409.45,9357
2024-04-30 13:15:00+05:30,409.45,410.7,409.0,410.7,22912
2024-04-30 14:15:00+05:30,410.7,410.95,408.0,408.4,41892
2024-04-30 15:15:00+05:30,408.7,409.45,405.55,406.8,32942
2024-05-02 09:15:00+05:30,409.0,411.45,407.0,408.15,34887
2024-05-02 10:15:00+05:30,408.15,408.25,406.0,407.2,12140
2024-05-02 11:15:00+05:30,407.2,409.0,406.0,408.25,95786
2024-05-02 12:15:00+05:30,408.25,417.6,408.0,415.8,136471
2024-05-02 13:15:00+05:30,415.8,416.0,411.95,412.1,64334
2024-05-02 14:15:00+05:30,412.1,414.7,411.2,412.05,51777
2024-05-02 15:15:00+05:30,412.0,413.0,409.0,411.95,25411
2024-05-03 09:15:00+05:30,414.35,414.4,410.0,412.65,62473
2024-05-03 10:15:00+05:30,412.65,414.2,410.25,413.6,37485
2024-05-03 11:15:00+05:30,413.6,413.9,411.6,413.25,134721
2024-05-03 12:15:00+05:30,413.05,415.8,412.75,414.6,25810
2024-05-03 13:15:00+05:30,414.6,415.0,412.55,413.4,33881
2024-05-03 14:15:00+05:30,413.05,414.0,409.75,410.85,61394
2024-05-03 15:15:00+05:30,410.85,412.35,410.1,412.35,16676
2024-05-06 09:15:00+05:30,413.05,414.05,405.2,407.65,64576
2024-05-06 10:15:00+05:30,407.65,409.7,406.0,409.5,13495
2024-05-06 11:15:00+05:30,409.5,409.6,407.55,408.8,5169
2024-05-06 12:15:00+05:30,408.8,410.0,407.75,408.85,10684
2024-05-06 13:15:00+05:30,408.85,408.85,407.0,408.1,11613
2024-05-06 14:15:00+05:30,408.1,410.65,407.25,409.2,24439
2024-05-06 15:15:00+05:30,409.2,409.4,405.0,409.0,32593
2024-05-07 09:15:00+05:30,408.5,408.5,399.25,403.85,104719
2024-05-07 10:15:00+05:30,403.85,404.45,402.15,403.4,40075
2024-05-07 11:15:00+05:30,403.4,403.95,401.0,401.5,42187
2024-05-07 12:15:00+05:30,401.5,402.45,398.05,401.35,45029
2024-05-07 13:15:00+05:30,401.35,403.45,401.1,403.2,28038
2024-05-07 14:15:00+05:30,403.2,405.25,402.65,403.25,79857
2024-05-07 15:15:00+05:30,403.05,404.0,402.25,403.0,25332
2024-05-08 09:15:00+05:30,405.1,406.95,400.0,406.95,26760
2024-05-08 10:15:00+05:30,406.95,408.0,404.65,407.2,13800
2024-05-08 11:15:00+05:30,407.2,409.5,406.0,408.2,16251
2024-05-08 12:15:00+05:30,408.2,408.3,406.55,407.55,13931
2024-05-08 13:15:00+05:30,407.55,407.8,405.75,406.3,4175
2024-05-08 14:15:00+05:30,406.3,407.5,405.3,405.9,8839
2024-05-08 15:15:00+05:30,405.9,406.0,403.0,406.0,9900
2024-05-09 09:15:00+05:30,404.85,412.65,404.0,407.95,86214
2024-05-09 10:15:00+05:30,406.7,409.0,405.4,406.8,23042
2024-05-09 11:15:00+05:30,406.8,407.9,405.0,406.2,19808
2024-05-09 12:15:00+05:30,406.2,407.0,400.5,403.0,33060
2024-05-09 13:15:00+05:30,403.0,406.4,401.8,405.45,29370
2024-05-09 14:15:00+05:30,405.45,408.65,405.05,406.6,72671
2024-05-09 15:15:00+05:30,406.6,407.0,406.4,407.0,29474
2024-05-10 09:15:00+05:30,406.25,406.25,400.25,404.35,38544
2024-05-10 10:15:00+05:30,404.35,404.6,402.5,403.65,12082
2024-05-10 11:15:00+05:30,403.65,406.95,403.25,406.9,30694
2024-05-10 12:15:00+05:30,406.9,412.4,404.8,412.0,274171
2024-05-10 13:15:00+05:30,412.0,416.5,412.0,415.95,231048
2024-05-10 14:15:00+05:30,415.95,421.2,414.15,414.15,267454
2024-05-10 15:15:00+05:30,414.5,414.5,412.1,413.5,28797
2024-05-13 09:15:00+05:30,414.9,416.0,399.0,401.95,288461
2024-05-13 10:15:00+05:30,402.0,402.4,397.5,398.05,169080
2024-05-13 11:15:00+05:30,398.05,403.4,398.0,401.35,102396
2024-05-13 12:15:00+05:30,401.35,406.3,400.0,405.1,50625
2024-05-13 13:15:00+05:30,405.4,415.15,404.7,412.15,189583
2024-05-13 14:15:00+05:30,412.15,414.0,410.9,411.7,53244
2024-05-13 15:15:00+05:30,411.9,415.2,411.25,413.2,64301
2024-05-14 09:15:00+05:30,422.95,422.95,413.65,419.75,198415
2024-05-14 10:15:00+05:30,419.95,421.9,418.0,420.7,113187
2024-05-14 11:15:00+05:30,420.7,424.35,420.5,421.5,80040
2024-05-14 12:15:00+05:30,421.5,421.95,420.45,421.4,31291
2024-05-14 13:15:00+05:30,421.4,426.9,421.0,425.8,111825
2024-05-14 14:15:00+05:30,425.8,428.35,425.1,428.05,209378
2024-05-14 15:15:00+05:30,428.05,428.2,425.1,426.3,142568
2024-05-15 09:15:00+05:30,427.85,432.45,421.95,423.1,254904
2024-05-15 10:15:00+05:30,422.4,423.65,421.0,421.55,31282
2024-05-15 11:15:00+05:30,421.55,421.9,419.15,420.9,18973
2024-05-15 12:15:00+05:30,420.9,420.95,418.5,418.85,23235
2024-05-15 13:15:00+05:30,418.85,419.25,418.0,418.35,14200
2024-05-15 14:15:00+05:30,418.35,420.5,417.0,417.95,86950
2024-05-15 15:15:00+05:30,417.95,418.95,417.05,418.95,20321
2024-05-16 09:15:00+05:30,421.85,424.5,418.3,423.2,42786
2024-05-16 10:15:00+05:30,422.8,423.6,420.0,420.5,40713
2024-05-16 11:15:00+05:30,420.5,422.45,420.0,421.9,42223
2024-05-16 12:15:00+05:30,421.9,422.0,420.1,420.25,6486
2024-05-16 13:15:00+05:30,420.25,420.65,416.5,417.75,22551
2024-05-16 14:15:00+05:30,417.75,422.4,417.05,421.05,30295
2024-05-16 15:15:00+05:30,421.05,421.8,421.0,421.6,26586
2024-05-17 09:15:00+05:30,420.75,431.85,420.75,425.6,133373
2024-05-17 10:15:00+05:30,425.6,428.25,425.0,427.5,60359
2024-05-17 11:15:00+05:30,427.5,427.5,425.7,426.7,17816
2024-05-17 12:15:00+05:30,426.7,427.95,425.1,425.8,42704
2024-05-17 13:15:00+05:30,425.8,425.85,424.0,424.6,20628
2024-05-17 14:15:00+05:30,424.6,426.2,424.35,426.0,27144
2024-05-17 15:15:00+05:30,426.0,426.9,426.0,426.0,30868
2024-05-18 09:15:00+05:30,427.65,428.75,422.95,422.95,19702
2024-05-18 11:15:00+05:30,427.0,432.5,422.35,430.15,72772
2024-05-18 12:15:00+05:30,430.15,430.85,430.05,430.05,6836
2024-05-21 09:15:00+05:30,405.05,434.0,405.05,423.35,117417
2024-05-21 10:15:00+05:30,423.75,424.0,421.55,422.5,25879
2024-05-21 11:15:00+05:30,422.5,427.0,422.25,426.7,31935
2024-05-21 12:15:00+05:30,426.7,428.25,425.25,427.75,15921
2024-05-21 13:15:00+05:30,427.85,431.6,427.05,428.0,74920
2024-05-21 14:15:00+05:30,428.0,428.2,424.1,425.1,1106589
2024-05-21 15:15:00+05:30,425.1,426.5,424.25,425.0,24963
2024-05-22 09:15:00+05:30,426.05,429.35,423.3,424.95,84392
2024-05-22 10:15:00+05:30,424.95,424.95,421.25,422.8,41881
2024-05-22 11:15:00+05:30,422.8,426.0,422.25,423.85,28834
2024-05-22 12:15:00+05:30,423.85,425.0,422.55,425.0,14465
2024-05-22 13:15:00+05:30,425.0,426.95,424.5,426.05,20414
2024-05-22 14:15:00+05:30,426.05,430.65,425.5,426.3,86449
2024-05-22 15:15:00+05:30,426.4,427.0,425.0,427.0,37638
2024-05-23 09:15:00+05:30,425.05,427.0,413.35,416.2,157172
2024-05-23 10:15:00+05:30,416.5,417.9,415.0,416.45,51863
2024-05-23 11:15:00+05:30,416.45,417.1,415.9,416.05,30206
2024-05-23 12:15:00+05:30,416.05,417.75,414.85,416.15,52178
2024-05-23 13:15:00+05:30,416.15,419.0,415.55,416.65,60357
2024-05-23 14:15:00+05:30,416.65,417.0,414.05,414.5,37357
2024-05-23 15:15:00+05:30,414.5,416.5,413.0,413.95,43201
2024-05-24 09:15:00+05:30,413.0,423.0,410.05,419.95,106716
2024-05-24 10:15:00+05:30,419.95,420.75,417.0,417.5,25591
2024-05-24 11:15:00+05:30,417.5,418.0,415.5,416.55,17387
2024-05-24 12:15:00+05:30,416.55,420.45,416.3,419.35,60459
2024-05-24 13:15:00+05:30,419.35,419.35,417.6,418.2,18753
2024-05-24 14:15:00+05:30,418.2,419.0,416.0,417.95,20852
2024-05-24 15:15:00+05:30,417.95,419.95,417.05,419.9,24877
2024-05-27 09:15:00+05:30,420.5,424.0,419.55,423.25,99364
2024-05-27 10:15:00+05:30,423.25,423.25,420.05,420.8,87255
2024-05-27 11:15:00+05:30,420.9,421.55,420.6,420.75,73847
2024-05-27 12:15:00+05:30,420.7,421.45,420.65,420.7,72181
2024-05-27 13:15:00+05:30,420.7,423.05,420.65,421.2,307799
2024-05-27 14:15:00+05:30,421.2,427.9,420.7,427.75,190459
2024-05-27 15:15:00+05:30,427.5,430.9,425.5,426.0,99128
2024-05-28 09:15:00+05:30,426.0,428.25,421.2,425.4,60717
2024-05-28 10:15:00+05:30,425.4,427.3,425.0,425.5,24126
2024-05-28 11:15:00+05:30,425.5,426.0,425.0,425.05,39669
2024-05-28 12:15:00+05:30,425.05,425.45,421.35,422.25,42189
2024-05-28 13:15:00+05:30,422.25,423.5,421.35,422.75,18220
2024-05-28 14:15:00+05:30,422.75,424.95,422.35,424.35,30325
2024-05-28 15:15:00+05:30,424.35,425.2,424.0,425.0,21273
2024-05-29 09:15:00+05:30,422.55,423.8,417.15,420.0,72386
2024-05-29 10:15:00+05:30,420.0,425.95,419.5,424.15,77146
2024-05-29 11:15:00+05:30,424.15,425.5,423.45,424.95,14541
2024-05-29 12:15:00+05:30,424.95,424.95,422.0,422.5,8088
2024-05-29 13:15:00+05:30,422.5,423.7,422.1,422.5,6672
2024-05-29 14:15:00+05:30,422.5,424.0,422.3,423.2,32013
2024-05-29 15:15:00+05:30,423.25,424.0,422.55,423.5,11808
2024-05-30 09:15:00+05:30,423.5,423.5,418.1,418.35,29696
2024-05-30 10:15:00+05:30,419.15,420.35,418.2,419.0,12706
2024-05-30 11:15:00+05:30,419.0,419.45,417.0,417.8,16285
2024-05-30 12:15:00+05:30,417.8,421.7,417.4,421.4,19782
2024-05-30 13:15:00+05:30,421.4,421.9,419.0,420.75,24330
2024-05-30 14:15:00+05:30,420.75,421.9,418.55,419.0,29030
2024-05-30 15:15:00+05:30,419.1,419.5,418.2,418.6,11738
2024-05-31 09:15:00+05:30,419.9,422.0,417.0,417.55,30534
2024-05-31 10:15:00+05:30,417.55,418.2,417.0,418.2,9519
2024-05-31 11:15:00+05:30,418.2,418.9,417.25,417.9,8480
2024-05-31 12:15:00+05:30,417.9,418.35,416.7,417.85,10221
2024-05-31 13:15:00+05:30,417.85,423.5,417.65,423.3,133639
2024-05-31 14:15:00+05:30,423.3,427.0,421.0,425.35,291182
2024-05-31 15:15:00+05:30,425.35,428.0,423.95,425.05,118532
2024-06-03 09:15:00+05:30,434.0,434.6,418.0,420.05,208506
2024-06-03 10:15:00+05:30,420.0,421.6,418.0,418.0,177244
2024-06-03 11:15:00+05:30,418.0,418.4,415.05,416.05,109176
2024-06-03 12:15:00+05:30,416.35,422.0,415.8,420.0,114436
2024-06-03 13:15:00+05:30,420.45,440.0,420.0,435.2,629805
2024-06-03 14:15:00+05:30,435.1,444.9,431.15,441.5,446251
2024-06-03 15:15:00+05:30,441.5,443.6,440.0,440.9,82693
2024-06-04 09:15:00+05:30,435.0,435.0,411.0,423.3,147660
2024-06-04 10:15:00+05:30,423.8,426.65,400.0,403.6,165036
2024-06-04 11:15:00+05:30,403.6,410.8,403.05,403.05,481445
2024-06-04 12:15:00+05:30,403.05,414.5,402.0,412.25,124750
2024-06-04 13:15:00+05:30,411.95,418.0,410.55,414.1,66000
2024-06-04 14:15:00+05:30,414.7,414.9,405.0,410.85,54246
2024-06-04 15:15:00+05:30,410.85,416.8,408.0,411.0,28829
2024-06-05 09:15:00+05:30,423.0,423.0,400.0,405.95,119271
2024-06-05 10:15:00+05:30,405.75,412.8,404.6,412.2,44419
2024-06-05 11:15:00+05:30,412.2,415.7,411.2,414.0,51463
2024-06-05 12:15:00+05:30,414.0,417.2,414.0,415.5,24010
2024-06-05 13:15:00+05:30,415.5,416.85,414.05,415.5,16745
2024-06-05 14:15:00+05:30,415.5,420.85,414.35,420.85,56823
2024-06-05 15:15:00+05:30,420.85,422.85,420.0,420.0,40975
2024-06-06 09:15:00+05:30,420.0,433.5,419.95,429.2,111763
2024-06-06 10:15:00+05:30,429.15,444.9,429.15,442.6,184257
2024-06-06 11:15:00+05:30,442.6,445.0,437.8,440.45,231782
2024-06-06 12:15:00+05:30,440.45,446.4,438.75,441.0,270887
2024-06-06 13:15:00+05:30,441.0,441.7,438.0,439.6,51740
2024-06-06 14:15:00+05:30,439.6,469.5,438.05,456.55,875391
2024-06-06 15:15:00+05:30,457.0,459.0,454.25,458.9,170861
2024-06-07 09:15:00+05:30,457.0,460.95,450.55,450.95,220458
2024-06-07 10:15:00+05:30,450.95,454.0,450.15,451.0,56689
2024-06-07 11:15:00+05:30,451.0,451.3,446.7,447.35,60505
2024-06-07 12:15:00+05:30,447.35,451.7,447.0,448.95,47124
2024-06-07 13:15:00+05:30,448.95,455.75,448.05,454.75,74054
2024-06-07 14:15:00+05:30,454.75,455.5,453.0,454.1,55320
2024-06-07 15:15:00+05:30,454.1,454.95,453.55,454.9,35723
2024-06-10 09:15:00+05:30,457.0,458.95,445.0,446.55,99585
2024-06-10 10:15:00+05:30,447.05,447.9,444.5,446.3,47246
2024-06-10 11:15:00+05:30,446.3,448.2,446.0,446.1,24105
2024-06-10 12:15:00+05:30,446.05,446.55,444.05,444.3,22171
2024-06-10 13:15:00+05:30,444.3,447.45,444.0,447.35,28560
2024-06-10 14:15:00+05:30,447.35,451.0,446.85,450.4,63838
2024-06-10 15:15:00+05:30,450.4,450.9,450.0,450.25,12567
2024-06-11 09:15:00+05:30,449.95,453.7,446.5,452.05,45355
2024-06-11 10:15:00+05:30,452.05,452.5,447.1,447.7,31292
2024-06-11 11:15:00+05:30,447.7,448.0,445.75,446.05,40336
2024-06-11 12:15:00+05:30,446.05,446.95,444.9,445.0,34205
2024-06-11 13:15:00+05:30,445.0,445.1,443.2,443.85,60977
2024-06-11 14:15:00+05:30,443.85,446.1,440.8,441.15,240968
2024-06-11 15:15:00+05:30,441.1,441.45,438.5,440.0,48406
2024-06-12 09:15:00+05:30,441.0,446.0,441.0,443.8,55596
2024-06-12 10:15:00+05:30,444.0,445.15,442.5,444.05,21192
2024-06-12 11:15:00+05:30,444.05,444.6,442.65,443.25,6009
2024-06-12 12:15:00+05:30,443.25,443.5,442.65,443.0,5856
2024-06-12 13:15:00+05:30,443.0,449.5,441.2,442.6,743597
2024-06-12 14:15:00+05:30,442.6,445.5,442.1,443.8,52255
2024-06-12 15:15:00+05:30,443.8,444.2,443.0,443.0,24934
2024-06-13 09:15:00+05:30,443.9,451.95,443.85,449.05,125499
2024-06-13 10:15:00+05:30,449.05,449.2,447.3,447.9,23698
2024-06-13 11:15:00+05:30,447.55,448.7,444.55,445.4,384243
2024-06-13 12:15:00+05:30,444.95,450.0,444.0,448.6,498409
2024-06-13 13:15:00+05:30,448.6,457.0,447.6,453.15,161702
2024-06-13 14:15:00+05:30,453.0,453.5,449.05,450.0,72697
2024-06-13 15:15:00+05:30,450.0,452.0,447.55,452.0,35319
2024-06-14 09:15:00+05:30,452.0,456.6,450.35,455.0,83899
2024-06-14 10:15:00+05:30,455.0,458.0,454.6,455.0,87015
2024-06-14 11:15:00+05:30,455.45,458.6,451.05,456.6,129796
2024-06-14 12:15:00+05:30,456.1,456.55,453.9,454.15,25922
2024-06-14 13:15:00+05:30,454.45,456.8,454.0,455.05,44551
2024-06-14 14:15:00+05:30,454.95,459.0,454.6,455.4,180128
2024-06-14 15:15:00+05:30,455.4,456.1,454.6,456.0,73172
2024-06-18 09:15:00+05:30,465.0,482.4,461.0,478.1,1021908
2024-06-18 10:15:00+05:30,477.85,480.0,470.75,478.5,333471
2024-06-18 11:15:00+05:30,478.5,479.55,473.6,474.35,211081
2024-06-18 12:15:00+05:30,474.35,476.9,472.4,476.9,121573
2024-06-18 13:15:00+05:30,476.9,476.95,472.6,473.3,76193
2024-06-18 14:15:00+05:30,473.3,476.4,472.4,474.45,93869
2024-06-18 15:15:00+05:30,474.45,476.3,472.75,475.8,63421
2024-06-19 09:15:00+05:30,477.5,477.5,463.65,467.65,152705
2024-06-19 10:15:00+05:30,467.65,469.75,466.05,469.15,50536
2024-06-19 11:15:00+05:30,469.15,471.25,466.05,467.3,49964
2024-06-19 12:15:00+05:30,467.3,475.0,467.3,470.25,1008728
2024-06-19 13:15:00+05:30,470.25,471.25,469.45,470.05,358694
2024-06-19 14:15:00+05:30,470.05,471.0,465.15,466.0,249667
2024-06-19 15:15:00+05:30,466.0,468.0,465.45,466.15,29511
2024-06-20 09:15:00+05:30,469.25,469.9,464.55,468.8,118755
2024-06-20 10:15:00+05:30,468.8,472.65,468.4,470.75,58867
2024-06-20 11:15:00+05:30,470.75,474.9,470.4,473.3,62006
2024-06-20 12:15:00+05:30,473.3,479.0,473.0,478.1,104317
2024-06-20 13:15:00+05:30,478.1,482.0,474.0,474.0,227151
2024-06-20 14:15:00+05:30,474.0,479.95,474.0,478.0,170765
2024-06-20 15:15:00+05:30,478.0,478.0,476.0,477.95,45912
2024-06-21 09:15:00+05:30,478.35,481.4,474.05,475.0,98031
2024-06-21 10:15:00+05:30,475.0,479.8,473.0,477.0,102662
2024-06-21 11:15:00+05:30,477.6,478.8,476.4,476.45,18274
2024-06-21 12:15:00+05:30,476.45,477.2,472.5,473.1,28390
2024-06-21 13:15:00+05:30,473.1,477.8,473.0,477.4,39093
2024-06-21 14:15:00+05:30,477.4,478.15,474.25,474.25,45494
2024-06-21 15:15:00+05:30,474.05,474.9,471.5,471.8,16834
2024-06-24 09:15:00+05:30,472.4,475.0,466.05,475.0,95875
2024-06-24 10:15:00+05:30,474.4,481.0,474.0,480.0,114440
2024-06-24 11:15:00+05:30,480.0,496.0,479.55,493.0,605437
2024-06-24 12:15:00+05:30,493.45,494.0,488.55,490.5,123957
2024-06-24 13:15:00+05:30,490.5,498.0,486.55,492.45,233776
2024-06-24 14:15:00+05:30,492.45,497.0,491.0,491.95,329621
2024-06-24 15:15:00+05:30,491.95,494.2,491.0,493.5,111228
2024-06-25 09:15:00+05:30,494.55,495.6,487.0,489.65,197859
2024-06-25 10:15:00+05:30,489.65,500.95,485.0,485.0,365654
2024-06-25 11:15:00+05:30,485.0,486.9,485.0,486.15,36113
2024-06-25 12:15:00+05:30,486.15,487.55,483.0,484.65,1359986
2024-06-25 13:15:00+05:30,484.65,486.85,482.0,485.5,61592
2024-06-25 14:15:00+05:30,485.5,486.15,482.95,483.65,36713
2024-06-25 15:15:00+05:30,483.4,483.9,478.3,481.7,84733
2024-06-26 09:15:00+05:30,481.25,486.95,476.5,478.25,106501
2024-06-26 10:15:00+05:30,478.25,482.95,478.25,481.95,18333
2024-06-26 11:15:00+05:30,481.95,482.65,480.1,482.2,12399
2024-06-26 12:15:00+05:30,482.2,482.9,480.0,481.3,18774
2024-06-26 13:15:00+05:30,481.8,484.45,481.0,484.35,26164
2024-06-26 14:15:00+05:30,484.35,484.35,476.4,478.0,39823
2024-06-26 15:15:00+05:30,477.95,478.3,476.35,477.0,30201
2024-06-27 09:15:00+05:30,475.1,489.95,475.1,487.1,105995
2024-06-27 10:15:00+05:30,487.1,487.45,483.0,485.6,40072
2024-06-27 11:15:00+05:30,485.6,489.5,484.25,487.3,30737
2024-06-27 12:15:00+05:30,487.3,489.25,484.2,485.85,52962
2024-06-27 13:15:00+05:30,485.85,486.3,478.55,479.3,33571
2024-06-27 14:15:00+05:30,479.3,487.25,479.2,486.05,424381
2024-06-27 15:15:00+05:30,486.05,489.0,485.9,486.05,33661
2024-06-28 09:15:00+05:30,486.8,489.7,478.95,479.65,62978
2024-06-28 10:15:00+05:30,479.65,483.0,478.0,482.05,45528
2024-06-28 11:15:00+05:30,482.05,484.0,482.0,482.25,12139
2024-06-28 12:15:00+05:30,482.5,482.95,481.55,482.45,47231
2024-06-28 13:15:00+05:30,482.45,483.0,481.0,482.0,442963
2024-06-28 14:15:00+05:30,482.0,483.05,482.0,482.0,33006
2024-06-28 15:15:00+05:30,482.0,483.0,480.9,481.0,33918
2024-07-01 09:15:00+05:30,484.8,490.95,478.0,486.0,92332
2024-07-01 10:15:00+05:30,486.0,495.7,485.85,494.05,408716
2024-07-01 11:15:00+05:30,494.05,496.75,492.8,493.4,99454
2024-07-01 12:15:00+05:30,493.75,497.55,491.35,497.5,78514
2024-07-01 13:15:00+05:30,497.5,497.5,495.6,496.5,34104
2024-07-01 14:15:00+05:30,496.5,497.0,495.5,496.8,65776
2024-07-01 15:15:00+05:30,496.5,497.15,496.0,496.5,81946
2024-07-02 09:15:00+05:30,504.8,510.0,495.0,500.1,352548
2024-07-02 10:15:00+05:30,500.1,501.0,498.8,500.2,51738
2024-07-02 11:15:00+05:30,500.0,500.5,499.75,500.0,57063
2024-07-02 12:15:00+05:30,500.0,501.9,498.25,501.55,146517
2024-07-02 13:15:00+05:30,501.5,501.55,500.0,500.25,44325
2024-07-02 14:15:00+05:30,500.25,500.8,498.05,500.15,85535
2024-07-02 15:15:00+05:30,500.25,500.65,499.85,500.05,65529
2024-07-03 09:15:00+05:30,500.95,503.65,496.55,497.65,50798
2024-07-03 10:15:00+05:30,497.65,497.95,493.25,494.6,34260
2024-07-03 11:15:00+05:30,494.6,495.0,494.0,494.45,11304
2024-07-03 12:15:00+05:30,494.45,495.0,494.0,494.5,15063
2024-07-03 13:15:00+05:30,494.5,495.0,494.0,494.1,14216
2024-07-03 14:15:00+05:30,494.1,494.75,491.2,492.3,35519
2024-07-03 15:15:00+05:30,492.7,494.55,492.05,494.0,16685
2024-07-04 09:15:00+05:30,493.0,498.0,492.55,493.45,34683
2024-07-04 10:15:00+05:30,493.45,496.7,491.0,493.95,65539
2024-07-04 11:15:00+05:30,493.95,494.85,493.55,493.9,128556
2024-07-04 12:15:00+05:30,493.9,494.4,493.7,494.3,123242
2024-07-04 13:15:00+05:30,493.95,497.45,493.3,495.55,87821
2024-07-04 14:15:00+05:30,495.55,497.0,493.35,496.7,89698
2024-07-04 15:15:00+05:30,496.5,498.3,495.65,497.9,16820
2024-07-05 09:15:00+05:30,497.0,497.4,492.0,492.45,37878
2024-07-05 10:15:00+05:30,492.9,494.5,492.0,492.05,12781
2024-07-05 11:15:00+05:30,492.0,493.55,491.5,493.25,14100
2024-07-05 12:15:00+05:30,492.8,493.5,492.05,492.2,7927
2024-07-05 13:15:00+05:30,492.2,493.5,491.55,492.1,15389
2024-07-05 14:15:00+05:30,492.15,493.5,490.15,493.4,24316
2024-07-05 15:15:00+05:30,493.4,493.5,490.4,490.95,15815
2024-07-08 09:15:00+05:30,493.6,493.6,484.9,485.7,52483
2024-07-08 10:15:00+05:30,485.7,485.95,481.5,481.5,29381
2024-07-08 11:15:00+05:30,482.1,485.85,481.95,482.85,25226
2024-07-08 12:15:00+05:30,482.85,484.0,482.1,482.45,10872
2024-07-08 13:15:00+05:30,482.45,489.0,482.4,487.9,41085
2024-07-08 14:15:00+05:30,487.5,491.0,487.3,488.95,21123
2024-07-08 15:15:00+05:30,489.0,492.0,487.1,490.0,16302
2024-07-09 09:15:00+05:30,491.8,493.25,486.05,487.95,19087
2024-07-09 10:15:00+05:30,487.95,495.0,486.3,492.75,28981
2024-07-09 11:15:00+05:30,492.4,493.4,490.0,490.5,8330
2024-07-09 12:15:00+05:30,490.5,492.6,488.45,490.0,19512
2024-07-09 13:15:00+05:30,490.0,491.95,490.0,491.2,8599
2024-07-09 14:15:00+05:30,491.2,512.4,490.35,493.0,323695
2024-07-09 15:15:00+05:30,493.0,493.0,490.0,492.0,27346
2024-07-10 09:15:00+05:30,491.9,494.0,487.75,488.15,39290
2024-07-10 10:15:00+05:30,488.15,490.0,481.45,487.8,49461
2024-07-10 11:15:00+05:30,487.8,489.95,486.05,489.4,11215
2024-07-10 12:15:00+05:30,489.4,489.65,487.7,488.3,6069
2024-07-10 13:15:00+05:30,488.3,489.4,486.6,487.4,12018
2024-07-10 14:15:00+05:30,487.05,496.1,487.05,494.9,26242
2024-07-10 15:15:00+05:30,494.9,500.0,494.0,494.2,33075
2024-07-11 09:15:00+05:30,495.65,496.0,487.85,489.2,54796
2024-07-11 10:15:00+05:30,489.2,491.65,487.5,487.7,23287
2024-07-11 11:15:00+05:30,487.7,489.95,487.25,488.35,15323
2024-07-11 12:15:00+05:30,488.35,492.65,488.35,492.55,18108
2024-07-11 13:15:00+05:30,492.55,492.55,489.0,489.85,9635
2024-07-11 14:15:00+05:30,489.5,490.75,489.15,489.9,15123
2024-07-11 15:15:00+05:30,489.85,490.6,488.05,490.6,12596
2024-07-12 09:15:00+05:30,489.3,493.55,483.15,483.7,67655
2024-07-12 10:15:00+05:30,483.25,485.6,483.1,484.05,20006
2024-07-12 11:15:00+05:30,484.05,484.7,482.0,483.05,12174
2024-07-12 12:15:00+05:30,483.05,483.35,481.0,481.65,12801
2024-07-12 13:15:00+05:30,481.65,483.65,480.4,481.85,20654
2024-07-12 14:15:00+05:30,481.85,484.0,481.2,483.15,20601
2024-07-12 15:15:00+05:30,483.5,483.5,482.2,483.3,9181
2024-07-15 09:15:00+05:30,486.25,496.0,485.0,489.95,89199
2024-07-15 10:15:00+05:30,489.95,489.95,488.0,488.5,16952
2024-07-15 11:15:00+05:30,488.5,489.15,486.7,488.65,8045
2024-07-15 12:15:00+05:30,488.65,489.65,487.15,488.15,8676
2024-07-15 13:15:00+05:30,488.4,490.0,486.5,487.2,19370
2024-07-15 14:15:00+05:30,487.2,490.0,487.05,488.35,23303
2024-07-15 15:15:00+05:30,488.35,488.4,485.1,486.95,18397
2024-07-16 09:15:00+05:30,487.65,489.6,485.1,486.8,25309
2024-07-16 10:15:00+05:30,486.8,487.9,485.0,487.6,12907
2024-07-16 11:15:00+05:30,487.6,493.9,487.6,489.4,54022
2024-07-16 12:15:00+05:30,489.4,491.55,487.3,490.75,35887
2024-07-16 13:15:00+05:30,490.75,491.95,488.6,489.35,23032
2024-07-16 14:15:00+05:30,489.35,490.95,487.55,489.15,30956
2024-07-16 15:15:00+05:30,489.15,490.5,487.3,490.5,14027
2024-07-18 09:15:00+05:30,489.05,491.0,483.55,487.4,56516
2024-07-18 10:15:00+05:30,487.4,487.4,481.25,481.9,30449
2024-07-18 11:15:00+05:30,481.9,486.35,480.8,485.7,30246
2024-07-18 12:15:00+05:30,485.7,488.0,484.2,486.6,30295
2024-07-18 13:15:00+05:30,486.6,489.0,486.1,487.2,35795
2024-07-18 14:15:00+05:30,487.2,487.3,482.05,483.05,28852
2024-07-18 15:15:00+05:30,483.05,483.3,481.0,481.95,12800
2024-07-19 09:15:00+05:30,480.0,481.95,474.45,475.4,42799
2024-07-19 10:15:00+05:30,475.4,477.5,470.0,471.75,29144
2024-07-19 11:15:00+05:30,471.75,472.8,469.05,472.2,12839
2024-07-19 12:15:00+05:30,472.2,472.95,467.6,469.8,19301
2024-07-19 13:15:00+05:30,469.8,472.1,467.0,469.0,21732
2024-07-19 14:15:00+05:30,469.0,470.0,466.35,467.0,30485
2024-07-19 15:15:00+05:30,467.0,480.7,466.65,479.5,58207
2024-07-22 09:15:00+05:30,472.0,473.75,466.25,469.5,74997
2024-07-22 10:15:00+05:30,469.5,469.55,466.8,467.45,46020
2024-07-22 11:15:00+05:30,467.15,468.35,466.0,467.55,18963
2024-07-22 12:15:00+05:30,467.55,468.25,463.6,464.45,35951
2024-07-22 13:15:00+05:30,464.5,466.65,463.05,466.4,188145
2024-07-22 14:15:00+05:30,466.35,472.95,464.5,468.0,228183
2024-07-22 15:15:00+05:30,468.0,469.9,466.6,468.3,8036
2024-07-23 09:15:00+05:30,468.3,470.65,466.3,466.8,17429
2024-07-23 10:15:00+05:30,466.8,469.9,466.05,466.05,88669
2024-07-23 11:15:00+05:30,466.05,467.85,464.05,467.65,13808
2024-07-23 12:15:00+05:30,467.65,468.9,460.1,465.0,41960
2024-07-23 13:15:00+05:30,465.0,467.2,463.05,465.9,20867
2024-07-23 14:15:00+05:30,466.45,467.95,465.0,466.55,12243
2024-07-23 15:15:00+05:30,466.55,469.0,464.0,464.25,8654
2024-07-24 09:15:00+05:30,469.25,479.0,468.9,479.0,33920
2024-07-24 10:15:00+05:30,477.9,479.4,476.65,479.1,7998
2024-07-24 11:15:00+05:30,479.1,479.25,476.25,477.9,9134
2024-07-24 12:15:00+05:30,477.9,478.95,476.0,478.4,10738
2024-07-24 13:15:00+05:30,478.4,482.05,477.65,480.4,11619
2024-07-24 14:15:00+05:30,480.4,481.15,479.2,480.7,9772
2024-07-24 15:15:00+05:30,480.7,485.0,479.0,479.0,21088
2024-07-25 09:15:00+05:30,480.0,480.0,475.0,476.25,13995
2024-07-25 10:15:00+05:30,476.25,481.0,476.25,479.35,8928
2024-07-25 11:15:00+05:30,479.5,479.9,476.2,476.9,6778
2024-07-25 12:15:00+05:30,476.9,477.95,476.15,476.85,4446
2024-07-25 13:15:00+05:30,476.85,477.9,476.1,477.6,6788
2024-07-25 14:15:00+05:30,477.6,478.4,476.8,477.3,5057
2024-07-25 15:15:00+05:30,477.25,478.0,476.55,476.7,8624
2024-07-26 09:15:00+05:30,479.85,491.75,477.6,491.0,58868
2024-07-26 10:15:00+05:30,491.0,494.25,490.0,491.55,37741
2024-07-26 11:15:00+05:30,491.55,492.5,488.05,489.4,70615
2024-07-26 12:15:00+05:30,489.4,490.0,487.75,489.65,12284
2024-07-26 13:15:00+05:30,489.65,490.35,487.0,487.95,18725
2024-07-26 14:15:00+05:30,488.2,489.25,484.6,485.55,20481
2024-07-26 15:15:00+05:30,486.05,488.0,482.7,487.1,26963
2024-07-29 09:15:00+05:30,487.5,496.9,485.4,491.65,60771
2024-07-29 10:15:00+05:30,491.9,494.05,485.85,486.25,56629
2024-07-29 11:15:00+05:30,486.25,490.0,484.45,486.2,78550
2024-07-29 12:15:00+05:30,486.2,486.5,484.4,485.55,20218
2024-07-29 13:15:00+05:30,485.55,485.55,481.7,482.15,16509
2024-07-29 14:15:00+05:30,482.15,486.15,481.6,483.95,31369
2024-07-29 15:15:00+05:30,483.95,483.95,482.0,483.75,13704
2024-07-30 09:15:00+05:30,483.05,489.4,480.05,488.8,37543
2024-07-30 10:15:00+05:30,488.8,490.5,485.05,486.1,97297
2024-07-30 11:15:00+05:30,486.1,487.0,485.85,486.0,19303
2024-07-30 12:15:00+05:30,486.0,487.0,485.95,486.0,5933
2024-07-30 13:15:00+05:30,486.0,486.85,485.9,486.25,10860
2024-07-30 14:15:00+05:30,486.25,487.7,485.6,487.0,23415
2024-07-30 15:15:00+05:30,486.95,490.9,486.95,490.25,21934
2024-07-31 09:15:00+05:30,490.85,491.1,488.0,489.85,43379
2024-07-31 10:15:00+05:30,489.95,501.0,488.05,491.6,61796
2024-07-31 11:15:00+05:30,491.6,495.7,491.0,495.0,18281
2024-07-31 12:15:00+05:30,495.0,495.8,492.0,493.55,740897
2024-07-31 13:15:00+05:30,493.55,495.5,493.0,493.3,163624
2024-07-31 14:15:00+05:30,493.3,495.5,491.2,491.2,65080
2024-07-31 15:15:00+05:30,491.2,495.45,491.2,494.5,15316
2024-08-01 09:15:00+05:30,491.0,504.0,488.45,499.95,85918
2024-08-01 10:15:00+05:30,499.95,503.45,498.95,500.4,161158
2024-08-01 11:15:00+05:30,500.35,501.9,499.0,499.5,282710
2024-08-01 12:15:00+05:30,499.5,502.5,499.5,502.0,74906
2024-08-01 13:15:00+05:30,502.0,508.0,501.9,507.0,110909
2024-08-01 14:15:00+05:30,507.0,522.0,504.5,514.05,543126
2024-08-01 15:15:00+05:30,513.6,516.95,513.0,515.5,112366
2024-08-02 09:15:00+05:30,513.05,522.25,506.45,510.1,282757
2024-08-02 10:15:00+05:30,509.25,515.2,509.05,514.7,75072
2024-08-02 11:15:00+05:30,514.7,515.5,510.9,511.8,50460
2024-08-02 12:15:00+05:30,511.8,526.7,509.05,523.25,285096
2024-08-02 13:15:00+05:30,522.85,526.1,522.85,523.35,139301
2024-08-02 14:15:00+05:30,523.35,524.5,520.7,522.9,89072
2024-08-02 15:15:00+05:30,522.75,524.0,522.75,523.0,59121
2024-08-05 09:15:00+05:30,513.0,520.0,501.1,518.45,133886
2024-08-05 10:15:00+05:30,518.45,522.0,514.0,515.65,76142
2024-08-05 11:15:00+05:30,515.05,516.25,514.15,515.75,50560
2024-08-05 12:15:00+05:30,515.75,517.2,506.1,515.95,66620
2024-08-05 13:15:00+05:30,515.95,516.95,515.0,515.15,18683
2024-08-05 14:15:00+05:30,515.15,515.95,505.45,513.15,38795
2024-08-05 15:15:00+05:30,513.15,515.0,507.4,514.7,23662
2024-08-06 09:15:00+05:30,515.0,521.95,508.7,514.7,78181
2024-08-06 10:15:00+05:30,514.7,515.4,506.75,509.45,25221
2024-08-06 11:15:00+05:30,509.45,510.9,508.0,509.0,35033
2024-08-06 12:15:00+05:30,509.0,509.6,507.2,508.8,7896
2024-08-06 13:15:00+05:30,508.8,509.0,503.0,503.35,16513
2024-08-06 14:15:00+05:30,503.35,513.35,501.8,511.8,48499
2024-08-06 15:15:00+05:30,511.8,516.0,510.35,515.55,22653
2024-08-07 09:15:00+05:30,518.45,533.0,517.5,523.95,229491
2024-08-07 10:15:00+05:30,523.95,527.0,512.75,514.15,92252
2024-08-07 11:15:00+05:30,514.15,516.0,512.25,514.4,69740
2024-08-07 12:15:00+05:30,514.45,516.0,513.0,514.75,156003
2024-08-07 13:15:00+05:30,514.75,520.6,514.45,519.5,325802
2024-08-07 14:15:00+05:30,519.5,520.9,515.25,516.0,149771
2024-08-07 15:15:00+05:30,516.6,517.85,513.0,516.3,75624
2024-08-08 09:15:00+05:30,522.4,536.0,518.55,525.0,215598
2024-08-08 10:15:00+05:30,525.0,531.8,523.05,527.1,67275
2024-08-08 11:15:00+05:30,527.1,528.5,524.3,525.5,45528
2024-08-08 12:15:00+05:30,525.5,527.75,523.05,523.95,56024
2024-08-08 13:15:00+05:30,523.95,532.0,519.75,528.6,314408
2024-08-08 14:15:00+05:30,527.35,529.0,516.0,518.55,223259
2024-08-08 15:15:00+05:30,518.55,524.1,517.25,522.45,54764
2024-08-09 09:15:00+05:30,525.0,527.0,511.1,513.25,71386
2024-08-09 10:15:00+05:30,513.3,515.6,511.0,514.25,23549
2024-08-09 11:15:00+05:30,514.25,516.0,511.75,513.4,20940
2024-08-09 12:15:00+05:30,513.4,520.2,511.5,515.8,157141
2024-08-09 13:15:00+05:30,515.8,517.7,513.55,514.0,21771
2024-08-09 14:15:00+05:30,514.0,515.85,509.95,510.0,49451
2024-08-09 15:15:00+05:30,510.0,512.7,508.55,512.7,37910
2024-08-12 09:15:00+05:30,511.0,522.0,508.05,519.8,63842
2024-08-12 10:15:00+05:30,519.8,522.0,518.1,521.55,21467
2024-08-12 11:15:00+05:30,521.55,523.75,520.1,520.85,22608
2024-08-12 12:15:00+05:30,521.5,521.6,519.25,519.9,8874
2024-08-12 13:15:00+05:30,519.9,521.9,518.9,521.4,20674
2024-08-12 14:15:00+05:30,521.4,521.9,516.0,520.8,26951
2024-08-12 15:15:00+05:30,520.8,524.1,520.6,522.95,29916
2024-08-13 09:15:00+05:30,521.1,521.1,516.5,518.15,13266
2024-08-13 10:15:00+05:30,518.15,524.0,516.0,524.0,25603
2024-08-13 11:15:00+05:30,524.0,529.45,522.25,522.8,46035
2024-08-13 12:15:00+05:30,522.8,523.55,517.15,518.95,18189
2024-08-13 13:15:00+05:30,518.95,520.5,515.25,517.35,12368
2024-08-13 14:15:00+05:30,517.35,517.45,510.0,510.05,22576
2024-08-13 15:15:00+05:30,510.05,518.9,510.05,518.9,14546
2024-08-14 09:15:00+05:30,515.0,515.05,509.75,511.6,30835
2024-08-14 10:15:00+05:30,511.6,512.5,509.9,511.75,11902
2024-08-14 11:15:00+05:30,511.75,514.95,510.0,513.9,5006
2024-08-14 12:15:00+05:30,513.9,513.9,510.55,513.25,2532
2024-08-14 13:15:00+05:30,513.25,513.7,511.0,511.0,3015
2024-08-14 14:15:00+05:30,511.0,512.95,509.85,510.6,9786
2024-08-14 15:15:00+05:30,510.6,514.0,510.0,514.0,7799
2024-08-16 09:15:00+05:30,514.4,527.0,513.15,520.65,91480
2024-08-16 10:15:00+05:30,520.65,520.7,517.4,518.7,21504
2024-08-16 11:15:00+05:30,518.7,521.0,514.1,517.2,485697
2024-08-16 12:15:00+05:30,517.2,521.0,515.55,520.95,35306
2024-08-16 13:15:00+05:30,521.0,521.0,519.55,521.0,119712
2024-08-16 14:15:00+05:30,521.0,521.0,518.2,519.0,158058
2024-08-16 15:15:00+05:30,519.0,519.9,515.05,515.1,36906
2024-08-19 09:15:00+05:30,517.95,527.6,516.65,522.6,61836
2024-08-19 10:15:00+05:30,522.6,526.9,521.8,523.0,31360
2024-08-19 11:15:00+05:30,523.0,527.95,522.6,525.25,19102
2024-08-19 12:15:00+05:30,525.25,525.25,522.7,523.3,8698
2024-08-19 13:15:00+05:30,523.3,524.9,522.5,523.55,11998
2024-08-19 14:15:00+05:30,523.55,524.25,519.55,519.8,19046
2024-08-19 15:15:00+05:30,519.8,521.8,518.2,520.0,31774
2024-08-20 09:15:00+05:30,523.45,527.0,517.3,524.05,54266
2024-08-20 10:15:00+05:30,524.05,527.0,524.0,526.0,43105
2024-08-20 11:15:00+05:30,526.0,526.5,522.0,522.0,25771
2024-08-20 12:15:00+05:30,522.25,523.0,521.0,521.4,7861
2024-08-20 13:15:00+05:30,521.4,522.0,519.85,520.5,14042
2024-08-20 14:15:00+05:30,520.5,526.45,519.75,525.6,34268
2024-08-20 15:15:00+05:30,525.55,526.45,517.1,521.25,19641
2024-08-21 09:15:00+05:30,526.0,534.0,520.75,526.0,154702
2024-08-21 10:15:00+05:30,526.0,528.0,524.55,527.4,42482
2024-08-21 11:15:00+05:30,527.4,527.7,525.6,527.0,8105
2024-08-21 12:15:00+05:30,527.0,527.0,525.3,526.35,17236
2024-08-21 13:15:00+05:30,526.3,531.65,525.9,529.25,58916
2024-08-21 14:15:00+05:30,529.25,530.0,527.2,528.2,28920
2024-08-21 15:15:00+05:30,528.1,530.2,527.0,529.8,35499
2024-08-22 09:15:00+05:30,532.95,532.95,525.4,526.45,37327
2024-08-22 10:15:00+05:30,526.45,549.4,525.95,542.0,207288
2024-08-22 11:15:00+05:30,542.0,544.5,539.5,541.7,52673
2024-08-22 12:15:00+05:30,541.7,542.1,539.15,539.7,23146
2024-08-22 13:15:00+05:30,539.7,541.8,537.7,539.7,41842
2024-08-22 14:15:00+05:30,539.7,546.8,536.3,538.0,113102
2024-08-22 15:15:00+05:30,538.0,540.35,536.1,537.15,32364
2024-08-23 09:15:00+05:30,538.7,574.95,538.05,565.5,1537526
2024-08-23 10:15:00+05:30,565.95,584.95,564.0,583.0,1886018
2024-08-23 11:15:00+05:30,583.2,590.0,580.25,583.75,1894120
2024-08-23 12:15:00+05:30,583.65,589.35,582.0,584.8,949184
2024-08-23 13:15:00+05:30,584.2,611.95,583.45,600.5,2570414
2024-08-23 14:15:00+05:30,600.95,644.0,599.0,635.6,6216953
2024-08-23 15:15:00+05:30,635.65,645.65,631.35,645.65,1015573
2024-08-26 09:15:00+05:30,628.0,637.7,613.15,619.05,1241165
2024-08-26 10:15:00+05:30,618.55,620.55,611.5,614.15,620200
2024-08-26 11:15:00+05:30,614.15,644.0,613.2,640.35,805935
2024-08-26 12:15:00+05:30,640.55,652.0,639.0,645.9,1503999
2024-08-26 13:15:00+05:30,646.4,646.45,633.85,637.0,570555
2024-08-26 14:15:00+05:30,637.5,640.9,626.0,631.5,493712
2024-08-26 15:15:00+05:30,631.5,635.45,630.15,632.0,156600
2024-08-27 09:15:00+05:30,616.0,630.3,599.65,604.95,981351
2024-08-27 10:15:00+05:30,604.95,608.65,599.05,602.1,302086
2024-08-27 11:15:00+05:30,602.1,603.85,599.0,599.8,158777
2024-08-27 12:15:00+05:30,600.0,603.5,598.3,600.0,234565
2024-08-27 13:15:00+05:30,600.0,600.25,598.75,600.0,86772
2024-08-27 14:15:00+05:30,600.0,600.0,592.5,593.0,242703
2024-08-27 15:15:00+05:30,593.0,593.0,585.0,588.0,293543
2024-08-28 09:15:00+05:30,591.5,598.0,585.8,592.45,320348
2024-08-28 10:15:00+05:30,592.45,593.0,588.3,588.95,60819
2024-08-28 11:15:00+05:30,588.95,593.7,588.5,592.3,34807
2024-08-28 12:15:00+05:30,592.3,592.3,589.0,589.3,40634
2024-08-28 13:15:00+05:30,589.3,591.75,586.05,586.55,60928
2024-08-28 14:15:00+05:30,586.55,588.7,580.55,582.8,81828
2024-08-28 15:15:00+05:30,582.8,587.0,582.4,587.0,56797
2024-08-29 09:15:00+05:30,587.5,592.3,582.0,582.8,125261
2024-08-29 10:15:00+05:30,582.8,582.85,578.6,581.0,46718
2024-08-29 11:15:00+05:30,581.0,582.75,577.75,579.65,28039
2024-08-29 12:15:00+05:30,579.65,581.5,578.95,580.65,14559
2024-08-29 13:15:00+05:30,580.4,581.8,580.25,580.95,20018
2024-08-29 14:15:00+05:30,580.95,583.25,580.0,580.7,68570
2024-08-29 15:15:00+05:30,580.7,582.95,578.05,579.8,33717
2024-08-30 09:15:00+05:30,583.75,583.75,569.85,574.45,296004
2024-08-30 10:15:00+05:30,574.45,575.05,568.6,569.4,93737
2024-08-30 11:15:00+05:30,569.55,571.65,567.6,569.0,89241
2024-08-30 12:15:00+05:30,568.5,569.0,564.05,565.0,57309
2024-08-30 13:15:00+05:30,565.0,565.1,562.7,564.85,76036
2024-08-30 14:15:00+05:30,564.85,570.5,564.0,569.1,167425
2024-08-30 15:15:00+05:30,568.65,572.75,568.0,568.0,61840
2024-09-02 09:15:00+05:30,584.0,584.0,567.95,574.0,174933
2024-09-02 10:15:00+05:30,574.0,574.2,563.55,565.7,64297
2024-09-02 11:15:00+05:30,565.2,565.5,559.1,562.35,59933
2024-09-02 12:15:00+05:30,562.35,563.5,557.5,558.0,67663
2024-09-02 13:15:00+05:30,558.0,559.95,550.3,558.75,105083
2024-09-02 14:15:00+05:30,558.75,561.7,556.7,557.25,168420
2024-09-02 15:15:00+05:30,557.75,561.4,556.35,560.8,77251
2024-09-03 09:15:00+05:30,562.5,572.5,562.05,569.3,179418
2024-09-03 10:15:00+05:30,569.5,569.6,561.2,564.05,70896
2024-09-03 11:15:00+05:30,564.05,581.3,562.85,575.0,369604
2024-09-03 12:15:00+05:30,574.4,575.0,571.05,571.75,105863
2024-09-03 13:15:00+05:30,571.75,573.05,569.0,570.45,90048
2024-09-03 14:15:00+05:30,570.25,574.95,567.4,572.05,93818
2024-09-03 15:15:00+05:30,572.05,572.45,567.0,567.9,44345
2024-09-04 09:15:00+05:30,570.6,577.9,565.05,574.65,145297
2024-09-04 10:15:00+05:30,574.65,588.95,570.55,582.7,601074
2024-09-04 11:15:00+05:30,582.7,587.95,578.05,579.45,295970
2024-09-04 12:15:00+05:30,579.45,581.1,571.6,573.2,134823
2024-09-04 13:15:00+05:30,573.2,574.05,572.1,572.35,55014
2024-09-04 14:15:00+05:30,572.35,578.55,570.75,577.05,110343
2024-09-04 15:15:00+05:30,577.05,577.25,569.65,572.9,117228
2024-09-05 09:15:00+05:30,574.0,585.75,574.0,577.45,232483
2024-09-05 10:15:00+05:30,577.45,580.25,574.5,577.45,51678
2024-09-05 11:15:00+05:30,577.45,590.0,576.05,585.0,257803
2024-09-05 12:15:00+05:30,585.0,587.35,581.35,584.7,49654
2024-09-05 13:15:00+05:30,584.7,586.9,583.9,584.55,36433
2024-09-05 14:15:00+05:30,584.55,586.8,583.45,585.2,71312
2024-09-05 15:15:00+05:30,584.1,587.1,584.1,584.4,48117
2024-09-06 09:15:00+05:30,585.55,590.4,576.85,578.3,143604
2024-09-06 10:15:00+05:30,578.45,582.1,568.25,569.05,176432
2024-09-06 11:15:00+05:30,569.05,570.0,564.3,565.0,74857
2024-09-06 12:15:00+05:30,565.0,569.6,565.0,566.45,106901
2024-09-06 13:15:00+05:30,566.45,569.75,565.7,568.9,41017
2024-09-06 14:15:00+05:30,568.9,568.95,548.05,550.0,521100
2024-09-06 15:15:00+05:30,550.0,554.9,549.0,553.05,136063
2024-09-09 09:15:00+05:30,560.0,569.0,556.9,563.6,506128
2024-09-09 10:15:00+05:30,563.6,563.75,559.05,560.0,117134
2024-09-09 11:15:00+05:30,560.0,561.65,553.6,558.45,300856
2024-09-09 12:15:00+05:30,558.45,559.65,539.15,547.9,448303
2024-09-09 13:15:00+05:30,547.9,552.4,545.3,548.95,75574
2024-09-09 14:15:00+05:30,548.95,552.4,546.55,550.0,84778
2024-09-09 15:15:00+05:30,550.0,554.0,547.0,548.0,160508
2024-09-10 09:15:00+05:30,555.2,555.85,547.2,547.5,103285
2024-09-10 10:15:00+05:30,547.5,548.55,545.0,546.0,34317
2024-09-10 11:15:00+05:30,546.0,546.0,541.5,542.8,43102
2024-09-10 12:15:00+05:30,542.8,546.8,542.5,543.0,79483
2024-09-10 13:15:00+05:30,543.0,543.85,542.0,543.45,55269
2024-09-10 14:15:00+05:30,543.0,544.4,542.15,543.0,106702
2024-09-10 15:15:00+05:30,543.0,543.8,542.0,543.5,69440
2024-09-11 09:15:00+05:30,545.2,545.25,535.65,539.7,119154
2024-09-11 10:15:00+05:30,539.85,543.25,538.6,539.3,53259
2024-09-11 11:15:00+05:30,539.3,539.6,534.6,537.5,35228
2024-09-11 12:15:00+05:30,537.5,538.3,534.7,536.8,27548
2024-09-11 13:15:00+05:30,536.8,537.7,535.5,536.05,18409
2024-09-11 14:15:00+05:30,536.0,536.8,530.0,530.15,69112
2024-09-11 15:15:00+05:30,530.15,532.2,528.6,531.55,37681
2024-09-12 09:15:00+05:30,535.0,538.9,530.1,530.8,59162
2024-09-12 10:15:00+05:30,530.8,536.0,530.0,535.75,37195
2024-09-12 11:15:00+05:30,535.75,545.0,533.2,542.4,62754
2024-09-12 12:15:00+05:30,542.55,544.2,535.75,536.05,114546
2024-09-12 13:15:00+05:30,536.05,538.9,535.35,536.3,38480
2024-09-12 14:15:00+05:30,536.3,539.0,535.1,538.55,48450
2024-09-12 15:15:00+05:30,538.45,539.8,535.55,537.3,34211
2024-09-13 09:15:00+05:30,542.55,547.0,539.5,545.2,119309
2024-09-13 10:15:00+05:30,545.2,546.2,542.05,544.0,33634
2024-09-13 11:15:00+05:30,544.0,544.5,541.35,543.25,20389
2024-09-13 12:15:00+05:30,543.25,543.65,538.45,540.0,41596
2024-09-13 13:15:00+05:30,540.0,541.4,538.55,540.85,22604
2024-09-13 14:15:00+05:30,540.85,544.75,539.35,543.75,34124
2024-09-13 15:15:00+05:30,543.75,544.75,543.0,543.25,27828
2024-09-16 09:15:00+05:30,548.0,548.65,539.0,539.45,69108
2024-09-16 10:15:00+05:30,538.9,540.65,537.3,538.85,27486
2024-09-16 11:15:00+05:30,539.3,540.2,536.05,537.45,32797
2024-09-16 12:15:00+05:30,537.7,539.4,536.95,538.25,12133
2024-09-16 13:15:00+05:30,538.5,550.9,537.9,550.0,117935
2024-09-16 14:15:00+05:30,550.1,558.75,549.55,553.7,246968
2024-09-16 15:15:00+05:30,554.05,556.75,552.8,554.9,88783
2024-09-17 09:15:00+05:30,560.55,562.0,552.1,555.45,155662
2024-09-17 10:15:00+05:30,555.7,558.0,548.05,550.0,98593
2024-09-17 11:15:00+05:30,550.0,550.0,547.75,549.4,43653
2024-09-17 12:15:00+05:30,549.4,550.0,548.8,549.95,30683
2024-09-17 13:15:00+05:30,549.95,550.4,547.5,550.0,47079
2024-09-17 14:15:00+05:30,550.0,555.7,549.65,554.25,61934
2024-09-17 15:15:00+05:30,554.35,556.5,552.05,554.1,46895
2024-09-18 09:15:00+05:30,557.8,558.0,552.0,552.65,60887
2024-09-18 10:15:00+05:30,552.65,554.5,551.5,552.5,17374
2024-09-18 11:15:00+05:30,552.5,554.8,552.1,553.8,24586
2024-09-18 12:15:00+05:30,553.8,553.95,549.45,550.1,32267
2024-09-18 13:15:00+05:30,550.1,552.0,548.9,551.8,19572
2024-09-18 14:15:00+05:30,551.8,554.3,543.55,544.8,137116
2024-09-18 15:15:00+05:30,544.95,545.0,534.0,535.0,360524
2024-09-19 09:15:00+05:30,537.45,539.7,530.45,531.45,107672
2024-09-19 10:15:00+05:30,531.45,532.55,528.05,529.25,36272
2024-09-19 11:15:00+05:30,528.75,528.75,517.25,520.0,214189
2024-09-19 12:15:00+05:30,520.0,528.95,519.9,524.95,52380
2024-09-19 13:15:00+05:30,524.95,525.0,519.0,520.0,171061
2024-09-19 14:15:00+05:30,520.0,522.2,518.8,520.0,194474
2024-09-19 15:15:00+05:30,520.0,520.75,519.0,520.0,113116
2024-09-20 09:15:00+05:30,525.0,555.0,516.0,552.25,715095
2024-09-20 10:15:00+05:30,552.2,564.95,550.1,562.5,1392345
2024-09-20 11:15:00+05:30,562.5,580.0,560.0,564.0,2962077
2024-09-20 12:15:00+05:30,564.0,572.8,544.25,556.6,2828500
2024-09-20 13:15:00+05:30,556.6,560.0,555.2,558.75,638824
2024-09-20 14:15:00+05:30,558.8,565.65,551.0,561.15,1725840
2024-09-20 15:15:00+05:30,561.65,568.9,553.0,554.1,1387636
2024-09-23 09:15:00+05:30,556.0,560.9,550.0,556.05,345580
2024-09-23 10:15:00+05:30,556.35,558.8,553.25,558.4,88007
2024-09-23 11:15:00+05:30,558.4,579.4,557.15,578.0,335787
2024-09-23 12:15:00+05:30,578.0,598.75,576.25,597.55,2155869
2024-09-23 13:15:00+05:30,597.55,616.0,593.0,597.1,2427539
2024-09-23 14:15:00+05:30,597.4,599.5,588.0,590.0,673937
2024-09-23 15:15:00+05:30,590.0,590.3,583.1,584.85,337340
2024-09-24 09:15:00+05:30,585.1,598.35,579.5,587.7,626919
2024-09-24 10:15:00+05:30,587.7,594.0,585.1,590.8,163080
2024-09-24 11:15:00+05:30,591.25,596.0,589.1,591.8,102062
2024-09-24 12:15:00+05:30,591.95,596.95,591.15,594.55,103355
2024-09-24 13:15:00+05:30,594.55,595.7,592.2,593.9,48666
2024-09-24 14:15:00+05:30,593.9,596.45,591.45,595.8,167922
2024-09-24 15:15:00+05:30,595.8,599.5,592.2,594.0,108091
2024-09-25 09:15:00+05:30,591.5,607.0,590.1,602.3,411029
2024-09-25 10:15:00+05:30,602.3,609.55,595.0,599.75,545125
2024-09-25 11:15:00+05:30,599.75,600.35,595.0,598.75,138039
2024-09-25 12:15:00+05:30,598.75,599.2,595.0,595.9,35966
2024-09-25 13:15:00+05:30,595.9,599.6,595.0,598.8,26709
2024-09-25 14:15:00+05:30,598.8,603.75,595.1,602.7,140222
2024-09-25 15:15:00+05:30,602.85,604.7,600.0,602.5,91415
2024-09-26 09:15:00+05:30,605.7,605.7,593.9,600.6,153426
2024-09-26 10:15:00+05:30,600.6,607.65,599.4,604.95,137345
2024-09-26 11:15:00+05:30,605.0,612.75,604.55,607.0,169755
2024-09-26 12:15:00+05:30,607.0,623.8,606.2,623.45,364544
2024-09-26 13:15:00+05:30,623.3,623.65,614.05,616.35,383676
2024-09-26 14:15:00+05:30,616.05,619.75,611.5,617.6,181182
2024-09-26 15:15:00+05:30,616.95,621.5,616.55,618.5,156722
2024-09-27 09:15:00+05:30,621.8,621.8,608.6,609.1,190992
2024-09-27 10:15:00+05:30,609.1,616.45,609.05,611.0,56554
2024-09-27 11:15:00+05:30,611.3,612.6,608.85,610.0,56637
2024-09-27 12:15:00+05:30,610.0,610.9,604.95,605.65,45725
2024-09-27 13:15:00+05:30,605.65,612.0,604.9,611.0,49473
2024-09-27 14:15:00+05:30,611.0,611.5,601.0,601.35,101438
2024-09-27 15:15:00+05:30,601.3,606.05,600.1,603.65,69691
2024-09-30 09:15:00+05:30,605.0,605.05,591.15,599.4,140597
2024-09-30 10:15:00+05:30,599.7,599.9,593.0,594.8,24128
2024-09-30 11:15:00+05:30,594.8,596.85,594.1,596.3,14973
2024-09-30 12:15:00+05:30,596.3,599.45,595.2,597.35,24267
2024-09-30 13:15:00+05:30,597.35,598.95,595.2,597.1,22731
2024-09-30 14:15:00+05:30,597.3,603.8,594.9,603.0,64996
2024-09-30 15:15:00+05:30,603.4,603.65,600.0,600.95,28188
2024-10-01 09:15:00+05:30,600.6,609.9,595.1,607.4,94170
2024-10-01 10:15:00+05:30,607.0,609.35,601.5,608.5,54477
2024-10-01 11:15:00+05:30,608.5,611.7,606.2,610.05,56749
2024-10-01 12:15:00+05:30,610.05,611.15,607.05,610.25,63398
2024-10-01 13:15:00+05:30,609.9,614.9,609.8,612.75,57937
2024-10-01 14:15:00+05:30,612.2,614.45,610.0,611.95,59846
2024-10-01 15:15:00+05:30,612.0,614.0,610.0,611.2,47684
2024-10-03 09:15:00+05:30,601.0,607.0,590.0,598.5,97556
2024-10-03 10:15:00+05:30,599.0,600.0,597.0,599.4,34809
2024-10-03 11:15:00+05:30,599.4,600.75,598.0,598.7,73807
2024-10-03 12:15:00+05:30,598.7,601.4,598.05,598.7,23751
2024-10-03 13:15:00+05:30,598.5,599.6,598.0,598.1,45795
2024-10-03 14:15:00+05:30,598.5,603.3,598.0,601.8,90106
2024-10-03 15:15:00+05:30,602.0,602.55,599.75,600.05,31442
2024-10-04 09:15:00+05:30,601.0,601.55,582.0,595.1,197146
2024-10-04 10:15:00+05:30,595.1,599.75,591.0,598.0,49541
2024-10-04 11:15:00+05:30,598.0,609.35,595.4,607.25,60057
2024-10-04 12:15:00+05:30,607.25,607.6,597.55,600.75,38284
2024-10-04 13:15:00+05:30,600.75,600.75,588.15,594.35,72025
2024-10-04 14:15:00+05:30,594.35,599.75,590.2,593.4,152473
2024-10-04 15:15:00+05:30,593.6,600.0,593.6,594.0,28663
2024-10-07 09:15:00+05:30,597.0,602.1,576.05,583.55,95978
2024-10-07 10:15:00+05:30,583.55,584.0,559.6,566.15,273162
2024-10-07 11:15:00+05:30,566.15,574.5,566.15,574.0,70189
2024-10-07 12:15:00+05:30,574.0,574.1,566.25,568.15,47760
2024-10-07 13:15:00+05:30,568.15,569.0,563.8,565.55,29883
2024-10-07 14:15:00+05:30,565.55,567.6,560.9,563.3,58461
2024-10-07 15:15:00+05:30,562.9,565.0,558.6,563.95,41085
2024-10-08 09:15:00+05:30,552.45,577.4,552.45,568.05,168160
2024-10-08 10:15:00+05:30,568.05,569.95,558.9,560.0,134063
2024-10-08 11:15:00+05:30,560.0,560.95,557.1,559.8,60442
2024-10-08 12:15:00+05:30,559.8,567.05,556.5,562.5,656451
2024-10-08 13:15:00+05:30,562.95,565.95,560.1,564.9,113021
2024-10-08 14:15:00+05:30,564.9,565.1,559.1,562.1,285140
2024-10-08 15:15:00+05:30,562.9,565.7,561.45,564.75,114283
2024-10-09 09:15:00+05:30,565.0,583.95,565.0,579.35,109814
2024-10-09 10:15:00+05:30,578.05,583.2,578.05,578.95,57460
2024-10-09 11:15:00+05:30,578.75,580.55,574.05,576.75,32563
2024-10-09 12:15:00+05:30,576.75,580.0,576.35,579.25,25743
2024-10-09 13:15:00+05:30,579.25,586.95,578.5,582.3,41251
2024-10-09 14:15:00+05:30,582.3,583.25,574.25,579.2,107041
2024-10-09 15:15:00+05:30,579.35,579.95,577.3,577.55,30626
2024-10-10 09:15:00+05:30,584.6,593.0,580.85,591.3,103300
2024-10-10 10:15:00+05:30,591.95,592.35,583.35,583.6,37940
2024-10-10 11:15:00+05:30,583.6,586.9,582.75,585.95,17287
2024-10-10 12:15:00+05:30,585.95,585.95,580.25,581.5,16849
2024-10-10 13:15:00+05:30,581.05,582.4,579.1,579.55,14854
2024-10-10 14:15:00+05:30,580.0,582.5,578.65,581.3,32119
2024-10-10 15:15:00+05:30,581.0,582.4,579.0,579.05,23008
2024-10-11 09:15:00+05:30,584.1,584.9,576.0,581.3,54628
2024-10-11 10:15:00+05:30,581.3,581.75,577.1,578.4,17114
2024-10-11 11:15:00+05:30,578.4,578.8,575.9,577.05,18683
2024-10-11 12:15:00+05:30,577.05,577.5,572.0,573.15,22319
2024-10-11 13:15:00+05:30,573.15,573.7,571.0,573.3,18728
2024-10-11 14:15:00+05:30,573.3,573.4,570.0,572.0,51191
2024-10-11 15:15:00+05:30,571.8,573.35,570.5,572.65,31241
2024-10-14 09:15:00+05:30,574.0,583.6,566.7,569.65,69444
2024-10-14 10:15:00+05:30,569.65,575.0,567.2,573.0,39126
2024-10-14 11:15:00+05:30,572.8,574.0,570.0,570.0,23783
2024-10-14 12:15:00+05:30,570.0,570.25,567.45,568.3,12256
2024-10-14 13:15:00+05:30,568.3,569.25,566.0,567.0,11624
2024-10-14 14:15:00+05:30,567.0,572.75,567.0,571.45,39071
2024-10-14 15:15:00+05:30,571.45,572.9,570.85,571.0,42189
2024-10-15 09:15:00+05:30,572.5,576.75,564.9,565.1,42849
2024-10-15 10:15:00+05:30,565.1,565.35,560.8,562.05,27699
2024-10-15 11:15:00+05:30,562.05,564.0,559.55,562.95,26435
2024-10-15 12:15:00+05:30,562.95,563.25,560.1,560.75,30972
2024-10-15 13:15:00+05:30,560.8,564.2,560.25,563.55,18494
2024-10-15 14:15:00+05:30,563.55,565.75,562.4,564.75,48962
2024-10-15 15:15:00+05:30,564.8,564.8,561.75,562.25,23849
2024-10-16 09:15:00+05:30,564.4,566.05,560.0,561.0,37421
2024-10-16 10:15:00+05:30,561.0,569.0,555.0,557.85,119939
2024-10-16 11:15:00+05:30,557.85,558.1,548.0,549.3,151051
2024-10-16 12:15:00+05:30,549.3,551.5,549.0,549.3,37293
2024-10-16 13:15:00+05:30,549.3,549.75,546.1,547.6,47071
2024-10-16 14:15:00+05:30,547.8,550.7,545.55,550.45,81332
2024-10-16 15:15:00+05:30,550.1,555.7,549.25,550.0,97459
2024-10-17 09:15:00+05:30,555.0,556.8,536.9,538.0,133154
2024-10-17 10:15:00+05:30,538.15,540.85,534.2,534.35,96443
2024-10-17 11:15:00+05:30,534.35,542.5,534.1,535.95,114580
2024-10-17 12:15:00+05:30,535.95,544.15,535.15,539.8,112568
2024-10-17 13:15:00+05:30,539.8,543.5,534.7,534.95,118739
2024-10-17 14:15:00+05:30,535.1,536.15,530.15,531.75,128462
2024-10-17 15:15:00+05:30,532.2,533.55,529.8,531.0,75916
2024-10-18 09:15:00+05:30,530.0,535.8,518.3,530.75,143851
2024-10-18 10:15:00+05:30,530.75,539.85,530.7,538.55,80273
2024-10-18 11:15:00+05:30,538.55,539.0,536.0,537.35,27209
2024-10-18 12:15:00+05:30,537.35,537.35,533.2,534.25,27651
2024-10-18 13:15:00+05:30,534.25,536.55,533.05,535.95,18098
2024-10-18 14:15:00+05:30,535.7,541.0,534.7,538.75,74478
2024-10-18 15:15:00+05:30,538.8,539.85,533.05,535.1,92653
2024-10-21 09:15:00+05:30,540.0,550.0,528.0,533.4,116777
2024-10-21 10:15:00+05:30,533.4,534.45,531.0,533.9,19580
2024-10-21 11:15:00+05:30,533.9,534.0,527.55,527.9,16968
2024-10-21 12:15:00+05:30,527.5,530.55,526.0,527.6,18328
2024-10-21 13:15:00+05:30,527.6,527.95,523.8,524.4,77799
2024-10-21 14:15:00+05:30,524.4,525.0,522.5,522.75,33008
2024-10-21 15:15:00+05:30,522.5,523.8,520.2,523.8,23391
2024-10-22 09:15:00+05:30,522.4,523.95,516.15,516.9,68900
2024-10-22 10:15:00+05:30,516.9,517.3,505.3,512.3,136751
2024-10-22 11:15:00+05:30,512.3,513.6,509.55,509.55,11117
2024-10-22 12:15:00+05:30,509.55,511.85,508.9,510.0,41694
2024-10-22 13:15:00+05:30,510.0,510.55,505.0,507.85,144898
2024-10-22 14:15:00+05:30,507.85,507.85,499.05,500.55,74269
2024-10-22 15:15:00+05:30,500.15,504.9,497.75,503.0,37023
2024-10-23 09:15:00+05:30,500.0,505.85,483.05,504.8,147490
2024-10-23 10:15:00+05:30,504.8,511.45,501.3,505.45,98736
2024-10-23 11:15:00+05:30,505.45,506.75,500.6,502.0,44698
2024-10-23 12:15:00+05:30,502.0,522.7,501.2,515.5,194006
2024-10-23 13:15:00+05:30,515.5,517.55,511.25,513.75,39721
2024-10-23 14:15:00+05:30,513.75,513.95,507.35,508.85,40956
2024-10-23 15:15:00+05:30,509.2,511.95,507.55,510.4,31087
2024-10-24 09:15:00+05:30,508.1,517.1,501.8,503.6,107565
2024-10-24 10:15:00+05:30,503.75,505.0,497.8,498.9,47186
2024-10-24 11:15:00+05:30,498.9,499.0,493.15,493.95,100156
2024-10-24 12:15:00+05:30,494.05,499.65,490.1,496.75,71963
2024-10-24 13:15:00+05:30,496.75,499.3,492.45,495.65,59115
2024-10-24 14:15:00+05:30,495.65,495.9,492.5,494.1,69632
2024-10-24 15:15:00+05:30,493.6,496.0,492.6,496.0,38142
2024-10-25 09:15:00+05:30,495.0,496.6,479.25,480.85,94206
2024-10-25 10:15:00+05:30,480.85,481.35,469.05,479.25,131599
2024-10-25 11:15:00+05:30,479.25,482.55,475.25,478.6,73709
2024-10-25 12:15:00+05:30,478.6,479.3,475.0,478.0,28480
2024-10-25 13:15:00+05:30,478.0,479.9,473.5,474.8,45603
2024-10-25 14:15:00+05:30,474.8,480.3,472.65,479.45,48150
2024-10-25 15:15:00+05:30,479.45,481.65,475.15,475.15,37649
2024-10-28 09:15:00+05:30,478.0,491.45,478.0,490.8,119619
2024-10-28 10:15:00+05:30,491.55,501.65,486.45,500.55,114222
2024-10-28 11:15:00+05:30,501.25,505.3,500.6,503.75,60589
2024-10-28 12:15:00+05:30,503.75,506.7,500.6,501.9,48502
2024-10-28 13:15:00+05:30,501.9,503.05,500.1,500.75,15119
2024-10-28 14:15:00+05:30,500.75,504.35,498.8,504.35,69729
2024-10-28 15:15:00+05:30,504.35,505.0,501.2,502.0,30117
2024-10-29 09:15:00+05:30,502.85,504.95,493.4,494.0,64707
2024-10-29 10:15:00+05:30,493.75,499.95,488.45,498.9,67612
2024-10-29 11:15:00+05:30,498.9,504.15,497.85,503.2,36634
2024-10-29 12:15:00+05:30,503.2,504.8,501.0,501.6,13857
2024-10-29 13:15:00+05:30,501.6,503.05,499.2,502.7,19933
2024-10-29 14:15:00+05:30,502.7,505.65,500.15,500.7,44757
2024-10-29 15:15:00+05:30,500.7,504.75,498.4,503.85,42465
2024-10-30 09:15:00+05:30,502.0,509.75,498.35,504.65,32751
2024-10-30 10:15:00+05:30,504.65,506.5,499.0,500.15,37913
2024-10-30 11:15:00+05:30,500.15,503.65,500.15,503.45,13146
2024-10-30 12:15:00+05:30,503.45,510.35,502.6,507.3,36810
2024-10-30 13:15:00+05:30,507.3,507.45,503.0,504.0,22434
2024-10-30 14:15:00+05:30,504.0,507.7,503.1,505.95,20271
2024-10-30 15:15:00+05:30,505.6,508.4,504.3,506.0,19598
2024-10-31 09:15:00+05:30,500.0,514.4,499.95,510.75,52550
2024-10-31 10:15:00+05:30,510.75,513.0,507.8,509.3,24568
2024-10-31 11:15:00+05:30,509.5,513.1,508.95,512.3,18749
2024-10-31 12:15:00+05:30,512.3,512.5,506.55,508.05,15573
2024-10-31 13:15:00+05:30,507.55,509.5,506.2,507.65,27820
2024-10-31 14:15:00+05:30,507.65,516.6,505.05,515.55,86779
2024-10-31 15:15:00+05:30,515.55,516.5,513.5,513.75,49917
2024-11-01 18:00:00+05:30,515.0,520.8,513.95,519.5,41258
2024-11-04 09:15:00+05:30,510.55,518.3,498.0,499.85,87678
2024-11-04 10:15:00+05:30,499.85,504.7,498.3,502.45,47511
2024-11-04 11:15:00+05:30,502.45,506.85,501.85,504.55,11749
2024-11-04 12:15:00+05:30,504.55,505.45,502.4,505.15,18528
2024-11-04 13:15:00+05:30,505.15,506.0,502.75,506.0,14273
2024-11-04 14:15:00+05:30,506.0,507.75,503.1,505.85,17317
2024-11-04 15:15:00+05:30,505.0,505.45,501.6,502.3,20731
2024-11-05 09:15:00+05:30,505.5,505.95,498.55,503.55,22072
2024-11-05 10:15:00+05:30,503.0,503.45,501.4,502.25,4962
2024-11-05 11:15:00+05:30,501.8,517.15,499.0,514.75,124836
2024-11-05 12:15:00+05:30,514.75,518.2,514.0,515.9,64840
2024-11-05 13:15:00+05:30,515.9,520.6,515.05,520.2,49389
2024-11-05 14:15:00+05:30,520.0,524.7,518.75,518.75,178245
2024-11-05 15:15:00+05:30,518.75,521.25,518.75,520.5,62802
2024-11-06 09:15:00+05:30,522.95,529.0,522.05,524.3,83719
2024-11-06 10:15:00+05:30,524.3,526.45,520.0,522.2,28192
2024-11-06 11:15:00+05:30,522.2,532.95,522.0,532.95,89642
2024-11-06 12:15:00+05:30,532.95,537.8,532.0,534.6,115440
2024-11-06 13:15:00+05:30,534.6,535.0,531.25,532.0,18689
2024-11-06 14:15:00+05:30,532.0,533.0,527.55,529.75,41335
2024-11-06 15:15:00+05:30,529.75,531.0,526.45,528.5,24880
2024-11-07 09:15:00+05:30,533.85,535.45,526.05,527.15,50260
2024-11-07 10:15:00+05:30,527.15,529.65,523.1,526.45,25421
2024-11-07 11:15:00+05:30,526.45,529.4,524.0,524.9,6764
2024-11-07 12:15:00+05:30,524.5,526.8,523.8,525.6,9918
2024-11-07 13:15:00+05:30,525.6,525.6,522.9,524.15,9041
2024-11-07 14:15:00+05:30,524.15,524.65,520.5,521.6,20382
2024-11-07 15:15:00+05:30,521.6,522.85,518.0,519.4,27388
2024-11-08 09:15:00+05:30,519.6,524.45,513.8,518.25,28804
2024-11-08 10:15:00+05:30,518.25,519.0,513.0,514.05,31447
2024-11-08 11:15:00+05:30,514.05,514.2,510.1,511.15,17888
2024-11-08 12:15:00+05:30,511.15,514.3,510.55,512.4,8207
2024-11-08 13:15:00+05:30,512.2,513.15,508.05,508.25,23559
2024-11-08 14:15:00+05:30,508.25,518.0,507.0,510.0,23013
2024-11-08 15:15:00+05:30,510.0,511.9,505.9,509.0,23484
2024-11-11 09:15:00+05:30,503.1,511.45,499.25,508.0,88142
2024-11-11 10:15:00+05:30,508.6,515.25,506.25,514.35,27816
2024-11-11 11:15:00+05:30,514.35,515.05,505.55,505.95,26923
2024-11-11 12:15:00+05:30,507.2,508.15,503.9,504.3,16388
2024-11-11 13:15:00+05:30,504.3,505.0,498.95,499.25,36425
2024-11-11 14:15:00+05:30,499.25,500.0,498.6,499.6,15129
2024-11-11 15:15:00+05:30,499.65,500.0,498.6,500.0,16354
2024-11-12 09:15:00+05:30,500.0,502.95,491.65,493.3,58148
2024-11-12 10:15:00+05:30,493.3,496.55,492.6,494.45,21661
2024-11-12 11:15:00+05:30,494.45,501.95,491.45,491.5,41145
2024-11-12 12:15:00+05:30,491.4,493.6,486.3,487.3,56897
2024-11-12 13:15:00+05:30,487.3,491.7,486.6,488.95,40726
2024-11-12 14:15:00+05:30,488.95,507.65,488.15,494.1,301494
2024-11-12 15:15:00+05:30,494.1,497.4,491.2,496.5,89947
2024-11-13 09:15:00+05:30,501.0,504.3,484.65,484.85,117596
2024-11-13 10:15:00+05:30,484.85,489.7,484.55,485.95,23486
2024-11-13 11:15:00+05:30,485.95,494.25,485.0,490.25,33153
2024-11-13 12:15:00+05:30,490.25,499.0,490.15,493.3,248077
2024-11-13 13:15:00+05:30,493.75,493.75,483.65,483.65,31946
2024-11-13 14:15:00+05:30,483.65,483.95,478.15,478.5,95891
2024-11-13 15:15:00+05:30,478.75,480.95,470.15,477.95,125162
2024-11-14 09:15:00+05:30,484.5,500.0,484.5,492.7,133268
2024-11-14 10:15:00+05:30,492.7,495.05,487.7,491.95,258790
2024-11-14 11:15:00+05:30,491.95,494.7,490.9,494.2,82558
2024-11-14 12:15:00+05:30,494.45,494.5,489.75,493.95,58502
2024-11-14 13:15:00+05:30,493.95,494.5,491.05,493.0,221106
2024-11-14 14:15:00+05:30,493.0,495.3,491.45,492.1,114638
2024-11-14 15:15:00+05:30,492.1,496.55,491.7,494.05,47500
2024-11-18 09:15:00+05:30,494.3,499.25,481.95,484.85,58839
2024-11-18 10:15:00+05:30,484.8,485.85,477.5,485.7,51106
2024-11-18 11:15:00+05:30,485.7,487.0,479.75,484.65,294695
2024-11-18 12:15:00+05:30,485.3,489.5,483.7,487.3,190756
2024-11-18 13:15:00+05:30,487.25,490.5,485.95,489.4,17683
2024-11-18 14:15:00+05:30,489.1,492.0,488.7,490.75,82824
2024-11-18 15:15:00+05:30,490.7,491.4,486.0,487.5,47017
2024-11-19 09:15:00+05:30,492.0,500.75,490.2,495.6,50643
2024-11-19 10:15:00+05:30,495.6,495.95,492.75,493.85,14593
2024-11-19 11:15:00+05:30,493.85,494.8,492.55,493.6,9951
2024-11-19 12:15:00+05:30,493.6,493.95,491.0,493.5,11230
2024-11-19 13:15:00+05:30,493.4,493.5,489.0,489.0,13245
2024-11-19 14:15:00+05:30,489.0,492.4,481.8,483.7,56035
2024-11-19 15:15:00+05:30,483.25,486.05,482.7,482.75,18099
2024-11-21 09:15:00+05:30,491.6,491.6,478.0,482.4,69452
2024-11-21 10:15:00+05:30,482.1,483.95,478.85,483.25,21764
2024-11-21 11:15:00+05:30,483.25,484.5,481.3,483.55,8464
2024-11-21 12:15:00+05:30,483.55,484.7,480.05,482.5,16287
2024-11-21 13:15:00+05:30,482.5,483.85,479.85,480.15,13497
2024-11-21 14:15:00+05:30,480.15,482.0,476.1,478.5,42018
2024-11-21 15:15:00+05:30,478.5,483.0,478.0,480.0,20081
2024-11-22 09:15:00+05:30,486.2,486.2,475.4,479.85,39676
2024-11-22 10:15:00+05:30,479.85,481.4,477.5,480.5,11633
2024-11-22 11:15:00+05:30,480.5,484.8,478.6,483.85,15122
2024-11-22 12:15:00+05:30,483.85,484.4,481.2,482.55,9334
2024-11-22 13:15:00+05:30,482.55,484.95,482.55,483.45,10677
2024-11-22 14:15:00+05:30,483.45,484.4,481.0,484.2,15933
2024-11-22 15:15:00+05:30,484.2,484.2,481.35,482.0,9604
2024-11-25 09:15:00+05:30,485.0,489.7,483.0,484.65,51169
2024-11-25 10:15:00+05:30,484.65,486.0,478.55,480.25,56409
2024-11-25 11:15:00+05:30,480.25,481.95,477.25,478.3,60918
2024-11-25 12:15:00+05:30,478.3,478.7,472.1,474.7,152804
2024-11-25 13:15:00+05:30,474.8,475.35,473.8,474.9,9928
2024-11-25 14:15:00+05:30,474.9,495.2,474.3,486.65,266676
2024-11-25 15:15:00+05:30,486.65,487.45,484.45,484.6,36385
2024-11-26 09:15:00+05:30,491.0,491.0,480.8,482.2,51442
2024-11-26 10:15:00+05:30,482.3,483.45,480.1,482.75,21745
2024-11-26 11:15:00+05:30,482.7,484.05,480.4,480.9,11990
2024-11-26 12:15:00+05:30,480.9,484.1,480.35,483.5,12725
2024-11-26 13:15:00+05:30,483.5,483.9,481.15,483.6,10710
2024-11-26 14:15:00+05:30,483.6,486.9,482.75,484.3,24957
2024-11-26 15:15:00+05:30,484.3,487.0,483.5,486.0,21793
2024-11-27 09:15:00+05:30,488.0,495.9,486.0,495.9,46682
2024-11-27 10:15:00+05:30,495.9,500.95,495.2,497.45,66330
2024-11-27 11:15:00+05:30,497.45,497.75,494.05,495.4,15672
2024-11-27 12:15:00+05:30,495.4,499.25,495.0,495.0,19022
2024-11-27 13:15:00+05:30,495.0,496.65,494.75,496.4,4652
2024-11-27 14:15:00+05:30,496.4,498.0,494.35,495.9,16089
2024-11-27 15:15:00+05:30,495.9,498.0,492.45,497.8,22568
2024-11-28 09:15:00+05:30,498.25,505.65,494.45,500.45,43395
2024-11-28 10:15:00+05:30,500.45,501.45,496.25,498.0,20733
2024-11-28 11:15:00+05:30,498.0,501.6,496.05,499.8,12571
2024-11-28 12:15:00+05:30,499.8,500.1,497.0,497.65,9018
2024-11-28 13:15:00+05:30,497.65,500.4,495.55,497.2,17927
2024-11-28 14:15:00+05:30,497.2,501.7,496.1,500.55,30996
2024-11-28 15:15:00+05:30,500.6,502.0,499.95,500.0,21765
2024-11-29 09:15:00+05:30,500.2,500.9,490.55,490.55,27245
2024-11-29 10:15:00+05:30,490.55,496.8,490.55,494.8,38435
2024-11-29 11:15:00+05:30,494.8,494.95,492.05,493.7,9407
2024-11-29 12:15:00+05:30,493.7,494.6,492.75,493.5,4520
2024-11-29 13:15:00+05:30,493.5,495.5,493.3,494.9,5681
2024-11-29 14:15:00+05:30,494.2,495.9,493.55,495.35,12533
2024-11-29 15:15:00+05:30,495.45,496.75,495.0,496.0,17821
2024-12-02 09:15:00+05:30,499.85,509.85,498.2,506.25,151084
2024-12-02 10:15:00+05:30,506.25,506.6,502.55,504.5,29931
2024-12-02 11:15:00+05:30,504.5,505.5,502.05,503.0,14650
2024-12-02 12:15:00+05:30,503.0,503.5,500.2,500.9,10571
2024-12-02 13:15:00+05:30,501.0,502.45,500.0,500.05,8605
2024-12-02 14:15:00+05:30,500.0,505.5,500.0,504.85,49502
2024-12-02 15:15:00+05:30,504.85,504.85,502.55,504.0,24465
2024-12-03 09:15:00+05:30,504.8,509.75,502.65,506.9,26221
2024-12-03 10:15:00+05:30,506.9,508.65,505.95,506.0,13985
2024-12-03 11:15:00+05:30,506.0,507.0,505.9,506.65,7682
2024-12-03 12:15:00+05:30,506.65,506.65,505.0,506.35,5843
2024-12-03 13:15:00+05:30,506.35,508.45,505.85,507.55,17883
2024-12-03 14:15:00+05:30,507.3,507.6,505.15,505.65,19219
2024-12-03 15:15:00+05:30,505.8,510.0,505.55,506.95,56553
2024-12-04 09:15:00+05:30,507.45,513.8,505.2,511.0,55270
2024-12-04 10:15:00+05:30,511.0,511.0,507.0,507.4,9608
2024-12-04 11:15:00+05:30,507.4,509.0,502.0,505.15,40997
2024-12-04 12:15:00+05:30,505.15,506.2,503.35,505.8,4538
2024-12-04 13:15:00+05:30,505.8,506.0,503.7,505.55,8637
2024-12-04 14:15:00+05:30,506.2,507.2,503.15,505.95,25510
2024-12-04 15:15:00+05:30,505.95,508.0,504.55,505.4,19811
2024-12-05 09:15:00+05:30,505.95,507.45,497.4,498.45,41642
2024-12-05 10:15:00+05:30,498.45,500.95,496.1,498.7,22116
2024-12-05 11:15:00+05:30,498.7,500.8,496.35,500.0,17138
2024-12-05 12:15:00+05:30,500.15,500.85,498.4,500.45,15851
2024-12-05 13:15:00+05:30,500.45,502.6,499.3,502.1,10706
2024-12-05 14:15:00+05:30,502.1,502.5,499.75,501.3,28792
2024-12-05 15:15:00+05:30,501.3,502.0,499.75,500.6,11288
2024-12-06 09:15:00+05:30,504.0,504.75,500.35,501.15,25442
2024-12-06 10:15:00+05:30,501.15,506.45,499.7,505.95,11800
2024-12-06 11:15:00+05:30,505.95,505.95,502.6,504.55,18738
2024-12-06 12:15:00+05:30,504.55,508.3,503.45,508.1,20197
2024-12-06 13:15:00+05:30,508.3,521.45,508.0,521.45,92094
2024-12-06 14:15:00+05:30,521.45,536.0,520.5,527.15,1006279
2024-12-06 15:15:00+05:30,526.65,528.2,525.3,527.0,84673
2024-12-09 09:15:00+05:30,527.0,535.5,525.0,527.15,130289
2024-12-09 10:15:00+05:30,527.15,532.5,526.25,527.7,32967
2024-12-09 11:15:00+05:30,527.95,532.4,526.3,527.65,48736
2024-12-09 12:15:00+05:30,527.65,528.0,525.5,526.1,29793
2024-12-09 13:15:00+05:30,526.1,526.55,520.0,521.9,41515
2024-12-09 14:15:00+05:30,521.9,523.0,520.2,522.55,32070
2024-12-09 15:15:00+05:30,522.55,522.65,515.3,517.95,56936
2024-12-10 09:15:00+05:30,520.45,537.75,512.0,532.9,242535
2024-12-10 10:15:00+05:30,532.9,534.25,527.4,532.8,144612
2024-12-10 11:15:00+05:30,532.8,539.0,531.6,535.0,197959
2024-12-10 12:15:00+05:30,535.0,535.1,528.05,528.6,73209
2024-12-10 13:15:00+05:30,528.25,531.9,527.8,530.3,40006
2024-12-10 14:15:00+05:30,530.0,548.45,529.35,542.7,303242
2024-12-10 15:15:00+05:30,542.7,548.0,538.2,546.9,292605
2024-12-11 09:15:00+05:30,545.0,552.0,541.1,543.7,269016
2024-12-11 10:15:00+05:30,543.7,547.65,543.5,544.7,68347
2024-12-11 11:15:00+05:30,544.7,550.8,544.3,548.15,102603
2024-12-11 12:15:00+05:30,548.15,551.75,545.3,549.75,75932
2024-12-11 13:15:00+05:30,549.9,552.0,548.05,548.75,48607
2024-12-11 14:15:00+05:30,548.7,549.95,546.65,547.25,65519
2024-12-11 15:15:00+05:30,547.25,548.0,545.5,547.5,43919
2024-12-12 09:15:00+05:30,549.0,549.0,540.05,543.95,108287
2024-12-12 10:15:00+05:30,543.95,547.65,542.9,545.3,40568
2024-12-12 11:15:00+05:30,545.3,546.2,541.5,541.75,18970
2024-12-12 12:15:00+05:30,541.75,545.8,541.5,543.6,16363
2024-12-12 13:15:00+05:30,543.6,543.9,541.0,542.9,17102
2024-12-12 14:15:00+05:30,543.0,543.6,540.8,540.9,31888
2024-12-12 15:15:00+05:30,540.9,541.0,532.15,537.3,71818
2024-12-13 09:15:00+05:30,535.75,537.5,525.2,526.15,63338
2024-12-13 10:15:00+05:30,526.15,527.0,521.0,525.7,20289
2024-12-13 11:15:00+05:30,525.7,529.2,524.85,528.5,13585
2024-12-13 12:15:00+05:30,528.5,530.0,525.35,528.2,16248
2024-12-13 13:15:00+05:30,528.2,528.5,525.55,526.45,9300
2024-12-13 14:15:00+05:30,526.45,528.9,525.7,528.75,18362
2024-12-13 15:15:00+05:30,528.75,529.85,526.0,528.9,15300
2024-12-16 09:15:00+05:30,528.0,534.65,526.5,533.05,29206
2024-12-16 10:15:00+05:30,533.05,534.35,530.8,531.0,11619
2024-12-16 11:15:00+05:30,531.0,533.0,529.7,531.7,18738
2024-12-16 12:15:00+05:30,531.7,535.0,531.2,531.3,12220
2024-12-16 13:15:00+05:30,531.3,533.55,531.2,532.05,6988
2024-12-16 14:15:00+05:30,532.05,532.05,521.95,525.4,57906
2024-12-16 15:15:00+05:30,525.4,529.0,523.95,529.0,15817
2024-12-17 09:15:00+05:30,528.0,532.0,520.2,524.0,22335
2024-12-17 10:15:00+05:30,524.0,524.65,520.4,524.0,21285
2024-12-17 11:15:00+05:30,523.9,524.0,520.1,520.7,11328
2024-12-17 12:15:00+05:30,520.7,522.0,519.0,519.15,11054
2024-12-17 13:15:00+05:30,519.15,520.15,516.15,516.25,18285
2024-12-17 14:15:00+05:30,516.25,518.95,515.55,517.8,21583
2024-12-17 15:15:00+05:30,517.9,517.9,515.7,517.5,12858
2024-12-18 09:15:00+05:30,520.3,521.95,512.55,512.55,33288
2024-12-18 10:15:00+05:30,512.55,518.6,512.45,514.35,14523
2024-12-18 11:15:00+05:30,514.35,516.65,512.15,512.15,7062
2024-12-18 12:15:00+05:30,512.15,519.0,509.05,516.6,23628
2024-12-18 13:15:00+05:30,516.45,526.3,514.5,515.45,52067
2024-12-18 14:15:00+05:30,515.45,517.1,512.5,516.0,15251
2024-12-18 15:15:00+05:30,516.0,517.95,512.1,512.55,8747
2024-12-19 09:15:00+05:30,510.0,515.55,504.4,512.9,76884
2024-12-19 10:15:00+05:30,512.9,515.45,511.0,512.8,16188
2024-12-19 11:15:00+05:30,512.8,514.0,511.0,514.0,10518
2024-12-19 12:15:00+05:30,514.0,514.5,512.0,512.05,8571
2024-12-19 13:15:00+05:30,512.05,514.8,512.0,514.55,12863
2024-12-19 14:15:00+05:30,514.55,520.8,514.55,519.0,46488
2024-12-19 15:15:00+05:30,519.0,519.85,515.0,515.0,20262
2024-12-20 09:15:00+05:30,520.35,520.8,512.0,513.4,33881
2024-12-20 10:15:00+05:30,513.4,519.4,507.4,518.15,53445
2024-12-20 11:15:00+05:30,518.15,519.85,515.0,515.6,23073
2024-12-20 12:15:00+05:30,515.6,516.2,510.0,511.45,29256
2024-12-20 13:15:00+05:30,511.45,515.0,511.0,513.0,15000
2024-12-20 14:15:00+05:30,513.0,513.65,507.15,508.15,44709
2024-12-20 15:15:00+05:30,508.15,511.0,505.5,509.0,52594
2024-12-23 09:15:00+05:30,511.9,525.55,504.0,507.7,88308
2024-12-23 10:15:00+05:30,506.8,508.05,505.25,507.0,16843
2024-12-23 11:15:00+05:30,507.0,507.05,504.0,504.4,17089
2024-12-23 12:15:00+05:30,504.4,505.4,500.0,502.05,22485
2024-12-23 13:15:00+05:30,502.1,503.55,498.0,500.0,21850
2024-12-23 14:15:00+05:30,500.0,504.0,499.2,502.95,48640
2024-12-23 15:15:00+05:30,502.95,503.05,498.5,501.0,21726
2024-12-24 09:15:00+05:30,500.0,503.8,491.1,500.8,51290
2024-12-24 10:15:00+05:30,500.8,503.25,498.05,498.4,48137
2024-12-24 11:15:00+05:30,498.4,500.35,497.1,498.5,62811
2024-12-24 12:15:00+05:30,498.5,500.75,497.8,498.6,69055
2024-12-24 13:15:00+05:30,498.6,500.05,498.1,499.7,14356
2024-12-24 14:15:00+05:30,499.7,507.85,498.0,500.5,69144
2024-12-24 15:15:00+05:30,500.5,503.3,498.3,503.3,42381
2024-12-26 09:15:00+05:30,501.85,502.45,496.5,497.05,22460
2024-12-26 10:15:00+05:30,497.05,497.75,493.35,496.05,12433
2024-12-26 11:15:00+05:30,496.05,496.65,494.0,494.45,6965
2024-12-26 12:15:00+05:30,494.45,498.0,494.45,496.85,4881
2024-12-26 13:15:00+05:30,496.85,497.85,495.65,497.2,5258
2024-12-26 14:15:00+05:30,497.2,497.75,496.0,497.0,13241
2024-12-26 15:15:00+05:30,497.0,498.6,496.35,497.25,8455
2024-12-27 09:15:00+05:30,490.55,499.0,490.55,496.6,41440
2024-12-27 10:15:00+05:30,496.65,497.75,495.3,496.8,5873
2024-12-27 11:15:00+05:30,496.85,497.55,495.2,496.95,6297
2024-12-27 12:15:00+05:30,496.9,499.05,495.9,496.0,11452
2024-12-27 13:15:00+05:30,496.0,498.15,495.2,496.25,39422
2024-12-27 14:15:00+05:30,496.25,500.35,495.75,497.0,55277
2024-12-27 15:15:00+05:30,497.0,497.2,495.2,497.0,11216
2024-12-30 09:15:00+05:30,495.1,496.55,484.0,485.8,104480
2024-12-30 10:15:00+05:30,485.8,487.7,483.05,486.1,36575
2024-12-30 11:15:00+05:30,486.1,490.2,485.0,487.3,25202
2024-12-30 12:15:00+05:30,487.3,490.7,486.15,490.05,26323
2024-12-30 13:15:00+05:30,490.05,490.6,487.5,487.65,22274
2024-12-30 14:15:00+05:30,487.65,488.9,487.5,488.0,17751
2024-12-30 15:15:00+05:30,488.0,489.05,487.5,488.0,16995
2024-12-31 09:15:00+05:30,485.0,487.95,481.95,485.0,28499
2024-12-31 10:15:00+05:30,485.05,488.75,485.0,488.35,29491
2024-12-31 11:15:00+05:30,488.35,490.0,485.35,488.75,18728
2024-12-31 12:15:00+05:30,488.75,491.15,488.3,490.5,14346
2024-12-31 13:15:00+05:30,490.5,493.1,490.25,492.4,15273
2024-12-31 14:15:00+05:30,492.4,492.6,488.0,490.9,72832
2024-12-31 15:15:00+05:30,490.9,492.3,489.05,491.7,15244
2025-01-01 09:15:00+05:30,489.0,493.2,487.0,493.2,22995
2025-01-01 10:15:00+05:30,493.2,496.7,491.8,495.75,13032
2025-01-01 11:15:00+05:30,495.75,521.15,495.35,511.6,208776
2025-01-01 12:15:00+05:30,510.7,520.0,510.0,513.35,306054
2025-01-01 13:15:00+05:30,513.35,517.55,511.9,514.3,68052
2025-01-01 14:15:00+05:30,514.3,523.85,514.2,522.4,125630
2025-01-01 15:15:00+05:30,522.95,526.75,514.5,515.05,107107
2025-01-02 09:15:00+05:30,515.1,519.5,512.5,513.6,68314
2025-01-02 10:15:00+05:30,513.6,516.65,513.05,515.35,15103
2025-01-02 11:15:00+05:30,515.55,516.6,511.0,512.7,24158
2025-01-02 12:15:00+05:30,512.7,515.95,512.05,515.7,17480
2025-01-02 13:15:00+05:30,515.7,518.7,514.4,518.15,20306
2025-01-02 14:15:00+05:30,518.15,518.6,510.75,517.35,85439
2025-01-02 15:15:00+05:30,517.35,517.35,511.95,514.0,45299
2025-01-03 09:15:00+05:30,517.0,522.15,513.65,515.45,51973
2025-01-03 10:15:00+05:30,515.45,516.5,513.55,514.55,10379
2025-01-03 11:15:00+05:30,514.55,515.5,513.15,513.7,7887
2025-01-03 12:15:00+05:30,513.7,513.85,511.0,513.1,14343
2025-01-03 13:15:00+05:30,513.1,513.15,509.0,509.7,12735
2025-01-03 14:15:00+05:30,509.75,510.85,508.85,509.7,24336
2025-01-03 15:15:00+05:30,509.7,509.7,504.75,505.85,44408
2025-01-06 09:15:00+05:30,506.5,513.9,505.05,508.5,89097
2025-01-06 10:15:00+05:30,508.6,510.0,500.15,505.95,71062
2025-01-06 11:15:00+05:30,505.95,506.3,500.0,501.9,44752
2025-01-06 12:15:00+05:30,501.9,506.85,500.0,505.05,183165
2025-01-06 13:15:00+05:30,505.05,506.2,503.0,506.2,33133
2025-01-06 14:15:00+05:30,506.2,511.5,505.0,507.1,72549
2025-01-06 15:15:00+05:30,507.1,510.95,506.0,508.3,33076
2025-01-07 09:15:00+05:30,509.9,543.95,507.25,540.05,751373
2025-01-07 10:15:00+05:30,540.05,547.0,526.45,530.95,1026503
2025-01-07 11:15:00+05:30,530.95,534.95,528.7,529.5,137051
2025-01-07 12:15:00+05:30,529.5,531.3,528.2,530.8,71446
2025-01-07 13:15:00+05:30,530.85,531.4,526.9,530.8,103938
2025-01-07 14:15:00+05:30,530.8,531.35,529.0,529.95,120622
2025-01-07 15:15:00+05:30,529.95,534.0,529.5,534.0,111727
2025-01-08 09:15:00+05:30,536.75,544.95,523.35,528.9,568548
2025-01-08 10:15:00+05:30,528.2,536.3,523.9,535.6,105394
2025-01-08 11:15:00+05:30,535.6,539.0,532.4,532.9,54308
2025-01-08 12:15:00+05:30,532.9,535.0,532.0,533.0,21085
2025-01-08 13:15:00+05:30,533.0,538.0,530.8,537.1,42824
2025-01-08 14:15:00+05:30,537.1,537.15,528.35,532.85,120640
2025-01-08 15:15:00+05:30,532.95,534.85,530.15,531.0,46348
2025-01-09 09:15:00+05:30,529.05,542.0,527.5,539.55,145604
2025-01-09 10:15:00+05:30,539.55,548.55,537.9,544.0,228624
2025-01-09 11:15:00+05:30,544.0,544.75,535.2,540.55,100030
2025-01-09 12:15:00+05:30,540.55,541.25,535.4,536.65,42298
2025-01-09 13:15:00+05:30,536.65,537.5,533.55,534.0,32558
2025-01-09 14:15:00+05:30,534.0,539.45,531.0,531.55,43676
2025-01-09 15:15:00+05:30,531.7,535.0,523.35,535.0,105428
2025-01-10 09:15:00+05:30,534.15,534.15,522.5,530.35,103971
2025-01-10 10:15:00+05:30,530.35,531.0,521.5,526.3,89373
2025-01-10 11:15:00+05:30,526.4,527.75,522.7,524.15,46118
2025-01-10 12:15:00+05:30,524.15,524.95,521.15,521.65,14212
2025-01-10 13:15:00+05:30,521.65,526.8,520.5,523.6,60917
2025-01-10 14:15:00+05:30,523.6,530.55,523.2,525.55,81375
2025-01-10 15:15:00+05:30,525.55,527.8,520.05,523.0,42540
2025-01-13 09:15:00+05:30,517.3,528.15,515.05,527.7,91289
2025-01-13 10:15:00+05:30,528.2,528.5,525.0,525.55,28360
2025-01-13 11:15:00+05:30,525.55,525.9,520.5,521.3,21595
2025-01-13 12:15:00+05:30,521.3,524.2,520.1,521.45,17879
2025-01-13 13:15:00+05:30,521.45,522.85,518.0,518.0,43964
2025-01-13 14:15:00+05:30,518.0,518.85,504.95,509.15,93988
2025-01-13 15:15:00+05:30,509.65,509.75,505.9,505.9,21969
2025-01-14 09:15:00+05:30,511.95,530.9,511.25,529.25,111040
2025-01-14 10:15:00+05:30,528.65,539.7,528.65,538.25,385179
2025-01-14 11:15:00+05:30,538.25,547.0,535.65,541.65,295560
2025-01-14 12:15:00+05:30,541.5,541.95,538.35,541.4,110850
2025-01-14 13:15:00+05:30,541.4,542.0,533.1,535.6,173532
2025-01-14 14:15:00+05:30,535.6,543.15,535.6,542.0,199331
2025-01-14 15:15:00+05:30,542.0,546.85,534.5,540.85,185733
2025-01-15 09:15:00+05:30,547.0,563.0,543.8,561.35,855551
2025-01-15 10:15:00+05:30,561.35,571.9,556.1,567.0,1291447
2025-01-15 11:15:00+05:30,567.0,569.0,563.5,565.35,276009
2025-01-15 12:15:00+05:30,565.35,568.0,561.8,565.5,231233
2025-01-15 13:15:00+05:30,565.5,574.5,561.6,571.5,569015
2025-01-15 14:15:00+05:30,571.7,578.0,566.85,569.45,897248
2025-01-15 15:15:00+05:30,569.1,570.5,565.0,566.9,260866
2025-01-16 09:15:00+05:30,577.0,590.0,570.4,586.8,801935
2025-01-16 10:15:00+05:30,586.7,590.5,586.5,589.7,202758
2025-01-16 11:15:00+05:30,589.7,591.9,587.25,591.0,253622
2025-01-16 12:15:00+05:30,591.0,591.05,587.35,588.85,141696
2025-01-16 13:15:00+05:30,588.85,591.0,587.15,590.7,113869
2025-01-16 14:15:00+05:30,590.55,592.0,589.55,590.85,223821
2025-01-16 15:15:00+05:30,590.85,591.0,590.0,590.0,76110
2025-01-17 09:15:00+05:30,583.75,593.0,576.0,586.5,279240
2025-01-17 10:15:00+05:30,586.5,591.5,584.3,588.0,96303
2025-01-17 11:15:00+05:30,588.0,589.5,587.0,587.3,23556
2025-01-17 12:15:00+05:30,587.3,588.85,586.6,587.25,22354
2025-01-17 13:15:00+05:30,587.25,588.4,585.55,586.8,43292
2025-01-17 14:15:00+05:30,586.8,588.2,579.15,585.7,306073
2025-01-17 15:15:00+05:30,585.7,586.5,585.0,585.1,42849
2025-01-20 09:15:00+05:30,586.5,595.0,582.55,592.4,216478
2025-01-20 10:15:00+05:30,592.4,598.8,589.0,592.3,272528
2025-01-20 11:15:00+05:30,592.3,595.25,590.0,591.45,80166
2025-01-20 12:15:00+05:30,591.45,595.0,590.1,591.1,71142
2025-01-20 13:15:00+05:30,591.1,591.85,590.1,591.1,50585
2025-01-20 14:15:00+05:30,591.1,594.5,589.95,592.4,238303
2025-01-20 15:15:00+05:30,592.45,592.45,589.4,590.0,89716
2025-01-21 09:15:00+05:30,591.95,592.0,572.35,575.1,207297
2025-01-21 10:15:00+05:30,575.1,578.2,573.6,575.45,70877
2025-01-21 11:15:00+05:30,575.45,579.75,574.8,577.45,46007
2025-01-21 12:15:00+05:30,577.45,577.95,575.0,577.45,55247
2025-01-21 13:15:00+05:30,577.45,578.95,575.0,577.85,37522
2025-01-21 14:15:00+05:30,577.85,586.25,576.05,581.5,239915
2025-01-21 15:15:00+05:30,581.5,582.55,578.0,581.0,25674
2025-01-22 09:15:00+05:30,584.75,586.95,568.15,575.3,116702
2025-01-22 10:15:00+05:30,575.3,580.25,575.0,575.6,29258
2025-01-22 11:15:00+05:30,575.6,576.95,564.35,564.85,53389
2025-01-22 12:15:00+05:30,564.85,568.0,562.05,567.6,28405
2025-01-22 13:15:00+05:30,567.6,567.75,562.65,566.05,19280
2025-01-22 14:15:00+05:30,566.05,572.0,565.9,571.0,22013
2025-01-22 15:15:00+05:30,571.4,572.7,566.5,569.15,16553
2025-01-23 09:15:00+05:30,563.0,573.75,559.0,572.4,44976
2025-01-23 10:15:00+05:30,572.4,575.0,566.5,566.55,30643
2025-01-23 11:15:00+05:30,566.55,568.9,563.55,565.25,7633
2025-01-23 12:15:00+05:30,565.25,570.05,564.35,569.05,28680
2025-01-23 13:15:00+05:30,569.05,570.0,566.65,567.55,9159
2025-01-23 14:15:00+05:30,567.55,574.25,564.75,574.25,44143
2025-01-23 15:15:00+05:30,574.45,584.0,574.45,582.0,76868
2025-01-24 09:15:00+05:30,582.0,582.5,565.55,566.65,40578
2025-01-24 10:15:00+05:30,566.7,570.0,562.95,562.95,26534
2025-01-24 11:15:00+05:30,563.75,575.5,562.95,572.8,47319
2025-01-24 12:15:00+05:30,572.8,574.05,565.0,566.35,29816
2025-01-24 13:15:00+05:30,566.35,567.05,559.0,559.05,17769
2025-01-24 14:15:00+05:30,559.05,570.1,551.55,568.55,96912
2025-01-24 15:15:00+05:30,568.05,570.0,568.0,569.95,27106
2025-01-27 09:15:00+05:30,555.15,566.55,544.05,545.2,186931
2025-01-27 10:15:00+05:30,545.2,552.25,538.7,539.95,116632
2025-01-27 11:15:00+05:30,539.95,551.0,538.5,550.2,35961
2025-01-27 12:15:00+05:30,550.2,551.5,543.5,544.5,24367
2025-01-27 13:15:00+05:30,544.5,544.95,539.55,540.85,39722
2025-01-27 14:15:00+05:30,540.85,546.95,538.05,546.45,62959
2025-01-27 15:15:00+05:30,546.5,547.0,540.05,540.05,23473
2025-01-28 09:15:00+05:30,541.1,543.95,516.15,521.95,195090
2025-01-28 10:15:00+05:30,521.4,536.0,519.25,522.25,128250
2025-01-28 11:15:00+05:30,522.9,541.0,519.25,538.45,100338
2025-01-28 12:15:00+05:30,538.45,540.7,534.0,534.0,30939
2025-01-28 13:15:00+05:30,534.6,538.75,532.0,537.6,41762
2025-01-28 14:15:00+05:30,537.6,546.85,535.0,544.0,164940
2025-01-28 15:15:00+05:30,544.0,545.65,537.65,538.5,56659
2025-01-29 09:15:00+05:30,548.0,554.7,537.5,548.75,56327
2025-01-29 10:15:00+05:30,548.75,549.2,543.0,543.8,33936
2025-01-29 11:15:00+05:30,543.8,545.55,537.9,544.1,35777
2025-01-29 12:15:00+05:30,544.1,545.0,540.35,541.0,58474
2025-01-29 13:15:00+05:30,541.0,544.85,531.95,532.6,84596
2025-01-29 14:15:00+05:30,532.6,547.95,530.95,545.95,85839
2025-01-29 15:15:00+05:30,545.6,548.05,540.55,544.8,31329
2025-01-30 09:15:00+05:30,545.2,559.8,535.1,550.6,93715
2025-01-30 10:15:00+05:30,550.8,552.4,545.7,547.4,35934
2025-01-30 11:15:00+05:30,547.65,548.1,540.0,541.55,54686
2025-01-30 12:15:00+05:30,541.7,542.5,536.65,538.0,125718
2025-01-30 13:15:00+05:30,538.0,538.85,531.0,534.85,38116
2025-01-30 14:15:00+05:30,534.3,539.1,530.55,531.15,59925
2025-01-30 15:15:00+05:30,531.45,535.0,530.05,535.0,41805
2025-01-31 09:15:00+05:30,532.85,540.0,532.0,537.5,26687
2025-01-31 10:15:00+05:30,537.5,546.65,534.05,545.4,87486
2025-01-31 11:15:00+05:30,545.3,567.45,539.55,566.6,558409
2025-01-31 12:15:00+05:30,566.6,585.0,562.45,575.55,432622
2025-01-31 13:15:00+05:30,576.0,579.7,568.0,568.0,344393
2025-01-31 14:15:00+05:30,568.7,573.15,568.0,570.35,157981
2025-01-31 15:15:00+05:30,570.35,572.0,568.0,570.0,53849
2025-02-01 09:15:00+05:30,558.0,564.4,555.8,561.5,69893
2025-02-01 10:15:00+05:30,561.5,563.9,560.0,562.45,18177
2025-02-01 11:15:00+05:30,562.45,569.5,558.05,567.7,50669
2025-02-01 12:15:00+05:30,567.7,569.25,557.05,560.0,51754
2025-02-01 13:15:00+05:30,560.0,565.0,559.5,563.95,39607
2025-02-01 14:15:00+05:30,563.5,571.1,563.0,570.0,80326
2025-02-01 15:15:00+05:30,569.75,570.0,565.0,565.75,21566
2025-02-03 09:15:00+05:30,550.0,569.4,546.15,555.1,75501
2025-02-03 10:15:00+05:30,555.1,555.1,549.25,553.65,38992
2025-02-03 11:15:00+05:30,553.65,556.4,552.95,554.4,14752
2025-02-03 12:15:00+05:30,554.45,554.75,549.55,553.0,19723
2025-02-03 13:15:00+05:30,552.35,556.85,552.25,555.85,33365
2025-02-03 14:15:00+05:30,555.6,557.9,555.0,556.95,15489
2025-02-03 15:15:00+05:30,557.25,559.2,555.15,559.2,27208
2025-02-04 09:15:00+05:30,555.0,574.2,555.0,573.0,101548
2025-02-04 10:15:00+05:30,573.0,573.95,568.0,572.5,120930
2025-02-04 11:15:00+05:30,572.5,578.0,572.0,576.1,112146
2025-02-04 12:15:00+05:30,576.1,576.85,572.05,574.5,61371
2025-02-04 13:15:00+05:30,574.5,576.5,572.1,576.5,33757
2025-02-04 14:15:00+05:30,576.5,581.55,575.2,580.0,76572
2025-02-04 15:15:00+05:30,579.1,582.95,578.7,582.6,65545
2025-02-05 09:15:00+05:30,584.0,585.0,574.3,579.85,92329
2025-02-05 10:15:00+05:30,579.85,582.5,579.0,580.6,40842
2025-02-05 11:15:00+05:30,580.6,581.5,577.0,580.3,39746
2025-02-05 12:15:00+05:30,580.3,581.0,578.35,580.55,26749
2025-02-05 13:15:00+05:30,580.55,582.8,578.0,582.0,70337
2025-02-05 14:15:00+05:30,582.0,582.4,576.55,577.2,37731
2025-02-05 15:15:00+05:30,577.2,579.85,575.75,578.5,16542
2025-02-06 09:15:00+05:30,570.2,582.0,570.2,573.0,57714
2025-02-06 10:15:00+05:30,573.0,577.0,570.5,570.7,18208
2025-02-06 11:15:00+05:30,570.7,571.95,565.45,567.05,35904
2025-02-06 12:15:00+05:30,567.05,575.35,566.25,573.8,20253
2025-02-06 13:15:00+05:30,573.8,574.75,571.75,572.0,12168
2025-02-06 14:15:00+05:30,572.0,581.7,565.4,580.65,242362
2025-02-06 15:15:00+05:30,580.65,583.0,572.1,577.0,62256
2025-02-07 09:15:00+05:30,581.0,582.0,556.75,562.8,152327
2025-02-07 10:15:00+05:30,562.85,563.6,552.75,562.0,47079
2025-02-07 11:15:00+05:30,562.0,566.95,560.1,565.95,38210
2025-02-07 12:15:00+05:30,565.95,577.0,565.0,574.7,68703
2025-02-07 13:15:00+05:30,574.7,578.9,572.7,572.7,28356
2025-02-07 14:15:00+05:30,572.7,580.0,572.05,579.65,29064
2025-02-07 15:15:00+05:30,579.4,580.6,574.9,574.9,29886
2025-02-10 09:15:00+05:30,571.6,573.0,558.25,558.3,44063
2025-02-10 10:15:00+05:30,558.3,561.7,558.1,558.8,19594
2025-02-10 11:15:00+05:30,558.8,559.35,555.05,555.85,16155
2025-02-10 12:15:00+05:30,555.85,557.7,553.7,554.45,15889
2025-02-10 13:15:00+05:30,554.45,555.0,551.6,552.5,8633
2025-02-10 14:15:00+05:30,552.5,561.05,551.0,559.25,34310
2025-02-10 15:15:00+05:30,559.55,560.0,552.0,555.0,28754
2025-02-11 09:15:00+05:30,558.25,558.25,533.05,537.25,80095
2025-02-11 10:15:00+05:30,537.25,539.75,535.15,535.35,18699
2025-02-11 11:15:00+05:30,535.35,535.95,532.35,532.95,16366
2025-02-11 12:15:00+05:30,532.95,533.4,525.05,525.95,24494
2025-02-11 13:15:00+05:30,525.95,532.05,525.25,532.05,39976
2025-02-11 14:15:00+05:30,532.1,539.6,529.55,537.7,65526
2025-02-11 15:15:00+05:30,537.7,538.15,536.0,538.15,15221
2025-02-12 09:15:00+05:30,530.0,534.75,520.25,525.55,89517
2025-02-12 10:15:00+05:30,525.55,543.0,522.0,536.65,54017
2025-02-12 11:15:00+05:30,536.65,542.9,533.85,537.65,31115
2025-02-12 12:15:00+05:30,537.65,550.1,533.55,548.55,69280
2025-02-12 13:15:00+05:30,548.55,548.55,532.9,533.4,45747
2025-02-12 14:15:00+05:30,533.4,541.65,529.0,538.55,48818
2025-02-12 15:15:00+05:30,538.3,543.35,536.3,541.5,11690
2025-02-13 09:15:00+05:30,536.8,546.4,533.0,544.75,48576
2025-02-13 10:15:00+05:30,544.75,548.1,543.0,544.1,10890
2025-02-13 11:15:00+05:30,544.1,544.15,543.0,543.25,23108
2025-02-13 12:15:00+05:30,543.25,545.0,543.0,543.95,14805
2025-02-13 13:15:00+05:30,543.95,544.55,543.0,543.6,14152
2025-02-13 14:15:00+05:30,543.6,543.6,528.55,530.8,42093
2025-02-13 15:15:00+05:30,530.8,534.0,527.4,534.0,33180
2025-02-14 09:15:00+05:30,535.9,535.9,520.9,523.85,41624
2025-02-14 10:15:00+05:30,523.85,525.0,517.35,520.55,26555
2025-02-14 11:15:00+05:30,520.9,521.05,513.55,514.75,33213
2025-02-14 12:15:00+05:30,514.75,515.0,510.0,512.05,14314
2025-02-14 13:15:00+05:30,512.05,514.5,509.5,510.0,12833
2025-02-14 14:15:00+05:30,510.0,522.5,509.5,517.45,71041
2025-02-14 15:15:00+05:30,517.45,521.0,517.3,520.0,19055
2025-02-17 09:15:00+05:30,519.2,524.15,501.8,509.0,57913
2025-02-17 10:15:00+05:30,509.0,520.3,508.7,510.6,23589
2025-02-17 11:15:00+05:30,510.6,514.25,510.0,513.2,7490
2025-02-17 12:15:00+05:30,513.2,516.15,511.65,515.3,11795
2025-02-17 13:15:00+05:30,515.3,517.7,514.6,516.25,7855
2025-02-17 14:15:00+05:30,516.25,519.0,513.0,517.95,11318
2025-02-17 15:15:00+05:30,517.95,519.5,515.95,518.4,10547
2025-02-18 09:15:00+05:30,520.1,522.0,502.15,504.75,76562
2025-02-18 10:15:00+05:30,504.75,506.9,501.55,504.3,24572
2025-02-18 11:15:00+05:30,504.3,507.2,503.1,505.6,31624
2025-02-18 12:15:00+05:30,505.6,505.9,496.5,496.55,20246
2025-02-18 13:15:00+05:30,496.55,499.0,490.35,490.65,35583
2025-02-18 14:15:00+05:30,490.65,501.9,489.5,500.55,116008
2025-02-18 15:15:00+05:30,501.15,505.0,500.0,505.0,36515
2025-02-19 09:15:00+05:30,494.6,542.0,492.95,540.5,122299
2025-02-19 10:15:00+05:30,540.5,559.0,537.5,559.0,430776
2025-02-19 11:15:00+05:30,559.0,559.0,544.3,549.8,457784
2025-02-19 12:15:00+05:30,550.35,562.6,547.2,551.4,433214
2025-02-19 13:15:00+05:30,551.4,557.5,546.3,553.25,276121
2025-02-19 14:15:00+05:30,553.5,556.0,542.8,550.3,349328
2025-02-19 15:15:00+05:30,550.3,550.3,540.0,540.0,78687
2025-02-20 09:15:00+05:30,537.0,546.7,531.35,542.15,104420
2025-02-20 10:15:00+05:30,542.15,543.85,534.05,536.9,47709
2025-02-20 11:15:00+05:30,536.9,537.95,533.75,535.85,38202
2025-02-20 12:15:00+05:30,535.85,538.05,535.6,536.5,12073
2025-02-20 13:15:00+05:30,536.5,536.9,532.8,535.4,27000
2025-02-20 14:15:00+05:30,535.4,540.65,535.0,540.65,52782
2025-02-20 15:15:00+05:30,540.75,542.75,536.5,538.35,72848
2025-02-21 09:15:00+05:30,534.0,545.0,528.1,529.0,58316
2025-02-21 10:15:00+05:30,528.1,533.35,527.25,532.0,25701
2025-02-21 11:15:00+05:30,532.0,534.7,530.0,530.1,9830
2025-02-21 12:15:00+05:30,530.1,531.8,526.1,526.65,16660
2025-02-21 13:15:00+05:30,526.65,528.15,522.7,525.95,13054
2025-02-21 14:15:00+05:30,525.75,529.25,524.35,528.25,21910
2025-02-21 15:15:00+05:30,528.55,528.55,524.0,524.0,14250
2025-02-24 09:15:00+05:30,514.0,522.5,511.65,516.9,62837
2025-02-24 10:15:00+05:30,516.9,520.4,515.95,517.25,8073
2025-02-24 11:15:00+05:30,517.25,523.25,517.25,520.0,14416
2025-02-24 12:15:00+05:30,520.0,520.25,517.35,519.0,5113
2025-02-24 13:15:00+05:30,519.0,519.0,515.7,517.45,4144
2025-02-24 14:15:00+05:30,517.45,519.3,515.2,518.5,33877
2025-02-24 15:15:00+05:30,518.5,520.0,515.0,520.0,11590
2025-02-25 09:15:00+05:30,515.0,523.55,510.15,512.4,52290
2025-02-25 10:15:00+05:30,512.4,512.6,507.9,509.55,12566
2025-02-25 11:15:00+05:30,509.55,509.95,506.0,507.6,15301
2025-02-25 12:15:00+05:30,507.6,508.15,506.0,506.65,6399
2025-02-25 13:15:00+05:30,506.65,507.5,504.45,504.55,8383
2025-02-25 14:15:00+05:30,504.55,511.1,504.55,508.5,34208
2025-02-25 15:15:00+05:30,509.15,509.7,504.6,506.5,21436
2025-02-27 09:15:00+05:30,506.0,507.95,492.1,498.5,43634
2025-02-27 10:15:00+05:30,498.5,500.2,492.75,496.15,48891
2025-02-27 11:15:00+05:30,496.15,497.0,494.65,495.0,29261
2025-02-27 12:15:00+05:30,495.0,496.2,495.0,495.15,32343
2025-02-27 13:15:00+05:30,495.15,496.1,495.0,495.35,5228
2025-02-27 14:15:00+05:30,495.35,503.3,495.3,503.15,44167
2025-02-27 15:15:00+05:30,503.0,503.8,499.25,500.05,26075
2025-02-28 09:15:00+05:30,494.0,500.05,483.4,485.0,47294
2025-02-28 10:15:00+05:30,485.0,499.15,485.0,492.0,66383
2025-02-28 11:15:00+05:30,492.0,492.05,484.75,487.2,12939
2025-02-28 12:15:00+05:30,487.2,488.3,478.8,479.5,44916
2025-02-28 13:15:00+05:30,479.5,481.1,474.95,476.1,32085
2025-02-28 14:15:00+05:30,476.1,483.95,475.25,482.0,221089
2025-02-28 15:15:00+05:30,482.5,484.75,478.5,483.25,69133
2025-03-03 09:15:00+05:30,475.0,483.75,455.6,456.25,102273
2025-03-03 10:15:00+05:30,456.25,464.45,453.65,460.4,83863
2025-03-03 11:15:00+05:30,460.0,461.5,457.0,460.6,42351
2025-03-03 12:15:00+05:30,460.6,479.2,459.0,479.2,65726
2025-03-03 13:15:00+05:30,480.0,488.1,477.05,485.15,66762
2025-03-03 14:15:00+05:30,485.15,494.3,483.4,493.5,69708
2025-03-03 15:15:00+05:30,493.65,495.0,485.4,487.1,21688
2025-03-04 09:15:00+05:30,487.15,495.95,476.3,492.8,66060
2025-03-04 10:15:00+05:30,492.8,496.85,491.1,493.65,26085
2025-03-04 11:15:00+05:30,493.65,499.95,491.5,496.7,28351
2025-03-04 12:15:00+05:30,496.7,497.55,495.0,497.15,16512
2025-03-04 13:15:00+05:30,497.2,500.85,496.15,500.75,21855
2025-03-04 14:15:00+05:30,500.75,503.9,497.1,498.5,52147
2025-03-04 15:15:00+05:30,498.5,502.4,497.05,498.0,20375
2025-03-05 09:15:00+05:30,500.0,516.95,499.95,512.55,72992
2025-03-05 10:15:00+05:30,512.55,516.25,510.0,510.4,29989
2025-03-05 11:15:00+05:30,510.4,516.45,510.0,515.2,19982
2025-03-05 12:15:00+05:30,515.2,517.9,515.0,515.0,26449
2025-03-05 13:15:00+05:30,515.25,517.0,515.0,515.5,36530
2025-03-05 14:15:00+05:30,515.5,520.2,515.0,517.75,73378
2025-03-05 15:15:00+05:30,518.15,518.15,515.0,515.0,13458
2025-03-06 09:15:00+05:30,522.25,525.9,516.7,521.5,39405
2025-03-06 10:15:00+05:30,521.5,525.05,520.25,523.6,11000
2025-03-06 11:15:00+05:30,523.6,523.95,522.0,523.0,6167
2025-03-06 12:15:00+05:30,523.0,525.0,522.15,524.3,4039
2025-03-06 13:15:00+05:30,524.3,524.85,522.15,522.2,4199
2025-03-06 14:15:00+05:30,522.2,523.4,514.75,519.15,85387
2025-03-06 15:15:00+05:30,519.15,520.0,516.1,516.2,7297
2025-03-07 09:15:00+05:30,518.75,524.9,515.4,521.55,22768
2025-03-07 10:15:00+05:30,521.55,528.7,521.55,528.0,18832
2025-03-07 11:15:00+05:30,528.0,528.15,519.45,522.3,43511
2025-03-07 12:15:00+05:30,522.3,525.25,521.95,523.5,20467
2025-03-07 13:15:00+05:30,523.5,524.85,522.7,523.2,28917
2025-03-07 14:15:00+05:30,523.2,524.15,510.8,519.0,99436
2025-03-07 15:15:00+05:30,519.0,521.0,518.0,518.1,26372
2025-03-10 09:15:00+05:30,515.05,537.9,515.05,531.5,112105
2025-03-10 10:15:00+05:30,531.5,531.7,520.4,521.8,40307
2025-03-10 11:15:00+05:30,521.8,523.65,520.7,521.45,25245
2025-03-10 12:15:00+05:30,521.45,521.9,520.5,521.25,19145
2025-03-10 13:15:00+05:30,521.25,521.9,520.6,520.95,11796
2025-03-10 14:15:00+05:30,520.95,521.15,508.6,515.55,66966
2025-03-10 15:15:00+05:30,515.55,516.55,515.0,515.0,10137
2025-03-11 09:15:00+05:30,507.3,514.0,502.5,505.15,33218
2025-03-11 10:15:00+05:30,505.15,511.05,504.0,510.3,35320
2025-03-11 11:15:00+05:30,510.3,512.9,510.0,512.6,12663
2025-03-11 12:15:00+05:30,512.25,513.3,511.0,511.25,10008
2025-03-11 13:15:00+05:30,511.25,513.45,511.0,512.85,20697
2025-03-11 14:15:00+05:30,512.85,516.55,512.5,515.0,23647
2025-03-11 15:15:00+05:30,515.05,519.0,511.8,515.0,30345
2025-03-12 09:15:00+05:30,518.7,519.55,510.75,511.15,17554
2025-03-12 10:15:00+05:30,511.15,512.55,509.35,510.65,5036
2025-03-12 11:15:00+05:30,510.65,510.65,507.1,508.5,5600
2025-03-12 12:15:00+05:30,508.5,509.95,507.3,509.95,4925
2025-03-12 13:15:00+05:30,509.95,513.7,508.15,512.4,10783
2025-03-12 14:15:00+05:30,512.4,516.45,510.25,515.3,50759
2025-03-12 15:15:00+05:30,515.15,516.0,514.75,515.05,8394
2025-03-13 09:15:00+05:30,514.05,517.05,507.85,510.95,26550
2025-03-13 10:15:00+05:30,511.45,512.05,506.8,508.5,11585
2025-03-13 11:15:00+05:30,508.5,508.95,507.5,508.25,2500
2025-03-13 12:15:00+05:30,508.25,513.15,502.6,510.0,38198
2025-03-13 13:15:00+05:30,510.0,510.45,508.15,509.15,17982
2025-03-13 14:15:00+05:30,509.15,512.95,503.1,511.35,120694
2025-03-13 15:15:00+05:30,511.3,512.0,507.45,510.0,31910
2025-03-17 09:15:00+05:30,515.1,529.0,515.0,522.05,50429
2025-03-17 10:15:00+05:30,522.05,527.0,519.1,525.6,82487
2025-03-17 11:15:00+05:30,525.6,526.2,521.35,521.35,21298
2025-03-17 12:15:00+05:30,521.35,521.7,516.45,517.95,13970
2025-03-17 13:15:00+05:30,517.95,521.3,517.55,519.0,5765
2025-03-17 14:15:00+05:30,519.0,519.05,512.75,514.95,21342
2025-03-17 15:15:00+05:30,514.95,519.8,512.6,517.0,14552
2025-03-18 09:15:00+05:30,518.7,526.6,515.5,526.5,23501
2025-03-18 10:15:00+05:30,526.5,527.25,524.95,526.0,18306
2025-03-18 11:15:00+05:30,526.0,532.95,525.7,526.0,27407
2025-03-18 12:15:00+05:30,526.0,528.35,525.15,526.5,21126
2025-03-18 13:15:00+05:30,526.5,529.45,526.5,529.45,19257
2025-03-18 14:15:00+05:30,529.45,529.7,526.5,528.7,18864
2025-03-18 15:15:00+05:30,528.85,529.0,526.5,528.7,13100
2025-03-19 09:15:00+05:30,529.95,536.1,529.95,533.95,26265
2025-03-19 10:15:00+05:30,533.95,539.9,533.5,536.0,49471
2025-03-19 11:15:00+05:30,536.0,536.0,533.0,533.55,23948
2025-03-19 12:15:00+05:30,533.55,534.25,524.0,531.25,120521
2025-03-19 13:15:00+05:30,531.25,532.15,519.8,524.45,187909
2025-03-19 14:15:00+05:30,524.75,531.0,522.95,530.05,163811
2025-03-19 15:15:00+05:30,530.05,531.05,528.35,530.55,19697
2025-03-20 09:15:00+05:30,529.1,536.0,523.65,526.2,51325
2025-03-20 10:15:00+05:30,523.95,525.35,523.0,523.5,19424
2025-03-20 11:15:00+05:30,523.5,523.6,520.1,520.25,19811
2025-03-20 12:15:00+05:30,520.25,521.5,519.8,520.0,21698
2025-03-20 13:15:00+05:30,520.0,526.8,520.0,523.7,69346
2025-03-20 14:15:00+05:30,523.75,525.6,523.05,525.55,86650
2025-03-20 15:15:00+05:30,525.55,536.0,525.15,535.0,72742
2025-03-21 09:15:00+05:30,534.15,542.85,528.7,534.05,69830
2025-03-21 10:15:00+05:30,534.05,544.0,533.7,540.1,93368
2025-03-21 11:15:00+05:30,540.1,543.35,527.6,536.5,147337
2025-03-21 12:15:00+05:30,536.5,537.5,532.25,534.15,34817
2025-03-21 13:15:00+05:30,534.15,534.9,529.5,531.7,56363
2025-03-21 14:15:00+05:30,531.7,537.4,531.45,533.1,102657
2025-03-21 15:15:00+05:30,533.05,537.0,533.05,536.0,80575
2025-03-24 09:15:00+05:30,539.8,554.5,538.6,541.75,55090
2025-03-24 10:15:00+05:30,541.75,544.2,541.05,542.15,10991
2025-03-24 11:15:00+05:30,542.15,543.65,536.25,536.95,25478
2025-03-24 12:15:00+05:30,536.95,538.85,534.25,536.0,22150
2025-03-24 13:15:00+05:30,536.0,539.55,532.1,532.3,34042
2025-03-24 14:15:00+05:30,532.3,539.5,532.3,539.5,78455
2025-03-24 15:15:00+05:30,539.55,548.75,539.25,541.2,335861
2025-03-25 09:15:00+05:30,544.5,544.6,537.15,540.0,40191
2025-03-25 10:15:00+05:30,540.4,541.65,534.7,537.9,52794
2025-03-25 11:15:00+05:30,537.9,538.3,530.0,531.35,28132
2025-03-25 12:15:00+05:30,532.0,532.0,524.8,525.75,30244
2025-03-25 13:15:00+05:30,525.75,536.25,524.0,535.0,41581
2025-03-25 14:15:00+05:30,535.0,541.2,534.0,541.05,88540
2025-03-25 15:15:00+05:30,540.7,544.0,530.25,533.7,69621
2025-03-26 09:15:00+05:30,541.2,552.75,531.05,547.9,261919
2025-03-26 10:15:00+05:30,547.9,550.05,542.0,543.85,35697
2025-03-26 11:15:00+05:30,543.85,544.4,542.0,543.0,12210
2025-03-26 12:15:00+05:30,543.0,543.2,538.0,539.6,31097
2025-03-26 13:15:00+05:30,539.6,540.85,535.75,536.5,40850
2025-03-26 14:15:00+05:30,536.5,537.65,535.75,536.0,33663
2025-03-26 15:15:00+05:30,536.0,537.0,532.65,533.05,19830
2025-03-27 09:15:00+05:30,530.0,535.9,526.7,533.65,34684
2025-03-27 10:15:00+05:30,533.25,536.65,533.05,533.85,10342
2025-03-27 11:15:00+05:30,533.85,534.15,527.0,527.7,20908
2025-03-27 12:15:00+05:30,527.7,528.45,522.55,526.55,131303
2025-03-27 13:15:00+05:30,526.55,530.0,524.3,530.0,78800
2025-03-27 14:15:00+05:30,530.0,539.9,528.2,538.45,144426
2025-03-27 15:15:00+05:30,538.45,544.4,535.05,540.0,93861
2025-03-28 09:15:00+05:30,541.0,544.45,534.7,541.3,53484
2025-03-28 10:15:00+05:30,541.3,547.0,541.15,542.4,87572
2025-03-28 11:15:00+05:30,542.4,543.85,537.05,537.05,39593
2025-03-28 12:15:00+05:30,537.05,538.0,535.4,536.5,14211
2025-03-28 13:15:00+05:30,536.5,540.45,536.2,539.0,26302
2025-03-28 14:15:00+05:30,539.0,539.95,536.45,539.0,102721
2025-03-28 15:15:00+05:30,538.95,543.75,537.9,539.0,42276
2025-04-01 09:15:00+05:30,548.0,548.0,533.3,540.5,43127
2025-04-01 10:15:00+05:30,540.5,540.5,535.1,535.15,10552
2025-04-01 11:15:00+05:30,535.15,536.95,533.3,536.4,8540
2025-04-01 12:15:00+05:30,536.4,537.4,534.5,537.15,4694
2025-04-01 13:15:00+05:30,537.15,538.35,534.55,538.35,4865
2025-04-01 14:15:00+05:30,538.35,545.0,536.1,544.85,22043
2025-04-01 15:15:00+05:30,544.85,545.0,540.25,542.0,14333
2025-04-02 09:15:00+05:30,541.9,542.5,534.4,541.85,33394
2025-04-02 10:15:00+05:30,541.85,543.85,539.15,540.0,20864
2025-04-02 11:15:00+05:30,540.0,540.2,537.2,539.7,7689
2025-04-02 12:15:00+05:30,539.7,541.15,537.65,539.0,4570
2025-04-02 13:15:00+05:30,539.0,539.75,537.0,537.5,8274
2025-04-02 14:15:00+05:30,537.5,540.05,537.05,539.25,15465
2025-04-02 15:15:00+05:30,538.95,538.95,535.25,535.4,18198
2025-04-03 09:15:00+05:30,528.05,540.4,524.75,535.45,49099
2025-04-03 10:15:00+05:30,535.45,539.95,534.75,537.95,17355
2025-04-03 11:15:00+05:30,537.95,539.15,536.25,537.8,7046
2025-04-03 12:15:00+05:30,537.8,538.3,530.95,532.95,16778
2025-04-03 13:15:00+05:30,533.15,534.1,531.6,533.85,3504
2025-04-03 14:15:00+05:30,533.85,537.0,532.85,534.8,7092
2025-04-03 15:15:00+05:30,534.85,534.85,532.05,533.05,7159
2025-04-04 09:15:00+05:30,529.0,533.75,512.5,513.6,42496
2025-04-04 10:15:00+05:30,513.65,518.75,508.25,516.75,26782
2025-04-04 11:15:00+05:30,516.75,519.75,515.1,516.1,9420
2025-04-04 12:15:00+05:30,516.1,518.85,516.0,517.0,18503
2025-04-04 13:15:00+05:30,517.0,518.7,516.5,517.0,22875
2025-04-04 14:15:00+05:30,517.0,523.7,516.15,521.15,21370
2025-04-04 15:15:00+05:30,520.2,520.2,516.85,518.9,9118
2025-04-07 09:15:00+05:30,497.55,498.05,481.3,484.1,44406
2025-04-07 10:15:00+05:30,483.6,490.55,481.7,489.25,19113
2025-04-07 11:15:00+05:30,489.45,490.8,483.8,484.25,10883
2025-04-07 12:15:00+05:30,484.25,485.7,481.3,483.05,16109
2025-04-07 13:15:00+05:30,483.05,484.5,477.8,483.3,44771
2025-04-07 14:15:00+05:30,483.3,484.55,478.05,480.8,53332
2025-04-07 15:15:00+05:30,480.75,481.95,479.4,481.95,26558
2025-04-08 09:15:00+05:30,485.45,497.1,485.45,486.85,32082
2025-04-08 10:15:00+05:30,486.85,487.5,482.0,485.7,17208
2025-04-08 11:15:00+05:30,485.85,487.2,485.15,486.45,9757
2025-04-08 12:15:00+05:30,486.85,487.9,484.8,487.4,11406
2025-04-08 13:15:00+05:30,487.4,488.7,483.5,484.6,16106
2025-04-08 14:15:00+05:30,484.6,486.7,483.3,484.1,12433
2025-04-08 15:15:00+05:30,484.5,484.55,481.0,483.4,17688
2025-04-09 09:15:00+05:30,486.65,486.8,470.5,474.0,44894
2025-04-09 10:15:00+05:30,474.0,475.2,471.15,472.55,9422
2025-04-09 11:15:00+05:30,472.5,476.05,472.1,475.15,8625
2025-04-09 12:15:00+05:30,475.15,477.2,473.75,476.85,3984
2025-04-09 13:15:00+05:30,476.85,476.9,474.0,476.6,6989
2025-04-09 14:15:00+05:30,476.6,477.35,475.0,475.05,10550
2025-04-09 15:15:00+05:30,475.15,477.55,475.0,475.0,13321
2025-04-11 09:15:00+05:30,490.0,494.0,485.5,490.8,34763
2025-04-11 10:15:00+05:30,490.8,491.55,489.0,491.1,4537
2025-04-11 11:15:00+05:30,491.1,498.0,490.05,495.55,20536
2025-04-11 12:15:00+05:30,495.55,496.5,492.8,495.4,6811
2025-04-11 13:15:00+05:30,495.4,495.4,492.0,493.9,9905
2025-04-11 14:15:00+05:30,493.9,495.75,493.5,495.1,12430
2025-04-11 15:15:00+05:30,495.05,496.0,493.55,495.8,16490
2025-04-15 09:15:00+05:30,496.95,517.7,496.95,511.7,54954
2025-04-15 10:15:00+05:30,511.7,512.0,510.3,510.85,9181
2025-04-15 11:15:00+05:30,510.85,512.6,510.8,512.5,3526
2025-04-15 12:15:00+05:30,512.5,512.95,506.25,508.6,14566
2025-04-15 13:15:00+05:30,508.6,509.7,504.3,505.95,16263
2025-04-15 14:15:00+05:30,505.95,509.0,505.95,507.35,11909
2025-04-15 15:15:00+05:30,507.35,511.05,506.55,511.05,22241
2025-04-16 09:15:00+05:30,512.5,512.5,503.6,508.15,35531
2025-04-16 10:15:00+05:30,508.15,509.0,506.8,507.7,11226
2025-04-16 11:15:00+05:30,507.7,508.4,506.1,508.4,40890
2025-04-16 12:15:00+05:30,508.45,509.95,507.55,508.3,5191
2025-04-16 13:15:00+05:30,508.3,509.1,507.0,508.35,9964
2025-04-16 14:15:00+05:30,508.35,508.35,507.0,507.65,15613
2025-04-16 15:15:00+05:30,507.6,507.85,507.0,507.45,11713
2025-04-17 09:15:00+05:30,507.4,511.7,504.25,508.05,69265
2025-04-17 10:15:00+05:30,508.05,509.7,507.0,508.3,9749
2025-04-17 11:15:00+05:30,508.3,514.4,508.3,512.0,17195
2025-04-17 12:15:00+05:30,512.0,514.0,509.65,510.85,32508
2025-04-17 13:15:00+05:30,510.85,511.5,509.65,510.5,14878
2025-04-17 14:15:00+05:30,510.3,511.8,509.75,511.05,11195
2025-04-17 15:15:00+05:30,511.05,512.0,509.5,512.0,22577
2025-04-21 09:15:00+05:30,510.0,513.95,507.95,513.95,28273
2025-04-21 10:15:00+05:30,513.95,515.0,511.9,514.75,12241
2025-04-21 11:15:00+05:30,514.75,517.0,514.3,516.45,21472
2025-04-21 12:15:00+05:30,516.45,516.5,514.7,516.0,14557
2025-04-21 13:15:00+05:30,516.0,516.5,515.4,516.25,6992
2025-04-21 14:15:00+05:30,516.25,525.0,516.0,522.85,64470
2025-04-21 15:15:00+05:30,522.6,523.6,518.2,518.2,25006
2025-04-22 09:15:00+05:30,523.95,523.95,515.45,517.4,24239
2025-04-22 10:15:00+05:30,517.4,519.4,517.3,518.65,3993
2025-04-22 11:15:00+05:30,518.65,520.35,518.0,519.15,7286
2025-04-22 12:15:00+05:30,519.7,520.05,516.55,516.75,9285
2025-04-22 13:15:00+05:30,516.75,519.65,515.85,517.0,16445
2025-04-22 14:15:00+05:30,516.3,518.4,516.1,517.3,10280
2025-04-22 15:15:00+05:30,517.0,517.45,515.1,517.0,9021
2025-04-23 09:15:00+05:30,519.8,524.5,516.0,516.0,25179
2025-04-23 10:15:00+05:30,516.0,518.8,514.0,518.2,44290
2025-04-23 11:15:00+05:30,518.2,520.7,514.85,518.4,14683
2025-04-23 12:15:00+05:30,518.4,519.95,517.1,519.45,2638
2025-04-23 13:15:00+05:30,519.45,519.9,518.25,519.15,2392
2025-04-23 14:15:00+05:30,519.15,520.65,517.65,520.35,10437
2025-04-23 15:15:00+05:30,520.35,523.8,518.05,520.75,8566
2025-04-24 09:15:00+05:30,522.85,529.0,519.0,524.6,28687
2025-04-24 10:15:00+05:30,523.9,525.45,522.4,523.0,8954
2025-04-24 11:15:00+05:30,523.0,524.05,522.0,522.45,6943
2025-04-24 12:15:00+05:30,522.45,523.95,518.5,519.6,12365
2025-04-24 13:15:00+05:30,519.6,520.0,518.25,518.25,3074
2025-04-24 14:15:00+05:30,518.25,519.5,514.55,516.15,11924
2025-04-24 15:15:00+05:30,515.6,520.8,515.0,520.8,12718
2025-04-25 09:15:00+05:30,516.15,520.45,500.3,506.15,94169
2025-04-25 10:15:00+05:30,506.15,506.5,496.65,498.2,27537
2025-04-25 11:15:00+05:30,498.2,501.25,495.55,498.85,10922
2025-04-25 12:15:00+05:30,498.85,502.0,498.65,500.85,8578
2025-04-25 13:15:00+05:30,500.85,507.7,500.45,506.5,18174
2025-04-25 14:15:00+05:30,506.5,510.0,505.65,507.25,21763
2025-04-25 15:15:00+05:30,507.25,508.2,501.3,501.3,15354
2025-04-28 09:15:00+05:30,498.0,505.4,495.0,504.0,34542
2025-04-28 10:15:00+05:30,504.8,512.45,503.75,506.55,288443
2025-04-28 11:15:00+05:30,506.3,511.0,506.3,509.05,13236
2025-04-28 12:15:00+05:30,509.05,512.7,507.8,510.0,15346
2025-04-28 13:15:00+05:30,510.0,510.9,509.5,509.95,6976
2025-04-28 14:15:00+05:30,509.95,510.85,509.8,510.1,8282
2025-04-28 15:15:00+05:30,510.1,510.9,506.1,508.3,6606
2025-04-29 09:15:00+05:30,509.75,517.0,509.75,512.95,23590
2025-04-29 10:15:00+05:30,512.95,514.0,511.4,513.0,18972
2025-04-29 11:15:00+05:30,513.0,514.2,511.6,513.0,18048
2025-04-29 12:15:00+05:30,513.0,514.15,507.75,508.6,42341
2025-04-29 13:15:00+05:30,508.7,509.3,503.05,504.35,35961
2025-04-29 14:15:00+05:30,504.35,505.25,503.3,503.45,7013
2025-04-29 15:15:00+05:30,503.6,505.2,502.45,504.5,7073
2025-04-30 09:15:00+05:30,501.0,506.55,495.0,500.2,23608
2025-04-30 10:15:00+05:30,500.2,501.65,497.0,499.4,11429
2025-04-30 11:15:00+05:30,499.4,500.25,496.35,496.75,3521
2025-04-30 12:15:00+05:30,496.75,497.45,490.8,494.05,16987
2025-04-30 13:15:00+05:30,493.45,493.45,489.2,489.85,7524
2025-04-30 14:15:00+05:30,489.85,490.5,486.25,486.6,18367
2025-04-30 15:15:00+05:30,486.6,487.05,481.0,481.0,13342
2025-05-02 09:15:00+05:30,486.45,490.7,480.6,490.35,22379
2025-05-02 10:15:00+05:30,490.35,490.8,487.7,488.15,10007
2025-05-02 11:15:00+05:30,488.15,489.95,486.5,488.45,8788
2025-05-02 12:15:00+05:30,488.45,489.2,487.0,488.35,10796
2025-05-02 13:15:00+05:30,488.35,492.1,486.5,490.15,78991
2025-05-02 14:15:00+05:30,490.15,493.95,489.05,491.4,10166
2025-05-02 15:15:00+05:30,491.7,493.2,490.0,490.3,6787
2025-05-05 09:15:00+05:30,490.05,495.25,489.3,493.5,14324
2025-05-05 10:15:00+05:30,493.5,497.55,491.25,495.55,10446
2025-05-05 11:15:00+05:30,495.55,495.8,493.5,495.0,9829
2025-05-05 12:15:00+05:30,495.0,496.15,494.1,495.8,15000
2025-05-05 13:15:00+05:30,495.8,495.8,494.55,495.55,8171
2025-05-05 14:15:00+05:30,495.55,496.0,494.85,495.5,14838
2025-05-05 15:15:00+05:30,495.5,495.5,495.0,495.4,6318
2025-05-06 09:15:00+05:30,495.4,502.3,488.3,489.3,16305
2025-05-06 10:15:00+05:30,489.3,490.55,483.2,483.85,76082
2025-05-06 11:15:00+05:30,483.45,492.6,483.0,489.1,47347
2025-05-06 12:15:00+05:30,489.3,492.9,485.85,489.35,37084
2025-05-06 13:15:00+05:30,489.65,490.2,486.05,487.8,33762
2025-05-06 14:15:00+05:30,487.85,488.55,475.4,478.85,67058
2025-05-06 15:15:00+05:30,478.85,479.3,475.6,476.05,17630
2025-05-07 09:15:00+05:30,471.0,479.9,471.0,472.85,24939
2025-05-07 10:15:00+05:30,472.85,478.0,467.55,477.0,34887
2025-05-07 11:15:00+05:30,477.0,481.7,477.0,478.4,10166
2025-05-07 12:15:00+05:30,478.4,481.85,477.7,478.8,10180
2025-05-07 13:15:00+05:30,478.8,482.6,477.7,482.35,7196
2025-05-07 14:15:00+05:30,482.35,483.85,479.35,482.85,8479
2025-05-07 15:15:00+05:30,483.15,484.0,481.0,483.4,9778
2025-05-08 09:15:00+05:30,485.3,496.0,482.95,493.8,32173
2025-05-08 10:15:00+05:30,493.8,494.3,491.1,493.25,9222
2025-05-08 11:15:00+05:30,492.55,493.0,491.3,492.9,6322
2025-05-08 12:15:00+05:30,492.9,492.9,487.35,488.5,5055
2025-05-08 13:15:00+05:30,488.5,488.9,480.2,486.0,33809
2025-05-08 14:15:00+05:30,486.0,487.7,474.1,474.1,20776
2025-05-08 15:15:00+05:30,476.95,479.7,474.65,477.25,12857
2025-05-09 09:15:00+05:30,462.1,472.7,459.9,466.4,57743
2025-05-09 10:15:00+05:30,466.4,466.9,460.55,462.8,34322
2025-05-09 11:15:00+05:30,462.8,467.15,462.0,464.55,14320
2025-05-09 12:15:00+05:30,464.55,466.35,463.25,464.35,14407
2025-05-09 13:15:00+05:30,464.35,465.9,462.05,464.5,29266
2025-05-09 14:15:00+05:30,464.7,470.25,464.0,467.7,44161
2025-05-09 15:15:00+05:30,467.7,470.3,465.0,467.0,17424
2025-05-12 09:15:00+05:30,474.0,491.4,474.0,488.65,32602
2025-05-12 10:15:00+05:30,488.65,490.5,483.35,484.3,11806
2025-05-12 11:15:00+05:30,484.35,485.1,483.3,485.0,18107
2025-05-12 12:15:00+05:30,484.95,485.0,484.25,485.0,96969
2025-05-12 13:15:00+05:30,485.0,486.95,483.0,483.45,37320
2025-05-12 14:15:00+05:30,483.5,485.0,480.35,482.0,17444
2025-05-12 15:15:00+05:30,482.0,485.0,481.1,485.0,18973
2025-05-13 09:15:00+05:30,485.0,492.05,482.65,487.1,26294
2025-05-13 10:15:00+05:30,487.3,491.65,485.2,490.5,12158
2025-05-13 11:15:00+05:30,490.5,491.4,488.65,489.15,16288
2025-05-13 12:15:00+05:30,489.05,490.0,483.0,485.5,19043
2025-05-13 13:15:00+05:30,485.0,486.45,483.75,485.85,13537
2025-05-13 14:15:00+05:30,485.7,489.7,485.15,487.7,9693
2025-05-13 15:15:00+05:30,487.7,488.0,485.0,488.0,24430
2025-05-14 09:15:00+05:30,490.0,495.65,487.6,494.0,14795
2025-05-14 10:15:00+05:30,494.0,497.4,493.2,494.75,8463
2025-05-14 11:15:00+05:30,494.75,496.95,493.2,494.95,5079
2025-05-14 12:15:00+05:30,494.95,495.6,490.65,494.55,6826
2025-05-14 13:15:00+05:30,494.55,495.95,493.05,494.9,2353
2025-05-14 14:15:00+05:30,494.9,502.5,493.0,500.6,35368
2025-05-14 15:15:00+05:30,500.6,505.15,500.0,503.7,38887
2025-05-15 09:15:00+05:30,505.0,505.0,495.6,502.15,29544
2025-05-15 10:15:00+05:30,502.15,512.4,501.35,504.5,38393
2025-05-15 11:15:00+05:30,504.5,506.0,503.0,503.05,7878
2025-05-15 12:15:00+05:30,503.0,505.75,503.0,504.2,6220
2025-05-15 13:15:00+05:30,504.2,507.0,504.0,505.7,13338
2025-05-15 14:15:00+05:30,505.7,507.45,503.35,506.55,11161
2025-05-15 15:15:00+05:30,506.55,508.9,505.0,505.0,20731
2025-05-16 09:15:00+05:30,507.4,510.7,503.6,504.0,25890
2025-05-16 10:15:00+05:30,504.0,507.45,502.75,504.95,11374
2025-05-16 11:15:00+05:30,504.95,506.45,504.3,505.8,4826
2025-05-16 12:15:00+05:30,505.8,505.8,502.75,503.95,7806
2025-05-16 13:15:00+05:30,503.85,504.75,503.05,503.2,7101
2025-05-16 14:15:00+05:30,503.2,504.35,501.6,503.7,11621
2025-05-16 15:15:00+05:30,503.7,503.95,501.55,503.0,7171
2025-05-19 09:15:00+05:30,503.0,514.2,501.0,514.2,43372
2025-05-19 10:15:00+05:30,513.5,520.0,512.5,518.8,46019
2025-05-19 11:15:00+05:30,518.8,521.5,515.1,520.5,82145
2025-05-19 12:15:00+05:30,520.5,523.0,519.5,522.15,40289
2025-05-19 13:15:00+05:30,522.15,524.0,514.15,516.1,74604
2025-05-19 14:15:00+05:30,515.55,519.95,514.65,517.0,22586
2025-05-19 15:15:00+05:30,517.0,518.75,515.1,516.4,22496
2025-05-20 09:15:00+05:30,517.95,517.95,510.0,512.1,26109
2025-05-20 10:15:00+05:30,512.35,512.85,508.0,509.6,10230
2025-05-20 11:15:00+05:30,509.6,511.0,506.5,506.5,9582
2025-05-20 12:15:00+05:30,506.5,506.7,501.1,503.7,13484
2025-05-20 13:15:00+05:30,503.5,503.9,500.5,500.5,12800
2025-05-20 14:15:00+05:30,500.5,502.3,498.5,500.25,22377
2025-05-20 15:15:00+05:30,500.25,503.0,499.45,503.0,12214
2025-05-21 09:15:00+05:30,501.4,508.45,498.55,507.65,16329
2025-05-21 10:15:00+05:30,507.65,508.85,504.35,505.65,6944
2025-05-21 11:15:00+05:30,505.65,505.65,501.95,502.35,11378
2025-05-21 12:15:00+05:30,502.35,502.35,499.0,500.2,11385
2025-05-21 13:15:00+05:30,500.2,503.0,499.55,501.6,6428
2025-05-21 14:15:00+05:30,501.6,506.8,500.75,505.4,14825
2025-05-21 15:15:00+05:30,505.4,506.0,502.0,502.0,5473
2025-05-22 09:15:00+05:30,504.95,509.1,495.25,506.55,24659
2025-05-22 10:15:00+05:30,506.55,511.8,506.1,509.75,18170
2025-05-22 11:15:00+05:30,509.75,509.75,507.2,508.0,5336
2025-05-22 12:15:00+05:30,508.0,511.0,506.6,510.55,7977
2025-05-22 13:15:00+05:30,510.55,513.7,508.55,509.05,15177
2025-05-22 14:15:00+05:30,509.05,513.7,508.7,511.85,21690
2025-05-22 15:15:00+05:30,511.95,512.5,509.6,509.9,6529
2025-05-23 09:15:00+05:30,511.8,513.7,508.7,510.75,21110
2025-05-23 10:15:00+05:30,510.75,516.75,510.5,513.85,16770
2025-05-23 11:15:00+05:30,513.85,515.7,512.3,515.05,7343
2025-05-23 12:15:00+05:30,515.05,516.3,512.05,512.8,9933
2025-05-23 13:15:00+05:30,512.8,515.05,512.05,513.1,5929
2025-05-23 14:15:00+05:30,513.1,515.6,512.7,514.05,9528
2025-05-23 15:15:00+05:30,514.05,514.3,513.05,514.3,4882
2025-05-26 09:15:00+05:30,517.9,521.75,511.3,519.3,32712
2025-05-26 10:15:00+05:30,519.3,523.2,518.35,520.4,28930
2025-05-26 11:15:00+05:30,520.4,520.75,518.15,518.65,10043
2025-05-26 12:15:00+05:30,518.6,519.35,517.65,519.25,7472
2025-05-26 13:15:00+05:30,519.25,519.5,517.0,517.5,9158
2025-05-26 14:15:00+05:30,517.5,526.0,517.5,525.0,36158
2025-05-26 15:15:00+05:30,525.9,526.0,523.0,525.0,13832
2025-05-27 09:15:00+05:30,525.85,541.0,524.1,532.0,245649
2025-05-27 10:15:00+05:30,532.25,538.3,530.85,536.6,80266
2025-05-27 11:15:00+05:30,537.0,537.55,534.95,536.0,34912
2025-05-27 12:15:00+05:30,536.0,539.55,534.05,539.1,160682
2025-05-27 13:15:00+05:30,539.1,541.0,537.65,540.75,171170
2025-05-27 14:15:00+05:30,540.75,556.0,534.05,552.95,991512
2025-05-27 15:15:00+05:30,552.3,556.85,545.0,549.8,405648
2025-05-28 09:15:00+05:30,553.0,554.95,538.1,538.1,177401
2025-05-28 10:15:00+05:30,537.4,539.0,535.2,538.45,46955
2025-05-28 11:15:00+05:30,538.45,543.45,538.45,540.5,206758
2025-05-28 12:15:00+05:30,540.85,541.8,540.05,541.8,13564
2025-05-28 13:15:00+05:30,541.8,542.25,540.25,540.85,55400
2025-05-28 14:15:00+05:30,540.85,541.9,538.9,540.75,70719
2025-05-28 15:15:00+05:30,541.0,541.0,537.0,537.5,56684
2025-05-29 09:15:00+05:30,540.0,546.65,524.6,526.75,126493
2025-05-29 10:15:00+05:30,526.75,527.0,524.0,525.7,111558
2025-05-29 11:15:00+05:30,526.0,526.0,524.6,525.9,35177
2025-05-29 12:15:00+05:30,525.9,530.0,525.5,527.6,75545
2025-05-29 13:15:00+05:30,527.6,531.0,525.5,530.0,73995
2025-05-29 14:15:00+05:30,530.0,534.9,530.0,533.3,53110
2025-05-29 15:15:00+05:30,533.4,535.85,532.1,535.0,21982
2025-05-30 09:15:00+05:30,533.3,535.85,528.1,528.35,27364
2025-05-30 10:15:00+05:30,528.0,528.95,525.1,526.8,21288
2025-05-30 11:15:00+05:30,526.8,527.2,524.0,524.4,12873
2025-05-30 12:15:00+05:30,524.4,525.15,521.1,522.85,16230
2025-05-30 13:15:00+05:30,522.85,523.85,521.8,523.3,7811
2025-05-30 14:15:00+05:30,523.3,524.5,522.9,523.2,13613
2025-05-30 15:15:00+05:30,522.9,524.8,521.55,523.0,11519
2025-06-02 09:15:00+05:30,523.1,525.85,516.1,518.6,20265
2025-06-02 10:15:00+05:30,518.6,519.55,517.2,518.05,6858
2025-06-02 11:15:00+05:30,518.0,518.7,513.7,514.55,16875
2025-06-02 12:15:00+05:30,514.55,517.7,514.55,515.1,13526
2025-06-02 13:15:00+05:30,515.1,517.25,515.05,516.0,10570
2025-06-02 14:15:00+05:30,516.0,516.6,512.6,513.55,23973
2025-06-02 15:15:00+05:30,513.4,516.2,512.0,514.0,16163
2025-06-03 09:15:00+05:30,516.7,521.95,512.5,514.2,24982
2025-06-03 10:15:00+05:30,514.25,515.9,513.5,514.6,8521
2025-06-03 11:15:00+05:30,514.6,516.75,513.85,513.9,17631
2025-06-03 12:15:00+05:30,513.9,514.75,510.2,511.7,17389
2025-06-03 13:15:00+05:30,511.7,513.05,510.2,512.3,12173
2025-06-03 14:15:00+05:30,512.3,516.35,511.9,511.95,17001
2025-06-03 15:15:00+05:30,511.15,516.0,510.0,513.0,10086
2025-06-04 09:15:00+05:30,515.9,515.9,511.1,514.5,21552
2025-06-04 10:15:00+05:30,514.5,518.7,514.0,515.85,10596
2025-06-04 11:15:00+05:30,515.85,519.0,515.1,515.6,8305
2025-06-04 12:15:00+05:30,515.6,516.7,513.95,514.7,4505
2025-06-04 13:15:00+05:30,514.7,516.0,513.55,515.45,2773
2025-06-04 14:15:00+05:30,515.45,519.7,513.15,516.9,18320
2025-06-04 15:15:00+05:30,515.75,518.95,514.0,516.35,9882
2025-06-05 09:15:00+05:30,515.25,539.8,515.25,536.0,253506
2025-06-05 10:15:00+05:30,536.0,536.0,531.9,534.35,43569
2025-06-05 11:15:00+05:30,534.2,536.0,531.9,534.25,25128
2025-06-05 12:15:00+05:30,534.25,535.05,533.1,534.05,20116
2025-06-05 13:15:00+05:30,534.4,537.0,533.55,535.6,55597
2025-06-05 14:15:00+05:30,535.6,537.45,533.6,535.75,29213
2025-06-05 15:15:00+05:30,535.75,538.8,535.0,537.2,44030
2025-06-06 09:15:00+05:30,541.0,554.8,541.0,549.95,277188
2025-06-06 10:15:00+05:30,549.95,552.7,549.0,549.85,78324
2025-06-06 11:15:00+05:30,549.85,552.7,549.0,550.9,38971
2025-06-06 12:15:00+05:30,550.9,554.8,550.15,550.85,32899
2025-06-06 13:15:00+05:30,550.85,567.0,550.45,560.4,300055
2025-06-06 14:15:00+05:30,560.4,564.7,558.0,560.0,168885
2025-06-06 15:15:00+05:30,560.0,562.9,558.1,558.1,86356
2025-06-09 09:15:00+05:30,565.0,574.65,558.7,559.8,133437
2025-06-09 10:15:00+05:30,559.8,563.5,558.6,562.45,29669
2025-06-09 11:15:00+05:30,563.5,563.55,560.1,561.0,20561
2025-06-09 12:15:00+05:30,561.0,567.85,560.05,564.95,46045
2025-06-09 13:15:00+05:30,564.95,570.85,564.95,567.4,92599
2025-06-09 14:15:00+05:30,567.4,569.95,566.5,567.5,42456
2025-06-09 15:15:00+05:30,567.5,570.7,565.0,570.0,27056
2025-06-10 09:15:00+05:30,574.95,583.65,565.0,567.45,218372
2025-06-10 10:15:00+05:30,567.6,575.5,566.1,575.4,69990
2025-06-10 11:15:00+05:30,575.5,579.95,574.55,576.7,72957
2025-06-10 12:15:00+05:30,576.7,577.8,575.05,575.2,24030
2025-06-10 13:15:00+05:30,575.2,577.95,573.5,576.85,28015
2025-06-10 14:15:00+05:30,576.85,577.25,572.55,573.75,81963
2025-06-10 15:15:00+05:30,574.5,575.0,571.35,572.1,52377
2025-06-11 09:15:00+05:30,574.45,579.5,570.05,573.0,54495
2025-06-11 10:15:00+05:30,573.0,573.45,568.55,570.7,22754
2025-06-11 11:15:00+05:30,570.7,584.9,568.55,577.0,89170
2025-06-11 12:15:00+05:30,577.0,584.0,574.05,574.45,100733
2025-06-11 13:15:00+05:30,574.45,575.15,568.0,570.7,33692
2025-06-11 14:15:00+05:30,570.7,575.0,569.0,573.8,42012
2025-06-11 15:15:00+05:30,573.8,573.95,570.05,571.95,11693
2025-06-12 09:15:00+05:30,576.85,576.85,567.0,567.3,39849
2025-06-12 10:15:00+05:30,567.3,567.55,563.3,565.75,11137
2025-06-12 11:15:00+05:30,565.75,565.75,557.45,559.15,13235
2025-06-12 12:15:00+05:30,559.15,564.15,556.95,559.65,35573
2025-06-12 13:15:00+05:30,559.6,560.15,551.0,552.45,19248
2025-06-12 14:15:00+05:30,552.05,557.15,552.05,554.55,26010
2025-06-12 15:15:00+05:30,554.55,555.95,551.6,554.95,13946
2025-06-13 09:15:00+05:30,541.0,547.7,540.1,546.25,37854
2025-06-13 10:15:00+05:30,546.1,548.95,545.35,546.05,7841
2025-06-13 11:15:00+05:30,546.0,547.1,542.6,543.9,7383
2025-06-13 12:15:00+05:30,543.9,544.35,540.95,542.3,12671
2025-06-13 13:15:00+05:30,542.3,544.45,539.35,543.05,17318
2025-06-13 14:15:00+05:30,543.05,549.65,542.5,549.15,15223
2025-06-13 15:15:00+05:30,549.6,549.9,543.8,543.8,15029
2025-06-16 09:15:00+05:30,543.55,549.0,529.6,534.05,39963
2025-06-16 10:15:00+05:30,534.05,536.45,534.0,535.25,7416
2025-06-16 11:15:00+05:30,535.25,537.5,533.35,536.45,11756
2025-06-16 12:15:00+05:30,536.45,536.5,531.1,535.2,18311
2025-06-16 13:15:00+05:30,535.2,536.05,534.25,534.3,6453
2025-06-16 14:15:00+05:30,534.3,537.5,530.95,535.65,40636
2025-06-16 15:15:00+05:30,535.65,535.75,533.1,533.1,18444
2025-06-17 09:15:00+05:30,535.2,539.95,533.0,535.75,13757
2025-06-17 10:15:00+05:30,535.75,537.6,533.0,533.0,7038
2025-06-17 11:15:00+05:30,533.0,533.0,528.35,529.0,14679
2025-06-17 12:15:00+05:30,529.0,529.1,526.6,527.1,6842
2025-06-17 13:15:00+05:30,527.1,528.0,525.75,527.35,4023
2025-06-17 14:15:00+05:30,527.3,530.95,526.05,528.55,9397
2025-06-17 15:15:00+05:30,528.75,530.2,525.05,530.2,8477
2025-06-18 09:15:00+05:30,525.2,553.0,525.2,543.15,269134
2025-06-18 10:15:00+05:30,543.15,543.25,538.0,541.6,85787
2025-06-18 11:15:00+05:30,542.35,542.45,539.65,540.35,42501
2025-06-18 12:15:00+05:30,540.35,541.0,538.0,540.25,31735
2025-06-18 13:15:00+05:30,540.25,541.85,539.15,541.0,25388
2025-06-18 14:15:00+05:30,541.0,541.9,538.6,540.0,56951
2025-06-18 15:15:00+05:30,539.85,540.0,534.4,535.7,44127
2025-06-19 09:15:00+05:30,535.85,535.85,527.5,528.7,36377
2025-06-19 10:15:00+05:30,528.7,528.85,519.0,519.25,58769
2025-06-19 11:15:00+05:30,519.25,521.0,517.5,520.45,55745
2025-06-19 12:15:00+05:30,520.45,521.25,511.7,512.3,65052
2025-06-19 13:15:00+05:30,512.3,513.1,500.05,505.5,330659
2025-06-19 14:15:00+05:30,505.8,511.95,504.5,511.35,183482
2025-06-19 15:15:00+05:30,511.0,518.6,508.1,516.0,152585
2025-06-20 09:15:00+05:30,513.0,514.85,503.85,507.55,162616
2025-06-20 10:15:00+05:30,507.55,515.05,506.7,513.65,43087
2025-06-20 11:15:00+05:30,514.1,516.05,508.6,510.95,35447
2025-06-20 12:15:00+05:30,510.95,511.0,506.6,507.8,24255
2025-06-20 13:15:00+05:30,507.8,509.55,506.45,509.3,30327
2025-06-20 14:15:00+05:30,509.3,509.4,505.0,505.0,39245
2025-06-20 15:15:00+05:30,505.25,507.0,501.4,504.85,33272
2025-06-23 09:15:00+05:30,504.0,504.0,498.0,501.2,59230
2025-06-23 10:15:00+05:30,501.2,506.3,500.9,505.7,13565
2025-06-23 11:15:00+05:30,505.7,507.0,505.0,505.7,10908
2025-06-23 12:15:00+05:30,505.7,506.0,504.7,505.0,11982
2025-06-23 13:15:00+05:30,505.0,506.9,504.8,505.5,10650
2025-06-23 14:15:00+05:30,505.5,505.7,504.8,505.1,6107
2025-06-23 15:15:00+05:30,505.05,507.7,504.85,505.25,20111
2025-06-24 09:15:00+05:30,508.8,514.3,506.05,512.0,51838
2025-06-24 10:15:00+05:30,511.8,517.0,511.8,512.95,25964
2025-06-24 11:15:00+05:30,512.95,513.95,512.0,512.15,10710
2025-06-24 12:15:00+05:30,512.15,513.4,511.05,512.3,9564
2025-06-24 13:15:00+05:30,512.3,512.35,507.2,508.0,11889
2025-06-24 14:15:00+05:30,508.45,513.45,507.4,512.9,20270
2025-06-24 15:15:00+05:30,512.9,512.9,507.45,509.9,11791
2025-06-25 09:15:00+05:30,510.8,514.8,507.8,514.35,46025
2025-06-25 10:15:00+05:30,514.35,514.9,511.1,511.65,8208
2025-06-25 11:15:00+05:30,511.65,512.9,510.0,510.0,3125
2025-06-25 12:15:00+05:30,510.0,516.1,508.5,512.3,195641
2025-06-25 13:15:00+05:30,512.3,512.55,509.45,510.45,23852
2025-06-25 14:15:00+05:30,510.45,512.0,510.0,511.8,23968
2025-06-25 15:15:00+05:30,511.8,513.8,510.0,512.65,17049
2025-06-26 09:15:00+05:30,515.6,516.55,508.15,510.3,42963
2025-06-26 10:15:00+05:30,510.3,511.05,505.25,507.8,37623
2025-06-26 11:15:00+05:30,507.8,507.9,507.0,507.3,5378
2025-06-26 12:15:00+05:30,507.3,508.9,507.1,508.7,5537
2025-06-26 13:15:00+05:30,508.35,508.7,507.4,508.05,5308
2025-06-26 14:15:00+05:30,508.05,514.0,507.2,512.35,21329
2025-06-26 15:15:00+05:30,512.2,513.4,510.05,513.4,9512
2025-06-27 09:15:00+05:30,516.0,520.05,513.05,518.7,55881
2025-06-27 10:15:00+05:30,518.7,519.85,514.5,515.6,17819
2025-06-27 11:15:00+05:30,515.6,517.0,514.95,515.35,14782
2025-06-27 12:15:00+05:30,515.05,516.55,514.25,515.0,7107
2025-06-27 13:15:00+05:30,515.0,515.65,513.1,513.8,6795
2025-06-27 14:15:00+05:30,514.0,514.9,510.2,513.95,16630
2025-06-27 15:15:00+05:30,514.0,514.2,511.75,512.7,21676
2025-06-30 09:15:00+05:30,515.05,528.95,515.05,523.3,168655
2025-06-30 10:15:00+05:30,523.3,526.0,520.45,524.6,39303
2025-06-30 11:15:00+05:30,524.15,525.5,523.1,523.45,11886
2025-06-30 12:15:00+05:30,523.45,523.85,521.2,522.0,13215
2025-06-30 13:15:00+05:30,522.0,522.75,521.45,522.25,5673
2025-06-30 14:15:00+05:30,522.25,523.1,519.6,521.8,30589
2025-06-30 15:15:00+05:30,521.7,522.4,520.15,521.55,20034
2025-07-01 09:15:00+05:30,523.45,523.5,511.4,512.25,164463
2025-07-01 10:15:00+05:30,512.15,521.15,512.0,521.0,51587
2025-07-01 11:15:00+05:30,521.0,524.5,515.2,516.7,138081
2025-07-01 12:15:00+05:30,516.7,522.0,516.7,521.15,30787
2025-07-01 13:15:00+05:30,521.95,524.0,518.2,521.0,202729
2025-07-01 14:15:00+05:30,521.0,522.4,521.0,521.1,126555
2025-07-01 15:15:00+05:30,521.1,524.3,519.1,522.0,75065
2025-07-02 09:15:00+05:30,528.25,529.8,518.0,524.8,346590
2025-07-02 10:15:00+05:30,525.75,527.15,521.0,523.9,169010
2025-07-02 11:15:00+05:30,523.9,525.35,521.7,521.7,25885
2025-07-02 12:15:00+05:30,521.7,523.95,519.0,519.3,24368
2025-07-02 13:15:00+05:30,519.3,520.25,518.0,520.1,19416
2025-07-02 14:15:00+05:30,520.1,522.7,517.5,519.4,48644
2025-07-02 15:15:00+05:30,519.15,524.0,517.75,519.75,34843
2025-07-03 09:15:00+05:30,524.0,524.95,516.45,518.5,40887
2025-07-03 10:15:00+05:30,518.5,523.0,517.9,520.15,19972
2025-07-03 11:15:00+05:30,520.15,522.4,520.0,521.2,13620
2025-07-03 12:15:00+05:30,521.55,522.65,520.35,522.0,10544
2025-07-03 13:15:00+05:30,522.0,522.15,518.25,518.6,6724
2025-07-03 14:15:00+05:30,518.6,521.05,517.9,518.4,23395
2025-07-03 15:15:00+05:30,518.5,518.5,516.25,516.25,15437
2025-07-04 09:15:00+05:30,519.9,519.9,512.5,514.95,67355
2025-07-04 10:15:00+05:30,514.95,523.5,514.55,521.4,42499
2025-07-04 11:15:00+05:30,521.4,522.05,515.75,518.25,17854
2025-07-04 12:15:00+05:30,518.85,524.8,517.55,522.7,76986
2025-07-04 13:15:00+05:30,522.7,522.7,519.25,519.8,41747
2025-07-04 14:15:00+05:30,519.8,521.65,519.4,520.4,46576
2025-07-04 15:15:00+05:30,520.4,521.15,520.0,520.0,12233
2025-07-07 09:15:00+05:30,517.0,520.0,514.25,514.4,18988
2025-07-07 10:15:00+05:30,514.4,514.4,511.1,512.35,21721
2025-07-07 11:15:00+05:30,512.35,525.95,512.15,519.25,462271
2025-07-07 12:15:00+05:30,519.25,519.75,515.0,516.5,30008
2025-07-07 13:15:00+05:30,516.5,527.0,516.5,526.5,125498
2025-07-07 14:15:00+05:30,526.5,528.6,523.15,525.0,114182
2025-07-07 15:15:00+05:30,525.0,525.35,522.4,522.7,32220
2025-07-08 09:15:00+05:30,522.0,529.65,514.95,517.25,134087
2025-07-08 10:15:00+05:30,517.25,518.8,515.45,516.05,37379
2025-07-08 11:15:00+05:30,516.6,517.0,515.4,515.8,24184
2025-07-08 12:15:00+05:30,515.85,520.75,515.7,519.95,39919
2025-07-08 13:15:00+05:30,519.95,526.75,519.4,523.3,202192
2025-07-08 14:15:00+05:30,523.8,523.95,519.05,520.0,96616
2025-07-08 15:15:00+05:30,520.0,520.0,518.25,519.0,40601
2025-07-09 09:15:00+05:30,519.0,525.7,514.15,521.9,60782
2025-07-09 10:15:00+05:30,521.9,521.9,518.9,519.45,23841
2025-07-09 11:15:00+05:30,519.45,520.3,519.0,519.3,9969
2025-07-09 12:15:00+05:30,519.3,520.35,518.5,519.05,29729
2025-07-09 13:15:00+05:30,518.75,519.2,517.3,518.1,8963
2025-07-09 14:15:00+05:30,518.1,518.35,516.3,517.2,26542
2025-07-09 15:15:00+05:30,517.2,517.75,516.0,516.8,15931
2025-07-10 09:15:00+05:30,518.0,522.0,515.0,519.95,36502
2025-07-10 10:15:00+05:30,519.95,520.65,516.75,518.7,19975
2025-07-10 11:15:00+05:30,518.7,519.0,517.05,517.45,7075
2025-07-10 12:15:00+05:30,517.45,519.25,517.05,518.65,15360
2025-07-10 13:15:00+05:30,518.65,519.7,518.0,519.45,7453
2025-07-10 14:15:00+05:30,519.45,519.7,516.6,517.0,27661
2025-07-10 15:15:00+05:30,516.65,518.9,516.0,517.25,23905
2025-07-11 09:15:00+05:30,513.5,517.7,510.4,511.0,69095
2025-07-11 10:15:00+05:30,511.0,511.9,506.0,506.55,41344
2025-07-11 11:15:00+05:30,506.55,506.95,502.1,503.75,42432
2025-07-11 12:15:00+05:30,504.0,510.25,502.0,504.0,46562
2025-07-11 13:15:00+05:30,504.0,504.8,503.0,503.25,29464
2025-07-11 14:15:00+05:30,503.25,505.95,502.45,503.0,325839
2025-07-11 15:15:00+05:30,503.35,504.95,503.0,504.8,29890
2025-07-14 09:15:00+05:30,504.1,520.0,501.0,518.05,179039
2025-07-14 10:15:00+05:30,518.05,522.5,518.0,518.2,117464
2025-07-14 11:15:00+05:30,518.2,519.15,517.0,519.15,28890
2025-07-14 12:15:00+05:30,518.9,522.3,516.5,516.95,112743
2025-07-14 13:15:00+05:30,516.95,518.0,516.05,517.35,16860
2025-07-14 14:15:00+05:30,517.35,518.3,515.3,516.8,44460
2025-07-14 15:15:00+05:30,516.8,517.3,515.0,516.0,24891
2025-07-15 09:15:00+05:30,519.0,522.5,515.2,517.0,39244
2025-07-15 10:15:00+05:30,517.0,518.2,516.0,517.85,17238
2025-07-15 11:15:00+05:30,517.85,521.95,517.6,518.85,21531
2025-07-15 12:15:00+05:30,518.85,521.4,517.0,520.0,23798
2025-07-15 13:15:00+05:30,520.2,520.55,518.85,519.65,12124
2025-07-15 14:15:00+05:30,519.4,519.95,517.0,519.3,19316
2025-07-15 15:15:00+05:30,519.35,520.0,518.75,519.95,9598
2025-07-16 09:15:00+05:30,519.25,522.0,515.8,517.35,20262
2025-07-16 10:15:00+05:30,517.35,517.5,515.0,516.4,10395
2025-07-16 11:15:00+05:30,516.4,521.45,515.25,521.05,16452
2025-07-16 12:15:00+05:30,521.05,523.15,520.8,522.15,53433
2025-07-16 13:15:00+05:30,522.15,524.5,519.0,519.25,46526
2025-07-16 14:15:00+05:30,519.45,523.3,518.4,521.95,58316
2025-07-16 15:15:00+05:30,521.85,524.0,521.4,523.5,25946
2025-07-17 09:15:00+05:30,525.0,536.35,524.95,533.15,192056
2025-07-17 10:15:00+05:30,533.15,542.3,532.65,539.0,194934
2025-07-17 11:15:00+05:30,539.0,539.8,532.25,532.8,72420
2025-07-17 12:15:00+05:30,532.8,533.55,530.45,532.35,30704
2025-07-17 13:15:00+05:30,532.35,535.75,531.2,534.55,34487
2025-07-17 14:15:00+05:30,534.55,539.1,534.25,537.1,84365
2025-07-17 15:15:00+05:30,537.5,537.8,534.55,535.0,35045
2025-07-18 09:15:00+05:30,537.0,540.25,531.25,531.45,53987
2025-07-18 10:15:00+05:30,531.45,532.0,526.3,531.2,48794
2025-07-18 11:15:00+05:30,531.2,531.7,528.5,529.55,9099
2025-07-18 12:15:00+05:30,529.55,535.25,528.0,531.8,32431
2025-07-18 13:15:00+05:30,532.05,535.35,530.05,531.15,58102
2025-07-18 14:15:00+05:30,531.1,532.65,529.5,530.1,26475
2025-07-18 15:15:00+05:30,530.05,530.65,528.3,529.0,21419
2025-07-21 09:15:00+05:30,529.65,531.0,522.4,526.95,30612
2025-07-21 10:15:00+05:30,526.95,527.6,523.4,524.45,12266
2025-07-21 11:15:00+05:30,524.45,525.4,522.75,523.95,8319
2025-07-21 12:15:00+05:30,523.95,523.95,520.6,520.95,16751
2025-07-21 13:15:00+05:30,520.95,522.2,518.75,519.5,22565
2025-07-21 14:15:00+05:30,519.5,520.55,519.05,519.5,22272
2025-07-21 15:15:00+05:30,519.9,520.0,518.05,518.05,21842
2025-07-22 09:15:00+05:30,519.15,524.9,519.15,522.6,26398
2025-07-22 10:15:00+05:30,522.6,523.8,518.3,519.15,8161
2025-07-22 11:15:00+05:30,519.15,519.25,515.95,517.0,4641
2025-07-22 12:15:00+05:30,517.0,518.0,517.0,517.85,2305
2025-07-22 13:15:00+05:30,517.85,517.85,515.5,515.8,4601
2025-07-22 14:15:00+05:30,515.8,519.6,515.05,519.2,18469
2025-07-22 15:15:00+05:30,519.2,519.2,516.9,516.9,11872
2025-07-23 09:15:00+05:30,518.0,520.1,514.0,515.4,22651
2025-07-23 10:15:00+05:30,515.4,516.05,514.8,515.0,5354
2025-07-23 11:15:00+05:30,515.0,522.0,512.3,518.0,128017
2025-07-23 12:15:00+05:30,518.0,521.3,517.8,518.2,30679
2025-07-23 13:15:00+05:30,518.2,519.0,515.05,515.7,34187
2025-07-23 14:15:00+05:30,515.25,517.1,515.15,516.25,10001
2025-07-23 15:15:00+05:30,516.4,518.05,515.1,515.5,18408
2025-07-24 09:15:00+05:30,517.0,520.75,516.2,519.0,32221
2025-07-24 10:15:00+05:30,518.65,519.0,517.55,518.0,4659
2025-07-24 11:15:00+05:30,518.0,518.0,516.2,516.55,6559
2025-07-24 12:15:00+05:30,516.55,517.05,513.3,514.65,10951
2025-07-24 13:15:00+05:30,514.65,515.1,514.1,514.65,4592
2025-07-24 14:15:00+05:30,514.65,514.8,513.8,514.8,17692
2025-07-24 15:15:00+05:30,514.8,515.0,513.9,514.0,8124
2025-07-25 09:15:00+05:30,514.0,514.3,507.45,508.0,29863
2025-07-25 10:15:00+05:30,508.0,510.1,503.25,507.0,106760
2025-07-25 11:15:00+05:30,507.0,509.55,505.9,508.8,9039
2025-07-25 12:15:00+05:30,508.8,510.0,507.2,508.8,8264
2025-07-25 13:15:00+05:30,508.45,509.45,507.0,507.6,5612
2025-07-25 14:15:00+05:30,507.6,513.55,506.45,511.7,42168
2025-07-25 15:15:00+05:30,511.7,512.1,510.05,511.2,51299
2025-07-28 09:15:00+05:30,510.9,514.0,508.0,512.55,29140
2025-07-28 10:15:00+05:30,512.55,514.15,512.0,513.25,10655
2025-07-28 11:15:00+05:30,513.25,515.55,513.25,515.0,18244
2025-07-28 12:15:00+05:30,515.0,515.45,514.05,515.0,54073
2025-07-28 13:15:00+05:30,515.0,515.45,512.0,515.0,49309
2025-07-28 14:15:00+05:30,515.0,515.1,508.5,509.5,39294
2025-07-28 15:15:00+05:30,509.35,510.15,506.3,508.15,12930
2025-07-29 09:15:00+05:30,505.0,512.7,505.0,507.4,20367
2025-07-29 10:15:00+05:30,507.4,507.7,504.1,504.6,14993
2025-07-29 11:15:00+05:30,504.6,506.7,504.55,506.05,8970
2025-07-29 12:15:00+05:30,506.05,507.05,504.95,506.1,3152
2025-07-29 13:15:00+05:30,506.1,511.7,506.1,510.15,14080
2025-07-29 14:15:00+05:30,510.3,512.4,509.75,510.45,12462
2025-07-29 15:15:00+05:30,510.45,516.0,509.5,512.85,19581
2025-07-30 09:15:00+05:30,514.95,517.95,511.15,512.8,20063
2025-07-30 10:15:00+05:30,512.8,513.55,510.5,511.5,6767
2025-07-30 11:15:00+05:30,511.5,513.2,511.2,511.4,4527
2025-07-30 12:15:00+05:30,511.4,512.15,508.55,509.95,8599
2025-07-30 13:15:00+05:30,509.95,510.0,502.95,503.15,77037
2025-07-30 14:15:00+05:30,503.15,506.7,503.15,505.8,28643
2025-07-30 15:15:00+05:30,506.1,506.9,505.4,506.8,12595
2025-07-31 09:15:00+05:30,500.9,508.6,496.85,500.5,40671
2025-07-31 10:15:00+05:30,500.6,501.5,499.1,500.8,42968
2025-07-31 11:15:00+05:30,500.8,503.0,500.8,502.75,18393
2025-07-31 12:15:00+05:30,502.75,504.9,502.05,502.25,11804
2025-07-31 13:15:00+05:30,502.25,504.35,502.05,503.55,13386
2025-07-31 14:15:00+05:30,503.45,503.45,499.6,500.0,27831
2025-07-31 15:15:00+05:30,500.0,500.2,497.0,497.0,17626
2025-08-01 09:15:00+05:30,499.0,503.1,494.05,496.65,27307
2025-08-01 10:15:00+05:30,496.65,499.2,496.1,496.2,11965
2025-08-01 11:15:00+05:30,496.2,497.2,495.0,495.2,12428
2025-08-01 12:15:00+05:30,495.2,495.65,486.95,490.2,43259
2025-08-01 13:15:00+05:30,490.2,490.95,482.5,483.6,35547
2025-08-01 14:15:00+05:30,483.6,493.25,483.6,490.7,72525
2025-08-01 15:15:00+05:30,490.7,493.0,488.05,489.0,30359
2025-08-04 09:15:00+05:30,493.95,494.5,484.85,489.4,29459
2025-08-04 10:15:00+05:30,489.4,490.0,487.05,488.95,10586
2025-08-04 11:15:00+05:30,488.95,491.55,487.6,490.0,8019
2025-08-04 12:15:00+05:30,490.0,490.0,488.85,489.3,5119
2025-08-04 13:15:00+05:30,489.3,497.4,488.8,495.7,45396
2025-08-04 14:15:00+05:30,495.7,497.2,495.1,496.1,10510
2025-08-04 15:15:00+05:30,496.1,499.0,495.0,495.15,14147
2025-08-05 09:15:00+05:30,490.0,495.05,486.55,488.05,38398
2025-08-05 10:15:00+05:30,488.05,488.45,485.5,487.4,31022
2025-08-05 11:15:00+05:30,487.4,487.55,485.8,487.1,46160
2025-08-05 12:15:00+05:30,487.1,488.5,484.25,484.8,34988
2025-08-05 13:15:00+05:30,484.8,485.5,483.15,484.0,18556
2025-08-05 14:15:00+05:30,484.0,484.65,483.05,484.0,58134
2025-08-05 15:15:00+05:30,484.0,484.0,481.05,482.9,21394
2025-08-06 09:15:00+05:30,487.0,492.85,478.1,478.75,38574
2025-08-06 10:15:00+05:30,478.75,479.05,466.45,472.35,118654
2025-08-06 11:15:00+05:30,472.35,472.35,468.95,470.0,36636
2025-08-06 12:15:00+05:30,470.0,472.5,469.65,471.35,28789
2025-08-06 13:15:00+05:30,471.7,476.65,470.7,471.5,67749
2025-08-06 14:15:00+05:30,471.35,475.55,470.1,475.45,59279
2025-08-06 15:15:00+05:30,475.05,477.5,475.0,475.05,26933
2025-08-07 09:15:00+05:30,470.1,476.05,464.55,466.55,74795
2025-08-07 10:15:00+05:30,466.55,466.9,463.4,464.0,28743
2025-08-07 11:15:00+05:30,464.0,465.45,463.4,464.0,37301
2025-08-07 12:15:00+05:30,464.0,464.25,460.85,461.45,44901
2025-08-07 13:15:00+05:30,462.0,462.3,457.5,459.6,21009
2025-08-07 14:15:00+05:30,459.6,462.05,458.75,461.7,28796
2025-08-07 15:15:00+05:30,461.9,462.55,459.95,461.8,57450
2025-08-08 09:15:00+05:30,459.0,464.25,455.0,458.2,28155
2025-08-08 10:15:00+05:30,458.2,460.2,456.3,458.45,8158
2025-08-08 11:15:00+05:30,458.45,458.55,456.5,458.55,6502
2025-08-08 12:15:00+05:30,458.55,459.95,457.95,458.0,2317
2025-08-08 13:15:00+05:30,458.0,459.5,458.0,458.5,5749
2025-08-08 14:15:00+05:30,458.55,462.6,458.1,460.0,14884
2025-08-08 15:15:00+05:30,460.0,460.9,456.0,457.05,20228
2025-08-11 09:15:00+05:30,458.8,460.5,446.6,448.75,61199
2025-08-11 10:15:00+05:30,448.75,449.85,448.35,449.0,25646
2025-08-11 11:15:00+05:30,449.0,449.6,445.05,448.3,31418
2025-08-11 12:15:00+05:30,448.3,450.5,447.8,449.0,57408
2025-08-11 13:15:00+05:30,449.05,454.6,448.3,453.0,83630
2025-08-11 14:15:00+05:30,452.95,461.55,451.3,460.15,81672
2025-08-11 15:15:00+05:30,460.0,461.95,460.0,461.95,56679
2025-08-12 09:15:00+05:30,462.0,478.3,462.0,473.4,228019
2025-08-12 10:15:00+05:30,473.4,474.9,467.5,467.5,53883
2025-08-12 11:15:00+05:30,467.5,471.9,467.3,469.1,26317
2025-08-12 12:15:00+05:30,469.1,474.85,468.5,473.65,47829
2025-08-12 13:15:00+05:30,473.65,474.0,471.0,472.3,20671
2025-08-12 14:15:00+05:30,472.3,476.9,464.4,472.25,302724
2025-08-12 15:15:00+05:30,472.2,473.0,468.95,471.0,44021
2025-08-13 09:15:00+05:30,480.0,488.5,474.1,487.0,184301
2025-08-13 10:15:00+05:30,487.0,493.7,485.8,489.9,148061
2025-08-13 11:15:00+05:30,489.9,495.0,489.35,494.75,102383
2025-08-13 12:15:00+05:30,494.75,498.6,493.5,496.1,98902
2025-08-13 13:15:00+05:30,496.1,498.15,488.05,490.55,88141
2025-08-13 14:15:00+05:30,491.85,494.7,489.75,491.35,60931
2025-08-13 15:15:00+05:30,491.35,493.8,488.9,490.95,30947
2025-08-14 09:15:00+05:30,494.0,500.45,488.35,489.6,58444
2025-08-14 10:15:00+05:30,489.6,492.7,487.1,492.2,18458
2025-08-14 11:15:00+05:30,491.65,493.8,490.85,492.85,17223
2025-08-14 12:15:00+05:30,492.85,493.85,491.8,492.1,12581
2025-08-14 13:15:00+05:30,492.1,496.1,491.35,495.65,21013
2025-08-14 14:15:00+05:30,495.65,497.0,494.4,495.25,28432
2025-08-14 15:15:00+05:30,495.0,495.65,493.4,494.3,18174
2025-08-18 09:15:00+05:30,509.9,512.5,504.55,508.55,78048
2025-08-18 10:15:00+05:30,508.55,511.45,506.85,508.35,47278
2025-08-18 11:15:00+05:30,508.35,509.0,506.0,506.35,15996
2025-08-18 12:15:00+05:30,506.35,513.8,506.35,510.7,74727
2025-08-18 13:15:00+05:30,510.6,513.8,509.25,512.95,54152
2025-08-18 14:15:00+05:30,512.95,513.65,509.95,510.55,57264
2025-08-18 15:15:00+05:30,510.5,511.4,510.5,510.55,20087
2025-08-19 09:15:00+05:30,511.4,517.4,509.65,516.1,49676
2025-08-19 10:15:00+05:30,516.1,517.3,515.15,516.65,16498
2025-08-19 11:15:00+05:30,516.65,519.4,512.7,513.7,81721
2025-08-19 12:15:00+05:30,513.3,519.0,512.4,518.7,74590
2025-08-19 13:15:00+05:30,518.7,518.7,516.0,517.0,11227
2025-08-19 14:15:00+05:30,517.0,518.0,516.0,517.3,30694
2025-08-19 15:15:00+05:30,517.3,518.0,515.0,516.0,20310
2025-08-20 09:15:00+05:30,518.9,519.55,512.05,514.85,26332
2025-08-20 10:15:00+05:30,515.1,515.35,512.25,513.35,8600
2025-08-20 11:15:00+05:30,513.35,513.35,511.1,511.55,11734
2025-08-20 12:15:00+05:30,511.55,512.1,511.0,511.2,7112
2025-08-20 13:15:00+05:30,511.2,511.45,506.85,506.85,14746
2025-08-20 14:15:00+05:30,506.85,509.9,506.1,507.5,31274
2025-08-20 15:15:00+05:30,507.2,508.35,506.5,507.35,11328
2025-08-21 09:15:00+05:30,510.0,511.2,505.0,505.75,26576
2025-08-21 10:15:00+05:30,505.75,507.85,505.5,506.7,15190
2025-08-21 11:15:00+05:30,506.7,507.3,502.6,504.5,20675
2025-08-21 12:15:00+05:30,504.5,504.9,502.6,503.75,7526
2025-08-21 13:15:00+05:30,503.55,503.85,502.2,502.65,6074
2025-08-21 14:15:00+05:30,502.65,503.25,498.5,499.5,23572
2025-08-21 15:15:00+05:30,499.5,501.25,499.3,500.0,12656
2025-08-22 09:15:00+05:30,500.05,503.95,496.8,502.9,38147
2025-08-22 10:15:00+05:30,502.9,502.9,500.75,502.2,114648
2025-08-22 11:15:00+05:30,502.2,509.45,501.8,508.65,21471
2025-08-22 12:15:00+05:30,508.65,508.95,506.85,508.4,10319
2025-08-22 13:15:00+05:30,508.4,510.25,507.1,509.3,22670
2025-08-22 14:15:00+05:30,509.3,509.8,501.8,507.55,43927
2025-08-22 15:15:00+05:30,507.25,508.0,506.5,508.0,17751
2025-08-25 09:15:00+05:30,510.25,520.0,505.95,514.4,328700
2025-08-25 10:15:00+05:30,514.4,521.7,508.15,514.0,1075711
2025-08-25 11:15:00+05:30,514.0,514.05,512.1,512.6,41314
2025-08-25 12:15:00+05:30,512.6,512.95,507.15,509.85,37319
2025-08-25 13:15:00+05:30,509.85,510.0,505.4,506.55,21337
2025-08-25 14:15:00+05:30,506.55,515.4,505.9,511.8,108680
2025-08-25 15:15:00+05:30,511.8,512.75,510.45,512.75,33165
2025-08-26 09:15:00+05:30,509.75,511.45,503.0,508.5,43267
2025-08-26 10:15:00+05:30,508.5,508.65,506.3,507.25,6067
2025-08-26 11:15:00+05:30,507.25,508.7,505.6,507.75,9079
2025-08-26 12:15:00+05:30,507.75,508.75,505.3,505.75,12034
2025-08-26 13:15:00+05:30,505.75,506.05,505.0,505.3,11427
2025-08-26 14:15:00+05:30,505.3,505.7,498.1,498.15,47116
2025-08-26 15:15:00+05:30,498.4,503.85,495.4,498.0,30670
2025-08-28 09:15:00+05:30,495.0,506.8,495.0,504.9,49781
2025-08-28 10:15:00+05:30,504.9,507.6,504.9,506.5,16346
2025-08-28 11:15:00+05:30,506.5,506.65,503.0,503.75,13647
2025-08-28 12:15:00+05:30,503.75,503.75,501.4,502.7,11056
2025-08-28 13:15:00+05:30,502.7,504.4,502.15,502.7,8782
2025-08-28 14:15:00+05:30,502.7,504.05,500.85,501.7,23734
2025-08-28 15:15:00+05:30,501.55,502.55,499.75,499.75,13139
2025-08-29 09:15:00+05:30,504.0,504.0,495.65,497.35,23792
2025-08-29 10:15:00+05:30,497.35,501.45,497.05,501.05,11407
2025-08-29 11:15:00+05:30,501.05,502.8,500.55,501.05,14479
2025-08-29 12:15:00+05:30,501.05,505.65,498.55,502.0,251099
2025-08-29 13:15:00+05:30,502.0,502.4,500.0,500.6,11640
2025-08-29 14:15:00+05:30,500.6,501.4,497.5,497.9,19470
2025-08-29 15:15:00+05:30,497.95,500.05,497.15,498.05,19758
2025-09-01 09:15:00+05:30,498.05,505.0,498.05,503.0,28510
2025-09-01 10:15:00+05:30,503.0,503.5,501.0,501.95,8708
2025-09-01 11:15:00+05:30,501.95,508.55,500.65,506.7,25170
2025-09-01 12:15:00+05:30,507.0,515.4,504.5,505.05,225423
2025-09-01 13:15:00+05:30,505.05,508.5,505.0,507.35,50909
2025-09-01 14:15:00+05:30,507.35,508.0,506.5,506.95,31122
2025-09-01 15:15:00+05:30,506.9,507.5,506.2,507.0,24878
2025-09-02 09:15:00+05:30,504.5,515.0,500.4,512.45,57841
2025-09-02 10:15:00+05:30,512.45,517.3,509.25,512.8,154813
2025-09-02 11:15:00+05:30,512.8,513.8,508.2,510.0,405261
2025-09-02 12:15:00+05:30,509.75,518.9,508.0,511.0,138540
2025-09-02 13:15:00+05:30,511.0,511.55,508.05,508.9,55478
2025-09-02 14:15:00+05:30,508.9,510.6,507.4,508.0,45703
2025-09-02 15:15:00+05:30,507.9,508.2,505.15,508.2,28257
2025-09-03 09:15:00+05:30,509.0,511.8,505.6,508.75,28620
2025-09-03 10:15:00+05:30,508.75,509.15,505.4,505.95,6125
2025-09-03 11:15:00+05:30,505.95,508.85,505.0,507.4,14457
2025-09-03 12:15:00+05:30,507.4,508.95,506.8,508.2,4097
2025-09-03 13:15:00+05:30,508.2,508.45,506.55,507.0,2839
2025-09-03 14:15:00+05:30,507.0,507.95,506.0,506.3,10895
2025-09-03 15:15:00+05:30,506.3,507.95,506.0,507.15,9154
2025-09-04 09:15:00+05:30,513.8,517.5,508.5,509.25,38216
2025-09-04 10:15:00+05:30,509.25,514.0,509.25,512.9,30108
2025-09-04 11:15:00+05:30,512.9,513.05,509.3,510.0,15493
2025-09-04 12:15:00+05:30,510.0,510.1,508.25,509.25,11923
2025-09-04 13:15:00+05:30,509.25,509.65,507.5,508.55,11827
2025-09-04 14:15:00+05:30,508.55,509.1,504.15,504.35,19754
2025-09-04 15:15:00+05:30,504.2,505.0,498.75,505.0,39250
2025-09-05 09:15:00+05:30,505.4,507.9,501.7,504.85,10942
2025-09-05 10:15:00+05:30,504.85,506.0,503.0,503.65,9364
2025-09-05 11:15:00+05:30,503.65,503.65,501.7,502.45,8896
2025-09-05 12:15:00+05:30,502.45,503.45,502.1,502.95,3646
2025-09-05 13:15:00+05:30,502.95,506.0,502.5,505.35,4313
2025-09-05 14:15:00+05:30,505.35,506.5,503.35,503.9,13489
2025-09-05 15:15:00+05:30,503.9,504.55,503.15,504.55,6743
2025-09-08 09:15:00+05:30,504.8,518.25,504.8,515.15,50120
2025-09-08 10:15:00+05:30,515.15,516.45,510.8,511.2,32858
2025-09-08 11:15:00+05:30,511.2,528.8,511.0,524.05,276279
2025-09-08 12:15:00+05:30,524.05,524.5,522.0,523.0,53330
2025-09-08 13:15:00+05:30,523.0,523.8,519.95,521.5,27547
2025-09-08 14:15:00+05:30,521.5,524.5,519.5,520.15,56904
2025-09-08 15:15:00+05:30,520.45,523.0,520.0,521.5,25580
2025-09-09 09:15:00+05:30,521.8,525.5,517.0,521.5,100664
2025-09-09 10:15:00+05:30,521.5,521.8,518.5,519.0,16835
2025-09-09 11:15:00+05:30,519.0,519.5,515.4,515.9,19756
2025-09-09 12:15:00+05:30,515.9,517.55,514.8,516.8,15188
2025-09-09 13:15:00+05:30,516.8,517.9,515.1,515.6,6419
2025-09-09 14:15:00+05:30,515.6,516.75,515.0,515.65,32427
2025-09-09 15:15:00+05:30,515.65,519.0,514.0,519.0,21669
2025-09-10 09:15:00+05:30,518.9,521.85,515.0,516.3,53076
2025-09-10 10:15:00+05:30,516.1,516.75,514.05,514.05,18198
2025-09-10 11:15:00+05:30,514.05,514.25,511.0,511.3,12752
2025-09-10 12:15:00+05:30,511.3,512.0,510.25,510.95,12559
2025-09-10 13:15:00+05:30,510.5,512.0,510.1,510.65,11413
2025-09-10 14:15:00+05:30,510.65,511.0,509.0,509.75,17869
2025-09-10 15:15:00+05:30,509.75,510.65,508.7,509.7,9730
2025-09-11 09:15:00+05:30,509.0,511.0,505.15,506.85,28362
2025-09-11 10:15:00+05:30,506.85,507.9,506.2,507.5,6494
2025-09-11 11:15:00+05:30,507.5,508.85,506.0,507.95,6987
2025-09-11 12:15:00+05:30,507.95,508.0,504.2,504.2,12129
2025-09-11 13:15:00+05:30,504.2,508.95,503.4,507.35,20187
2025-09-11 14:15:00+05:30,507.35,509.0,506.9,507.0,10339
2025-09-11 15:15:00+05:30,507.0,508.0,506.0,506.15,12191
2025-09-12 09:15:00+05:30,507.0,511.75,504.75,508.35,29096
2025-09-12 10:15:00+05:30,508.35,511.45,507.65,510.4,10882
2025-09-12 11:15:00+05:30,510.4,513.55,509.55,511.1,15176
2025-09-12 12:15:00+05:30,511.1,512.7,510.6,511.5,8445
2025-09-12 13:15:00+05:30,511.5,512.0,510.5,511.45,9327
2025-09-12 14:15:00+05:30,511.45,512.35,510.0,512.0,15127
2025-09-12 15:15:00+05:30,511.55,513.4,510.0,511.05,14900
2025-09-15 09:15:00+05:30,511.6,514.0,509.65,510.0,18774
2025-09-15 10:15:00+05:30,510.0,515.1,509.0,513.35,14730
2025-09-15 11:15:00+05:30,513.35,515.15,512.2,514.05,7788
2025-09-15 12:15:00+05:30,513.5,515.0,512.8,512.9,6632
2025-09-15 13:15:00+05:30,512.9,513.55,511.3,511.3,7544
2025-09-15 14:15:00+05:30,510.9,511.65,510.0,510.4,9365
2025-09-15 15:15:00+05:30,510.85,510.95,508.5,510.85,23353
2025-09-16 09:15:00+05:30,512.0,517.4,509.35,515.9,31462
2025-09-16 10:15:00+05:30,515.9,517.2,513.3,513.3,16230
2025-09-16 11:15:00+05:30,513.3,516.95,513.3,516.95,15044
2025-09-16 12:15:00+05:30,516.95,519.5,514.85,516.55,30892
2025-09-16 13:15:00+05:30,516.55,517.4,515.3,516.0,6880
2025-09-16 14:15:00+05:30,516.0,518.45,515.7,518.45,22982
2025-09-16 15:15:00+05:30,518.45,519.5,517.0,519.5,24012
2025-09-17 09:15:00+05:30,512.8,517.0,510.5,513.55,91895
2025-09-17 10:15:00+05:30,513.55,527.4,513.0,526.25,87702
2025-09-17 11:15:00+05:30,527.0,527.3,524.0,525.85,64962
2025-09-17 12:15:00+05:30,525.85,543.0,525.75,536.0,211601
2025-09-17 13:15:00+05:30,536.0,538.45,530.5,531.1,74267
2025-09-17 14:15:00+05:30,531.2,533.0,530.9,531.75,39845
2025-09-17 15:15:00+05:30,531.75,532.95,530.3,531.0,44177
2025-09-18 09:15:00+05:30,537.3,540.0,532.05,534.75,203801
2025-09-18 10:15:00+05:30,534.5,537.95,531.1,532.5,63807
2025-09-18 11:15:00+05:30,532.5,534.85,521.1,529.35,89701
2025-09-18 12:15:00+05:30,529.35,535.5,529.3,531.9,47351
2025-09-18 13:15:00+05:30,531.9,531.9,530.05,530.7,13996
2025-09-18 14:15:00+05:30,530.7,532.25,529.85,530.6,32672
2025-09-18 15:15:00+05:30,531.0,532.0,530.0,532.0,35615
2025-09-19 09:15:00+05:30,532.8,545.4,532.55,540.3,256064
2025-09-19 10:15:00+05:30,540.3,541.95,533.0,533.5,38612
2025-09-19 11:15:00+05:30,533.5,540.75,533.4,539.5,36709
2025-09-19 12:15:00+05:30,539.5,546.8,538.05,545.5,139802
2025-09-19 13:15:00+05:30,545.5,550.0,542.5,547.15,140719
2025-09-19 14:15:00+05:30,547.15,550.25,545.05,548.8,122921
2025-09-19 15:15:00+05:30,548.8,550.5,545.25,549.9,110451
2025-09-22 09:15:00+05:30,550.0,552.1,542.0,548.15,88884
2025-09-22 10:15:00+05:30,548.15,548.3,538.65,541.15,39631
2025-09-22 11:15:00+05:30,541.15,544.5,540.1,542.05,23653
2025-09-22 12:15:00+05:30,542.05,542.4,538.3,538.85,19178
2025-09-22 13:15:00+05:30,538.85,539.65,535.5,535.5,22827
2025-09-22 14:15:00+05:30,535.5,536.7,531.9,532.4,34908
2025-09-22 15:15:00+05:30,532.35,533.5,531.9,532.0,27816
2025-09-23 09:15:00+05:30,532.8,552.85,532.8,538.95,307113
2025-09-23 10:15:00+05:30,538.95,540.1,536.0,538.1,42282
2025-09-23 11:15:00+05:30,538.15,539.5,535.0,536.45,24418
2025-09-23 12:15:00+05:30,536.45,538.85,535.1,536.6,24207
2025-09-23 13:15:00+05:30,536.6,537.9,530.65,532.75,54512
2025-09-23 14:15:00+05:30,532.75,534.6,530.05,533.1,41776
2025-09-23 15:15:00+05:30,533.6,538.2,532.0,538.0,44054
2025-09-24 09:15:00+05:30,550.0,588.0,550.0,578.0,8460639
2025-09-24 10:15:00+05:30,577.6,582.95,570.0,573.5,2768612
2025-09-24 11:15:00+05:30,573.5,583.1,571.4,580.15,2063739
2025-09-24 12:15:00+05:30,580.15,584.25,576.35,577.8,1565823
2025-09-24 13:15:00+05:30,577.8,601.65,577.0,592.45,4605809
2025-09-24 14:15:00+05:30,592.5,592.65,575.1,577.0,4924965
2025-09-24 15:15:00+05:30,576.6,581.9,575.1,577.5,926791
2025-09-25 09:15:00+05:30,579.0,583.4,570.9,575.35,716038
2025-09-25 10:15:00+05:30,575.35,585.0,575.3,581.7,385706
2025-09-25 11:15:00+05:30,581.7,591.7,578.7,585.15,520880
2025-09-25 12:15:00+05:30,585.5,585.5,582.2,582.55,124244
2025-09-25 13:15:00+05:30,582.55,584.95,580.0,580.35,122941
2025-09-25 14:15:00+05:30,580.35,581.5,574.0,575.0,262549
2025-09-25 15:15:00+05:30,574.95,576.85,574.3,576.0,122533
2025-09-26 09:15:00+05:30,573.0,584.1,566.1,577.55,459304
2025-09-26 10:15:00+05:30,577.7,579.0,572.0,572.25,83509
2025-09-26 11:15:00+05:30,572.65,572.65,567.65,569.45,87957
2025-09-26 12:15:00+05:30,569.45,570.9,567.6,568.2,32613
2025-09-26 13:15:00+05:30,568.2,569.4,566.0,567.2,54257
2025-09-26 14:15:00+05:30,567.2,573.0,566.5,571.5,145836
2025-09-26 15:15:00+05:30,571.5,575.55,568.5,575.0,62677
2025-09-29 09:15:00+05:30,578.0,587.5,570.9,586.4,542331
2025-09-29 10:15:00+05:30,586.75,591.85,578.0,580.05,443930
2025-09-29 11:15:00+05:30,580.05,581.2,570.05,571.8,151925
2025-09-29 12:15:00+05:30,571.8,575.5,569.0,572.3,127458
2025-09-29 13:15:00+05:30,572.35,573.55,571.0,572.15,62142
2025-09-29 14:15:00+05:30,572.15,574.9,565.1,569.3,249850
2025-09-29 15:15:00+05:30,569.15,573.5,566.1,571.15,119822
2025-09-30 09:15:00+05:30,573.3,575.85,567.05,574.65,179045
2025-09-30 10:15:00+05:30,574.65,575.0,570.45,571.7,53319
2025-09-30 11:15:00+05:30,571.7,571.95,569.4,570.55,37845
2025-09-30 12:15:00+05:30,571.0,572.0,569.0,569.7,18248
2025-09-30 13:15:00+05:30,569.7,570.45,567.7,568.95,43753
2025-09-30 14:15:00+05:30,568.95,574.7,567.6,568.55,115273
2025-09-30 15:15:00+05:30,568.3,572.95,567.9,570.15,60771
2025-10-01 09:15:00+05:30,575.0,575.0,566.25,569.8,85344
2025-10-01 10:15:00+05:30,569.8,572.15,568.1,568.2,23530
2025-10-01 11:15:00+05:30,568.2,569.6,567.4,569.0,21690
2025-10-01 12:15:00+05:30,569.0,574.3,568.0,572.3,32139
2025-10-01 13:15:00+05:30,572.45,577.0,572.45,576.35,66577
2025-10-01 14:15:00+05:30,576.35,584.95,575.25,579.0,202201
2025-10-01 15:15:00+05:30,579.0,581.0,578.55,579.1,33283
2025-10-03 09:15:00+05:30,582.0,588.9,577.25,587.0,326277
2025-10-03 10:15:00+05:30,586.85,589.0,585.0,587.3,186980
2025-10-03 11:15:00+05:30,587.35,594.0,586.1,593.15,310846
2025-10-03 12:15:00+05:30,593.1,593.1,589.9,591.5,121740
2025-10-03 13:15:00+05:30,591.8,591.8,588.1,589.95,118611
2025-10-03 14:15:00+05:30,590.15,590.5,585.4,587.85,105978
2025-10-03 15:15:00+05:30,587.45,589.05,587.0,588.65,72722
2025-10-06 09:15:00+05:30,590.9,590.9,581.55,584.0,147252
2025-10-06 10:15:00+05:30,584.0,584.3,578.0,578.15,37952
2025-10-06 11:15:00+05:30,578.15,581.05,577.05,580.5,29896
2025-10-06 12:15:00+05:30,580.55,581.65,579.1,579.35,36160
2025-10-06 13:15:00+05:30,579.35,581.4,579.05,580.3,16783
2025-10-06 14:15:00+05:30,580.3,581.8,577.45,579.4,58126
2025-10-06 15:15:00+05:30,579.0,579.8,578.05,578.05,25777
2025-10-07 09:15:00+05:30,577.0,585.3,572.85,583.65,142787
2025-10-07 10:15:00+05:30,583.65,593.3,581.6,592.0,262457
2025-10-07 11:15:00+05:30,592.0,592.5,588.65,589.15,108210
2025-10-07 12:15:00+05:30,589.15,602.0,588.15,599.05,436065
2025-10-07 13:15:00+05:30,599.05,606.9,594.0,595.3,722021
2025-10-07 14:15:00+05:30,595.75,597.05,591.8,594.15,234070
2025-10-07 15:15:00+05:30,593.8,595.0,592.3,592.3,118778
2025-10-08 09:15:00+05:30,594.0,604.8,591.35,595.0,429973
2025-10-08 10:15:00+05:30,595.0,595.0,583.45,585.05,177407
2025-10-08 11:15:00+05:30,585.05,586.95,583.8,585.05,54964
2025-10-08 12:15:00+05:30,585.0,586.2,582.7,585.8,33607
2025-10-08 13:15:00+05:30,585.8,586.45,581.7,582.75,47774
2025-10-08 14:15:00+05:30,582.75,585.15,581.05,581.05,85070
2025-10-08 15:15:00+05:30,581.15,582.8,578.45,580.8,64474
2025-10-09 09:15:00+05:30,582.0,590.0,577.9,587.05,175422
2025-10-09 10:15:00+05:30,587.05,589.9,583.6,586.2,75537
2025-10-09 11:15:00+05:30,586.2,586.65,583.3,584.25,40334
2025-10-09 12:15:00+05:30,584.25,585.35,581.85,584.05,27895
2025-10-09 13:15:00+05:30,584.05,585.5,581.5,583.3,38212
2025-10-09 14:15:00+05:30,583.3,585.15,581.2,582.45,53590
2025-10-09 15:15:00+05:30,582.7,583.05,580.35,582.1,42829
2025-10-10 09:15:00+05:30,584.6,593.4,578.75,587.1,186328
2025-10-10 10:15:00+05:30,587.1,590.65,585.35,587.5,58216
2025-10-10 11:15:00+05:30,587.5,589.5,586.55,587.75,20896
2025-10-10 12:15:00+05:30,588.15,592.0,587.0,588.45,55031
2025-10-10 13:15:00+05:30,588.45,590.25,586.0,586.3,32859
2025-10-10 14:15:00+05:30,587.0,589.5,585.3,588.0,44244
2025-10-10 15:15:00+05:30,588.3,590.25,587.45,587.9,55085
2025-10-13 09:15:00+05:30,587.1,587.1,575.1,580.05,164059
2025-10-13 10:15:00+05:30,580.05,580.2,562.9,565.0,148549
2025-10-13 11:15:00+05:30,564.65,565.95,555.55,560.65,228809
2025-10-13 12:15:00+05:30,560.65,566.0,560.05,565.5,140143
2025-10-13 13:15:00+05:30,565.05,566.75,561.95,565.0,119417
2025-10-13 14:15:00+05:30,565.0,571.0,564.6,568.75,186912
2025-10-13 15:15:00+05:30,568.15,570.4,566.55,569.65,67785
2025-10-14 09:15:00+05:30,570.05,572.0,563.15,565.0,107897
2025-10-14 10:15:00+05:30,565.0,568.45,561.0,561.2,51101
2025-10-14 11:15:00+05:30,561.2,561.65,556.55,558.0,58074
2025-10-14 12:15:00+05:30,558.35,558.55,553.25,555.35,59928
2025-10-14 13:15:00+05:30,555.35,557.05,554.25,556.25,24561
2025-10-14 14:15:00+05:30,556.25,568.0,555.7,565.5,154707
2025-10-14 15:15:00+05:30,565.5,565.5,557.25,557.25,42735
2025-10-15 09:15:00+05:30,564.6,566.65,559.4,562.75,51064
2025-10-15 10:15:00+05:30,562.75,569.0,562.3,565.1,42143
2025-10-15 11:15:00+05:30,565.05,570.7,565.0,567.0,32828
2025-10-15 12:15:00+05:30,567.0,567.6,565.2,565.3,27717
2025-10-15 13:15:00+05:30,565.3,566.7,565.0,565.0,18395
2025-10-15 14:15:00+05:30,565.0,570.0,565.0,567.25,34486
2025-10-15 15:15:00+05:30,567.25,572.0,566.65,570.4,28265
2025-10-16 09:15:00+05:30,569.9,585.0,569.9,584.0,152441
2025-10-16 10:15:00+05:30,584.25,588.0,581.45,583.25,136961
2025-10-16 11:15:00+05:30,583.25,588.0,582.5,583.4,70911
2025-10-16 12:15:00+05:30,583.4,584.85,582.25,583.25,27515
2025-10-16 13:15:00+05:30,583.25,585.5,582.9,584.5,24273
2025-10-16 14:15:00+05:30,584.5,585.0,582.95,583.35,51396
2025-10-16 15:15:00+05:30,582.9,583.8,581.05,581.05,28008
2025-10-17 09:15:00+05:30,581.25,584.8,576.25,578.45,64392
2025-10-17 10:15:00+05:30,578.45,580.25,576.3,576.4,28146
2025-10-17 11:15:00+05:30,576.4,577.05,572.35,573.8,56082
2025-10-17 12:15:00+05:30,574.1,574.2,570.5,573.05,41773
2025-10-17 13:15:00+05:30,573.1,573.1,569.8,571.85,22903
2025-10-17 14:15:00+05:30,572.0,572.75,567.5,568.8,41890
2025-10-17 15:15:00+05:30,568.6,569.8,566.55,567.0,32042
2025-10-20 09:15:00+05:30,571.5,579.7,569.0,576.9,75702
2025-10-20 10:15:00+05:30,576.9,578.55,572.75,574.5,31260
2025-10-20 11:15:00+05:30,574.5,577.55,574.05,576.5,26981
2025-10-20 12:15:00+05:30,576.5,578.5,576.25,577.7,19093
2025-10-20 13:15:00+05:30,577.7,578.15,576.5,577.6,14434
2025-10-20 14:15:00+05:30,577.6,578.65,575.05,577.65,42853
2025-10-20 15:15:00+05:30,577.65,580.0,577.5,579.55,19327
2025-10-21 13:45:00+05:30,581.65,587.6,567.9,578.0,88456
2025-10-23 09:15:00+05:30,585.0,585.0,575.25,576.85,34001
2025-10-23 10:15:00+05:30,576.85,577.8,575.0,575.55,16661
2025-10-23 11:15:00+05:30,575.55,575.9,573.85,575.65,12350
2025-10-23 12:15:00+05:30,575.65,577.0,573.8,576.1,9790
2025-10-23 13:15:00+05:30,576.1,576.8,573.25,573.55,19513
2025-10-23 14:15:00+05:30,573.55,574.0,566.15,566.55,32012
2025-10-23 15:15:00+05:30,566.6,567.85,565.2,567.0,20962
2025-10-24 09:15:00+05:30,567.75,578.4,567.75,573.55,63769
2025-10-24 10:15:00+05:30,573.55,573.55,565.35,570.0,82980
2025-10-24 11:15:00+05:30,570.0,570.55,567.65,568.7,28695
2025-10-24 12:15:00+05:30,568.7,569.85,566.2,567.0,43951
2025-10-24 13:15:00+05:30,566.9,567.15,563.55,564.25,25694
2025-10-24 14:15:00+05:30,564.25,566.7,563.05,565.95,23145
2025-10-24 15:15:00+05:30,565.95,566.1,563.8,565.8,23999
2025-10-27 09:15:00+05:30,565.05,567.9,562.2,564.65,37804
2025-10-27 10:15:00+05:30,564.65,565.7,561.65,561.7,28891
2025-10-27 11:15:00+05:30,561.7,563.95,560.0,563.6,20060
2025-10-27 12:15:00+05:30,563.6,564.4,563.0,563.75,11317
2025-10-27 13:15:00+05:30,563.75,565.1,563.0,564.3,7423
2025-10-27 14:15:00+05:30,564.2,565.0,561.95,562.7,16056
2025-10-27 15:15:00+05:30,562.7,565.0,562.0,565.0,22270
2025-10-28 09:15:00+05:30,567.0,572.9,564.5,569.95,44565
2025-10-28 10:15:00+05:30,569.95,570.3,566.8,568.45,18696
2025-10-28 11:15:00+05:30,568.45,569.95,567.55,568.9,6725
2025-10-28 12:15:00+05:30,568.9,569.45,566.0,566.8,13506
2025-10-28 13:15:00+05:30,566.8,567.0,565.15,566.2,8024
2025-10-28 14:15:00+05:30,566.2,567.5,565.0,566.5,16444
2025-10-28 15:15:00+05:30,566.5,569.9,565.25,566.7,12743
2025-10-29 09:15:00+05:30,566.65,569.3,565.0,567.35,30857
2025-10-29 10:15:00+05:30,567.35,568.7,565.75,566.45,15858
2025-10-29 11:15:00+05:30,566.45,569.0,565.9,568.45,10793
2025-10-29 12:15:00+05:30,568.45,570.2,568.3,569.65,10435
2025-10-29 13:15:00+05:30,569.65,571.6,566.85,568.85,56437
2025-10-29 14:15:00+05:30,568.85,578.0,568.6,575.9,59825
2025-10-29 15:15:00+05:30,575.65,578.5,574.05,575.3,26803
2025-10-30 09:15:00+05:30,578.1,578.1,565.2,566.25,43631
2025-10-30 10:15:00+05:30,566.25,573.75,565.1,570.6,60762
2025-10-30 11:15:00+05:30,570.6,570.6,568.05,568.3,11303
2025-10-30 12:15:00+05:30,568.3,569.25,567.05,568.0,11284
2025-10-30 13:15:00+05:30,568.15,569.3,567.3,568.7,8996
2025-10-30 14:15:00+05:30,568.7,570.5,567.45,568.0,21216
2025-10-30 15:15:00+05:30,568.1,571.55,567.95,570.75,18401
2025-10-31 09:15:00+05:30,569.15,579.25,569.15,576.9,53531
2025-10-31 10:15:00+05:30,576.9,578.7,572.6,572.65,32188
2025-10-31 11:15:00+05:30,572.65,576.5,565.95,574.95,44139
2025-10-31 12:15:00+05:30,574.95,577.0,574.0,574.95,22840
2025-10-31 13:15:00+05:30,574.95,575.5,568.1,569.05,14711
2025-10-31 14:15:00+05:30,569.05,569.95,562.15,563.15,46267
2025-10-31 15:15:00+05:30,563.3,564.9,562.5,564.0,32682
2025-11-03 09:15:00+05:30,563.7,581.0,563.7,578.45,161067
2025-11-03 10:15:00+05:30,578.45,578.75,573.85,575.65,28193
2025-11-03 11:15:00+05:30,575.65,577.15,573.8,576.9,15621
2025-11-03 12:15:00+05:30,576.9,585.5,575.95,583.5,81826
2025-11-03 13:15:00+05:30,583.05,584.85,582.0,583.75,23877
2025-11-03 14:15:00+05:30,583.75,590.0,583.0,589.3,118426
2025-11-03 15:15:00+05:30,589.5,591.1,587.2,589.0,85109
2025-11-04 09:15:00+05:30,589.0,591.9,583.0,591.1,115197
2025-11-04 10:15:00+05:30,591.15,598.1,590.1,595.6,198497
2025-11-04 11:15:00+05:30,595.5,597.9,590.35,597.7,79901
2025-11-04 12:15:00+05:30,597.7,597.9,594.4,595.05,72241
2025-11-04 13:15:00+05:30,595.1,597.0,592.35,593.55,51365
2025-11-04 14:15:00+05:30,593.55,593.55,588.3,591.3,93593
2025-11-04 15:15:00+05:30,591.3,594.0,590.0,593.95,38220
2025-11-06 09:15:00+05:30,595.0,596.75,588.1,590.45,101788
2025-11-06 10:15:00+05:30,590.7,591.1,588.05,590.2,27259
2025-11-06 11:15:00+05:30,590.3,591.0,584.5,586.75,61882
2025-11-06 12:15:00+05:30,586.65,590.75,581.3,590.15,31639
2025-11-06 13:15:00+05:30,590.15,592.4,585.7,590.65,139279
2025-11-06 14:15:00+05:30,590.65,592.1,566.25,569.05,481121
2025-11-06 15:15:00+05:30,569.05,580.0,568.9,579.55,114785
2025-11-07 09:15:00+05:30,582.0,615.0,576.6,579.65,5167559
2025-11-07 10:15:00+05:30,579.65,584.0,574.1,583.15,719207
2025-11-07 11:15:00+05:30,583.2,589.9,580.75,587.3,518844
2025-11-07 12:15:00+05:30,587.4,594.85,585.45,591.0,481633
2025-11-07 13:15:00+05:30,590.65,595.0,589.3,589.85,348658
2025-11-07 14:15:00+05:30,589.6,590.0,578.1,580.8,385199
2025-11-07 15:15:00+05:30,580.8,582.0,575.7,581.0,228754
2025-11-10 09:15:00+05:30,577.0,581.4,566.25,578.4,226191
2025-11-10 10:15:00+05:30,578.4,584.7,578.4,583.85,60690
2025-11-10 11:15:00+05:30,583.85,589.65,582.2,588.05,83557
2025-11-10 12:15:00+05:30,588.05,591.45,586.85,588.85,58191
2025-11-10 13:15:00+05:30,588.85,590.9,588.35,589.7,38652
2025-11-10 14:15:00+05:30,589.7,591.0,589.7,590.8,56071
2025-11-10 15:15:00+05:30,590.8,591.4,587.05,590.0,55084
2025-11-11 09:15:00+05:30,590.0,592.7,584.4,584.85,86560
2025-11-11 10:15:00+05:30,584.85,587.2,582.55,586.5,21728
2025-11-11 11:15:00+05:30,586.5,590.0,585.2,590.0,17663
2025-11-11 12:15:00+05:30,589.9,591.65,589.1,591.0,43871
2025-11-11 13:15:00+05:30,591.0,604.5,590.05,602.85,184590
2025-11-11 14:15:00+05:30,602.8,604.0,593.7,597.45,150843
2025-11-11 15:15:00+05:30,597.45,600.0,595.45,598.0,43142
2025-11-12 09:15:00+05:30,603.6,612.25,593.85,605.0,408942
2025-11-12 10:15:00+05:30,605.0,610.0,604.6,604.6,113792
2025-11-12 11:15:00+05:30,604.6,608.0,604.6,605.55,50708
2025-11-12 12:15:00+05:30,605.55,607.25,603.0,606.75,45190
2025-11-12 13:15:00+05:30,606.75,608.0,605.05,606.0,39399
2025-11-12 14:15:00+05:30,606.0,609.8,605.15,609.45,93453
2025-11-12 15:15:00+05:30,609.5,610.0,605.0,606.0,56909
2025-11-13 09:15:00+05:30,610.05,619.95,606.45,616.3,391122
2025-11-13 10:15:00+05:30,616.3,617.15,608.9,609.7,102519
2025-11-13 11:15:00+05:30,609.7,611.95,608.0,610.95,84318
2025-11-13 12:15:00+05:30,610.95,611.0,607.2,609.65,36216
2025-11-13 13:15:00+05:30,609.65,611.65,607.0,608.25,38956
2025-11-13 14:15:00+05:30,608.25,610.0,605.1,605.35,74155
2025-11-13 15:15:00+05:30,605.2,605.9,602.5,605.0,50438
2025-11-14 09:15:00+05:30,595.05,612.0,595.05,602.25,104229
2025-11-14 10:15:00+05:30,602.6,607.3,600.6,602.0,58888
2025-11-14 11:15:00+05:30,602.3,606.85,601.95,605.8,22028
2025-11-14 12:15:00+05:30,605.8,605.85,601.6,603.25,10936
2025-11-14 13:15:00+05:30,603.3,603.3,598.4,599.75,12385
2025-11-14 14:15:00+05:30,599.3,604.0,595.8,603.95,66769
2025-11-14 15:15:00+05:30,603.9,604.8,600.2,601.6,18443
2025-11-17 09:15:00+05:30,604.3,613.9,604.3,609.0,130810
2025-11-17 10:15:00+05:30,609.0,611.95,607.9,609.15,36821
2025-11-17 11:15:00+05:30,609.15,611.4,607.9,609.2,24522
2025-11-17 12:15:00+05:30,609.2,609.85,607.0,607.2,12938
2025-11-17 13:15:00+05:30,607.2,609.5,607.0,609.15,11269
2025-11-17 14:15:00+05:30,609.15,609.3,604.55,605.6,33008
2025-11-17 15:15:00+05:30,605.55,606.7,602.1,604.15,30183
2025-11-18 09:15:00+05:30,605.45,608.15,595.75,597.05,56841
2025-11-18 10:15:00+05:30,597.05,597.8,594.5,594.6,26019
2025-11-18 11:15:00+05:30,594.65,598.95,594.1,598.1,24357
2025-11-18 12:15:00+05:30,598.1,600.05,596.55,599.2,16332
2025-11-18 13:15:00+05:30,599.2,600.0,598.0,599.9,13773
2025-11-18 14:15:00+05:30,599.9,599.95,594.5,595.75,46868
2025-11-18 15:15:00+05:30,595.75,597.05,594.0,595.0,28573
