date,open,high,low,close,volume
2021-11-26 00:00:00+05:30,38.85,40.32,34.32,36.8,890586
2021-11-29 00:00:00+05:30,35.85,36.08,31.0,33.15,278112
2021-11-30 00:00:00+05:30,35.68,35.68,31.18,32.48,210426
2021-12-01 00:00:00+05:30,35.0,36.98,32.5,35.75,202068
2021-12-02 00:00:00+05:30,36.32,41.65,36.08,39.28,1272510
2021-12-03 00:00:00+05:30,40.82,41.18,38.38,40.2,538134
2021-12-06 00:00:00+05:30,40.82,40.82,37.5,37.65,184542
2021-12-07 00:00:00+05:30,39.5,39.5,36.82,37.9,224610
2021-12-08 00:00:00+05:30,38.5,39.18,37.22,38.05,154986
2021-12-09 00:00:00+05:30,38.35,38.68,36.12,37.42,31998
2021-12-10 00:00:00+05:30,37.32,37.82,30.45,35.58,337794
2021-12-13 00:00:00+05:30,35.68,38.32,35.68,36.38,147888
2021-12-14 00:00:00+05:30,36.0,38.68,36.0,38.28,134466
2021-12-15 00:00:00+05:30,38.32,45.92,38.2,45.08,995388
2021-12-16 00:00:00+05:30,45.68,46.82,42.42,42.98,599784
2021-12-17 00:00:00+05:30,43.8,44.78,41.68,43.75,259860
2021-12-20 00:00:00+05:30,43.72,43.72,38.1,41.52,283086
2021-12-21 00:00:00+05:30,43.18,43.18,38.5,38.85,163164
2021-12-22 00:00:00+05:30,39.18,41.82,39.18,41.5,123156
2021-12-23 00:00:00+05:30,44.18,45.68,41.02,44.32,348936
2021-12-24 00:00:00+05:30,45.48,46.1,42.8,45.28,157308
2021-12-27 00:00:00+05:30,45.05,47.32,44.68,46.2,136104
2021-12-28 00:00:00+05:30,47.22,47.22,45.2,45.9,112938
2021-12-29 00:00:00+05:30,45.82,46.5,45.0,45.65,79536
2021-12-30 00:00:00+05:30,45.02,46.68,44.2,45.0,95448
2021-12-31 00:00:00+05:30,45.35,46.5,43.35,43.9,82950
2022-01-03 00:00:00+05:30,44.3,45.62,40.12,42.3,155532
2022-01-04 00:00:00+05:30,42.85,43.98,41.8,42.3,110898
2022-01-05 00:00:00+05:30,41.85,42.75,39.02,39.7,222738
2022-01-06 00:00:00+05:30,39.65,42.32,39.42,41.25,123078
2022-01-07 00:00:00+05:30,39.45,41.18,39.45,39.7,91878
2022-01-10 00:00:00+05:30,42.3,42.3,38.72,39.28,94794
2022-01-11 00:00:00+05:30,40.68,40.68,38.0,38.2,113622
2022-01-12 00:00:00+05:30,39.32,39.32,36.68,37.28,221544
2022-01-13 00:00:00+05:30,37.45,39.65,36.68,39.02,269070
2022-01-14 00:00:00+05:30,38.9,40.82,38.1,40.15,108246
2022-01-17 00:00:00+05:30,40.82,41.82,40.02,41.0,143640
2022-01-18 00:00:00+05:30,42.0,42.0,38.85,39.58,64632
2022-01-19 00:00:00+05:30,38.9,39.58,37.38,39.25,62118
2022-01-20 00:00:00+05:30,39.52,39.95,37.52,38.88,96486
2022-01-21 00:00:00+05:30,37.68,39.32,37.68,38.25,54876
2022-01-24 00:00:00+05:30,36.75,39.32,35.9,37.2,95658
2022-01-25 00:00:00+05:30,37.18,38.32,33.75,37.7,53832
2022-01-27 00:00:00+05:30,35.85,37.58,35.32,35.62,77778
2022-01-28 00:00:00+05:30,35.32,38.35,34.2,36.72,59406
2022-01-31 00:00:00+05:30,35.5,38.32,35.5,36.75,42582
2022-02-01 00:00:00+05:30,37.1,37.68,35.32,35.88,39474
2022-02-02 00:00:00+05:30,36.3,37.5,35.85,37.22,43380
2022-02-03 00:00:00+05:30,37.15,38.18,36.2,37.4,24468
2022-02-04 00:00:00+05:30,37.4,37.88,36.32,36.85,31362
2022-02-07 00:00:00+05:30,36.82,37.02,35.08,36.02,28716
2022-02-08 00:00:00+05:30,36.35,36.35,34.5,35.38,33630
2022-02-09 00:00:00+05:30,35.72,36.2,34.92,35.02,32484
2022-02-10 00:00:00+05:30,34.42,35.78,34.42,35.22,21768
2022-02-11 00:00:00+05:30,35.1,35.8,34.68,35.18,45300
2022-02-14 00:00:00+05:30,34.18,34.65,32.02,32.92,102012
2022-02-15 00:00:00+05:30,33.82,35.0,32.18,33.95,75096
2022-02-16 00:00:00+05:30,33.95,34.22,33.0,33.5,30042
2022-02-17 00:00:00+05:30,35.9,35.9,33.02,33.6,33594
2022-02-18 00:00:00+05:30,33.52,33.52,31.05,31.6,82038
2022-02-21 00:00:00+05:30,31.58,31.72,30.25,30.5,199020
2022-02-22 00:00:00+05:30,30.0,31.35,27.15,30.35,271998
2022-02-23 00:00:00+05:30,29.25,30.35,28.68,28.85,162666
2022-02-24 00:00:00+05:30,26.75,27.78,25.35,26.05,283272
2022-02-25 00:00:00+05:30,26.5,29.0,26.5,27.45,89754
2022-02-28 00:00:00+05:30,27.28,27.9,26.2,27.78,97428
2022-03-02 00:00:00+05:30,27.68,28.25,27.08,27.62,320328
2022-03-03 00:00:00+05:30,28.12,28.12,26.82,26.98,96660
2022-03-04 00:00:00+05:30,26.85,27.32,25.82,26.12,139332
2022-03-07 00:00:00+05:30,25.82,26.32,24.52,25.98,133926
2022-03-08 00:00:00+05:30,26.1,27.32,26.1,26.65,46944
2022-03-09 00:00:00+05:30,27.2,28.0,26.3,27.45,93882
2022-03-10 00:00:00+05:30,28.02,31.0,26.98,29.38,142536
2022-03-11 00:00:00+05:30,29.38,30.0,28.55,29.62,29820
2022-03-14 00:00:00+05:30,29.9,31.32,28.0,28.78,135828
2022-03-15 00:00:00+05:30,28.75,29.32,27.4,28.02,73788
2022-03-16 00:00:00+05:30,28.75,28.92,27.22,28.02,93816
2022-03-17 00:00:00+05:30,28.65,28.82,26.68,27.2,181110
2022-03-21 00:00:00+05:30,28.0,28.25,26.48,27.18,96528
2022-03-22 00:00:00+05:30,27.18,28.42,26.48,28.22,61968
2022-03-23 00:00:00+05:30,30.68,33.88,29.3,31.9,1969980
2022-03-24 00:00:00+05:30,31.9,32.08,30.68,31.1,264048
2022-03-25 00:00:00+05:30,31.1,31.95,29.05,29.6,132840
2022-03-28 00:00:00+05:30,29.1,29.65,28.15,28.55,197544
2022-03-29 00:00:00+05:30,28.3,29.45,28.3,28.45,138744
2022-03-30 00:00:00+05:30,28.92,30.48,28.48,29.28,92292
2022-03-31 00:00:00+05:30,29.95,31.68,29.42,31.15,146238
2022-04-01 00:00:00+05:30,31.65,32.68,29.7,30.15,184506
2022-04-04 00:00:00+05:30,30.48,31.5,30.0,31.12,171030
2022-04-05 00:00:00+05:30,31.15,31.45,28.5,29.1,522954
2022-04-06 00:00:00+05:30,29.58,30.32,29.0,29.8,135216
2022-04-07 00:00:00+05:30,30.02,30.32,29.18,29.92,117558
2022-04-08 00:00:00+05:30,29.92,30.32,28.65,29.25,82548
2022-04-11 00:00:00+05:30,30.18,30.6,29.18,29.42,107322
2022-04-12 00:00:00+05:30,28.35,30.0,28.35,29.48,72702
2022-04-13 00:00:00+05:30,29.68,31.65,29.5,31.0,101496
2022-04-18 00:00:00+05:30,30.68,32.5,30.25,32.32,168102
2022-04-19 00:00:00+05:30,33.9,33.9,32.72,33.62,486630
2022-04-20 00:00:00+05:30,34.0,38.18,33.38,36.85,703638
2022-04-21 00:00:00+05:30,36.32,36.82,35.32,35.48,117306
2022-04-22 00:00:00+05:30,36.68,36.68,35.0,35.78,66486
2022-04-25 00:00:00+05:30,36.32,36.32,31.18,33.4,164100
2022-04-26 00:00:00+05:30,32.68,34.35,32.68,33.72,75084
2022-04-27 00:00:00+05:30,34.3,34.3,33.32,34.02,32040
2022-04-28 00:00:00+05:30,33.6,35.0,32.8,33.9,39618
2022-04-29 00:00:00+05:30,34.05,35.5,34.05,35.18,66366
2022-05-02 00:00:00+05:30,36.18,36.18,32.9,34.08,131898
2022-05-04 00:00:00+05:30,34.35,35.35,31.82,31.88,108858
2022-05-05 00:00:00+05:30,34.5,34.5,32.68,33.2,70056
2022-05-06 00:00:00+05:30,34.15,34.15,32.0,32.42,51930
2022-05-09 00:00:00+05:30,32.5,32.5,30.42,31.28,124224
2022-05-10 00:00:00+05:30,30.35,31.82,30.02,30.28,102768
2022-05-11 00:00:00+05:30,30.45,31.5,28.95,30.28,202878
2022-05-12 00:00:00+05:30,29.52,30.75,28.95,29.38,119160
2022-05-13 00:00:00+05:30,29.55,34.62,29.28,31.05,91164
2022-05-16 00:00:00+05:30,32.0,33.32,29.58,29.75,102690
2022-05-17 00:00:00+05:30,30.65,31.08,29.32,30.32,76938
2022-05-18 00:00:00+05:30,30.82,31.68,30.32,30.42,32262
2022-05-19 00:00:00+05:30,30.7,30.82,28.82,30.0,33198
2022-05-20 00:00:00+05:30,30.72,31.3,30.05,30.6,14898
2022-05-23 00:00:00+05:30,30.65,30.65,28.68,29.75,66870
2022-05-24 00:00:00+05:30,29.15,30.02,28.58,28.85,34776
2022-05-25 00:00:00+05:30,28.78,29.65,26.65,26.95,52572
2022-05-26 00:00:00+05:30,27.05,28.65,26.88,28.42,60522
2022-05-27 00:00:00+05:30,27.75,29.08,27.75,28.82,12588
2022-05-30 00:00:00+05:30,26.98,30.6,26.98,29.75,39882
2022-05-31 00:00:00+05:30,29.75,29.75,25.0,27.6,157872
2022-06-01 00:00:00+05:30,27.32,28.32,26.82,27.4,32700
2022-06-02 00:00:00+05:30,28.18,28.18,26.68,27.52,44280
2022-06-03 00:00:00+05:30,27.65,28.75,27.05,27.2,52680
2022-06-06 00:00:00+05:30,26.72,27.72,26.18,27.65,70740
2022-06-07 00:00:00+05:30,28.68,28.68,27.0,27.52,19824
2022-06-08 00:00:00+05:30,27.82,27.95,26.65,27.18,43824
2022-06-09 00:00:00+05:30,27.22,27.85,26.5,27.45,47058
2022-06-10 00:00:00+05:30,26.9,28.98,26.75,27.62,56238
2022-06-13 00:00:00+05:30,26.02,27.32,25.92,26.38,99078
2022-06-14 00:00:00+05:30,26.45,27.5,26.32,26.7,38022
2022-06-15 00:00:00+05:30,27.62,27.62,25.88,26.32,35760
2022-06-16 00:00:00+05:30,26.98,27.1,25.95,26.3,34446
2022-06-17 00:00:00+05:30,27.15,27.15,25.0,25.1,49176
2022-06-20 00:00:00+05:30,24.75,25.58,23.32,23.6,55392
2022-06-21 00:00:00+05:30,23.25,25.35,23.25,24.2,30654
2022-06-22 00:00:00+05:30,25.32,25.32,22.92,23.68,41214
2022-06-23 00:00:00+05:30,25.0,25.0,22.92,24.08,22326
2022-06-24 00:00:00+05:30,24.68,24.8,23.68,24.52,17736
2022-06-27 00:00:00+05:30,25.0,27.18,25.0,26.7,38796
2022-06-28 00:00:00+05:30,26.8,27.18,25.95,26.1,11058
2022-06-29 00:00:00+05:30,26.08,27.05,25.4,25.9,20442
2022-06-30 00:00:00+05:30,26.4,30.82,25.75,30.18,256434
2022-07-01 00:00:00+05:30,33.0,36.18,31.0,34.68,1140132
2022-07-04 00:00:00+05:30,32.92,34.58,31.28,31.68,317382
2022-07-05 00:00:00+05:30,32.48,33.18,31.12,31.55,70128
2022-07-06 00:00:00+05:30,31.68,32.58,30.5,30.85,53040
2022-07-07 00:00:00+05:30,31.68,31.68,30.08,30.2,42216
2022-07-08 00:00:00+05:30,30.82,31.02,30.02,30.58,16644
2022-07-11 00:00:00+05:30,31.5,31.5,29.05,29.92,41418
2022-07-12 00:00:00+05:30,30.32,31.12,30.1,30.65,31104
2022-07-13 00:00:00+05:30,31.68,31.68,30.3,30.38,25566
2022-07-14 00:00:00+05:30,30.42,30.82,29.62,29.92,25170
2022-07-15 00:00:00+05:30,29.8,30.62,29.5,29.6,15822
2022-07-18 00:00:00+05:30,30.2,30.2,29.02,29.68,17052
2022-07-19 00:00:00+05:30,30.3,31.95,29.6,31.38,38946
2022-07-20 00:00:00+05:30,32.32,32.32,31.3,31.8,53700
2022-07-21 00:00:00+05:30,31.82,32.12,30.5,30.82,41202
2022-07-22 00:00:00+05:30,31.28,32.5,30.8,31.15,49374
2022-07-25 00:00:00+05:30,30.32,31.6,30.32,30.52,20250
2022-07-26 00:00:00+05:30,30.82,31.12,28.32,28.95,43002
2022-07-27 00:00:00+05:30,29.18,30.52,28.98,29.45,16644
2022-07-28 00:00:00+05:30,30.0,30.72,28.95,30.05,27648
2022-07-29 00:00:00+05:30,30.02,30.52,29.38,29.98,33924
2022-08-01 00:00:00+05:30,30.0,30.3,29.68,29.95,27660
2022-08-02 00:00:00+05:30,30.0,31.32,29.48,30.85,45972
2022-08-03 00:00:00+05:30,31.68,31.68,30.02,30.18,44982
2022-08-04 00:00:00+05:30,30.6,31.3,30.28,30.95,38418
2022-08-05 00:00:00+05:30,31.65,31.65,30.18,30.95,28740
2022-08-08 00:00:00+05:30,31.65,31.65,30.68,30.75,49038
2022-08-10 00:00:00+05:30,31.62,31.62,30.42,31.08,59826
2022-08-11 00:00:00+05:30,31.5,31.5,29.85,29.98,58746
2022-08-12 00:00:00+05:30,30.5,30.82,29.68,30.15,66618
2022-08-16 00:00:00+05:30,31.68,36.18,31.5,35.58,1219368
2022-08-17 00:00:00+05:30,37.32,37.32,33.82,34.62,429366
2022-08-18 00:00:00+05:30,34.18,35.62,34.18,34.9,204672
2022-08-19 00:00:00+05:30,35.65,38.1,33.82,34.95,704298
2022-08-22 00:00:00+05:30,34.75,40.68,34.35,40.2,1046040
2022-08-23 00:00:00+05:30,41.12,42.18,36.9,39.3,751446
2022-08-24 00:00:00+05:30,38.52,44.68,38.35,42.45,722436
2022-08-25 00:00:00+05:30,43.0,43.32,40.22,41.5,357276
2022-08-26 00:00:00+05:30,42.82,43.3,39.6,40.82,237480
2022-08-29 00:00:00+05:30,39.55,39.8,37.22,37.75,383148
2022-08-30 00:00:00+05:30,38.68,39.55,35.5,36.7,524478
2022-09-01 00:00:00+05:30,38.32,38.32,35.2,35.6,558960
2022-09-02 00:00:00+05:30,36.62,36.98,34.68,34.9,514200
2022-09-05 00:00:00+05:30,35.92,35.92,34.0,34.2,394554
2022-09-06 00:00:00+05:30,34.82,34.82,32.92,33.62,398508
2022-09-07 00:00:00+05:30,34.32,36.2,33.35,33.88,428862
2022-09-08 00:00:00+05:30,34.32,36.48,34.3,35.85,371658
2022-09-09 00:00:00+05:30,37.18,37.78,35.0,35.58,589806
2022-09-12 00:00:00+05:30,36.12,36.35,34.48,34.75,335664
2022-09-13 00:00:00+05:30,35.75,35.75,34.1,34.35,335214
2022-09-14 00:00:00+05:30,34.68,34.92,33.32,34.15,156258
2022-09-15 00:00:00+05:30,34.18,34.82,33.18,33.45,384348
2022-09-16 00:00:00+05:30,33.32,34.65,32.72,33.02,168816
2022-09-19 00:00:00+05:30,33.1,33.9,31.82,32.22,114930
2022-09-20 00:00:00+05:30,33.68,36.65,32.6,35.0,620688
2022-09-21 00:00:00+05:30,36.18,36.18,33.35,33.8,220206
2022-09-22 00:00:00+05:30,34.62,35.62,33.82,35.12,114474
2022-09-23 00:00:00+05:30,35.15,35.15,33.15,33.32,160338
2022-09-26 00:00:00+05:30,33.32,34.65,33.0,33.38,191598
2022-09-27 00:00:00+05:30,33.0,34.6,33.0,33.38,168342
2022-09-28 00:00:00+05:30,34.18,34.18,32.5,32.82,112836
2022-09-29 00:00:00+05:30,34.0,34.18,32.88,33.78,91020
2022-09-30 00:00:00+05:30,33.82,34.18,33.32,34.08,38256
2022-10-03 00:00:00+05:30,34.82,35.18,33.4,34.02,125964
2022-10-04 00:00:00+05:30,34.98,35.92,34.18,34.48,197136
2022-10-06 00:00:00+05:30,35.42,35.68,34.5,34.68,118188
2022-10-07 00:00:00+05:30,35.4,35.4,34.05,34.55,51714
2022-10-10 00:00:00+05:30,34.58,35.1,33.5,33.75,119580
2022-10-11 00:00:00+05:30,33.75,34.2,32.98,33.15,65970
2022-10-12 00:00:00+05:30,34.15,34.15,32.35,32.98,59418
2022-10-13 00:00:00+05:30,33.82,33.82,32.0,32.25,56682
2022-10-14 00:00:00+05:30,32.92,34.15,32.5,32.8,88728
2022-10-17 00:00:00+05:30,32.8,33.25,31.98,32.32,64806
2022-10-18 00:00:00+05:30,33.18,33.18,31.82,32.0,64794
2022-10-19 00:00:00+05:30,32.48,32.48,31.68,32.08,32088
2022-10-20 00:00:00+05:30,32.48,32.48,31.75,31.82,34716
2022-10-21 00:00:00+05:30,31.68,32.3,31.2,31.35,93870
2022-10-24 00:00:00+05:30,32.62,32.62,31.35,32.08,40998
2022-10-25 00:00:00+05:30,32.5,32.5,31.68,31.92,22890
2022-10-27 00:00:00+05:30,32.5,32.5,31.65,32.08,77052
2022-10-28 00:00:00+05:30,32.35,33.55,32.18,32.8,78354
2022-10-31 00:00:00+05:30,33.32,33.32,32.32,32.5,41754
2022-11-01 00:00:00+05:30,33.32,33.32,32.1,32.22,38262
2022-11-02 00:00:00+05:30,32.85,32.85,31.5,32.0,59928
2022-11-03 00:00:00+05:30,32.65,32.65,31.45,31.52,56556
2022-11-04 00:00:00+05:30,31.05,32.32,30.1,30.7,189864
2022-11-07 00:00:00+05:30,30.7,31.68,30.6,31.38,73902
2022-11-09 00:00:00+05:30,31.68,31.68,29.6,30.02,157122
2022-11-10 00:00:00+05:30,30.9,31.1,30.1,30.6,30402
2022-11-11 00:00:00+05:30,31.12,31.18,30.28,30.85,66192
2022-11-14 00:00:00+05:30,31.5,31.5,29.35,29.82,98880
2022-11-15 00:00:00+05:30,29.32,29.32,26.92,28.28,454572
2022-11-16 00:00:00+05:30,29.18,29.18,27.1,27.35,161352
2022-11-17 00:00:00+05:30,28.08,28.15,27.5,27.78,81162
2022-11-18 00:00:00+05:30,28.0,28.35,27.32,27.42,53514
2022-11-21 00:00:00+05:30,27.42,28.08,27.1,27.85,91650
2022-11-22 00:00:00+05:30,29.82,29.82,28.02,28.35,108204
2022-11-23 00:00:00+05:30,29.08,29.08,27.18,27.42,87414
2022-11-24 00:00:00+05:30,27.98,28.3,27.05,27.38,77520
2022-11-25 00:00:00+05:30,27.28,28.0,27.28,27.92,49968
2022-11-28 00:00:00+05:30,27.92,28.3,27.38,28.15,41370
2022-11-29 00:00:00+05:30,28.32,28.62,27.5,28.28,109734
2022-11-30 00:00:00+05:30,28.65,28.65,26.95,27.55,79074
2022-12-01 00:00:00+05:30,28.3,28.32,27.5,27.75,104238
2022-12-02 00:00:00+05:30,28.02,28.18,27.58,28.02,36882
2022-12-05 00:00:00+05:30,28.32,29.18,28.32,28.75,66984
2022-12-06 00:00:00+05:30,29.08,29.42,28.4,28.65,65004
2022-12-07 00:00:00+05:30,28.9,28.92,28.32,28.65,32922
2022-12-08 00:00:00+05:30,29.12,29.12,28.42,28.52,44052
2022-12-09 00:00:00+05:30,28.75,29.35,28.55,28.78,40110
2022-12-12 00:00:00+05:30,29.32,29.32,28.32,28.88,40530
2022-12-13 00:00:00+05:30,29.18,29.18,27.68,28.6,52986
2022-12-14 00:00:00+05:30,28.85,29.18,28.6,28.95,32532
2022-12-15 00:00:00+05:30,28.32,29.22,28.32,29.1,38382
2022-12-16 00:00:00+05:30,29.32,29.32,28.62,28.82,44898
2022-12-19 00:00:00+05:30,29.28,29.32,27.92,28.28,57510
2022-12-20 00:00:00+05:30,28.48,29.0,27.35,28.05,66768
2022-12-21 00:00:00+05:30,28.68,28.68,26.72,27.15,72768
2022-12-22 00:00:00+05:30,27.82,27.82,25.82,26.68,93396
2022-12-23 00:00:00+05:30,26.7,26.7,25.82,26.1,76824
2022-12-26 00:00:00+05:30,26.1,26.95,25.25,25.88,105936
2022-12-27 00:00:00+05:30,26.5,27.25,25.88,26.65,42876
2022-12-28 00:00:00+05:30,26.5,28.82,26.15,28.38,46140
2022-12-29 00:00:00+05:30,28.38,28.38,27.0,28.3,21588
2022-12-30 00:00:00+05:30,28.0,29.15,28.0,28.75,34158
2023-01-02 00:00:00+05:30,29.32,29.32,28.32,28.48,22998
2023-01-03 00:00:00+05:30,28.48,29.0,27.9,28.18,28320
2023-01-04 00:00:00+05:30,28.18,28.58,28.02,28.22,38226
2023-01-05 00:00:00+05:30,29.0,29.0,27.58,28.3,25962
2023-01-06 00:00:00+05:30,28.92,28.92,27.7,28.3,27444
2023-01-09 00:00:00+05:30,28.5,28.5,27.52,27.72,14616
2023-01-10 00:00:00+05:30,27.9,28.3,27.0,27.18,32682
2023-01-11 00:00:00+05:30,27.78,27.78,26.82,27.0,24870
2023-01-12 00:00:00+05:30,27.18,28.08,27.18,27.3,42396
2023-01-13 00:00:00+05:30,27.0,27.72,27.0,27.32,28020
2023-01-16 00:00:00+05:30,27.68,28.42,27.68,28.02,64734
2023-01-17 00:00:00+05:30,28.32,33.62,28.1,32.48,1546536
2023-01-18 00:00:00+05:30,31.68,32.32,30.0,30.5,311682
2023-01-19 00:00:00+05:30,30.98,31.0,29.5,29.65,109722
2023-01-20 00:00:00+05:30,30.2,30.5,29.0,29.3,160470
2023-01-23 00:00:00+05:30,29.68,31.72,29.68,30.72,195366
2023-01-24 00:00:00+05:30,31.02,31.18,29.55,30.08,66210
2023-01-25 00:00:00+05:30,30.52,30.62,29.18,29.28,64410
2023-01-27 00:00:00+05:30,29.72,29.98,28.7,28.95,109380
2023-01-30 00:00:00+05:30,28.95,29.6,28.3,28.42,93102
2023-01-31 00:00:00+05:30,28.38,29.58,28.38,29.2,47112
2023-02-01 00:00:00+05:30,29.58,29.58,28.18,29.15,67686
2023-02-02 00:00:00+05:30,29.82,29.82,28.6,28.78,37692
2023-02-03 00:00:00+05:30,28.5,29.6,25.28,27.35,239862
2023-02-06 00:00:00+05:30,26.72,28.62,26.72,28.25,36780
2023-02-07 00:00:00+05:30,28.4,28.55,26.42,27.08,100734
2023-02-08 00:00:00+05:30,25.92,27.5,25.92,26.62,157782
2023-02-09 00:00:00+05:30,26.65,27.48,26.22,26.6,126600
2023-02-10 00:00:00+05:30,26.6,27.65,26.6,27.35,85884
2023-02-13 00:00:00+05:30,27.82,27.82,26.88,27.08,51792
2023-02-14 00:00:00+05:30,27.12,27.25,26.58,26.68,32934
2023-02-15 00:00:00+05:30,26.58,27.48,26.35,26.68,46146
2023-02-16 00:00:00+05:30,26.68,27.15,26.68,26.92,17562
2023-02-17 00:00:00+05:30,27.15,27.5,26.68,27.38,69540
2023-02-20 00:00:00+05:30,28.12,28.12,26.82,27.1,83652
2023-02-21 00:00:00+05:30,26.88,28.85,26.88,27.85,173166
2023-02-22 00:00:00+05:30,28.55,28.72,26.7,26.95,93900
2023-02-23 00:00:00+05:30,26.95,27.55,26.92,27.5,20562
2023-02-24 00:00:00+05:30,27.42,27.65,27.18,27.4,16314
2023-02-27 00:00:00+05:30,27.5,28.5,26.68,26.8,66480
2023-02-28 00:00:00+05:30,26.68,27.3,26.18,26.48,33624
2023-03-01 00:00:00+05:30,26.55,27.18,26.55,26.7,16074
2023-03-02 00:00:00+05:30,26.7,27.08,26.68,26.82,8868
2023-03-03 00:00:00+05:30,26.68,27.28,26.35,26.5,42564
2023-03-06 00:00:00+05:30,27.32,27.32,26.35,26.68,29448
2023-03-08 00:00:00+05:30,26.7,26.98,26.32,26.5,42786
2023-03-09 00:00:00+05:30,26.92,26.95,26.6,26.72,21594
2023-03-10 00:00:00+05:30,26.68,27.02,26.1,26.7,31380
2023-03-13 00:00:00+05:30,26.68,26.75,25.25,25.55,46626
2023-03-14 00:00:00+05:30,25.3,25.82,24.5,25.48,59274
2023-03-15 00:00:00+05:30,26.0,26.0,24.85,25.0,38400
2023-03-16 00:00:00+05:30,24.5,25.12,24.18,24.48,68988
2023-03-17 00:00:00+05:30,25.55,25.55,24.42,24.98,23160
2023-03-20 00:00:00+05:30,25.58,25.72,24.18,24.35,45804
2023-03-21 00:00:00+05:30,24.9,25.0,24.55,24.88,33762
2023-03-22 00:00:00+05:30,25.0,25.3,24.32,24.68,35034
2023-03-23 00:00:00+05:30,24.85,26.0,24.68,25.72,19290
2023-03-24 00:00:00+05:30,25.48,25.52,24.5,24.72,106710
2023-03-27 00:00:00+05:30,25.18,25.18,24.0,24.25,72480
2023-03-28 00:00:00+05:30,24.6,24.65,23.5,23.55,105894
2023-03-29 00:00:00+05:30,23.8,24.95,23.18,23.38,158934
2023-03-31 00:00:00+05:30,23.8,24.65,23.18,23.4,98640
2023-04-03 00:00:00+05:30,24.02,25.38,23.6,24.85,40860
2023-04-05 00:00:00+05:30,24.85,25.68,24.02,25.08,53106
2023-04-06 00:00:00+05:30,25.5,27.4,25.2,26.78,81504
2023-04-10 00:00:00+05:30,27.68,27.68,25.92,26.18,68658
2023-04-11 00:00:00+05:30,26.52,26.7,25.82,26.62,23568
2023-04-12 00:00:00+05:30,26.68,26.68,26.18,26.2,18120
2023-04-13 00:00:00+05:30,25.9,26.48,25.58,25.65,26220
2023-04-17 00:00:00+05:30,27.18,27.18,24.65,25.0,74058
2023-04-18 00:00:00+05:30,25.0,25.8,24.65,25.5,56958
2023-04-19 00:00:00+05:30,25.7,25.82,25.52,25.72,4194
2023-04-20 00:00:00+05:30,25.78,25.98,24.82,25.0,48150
2023-04-21 00:00:00+05:30,25.28,25.58,25.02,25.2,14976
2023-04-24 00:00:00+05:30,25.55,25.68,24.32,24.55,74388
2023-04-25 00:00:00+05:30,24.65,25.8,24.65,25.5,20682
2023-04-26 00:00:00+05:30,26.4,26.4,25.22,26.12,29220
2023-04-27 00:00:00+05:30,26.1,26.1,24.82,25.32,60378
2023-04-28 00:00:00+05:30,25.82,25.82,24.5,24.9,71856
2023-05-02 00:00:00+05:30,25.0,25.18,24.3,24.92,85290
2023-05-03 00:00:00+05:30,25.05,25.1,24.58,24.72,55812
2023-05-04 00:00:00+05:30,24.9,25.0,24.45,24.62,85944
2023-05-05 00:00:00+05:30,24.6,25.0,24.6,24.8,18636
2023-05-08 00:00:00+05:30,24.8,24.82,24.48,24.68,46452
2023-05-09 00:00:00+05:30,24.75,24.92,24.55,24.65,46104
2023-05-10 00:00:00+05:30,24.42,25.58,24.42,25.12,30282
2023-05-11 00:00:00+05:30,25.5,25.5,24.85,25.3,24078
2023-05-12 00:00:00+05:30,25.35,27.42,25.32,26.78,324702
2023-05-15 00:00:00+05:30,26.78,27.5,25.92,26.3,146622
2023-05-16 00:00:00+05:30,27.4,27.85,26.5,26.65,217656
2023-05-17 00:00:00+05:30,27.18,27.18,25.68,26.5,141630
2023-05-18 00:00:00+05:30,25.9,26.82,25.9,26.28,57828
2023-05-19 00:00:00+05:30,26.68,26.68,26.02,26.22,29466
2023-05-22 00:00:00+05:30,26.15,26.15,25.18,25.45,87402
2023-05-23 00:00:00+05:30,26.3,28.42,25.68,26.75,549102
2023-05-24 00:00:00+05:30,27.02,27.08,26.45,26.75,29004
2023-05-25 00:00:00+05:30,26.9,27.5,26.72,27.22,155676
2023-05-26 00:00:00+05:30,27.45,27.45,26.42,26.6,73488
2023-05-29 00:00:00+05:30,26.88,27.0,26.35,26.98,56154
2023-05-30 00:00:00+05:30,27.18,27.18,26.42,26.88,53244
2023-05-31 00:00:00+05:30,26.5,27.0,25.72,26.15,112338
2023-06-01 00:00:00+05:30,26.65,28.18,26.35,28.02,518226
2023-06-02 00:00:00+05:30,28.32,28.62,27.52,27.72,153084
2023-06-05 00:00:00+05:30,28.2,28.2,27.55,27.85,61500
2023-06-06 00:00:00+05:30,27.92,28.05,27.25,27.6,46548
2023-06-07 00:00:00+05:30,27.9,27.9,27.32,27.42,99468
2023-06-08 00:00:00+05:30,28.15,28.15,27.1,27.45,78048
2023-06-09 00:00:00+05:30,27.48,27.82,27.2,27.75,52062
2023-06-12 00:00:00+05:30,27.75,28.2,26.68,26.92,105612
2023-06-13 00:00:00+05:30,26.68,27.35,26.68,27.12,121236
2023-06-14 00:00:00+05:30,27.15,27.3,26.82,27.02,39516
2023-06-15 00:00:00+05:30,27.45,27.45,26.0,26.4,125802
2023-06-16 00:00:00+05:30,26.55,27.05,26.2,26.92,59532
2023-06-19 00:00:00+05:30,27.65,27.65,26.92,27.1,94614
2023-06-20 00:00:00+05:30,27.08,27.18,26.5,26.9,79782
2023-06-21 00:00:00+05:30,27.18,27.32,25.85,26.78,65640
2023-06-22 00:00:00+05:30,26.22,27.15,26.22,26.62,57816
2023-06-23 00:00:00+05:30,26.95,26.95,26.05,26.32,71274
2023-06-26 00:00:00+05:30,27.18,27.18,26.02,26.18,30750
2023-06-27 00:00:00+05:30,26.42,26.92,26.18,26.4,29022
2023-06-28 00:00:00+05:30,27.55,27.55,26.68,27.0,49932
2023-06-30 00:00:00+05:30,27.08,27.28,26.72,26.78,21240
2023-07-03 00:00:00+05:30,26.78,26.78,26.2,26.52,58080
2023-07-04 00:00:00+05:30,26.72,26.95,26.15,26.25,42318
2023-07-05 00:00:00+05:30,26.32,27.28,26.1,26.85,79812
2023-07-06 00:00:00+05:30,26.98,27.5,26.85,27.22,74010
2023-07-07 00:00:00+05:30,27.22,27.32,26.68,27.3,70026
2023-07-10 00:00:00+05:30,27.32,27.42,26.68,27.0,38370
2023-07-11 00:00:00+05:30,27.18,27.25,26.78,27.12,83250
2023-07-12 00:00:00+05:30,27.1,27.32,25.68,26.18,238698
2023-07-13 00:00:00+05:30,26.32,26.7,26.2,26.3,58476
2023-07-14 00:00:00+05:30,26.82,27.12,26.15,26.35,83940
2023-07-17 00:00:00+05:30,26.22,26.78,26.02,26.25,39828
2023-07-18 00:00:00+05:30,26.05,26.5,25.92,26.28,35760
2023-07-19 00:00:00+05:30,26.02,26.62,26.02,26.3,46554
2023-07-20 00:00:00+05:30,26.82,26.82,25.92,26.05,66756
2023-07-21 00:00:00+05:30,26.02,26.35,25.88,26.0,68424
2023-07-24 00:00:00+05:30,25.82,26.08,25.75,25.85,57018
2023-07-25 00:00:00+05:30,26.0,26.38,25.9,26.05,107898
2023-07-26 00:00:00+05:30,26.28,26.85,26.22,26.68,99558
2023-07-27 00:00:00+05:30,26.82,27.4,26.35,26.52,167622
2023-07-28 00:00:00+05:30,27.0,27.0,26.08,26.38,32472
2023-07-31 00:00:00+05:30,26.9,26.9,26.0,26.22,45354
2023-08-01 00:00:00+05:30,27.18,27.18,25.9,26.1,64692
2023-08-02 00:00:00+05:30,26.42,26.58,25.5,25.75,78732
2023-08-03 00:00:00+05:30,26.25,26.5,25.42,26.2,56856
2023-08-04 00:00:00+05:30,26.65,26.65,25.42,25.55,105006
2023-08-07 00:00:00+05:30,25.58,26.25,24.85,25.1,157278
2023-08-08 00:00:00+05:30,25.25,27.5,24.92,26.55,588138
2023-08-09 00:00:00+05:30,27.45,28.62,26.82,28.32,793656
2023-08-10 00:00:00+05:30,28.62,29.8,28.32,28.42,1747050
2023-08-11 00:00:00+05:30,28.88,28.88,27.5,27.72,245700
2023-08-14 00:00:00+05:30,25.5,26.7,25.4,25.62,338640
2023-08-16 00:00:00+05:30,25.32,26.0,25.32,25.58,197742
2023-08-17 00:00:00+05:30,25.78,25.82,24.85,25.12,172116
2023-08-18 00:00:00+05:30,25.1,25.75,25.0,25.32,91962
2023-08-21 00:00:00+05:30,25.28,25.62,25.0,25.22,67320
2023-08-22 00:00:00+05:30,25.92,25.92,25.22,25.58,67122
2023-08-23 00:00:00+05:30,25.68,26.02,25.05,25.8,412854
2023-08-24 00:00:00+05:30,25.8,26.08,25.42,25.65,163374
2023-08-25 00:00:00+05:30,25.68,26.08,25.42,25.62,854016
2023-08-28 00:00:00+05:30,25.92,26.28,25.42,25.58,217914
2023-08-29 00:00:00+05:30,25.82,26.12,25.38,25.58,118434
2023-08-30 00:00:00+05:30,26.08,26.68,25.55,25.98,737706
2023-08-31 00:00:00+05:30,25.92,26.58,25.85,26.3,209130
2023-09-01 00:00:00+05:30,26.58,26.82,25.72,26.22,205500
2023-09-04 00:00:00+05:30,26.65,26.95,26.32,26.55,180234
2023-09-05 00:00:00+05:30,27.18,29.82,26.72,28.58,1605936
2023-09-06 00:00:00+05:30,29.18,29.58,28.5,29.0,326670
2023-09-07 00:00:00+05:30,29.0,29.18,28.75,28.8,104616
2023-09-08 00:00:00+05:30,28.95,29.0,28.1,28.38,229194
2023-09-11 00:00:00+05:30,28.38,28.38,27.52,27.92,262212
2023-09-12 00:00:00+05:30,27.95,28.2,26.1,26.45,378906
2023-09-13 00:00:00+05:30,26.78,27.12,25.82,26.48,156624
2023-09-14 00:00:00+05:30,26.62,27.85,26.55,27.25,149520
2023-09-15 00:00:00+05:30,27.18,27.82,27.18,27.38,111966
2023-09-18 00:00:00+05:30,27.18,28.78,26.78,28.08,257028
2023-09-20 00:00:00+05:30,28.25,29.0,27.88,28.48,190326
2023-09-21 00:00:00+05:30,28.88,28.88,27.52,27.75,176658
2023-09-22 00:00:00+05:30,28.45,29.58,27.65,28.15,502002
2023-09-25 00:00:00+05:30,28.45,28.7,28.1,28.3,115152
2023-09-26 00:00:00+05:30,28.42,28.75,28.2,28.22,91896
2023-09-27 00:00:00+05:30,28.5,28.5,27.85,28.08,78186
2023-09-28 00:00:00+05:30,28.25,28.68,27.88,28.25,389196
2023-09-29 00:00:00+05:30,28.72,30.32,28.25,29.15,2173032
2023-10-03 00:00:00+05:30,29.7,31.5,29.22,31.0,2511804
2023-10-04 00:00:00+05:30,31.38,34.45,31.0,33.5,13076916
2023-10-05 00:00:00+05:30,35.0,35.55,33.32,35.1,2210622
2023-10-06 00:00:00+05:30,35.5,42.1,35.35,40.12,10463700
2023-10-09 00:00:00+05:30,40.18,40.18,37.0,38.42,2201808
2023-10-10 00:00:00+05:30,38.68,39.0,36.35,36.8,1133040
2023-10-11 00:00:00+05:30,37.25,39.82,37.18,37.8,1334358
2023-10-12 00:00:00+05:30,38.18,38.5,37.25,38.1,550434
2023-10-13 00:00:00+05:30,38.05,39.75,37.18,37.52,468120
2023-10-16 00:00:00+05:30,37.0,38.32,36.95,37.65,174480
2023-10-17 00:00:00+05:30,38.3,38.5,37.05,37.4,154458
2023-10-18 00:00:00+05:30,37.4,38.02,35.3,37.28,436464
2023-10-19 00:00:00+05:30,37.45,37.78,36.3,36.78,145320
2023-10-20 00:00:00+05:30,37.68,38.0,36.0,36.68,334782
2023-10-23 00:00:00+05:30,36.9,36.9,33.88,34.25,385032
2023-10-25 00:00:00+05:30,33.75,35.02,33.32,33.95,209970
2023-10-26 00:00:00+05:30,33.98,34.0,31.5,33.55,319344
2023-10-27 00:00:00+05:30,34.0,35.48,33.35,34.88,210366
2023-10-30 00:00:00+05:30,35.15,36.08,34.3,35.45,118884
2023-10-31 00:00:00+05:30,35.58,36.68,35.52,36.2,154326
2023-11-01 00:00:00+05:30,36.2,36.68,35.72,35.9,69012
2023-11-02 00:00:00+05:30,35.52,37.45,35.52,36.5,232212
2023-11-03 00:00:00+05:30,36.5,37.9,35.88,36.68,371664
2023-11-06 00:00:00+05:30,37.32,37.32,34.25,34.6,317550
2023-11-07 00:00:00+05:30,34.9,35.72,34.38,35.02,90420
2023-11-08 00:00:00+05:30,35.68,35.68,34.68,34.98,46584
2023-11-09 00:00:00+05:30,35.82,35.82,34.3,34.65,75870
2023-11-10 00:00:00+05:30,34.32,35.3,33.7,34.32,159954
2023-11-12 00:00:00+05:30,35.0,36.5,34.68,35.12,144024
2023-11-13 00:00:00+05:30,34.92,35.48,34.68,34.88,61668
2023-11-15 00:00:00+05:30,34.75,35.4,34.42,34.62,114354
2023-11-16 00:00:00+05:30,35.18,35.4,34.38,34.7,132180
2023-11-17 00:00:00+05:30,33.72,35.0,33.48,34.0,123060
2023-11-20 00:00:00+05:30,34.22,35.15,34.0,34.18,133134
2023-11-21 00:00:00+05:30,34.98,36.98,34.0,35.78,532362
2023-11-22 00:00:00+05:30,35.9,36.08,35.0,35.15,122178
2023-11-23 00:00:00+05:30,34.18,35.95,34.18,34.95,143250
2023-11-24 00:00:00+05:30,35.45,35.45,34.22,34.48,127206
2023-11-28 00:00:00+05:30,34.4,35.95,34.4,34.98,188160
2023-11-29 00:00:00+05:30,35.68,36.98,34.68,34.95,599676
2023-11-30 00:00:00+05:30,35.12,36.05,34.68,35.1,476994
2023-12-01 00:00:00+05:30,34.78,35.68,34.68,34.78,84570
2023-12-04 00:00:00+05:30,35.3,35.68,34.6,35.05,168570
2023-12-05 00:00:00+05:30,34.98,35.45,34.4,34.55,137922
2023-12-06 00:00:00+05:30,34.5,35.0,34.32,34.6,106806
2023-12-07 00:00:00+05:30,35.12,38.0,32.5,34.05,1211400
2023-12-08 00:00:00+05:30,34.58,36.4,34.42,34.72,306636
2023-12-11 00:00:00+05:30,35.62,36.65,34.8,36.28,1021614
2023-12-12 00:00:00+05:30,36.68,37.6,35.5,35.7,474060
2023-12-13 00:00:00+05:30,36.15,36.65,35.38,36.28,122088
2023-12-14 00:00:00+05:30,36.72,36.9,35.4,35.65,100950
2023-12-15 00:00:00+05:30,36.22,36.22,35.2,35.35,212994
2023-12-18 00:00:00+05:30,35.52,35.92,35.12,35.4,160602
2023-12-19 00:00:00+05:30,35.4,35.9,35.0,35.1,264624
2023-12-20 00:00:00+05:30,34.85,35.78,33.42,33.52,247716
2023-12-21 00:00:00+05:30,33.55,35.68,33.0,34.7,674628
2023-12-22 00:00:00+05:30,35.22,36.62,35.0,35.42,505074
2023-12-26 00:00:00+05:30,35.95,36.62,35.5,36.02,1039494
2023-12-27 00:00:00+05:30,36.58,37.4,35.0,35.35,1554858
2023-12-28 00:00:00+05:30,35.82,35.95,34.58,34.8,1155858
2023-12-29 00:00:00+05:30,35.08,35.82,34.58,34.82,886320
2024-01-01 00:00:00+05:30,34.82,36.82,34.82,36.12,699126
2024-01-02 00:00:00+05:30,36.65,36.82,35.3,36.18,375492
2024-01-03 00:00:00+05:30,37.0,39.0,36.4,38.08,1355136
2024-01-04 00:00:00+05:30,38.82,39.65,37.18,38.08,1135206
2024-01-05 00:00:00+05:30,38.3,39.25,37.98,38.35,568500
2024-01-08 00:00:00+05:30,38.92,39.18,37.32,38.7,605808
2024-01-09 00:00:00+05:30,39.2,40.25,38.0,39.6,1145244
2024-01-10 00:00:00+05:30,40.0,40.82,38.42,39.02,883680
2024-01-11 00:00:00+05:30,39.6,39.72,38.78,39.35,180762
2024-01-12 00:00:00+05:30,40.75,40.75,38.88,40.02,421446
2024-01-15 00:00:00+05:30,41.32,41.5,40.18,40.72,1344288
2024-01-16 00:00:00+05:30,40.82,41.62,39.35,39.88,505854
2024-01-17 00:00:00+05:30,39.28,41.18,38.55,39.82,915144
2024-01-18 00:00:00+05:30,40.82,41.15,38.25,38.45,545514
2024-01-19 00:00:00+05:30,38.82,39.32,38.42,38.65,185310
2024-01-20 00:00:00+05:30,39.18,43.5,38.4,42.52,1119144
2024-01-23 00:00:00+05:30,44.18,44.2,42.0,42.65,966882
2024-01-24 00:00:00+05:30,44.0,44.0,41.1,43.0,253470
2024-01-25 00:00:00+05:30,44.0,45.0,42.68,44.1,1072146
2024-01-29 00:00:00+05:30,44.75,45.32,43.68,44.02,822144
2024-01-30 00:00:00+05:30,43.55,44.5,43.18,43.25,254112
2024-01-31 00:00:00+05:30,43.32,43.9,42.38,42.9,167850
2024-02-01 00:00:00+05:30,43.7,43.7,41.82,41.95,88500
2024-02-02 00:00:00+05:30,42.02,42.7,41.38,41.95,234318
2024-02-05 00:00:00+05:30,42.0,44.0,42.0,42.32,416628
2024-02-06 00:00:00+05:30,42.95,44.18,41.68,41.82,590406
2024-02-07 00:00:00+05:30,42.45,43.18,41.68,42.45,239502
2024-02-08 00:00:00+05:30,42.45,42.45,41.45,42.0,261798
2024-02-09 00:00:00+05:30,42.62,43.5,40.82,42.35,546780
2024-02-12 00:00:00+05:30,42.98,42.98,39.68,39.8,305064
2024-02-13 00:00:00+05:30,40.0,40.95,38.15,39.08,240600
2024-02-14 00:00:00+05:30,38.02,39.38,38.02,39.15,102852
2024-02-15 00:00:00+05:30,39.72,40.82,39.38,40.3,328272
2024-02-16 00:00:00+05:30,40.95,43.48,40.0,42.92,684930
2024-02-19 00:00:00+05:30,43.68,44.08,42.28,42.92,414354
2024-02-20 00:00:00+05:30,43.72,47.45,41.82,42.55,4756416
2024-02-21 00:00:00+05:30,43.42,45.82,43.12,44.22,1907016
2024-02-22 00:00:00+05:30,45.12,47.18,43.88,46.12,2173170
2024-02-23 00:00:00+05:30,46.12,48.32,44.32,45.98,2642628
2024-02-26 00:00:00+05:30,49.5,53.85,47.5,48.25,3992142
2024-02-27 00:00:00+05:30,48.25,49.62,47.22,48.15,501426
2024-02-28 00:00:00+05:30,50.75,50.75,45.42,46.25,698112
2024-02-29 00:00:00+05:30,47.28,55.5,45.48,54.32,4719734
2024-03-01 00:00:00+05:30,55.95,57.6,52.55,54.05,2361096
2024-03-02 00:00:00+05:30,54.05,54.45,51.35,51.72,242648
2024-03-04 00:00:00+05:30,51.72,53.98,49.5,50.05,567276
2024-03-05 00:00:00+05:30,50.05,60.05,49.65,59.75,4952750
2024-03-06 00:00:00+05:30,60.02,64.75,53.88,55.32,5486038
2024-03-07 00:00:00+05:30,52.38,55.98,50.55,52.05,1585532
2024-03-11 00:00:00+05:30,50.32,50.32,49.45,49.45,704230
2024-03-12 00:00:00+05:30,46.98,48.5,46.98,46.98,582346
2024-03-13 00:00:00+05:30,44.7,47.48,44.62,45.48,637242
2024-03-14 00:00:00+05:30,43.2,47.0,43.2,43.72,371078
2024-03-15 00:00:00+05:30,43.5,45.2,41.55,43.02,218176
2024-03-18 00:00:00+05:30,43.85,44.45,40.88,42.6,262408
2024-03-19 00:00:00+05:30,41.5,43.5,40.48,40.48,197752
2024-03-20 00:00:00+05:30,40.48,42.48,38.45,41.65,657876
2024-03-21 00:00:00+05:30,41.0,43.0,40.8,41.3,122530
2024-03-22 00:00:00+05:30,43.0,43.0,40.5,41.9,65394
2024-03-26 00:00:00+05:30,41.9,42.95,39.82,41.0,141514
2024-03-27 00:00:00+05:30,41.05,42.12,39.35,39.62,218682
2024-03-28 00:00:00+05:30,39.62,41.3,38.62,40.82,216044
2024-04-01 00:00:00+05:30,42.32,42.35,40.02,41.68,89216
2024-04-02 00:00:00+05:30,41.5,42.0,40.55,41.0,103632
2024-04-03 00:00:00+05:30,41.8,43.05,39.9,43.05,450690
2024-04-04 00:00:00+05:30,44.0,45.0,42.5,44.8,419390
2024-04-05 00:00:00+05:30,44.8,45.75,43.12,45.02,247824
2024-04-08 00:00:00+05:30,45.02,46.5,43.0,44.88,231148
2024-04-09 00:00:00+05:30,44.38,46.75,43.4,44.22,319516
2024-04-10 00:00:00+05:30,43.35,45.85,43.35,44.02,66918
2024-04-12 00:00:00+05:30,44.02,45.5,42.15,42.72,266244
2024-04-15 00:00:00+05:30,42.5,43.45,41.0,41.35,131878
2024-04-16 00:00:00+05:30,42.18,42.72,40.5,41.32,85254
2024-04-18 00:00:00+05:30,42.5,42.5,40.0,40.3,119048
2024-04-19 00:00:00+05:30,40.3,41.72,39.25,39.95,112576
2024-04-22 00:00:00+05:30,40.0,41.5,39.5,41.05,169122
2024-04-23 00:00:00+05:30,41.5,41.5,40.58,41.0,55230
2024-04-24 00:00:00+05:30,40.5,43.05,40.5,42.9,139600
2024-04-25 00:00:00+05:30,42.9,43.45,41.25,41.88,45454
2024-04-26 00:00:00+05:30,42.0,42.48,41.0,41.68,48692
2024-04-29 00:00:00+05:30,40.02,41.85,40.02,41.08,121958
2024-04-30 00:00:00+05:30,42.45,42.45,40.0,40.7,96528
2024-05-02 00:00:00+05:30,40.0,41.2,39.5,39.95,89630
2024-05-03 00:00:00+05:30,41.38,41.45,39.5,40.0,76164
2024-05-06 00:00:00+05:30,41.18,41.18,38.02,39.0,90756
2024-05-07 00:00:00+05:30,38.85,40.0,38.5,38.98,47832
2024-05-08 00:00:00+05:30,39.0,40.25,38.52,38.58,57870
2024-05-09 00:00:00+05:30,40.0,40.0,37.0,37.55,87990
2024-05-10 00:00:00+05:30,38.3,38.3,37.0,37.6,41738
2024-05-13 00:00:00+05:30,38.25,38.35,35.82,36.95,91796
2024-05-14 00:00:00+05:30,37.7,37.7,36.5,36.82,60526
2024-05-15 00:00:00+05:30,36.5,37.62,36.5,37.15,83048
2024-05-16 00:00:00+05:30,38.08,38.08,36.88,37.25,66436
2024-05-17 00:00:00+05:30,37.4,37.82,36.5,37.22,104138
2024-05-18 00:00:00+05:30,39.0,39.0,37.18,37.82,11664
2024-05-21 00:00:00+05:30,37.85,38.75,37.08,37.52,49000
2024-05-22 00:00:00+05:30,37.25,38.75,35.65,37.58,193086
2024-05-23 00:00:00+05:30,37.58,38.45,36.0,36.62,82630
2024-05-24 00:00:00+05:30,36.5,37.72,36.0,36.8,28570
2024-05-27 00:00:00+05:30,36.28,38.45,35.95,36.4,51398
2024-05-28 00:00:00+05:30,35.48,38.05,35.48,37.25,210456
2024-05-29 00:00:00+05:30,36.12,36.9,35.5,36.08,170150
2024-05-30 00:00:00+05:30,35.5,36.85,35.5,36.15,48902
2024-05-31 00:00:00+05:30,36.18,37.0,35.75,36.1,36198
2024-06-03 00:00:00+05:30,37.9,37.9,36.5,37.08,266372
2024-06-04 00:00:00+05:30,37.5,37.5,35.22,35.82,84356
2024-06-05 00:00:00+05:30,35.1,36.0,34.12,35.1,62242
2024-06-06 00:00:00+05:30,35.85,36.85,35.2,36.5,214572
2024-06-07 00:00:00+05:30,36.5,38.32,36.5,38.32,252908
2024-06-10 00:00:00+05:30,39.98,41.08,38.6,39.3,571236
2024-06-11 00:00:00+05:30,42.5,43.3,37.7,38.76,275220
2024-06-12 00:00:00+05:30,38.76,39.2,38.05,38.18,367390
2024-06-13 00:00:00+05:30,38.59,39.95,36.5,36.95,694072
2024-06-14 00:00:00+05:30,38.0,39.27,37.35,37.54,176430
2024-06-18 00:00:00+05:30,37.55,37.55,36.5,36.98,151290
2024-06-19 00:00:00+05:30,36.98,37.9,36.42,37.16,131152
2024-06-20 00:00:00+05:30,37.72,38.75,36.82,37.34,111562
2024-06-21 00:00:00+05:30,37.32,37.95,35.0,36.61,89144
2024-06-24 00:00:00+05:30,37.15,37.22,36.4,36.86,60792
2024-06-25 00:00:00+05:30,37.1,37.55,36.3,36.69,68764
2024-06-26 00:00:00+05:30,37.42,37.42,35.25,36.34,241668
2024-06-27 00:00:00+05:30,37.0,37.0,35.12,35.77,214502
2024-06-28 00:00:00+05:30,35.77,36.5,35.2,35.99,96238
2024-07-01 00:00:00+05:30,35.58,36.98,35.58,36.74,84080
2024-07-02 00:00:00+05:30,37.0,37.5,36.54,36.74,111936
2024-07-03 00:00:00+05:30,37.38,37.38,36.06,36.49,109772
2024-07-04 00:00:00+05:30,37.05,37.05,36.01,36.7,204452
2024-07-05 00:00:00+05:30,36.75,37.1,35.69,36.75,412148
2024-07-08 00:00:00+05:30,37.0,38.0,36.1,37.54,349820
2024-07-09 00:00:00+05:30,38.68,39.4,36.85,38.14,277206
2024-07-10 00:00:00+05:30,39.9,39.9,37.16,37.6,249052
2024-07-11 00:00:00+05:30,38.2,38.42,36.42,36.96,132748
2024-07-12 00:00:00+05:30,37.9,37.9,36.65,37.06,164078
2024-07-15 00:00:00+05:30,36.98,37.62,35.78,36.08,228794
2024-07-16 00:00:00+05:30,37.0,37.09,36.06,36.12,171014
2024-07-18 00:00:00+05:30,36.25,36.74,35.84,36.16,61068
2024-07-19 00:00:00+05:30,36.18,36.94,35.35,35.45,82222
2024-07-22 00:00:00+05:30,36.0,36.08,34.71,35.01,97860
2024-07-23 00:00:00+05:30,35.65,35.8,34.2,34.77,196336
2024-07-24 00:00:00+05:30,34.82,36.7,34.6,35.7,159798
2024-07-25 00:00:00+05:30,35.02,36.93,34.22,36.0,100548
2024-07-26 00:00:00+05:30,36.4,36.4,35.05,36.0,120840
2024-07-29 00:00:00+05:30,36.9,37.15,35.41,36.17,188912
2024-07-30 00:00:00+05:30,36.4,36.4,35.41,35.6,130650
2024-07-31 00:00:00+05:30,36.75,36.75,35.25,35.72,329808
2024-08-01 00:00:00+05:30,35.4,39.25,35.4,38.84,918472
2024-08-02 00:00:00+05:30,38.25,40.7,37.5,39.03,695582
2024-08-05 00:00:00+05:30,38.0,38.95,36.56,37.16,237388
2024-08-06 00:00:00+05:30,37.52,40.25,37.52,38.38,524818
2024-08-07 00:00:00+05:30,39.02,40.49,38.38,40.1,333076
2024-08-08 00:00:00+05:30,40.2,40.95,39.06,39.94,2513764
2024-08-09 00:00:00+05:30,40.74,44.5,40.74,43.26,1809286
2024-08-12 00:00:00+05:30,43.57,44.92,42.5,42.79,853562
2024-08-13 00:00:00+05:30,42.85,43.2,41.0,41.82,427922
2024-08-14 00:00:00+05:30,41.82,44.49,41.4,43.1,878114
2024-08-16 00:00:00+05:30,44.0,44.74,42.9,43.73,371056
2024-08-19 00:00:00+05:30,43.73,44.68,43.02,43.34,207260
2024-08-20 00:00:00+05:30,43.98,47.45,43.46,45.42,1135322
2024-08-21 00:00:00+05:30,45.42,46.5,44.75,45.16,473686
2024-08-22 00:00:00+05:30,45.18,47.7,44.06,44.54,1111446
2024-08-23 00:00:00+05:30,44.75,45.9,44.75,45.6,222628
2024-08-26 00:00:00+05:30,45.74,46.92,45.27,45.86,473658
2024-08-27 00:00:00+05:30,45.86,46.16,44.5,44.84,198182
2024-08-28 00:00:00+05:30,44.49,45.69,43.3,43.47,294780
2024-08-29 00:00:00+05:30,43.9,44.48,41.16,41.54,322046
2024-08-30 00:00:00+05:30,41.54,42.2,40.05,40.66,197390
2024-09-02 00:00:00+05:30,41.84,44.88,41.42,44.35,1003004
2024-09-03 00:00:00+05:30,44.35,45.5,43.73,45.33,515206
2024-09-04 00:00:00+05:30,44.65,45.75,43.26,44.28,311402
2024-09-05 00:00:00+05:30,44.95,46.25,44.25,44.58,304430
2024-09-06 00:00:00+05:30,44.96,45.12,43.26,43.57,277462
2024-09-09 00:00:00+05:30,43.0,48.5,41.69,45.66,4017092
2024-09-10 00:00:00+05:30,45.66,46.5,44.72,45.01,750846
2024-09-11 00:00:00+05:30,45.28,47.95,44.75,44.99,1364650
2024-09-12 00:00:00+05:30,45.25,45.95,44.32,44.62,337958
2024-09-13 00:00:00+05:30,44.82,46.0,44.33,44.62,498706
2024-09-16 00:00:00+05:30,44.8,45.86,44.5,44.96,405444
2024-09-17 00:00:00+05:30,45.8,47.8,43.66,47.25,467647
2024-09-18 00:00:00+05:30,47.0,47.0,43.56,44.84,266317
2024-09-19 00:00:00+05:30,43.51,44.16,38.28,40.85,851311
2024-09-20 00:00:00+05:30,41.44,44.56,39.71,42.94,525711
2024-09-23 00:00:00+05:30,42.47,42.76,40.59,41.1,231669
2024-09-24 00:00:00+05:30,40.68,40.68,39.1,39.81,208225
2024-09-25 00:00:00+05:30,40.49,40.49,39.05,39.49,157847
2024-09-26 00:00:00+05:30,39.0,39.42,38.0,38.61,128074
2024-09-27 00:00:00+05:30,38.2,39.39,38.2,38.5,103212
2024-09-30 00:00:00+05:30,38.05,39.04,35.99,37.67,227376
2024-10-01 00:00:00+05:30,37.19,41.45,37.19,40.55,454194
2024-10-03 00:00:00+05:30,38.65,42.9,38.65,40.85,280681
2024-10-04 00:00:00+05:30,40.2,41.08,39.0,39.11,113251
2024-10-07 00:00:00+05:30,38.77,40.24,36.3,37.12,176518
2024-10-08 00:00:00+05:30,37.12,38.28,36.51,37.29,143108
2024-10-09 00:00:00+05:30,38.9,38.9,37.5,37.72,77931
2024-10-10 00:00:00+05:30,37.9,40.0,37.0,38.34,171665
2024-10-11 00:00:00+05:30,38.85,39.19,38.0,38.32,77471
2024-10-14 00:00:00+05:30,38.5,39.0,36.51,36.99,227278
2024-10-15 00:00:00+05:30,37.5,37.79,36.51,36.99,115984
2024-10-16 00:00:00+05:30,37.55,37.55,35.99,36.52,145421
2024-10-17 00:00:00+05:30,37.25,37.49,35.9,36.89,191348
2024-10-18 00:00:00+05:30,36.95,37.9,36.11,37.41,116170
2024-10-21 00:00:00+05:30,36.57,37.95,35.95,36.11,130960
2024-10-22 00:00:00+05:30,36.62,36.62,33.11,34.12,135999
2024-10-23 00:00:00+05:30,36.0,40.0,33.21,37.44,273216
2024-10-24 00:00:00+05:30,37.43,38.9,36.61,36.85,115800
2024-10-25 00:00:00+05:30,36.11,38.2,34.05,34.96,223173
2024-10-28 00:00:00+05:30,34.71,37.2,34.26,35.84,215863
2024-10-29 00:00:00+05:30,37.0,41.15,37.0,38.98,412405
2024-10-30 00:00:00+05:30,39.0,39.99,38.16,39.46,123484
2024-10-31 00:00:00+05:30,39.46,40.58,38.0,39.7,89130
2024-11-01 00:00:00+05:30,40.0,40.25,39.0,39.88,51122
2024-11-04 00:00:00+05:30,39.0,40.78,39.0,39.99,298750
2024-11-05 00:00:00+05:30,40.74,40.74,39.25,40.04,80796
2024-11-06 00:00:00+05:30,41.1,44.15,40.86,42.87,392719
2024-11-07 00:00:00+05:30,42.87,43.45,41.05,41.51,108344
2024-11-08 00:00:00+05:30,41.66,41.66,40.3,40.54,72570
2024-11-11 00:00:00+05:30,40.5,41.1,39.26,40.15,72117
2024-11-12 00:00:00+05:30,39.36,41.75,39.36,40.67,84524
2024-11-13 00:00:00+05:30,40.1,40.27,38.57,38.97,101947
2024-11-14 00:00:00+05:30,38.25,39.69,38.25,39.37,60046
2024-11-18 00:00:00+05:30,40.16,40.45,39.47,39.7,57361
2024-11-19 00:00:00+05:30,39.9,41.5,39.7,40.04,72648
2024-11-21 00:00:00+05:30,40.03,40.03,38.37,38.92,70308
2024-11-22 00:00:00+05:30,39.86,39.86,38.3,38.74,54054
2024-11-25 00:00:00+05:30,40.52,40.84,39.1,39.28,100559
2024-11-26 00:00:00+05:30,38.75,39.87,38.75,39.29,35630
2024-11-27 00:00:00+05:30,38.75,39.52,38.06,38.67,67989
2024-11-28 00:00:00+05:30,39.88,41.17,38.51,40.84,144005
2024-11-29 00:00:00+05:30,40.83,41.99,40.29,41.45,89414
2024-12-02 00:00:00+05:30,41.45,41.76,39.0,39.45,193825
2024-12-03 00:00:00+05:30,40.49,40.49,38.51,38.96,130206
2024-12-04 00:00:00+05:30,39.5,39.5,38.5,39.0,89646
2024-12-05 00:00:00+05:30,38.8,40.0,38.5,39.49,151464
2024-12-06 00:00:00+05:30,39.5,40.2,39.11,39.57,140202
2024-12-09 00:00:00+05:30,40.24,40.3,39.0,39.17,155641
2024-12-10 00:00:00+05:30,38.5,39.7,36.75,38.49,143048
2024-12-11 00:00:00+05:30,38.49,40.1,38.48,39.83,171971
2024-12-12 00:00:00+05:30,40.5,40.5,38.61,38.97,84972
2024-12-13 00:00:00+05:30,39.89,40.0,38.45,38.87,102316
2024-12-16 00:00:00+05:30,38.87,40.0,38.54,39.13,386446
2024-12-17 00:00:00+05:30,39.71,40.1,39.01,39.24,142964
2024-12-18 00:00:00+05:30,39.9,39.9,38.01,38.25,119137
2024-12-19 00:00:00+05:30,37.05,38.8,37.05,38.56,68776
2024-12-20 00:00:00+05:30,38.01,38.79,37.7,37.84,61849
2024-12-23 00:00:00+05:30,38.5,38.65,36.81,37.75,157175
2024-12-24 00:00:00+05:30,38.5,38.5,37.11,37.33,72191
2024-12-26 00:00:00+05:30,38.43,38.43,36.32,37.51,103119
2024-12-27 00:00:00+05:30,38.48,38.48,37.2,37.73,55397
2024-12-30 00:00:00+05:30,38.44,38.44,37.0,37.32,93436
2024-12-31 00:00:00+05:30,36.52,37.98,36.52,37.27,103625
2025-01-01 00:00:00+05:30,37.99,38.0,37.1,37.38,48302
2025-01-02 00:00:00+05:30,37.01,37.85,37.01,37.54,63123
2025-01-03 00:00:00+05:30,37.31,38.35,37.1,37.32,56723
2025-01-06 00:00:00+05:30,38.0,38.0,35.4,35.96,83326
2025-01-07 00:00:00+05:30,36.5,36.75,35.52,36.31,51557
2025-01-08 00:00:00+05:30,35.75,36.23,35.07,35.88,31467
2025-01-09 00:00:00+05:30,35.9,36.67,35.49,35.99,26771
2025-01-10 00:00:00+05:30,35.99,36.69,34.32,34.48,56469
2025-01-13 00:00:00+05:30,35.39,35.39,32.0,33.39,144632
2025-01-14 00:00:00+05:30,34.6,35.48,33.11,33.73,110276
2025-01-15 00:00:00+05:30,35.14,35.14,33.0,33.24,127788
2025-01-16 00:00:00+05:30,34.4,38.55,33.72,38.22,318278
2025-01-17 00:00:00+05:30,38.7,38.7,36.0,37.64,128468
2025-01-20 00:00:00+05:30,38.24,38.5,37.64,38.23,83938
2025-01-21 00:00:00+05:30,38.99,38.99,37.07,38.12,70116
2025-01-22 00:00:00+05:30,38.11,38.12,35.3,35.77,83127
2025-01-23 00:00:00+05:30,36.3,38.5,35.59,37.77,87161
2025-01-24 00:00:00+05:30,38.26,38.28,35.6,35.97,52292
2025-01-27 00:00:00+05:30,35.8,37.2,35.0,36.33,132910
2025-01-28 00:00:00+05:30,36.99,36.99,35.01,35.4,50871
2025-01-29 00:00:00+05:30,36.11,38.55,36.0,36.4,156592
2025-01-30 00:00:00+05:30,37.9,37.9,32.81,33.88,272820
2025-01-31 00:00:00+05:30,34.92,35.25,33.86,34.93,113959
2025-02-01 00:00:00+05:30,35.45,37.07,34.97,36.56,73401
2025-02-03 00:00:00+05:30,37.4,37.4,35.6,36.03,113657
2025-02-04 00:00:00+05:30,37.47,37.47,35.14,35.83,125106
2025-02-05 00:00:00+05:30,36.95,36.95,35.15,35.5,145489
2025-02-06 00:00:00+05:30,34.0,34.38,31.5,31.94,576063
2025-02-07 00:00:00+05:30,32.39,33.0,31.13,32.88,240785
2025-02-10 00:00:00+05:30,33.2,33.75,32.03,32.33,120704
2025-02-11 00:00:00+05:30,32.33,32.82,30.51,30.96,102106
2025-02-12 00:00:00+05:30,31.14,31.56,29.33,30.17,102134
2025-02-13 00:00:00+05:30,30.17,31.5,30.1,30.91,63498
2025-02-14 00:00:00+05:30,32.0,32.0,28.06,28.59,105712
2025-02-17 00:00:00+05:30,28.75,29.41,26.67,27.72,76327
2025-02-18 00:00:00+05:30,28.1,28.99,26.36,26.9,193057
2025-02-19 00:00:00+05:30,27.5,28.0,26.59,27.97,71446
2025-02-20 00:00:00+05:30,28.53,28.85,27.46,28.58,106479
2025-02-21 00:00:00+05:30,28.99,29.0,28.28,28.51,54295
2025-02-24 00:00:00+05:30,28.51,28.91,26.11,27.12,87817
2025-02-25 00:00:00+05:30,27.9,27.9,26.22,26.46,130116
2025-02-27 00:00:00+05:30,27.36,27.36,25.5,25.59,105581
2025-02-28 00:00:00+05:30,25.5,25.5,24.0,24.49,87470
2025-03-03 00:00:00+05:30,24.5,24.99,22.2,22.91,154229
2025-03-04 00:00:00+05:30,23.9,23.9,22.1,22.3,211120
2025-03-05 00:00:00+05:30,22.44,22.95,22.25,22.67,177464
2025-03-06 00:00:00+05:30,22.79,24.9,22.79,24.54,215639
2025-03-07 00:00:00+05:30,24.54,26.47,24.09,25.87,151001
2025-03-10 00:00:00+05:30,26.2,26.21,23.69,24.18,208698
2025-03-11 00:00:00+05:30,23.09,24.8,23.0,23.32,306634
2025-03-12 00:00:00+05:30,24.25,24.25,22.1,22.35,307184
2025-03-13 00:00:00+05:30,23.12,23.12,22.17,22.3,213443
2025-03-17 00:00:00+05:30,22.5,22.83,22.24,22.41,227810
2025-03-18 00:00:00+05:30,22.45,22.99,20.35,21.22,376186
2025-03-19 00:00:00+05:30,21.4,22.3,21.25,21.85,325609
2025-03-20 00:00:00+05:30,22.15,23.3,21.99,22.95,239973
2025-03-21 00:00:00+05:30,23.3,23.6,22.05,22.29,293250
2025-03-24 00:00:00+05:30,23.15,23.25,22.41,22.79,133654
2025-03-25 00:00:00+05:30,23.0,23.45,22.02,22.29,104571
2025-03-26 00:00:00+05:30,23.02,23.02,20.5,20.67,308097
2025-03-27 00:00:00+05:30,20.9,21.25,19.56,19.78,1150368
2025-03-28 00:00:00+05:30,20.66,23.35,19.97,22.6,582669
2025-04-01 00:00:00+05:30,22.9,24.6,22.63,24.37,231899
2025-04-02 00:00:00+05:30,24.37,24.55,22.7,24.39,192788
2025-04-03 00:00:00+05:30,24.4,25.37,23.75,24.02,244584
2025-04-04 00:00:00+05:30,23.9,24.4,23.03,23.21,184335
2025-04-07 00:00:00+05:30,23.25,23.25,20.2,21.16,221489
2025-04-08 00:00:00+05:30,22.22,22.22,21.03,21.62,80588
2025-04-09 00:00:00+05:30,21.96,22.75,21.4,22.58,84749
2025-04-11 00:00:00+05:30,23.03,24.65,23.03,24.25,146600
2025-04-15 00:00:00+05:30,24.24,25.0,24.24,24.55,64631
2025-04-16 00:00:00+05:30,25.22,27.15,24.55,26.88,168607
2025-04-17 00:00:00+05:30,27.25,27.85,26.19,27.03,95973
2025-04-21 00:00:00+05:30,27.16,27.79,26.31,27.21,94574
2025-04-22 00:00:00+05:30,27.5,28.84,26.39,28.0,135872
2025-04-23 00:00:00+05:30,28.0,28.54,27.41,27.73,54189
2025-04-24 00:00:00+05:30,28.4,28.4,26.5,27.15,50154
2025-04-25 00:00:00+05:30,28.78,28.78,25.81,26.52,63368
2025-04-28 00:00:00+05:30,26.52,26.94,25.65,25.76,45592
2025-04-29 00:00:00+05:30,25.6,27.32,25.55,25.7,30011
2025-04-30 00:00:00+05:30,25.8,27.0,25.35,25.44,40861
2025-05-02 00:00:00+05:30,26.74,26.74,25.3,25.91,40994
2025-05-05 00:00:00+05:30,26.88,26.88,25.7,25.84,26179
2025-05-06 00:00:00+05:30,26.0,26.0,24.25,24.52,71879
2025-05-07 00:00:00+05:30,24.52,25.25,24.05,24.28,96601
2025-05-08 00:00:00+05:30,25.66,25.66,24.1,24.59,25334
2025-05-09 00:00:00+05:30,24.02,24.99,23.56,24.63,46096
2025-05-12 00:00:00+05:30,24.8,26.91,24.8,25.45,45359
2025-05-13 00:00:00+05:30,25.46,26.18,25.1,25.55,34479
2025-05-14 00:00:00+05:30,25.55,27.75,25.27,26.93,112122
2025-05-15 00:00:00+05:30,27.8,27.8,26.0,27.2,62741
2025-05-16 00:00:00+05:30,27.5,28.0,26.16,27.45,56464
2025-05-19 00:00:00+05:30,27.9,27.9,27.05,27.43,60531
2025-05-20 00:00:00+05:30,28.0,28.05,26.0,26.13,93689
2025-05-21 00:00:00+05:30,27.28,27.28,26.01,26.58,85927
2025-05-22 00:00:00+05:30,27.5,27.65,26.81,27.46,69892
2025-05-23 00:00:00+05:30,27.99,28.58,27.58,28.05,100816
2025-05-26 00:00:00+05:30,28.97,29.34,27.15,28.02,97493
2025-05-27 00:00:00+05:30,29.28,29.28,26.16,27.25,109792
2025-05-28 00:00:00+05:30,27.25,28.29,26.36,27.07,98444
2025-05-29 00:00:00+05:30,27.88,28.54,27.1,28.06,146051
2025-05-30 00:00:00+05:30,27.9,28.11,27.25,27.75,67974
2025-06-02 00:00:00+05:30,27.75,28.5,27.31,28.26,87240
2025-06-03 00:00:00+05:30,28.5,28.64,27.5,27.53,62246
2025-06-04 00:00:00+05:30,28.06,28.2,27.06,27.99,55591
2025-06-05 00:00:00+05:30,28.36,28.36,27.01,27.09,90367
2025-06-06 00:00:00+05:30,27.11,28.1,26.2,27.02,93820
2025-06-09 00:00:00+05:30,27.99,27.99,26.95,27.33,114100
2025-06-10 00:00:00+05:30,28.2,28.2,27.33,27.82,106951
2025-06-11 00:00:00+05:30,28.2,28.2,27.5,27.71,41300
2025-06-12 00:00:00+05:30,27.8,27.95,27.1,27.17,65927
2025-06-13 00:00:00+05:30,27.1,27.66,26.6,27.29,45385
2025-06-16 00:00:00+05:30,27.16,27.35,26.8,26.94,28841
2025-06-17 00:00:00+05:30,27.56,27.56,25.75,26.25,71691
2025-06-18 00:00:00+05:30,27.0,27.0,26.01,26.11,71742
2025-06-19 00:00:00+05:30,26.4,26.78,25.71,25.85,73269
2025-06-20 00:00:00+05:30,25.55,26.18,25.51,25.67,43504
2025-06-23 00:00:00+05:30,25.67,26.3,25.61,25.96,83647
2025-06-24 00:00:00+05:30,26.96,26.96,25.85,25.98,68319
2025-06-25 00:00:00+05:30,26.11,27.5,25.84,26.97,71790
2025-06-26 00:00:00+05:30,27.75,28.5,26.35,27.61,208093
2025-06-27 00:00:00+05:30,27.74,27.74,26.1,26.46,209298
2025-06-30 00:00:00+05:30,27.4,27.7,26.56,27.08,101248
2025-07-01 00:00:00+05:30,27.6,27.6,25.55,26.78,51993
2025-07-02 00:00:00+05:30,27.32,27.33,26.3,26.63,70802
2025-07-03 00:00:00+05:30,27.49,27.49,24.35,25.56,112672
2025-07-04 00:00:00+05:30,25.39,28.95,25.2,27.84,206782
2025-07-07 00:00:00+05:30,27.89,28.45,27.05,27.15,128509
2025-07-08 00:00:00+05:30,27.2,28.5,26.76,27.76,240257
2025-07-09 00:00:00+05:30,27.88,27.95,27.4,27.75,32459
2025-07-10 00:00:00+05:30,27.75,27.75,26.1,26.69,164388
2025-07-11 00:00:00+05:30,27.24,27.24,26.57,26.79,67874
2025-07-14 00:00:00+05:30,27.31,27.31,26.36,26.73,88860
2025-07-15 00:00:00+05:30,27.26,27.26,26.1,26.48,119866
2025-07-16 00:00:00+05:30,26.16,27.1,26.16,26.77,45973
2025-07-17 00:00:00+05:30,26.99,27.07,26.41,26.71,42362
2025-07-18 00:00:00+05:30,27.5,27.5,26.51,26.55,33559
2025-07-21 00:00:00+05:30,27.0,27.08,26.16,26.41,111559
2025-07-22 00:00:00+05:30,26.54,27.25,26.11,26.14,138061
2025-07-23 00:00:00+05:30,26.66,26.66,26.0,26.22,39466
2025-07-24 00:00:00+05:30,26.87,26.87,26.0,26.21,30740
2025-07-25 00:00:00+05:30,26.56,26.56,25.5,25.53,43260
2025-07-28 00:00:00+05:30,25.53,26.65,25.0,25.12,37547
2025-07-29 00:00:00+05:30,25.12,25.75,24.76,25.36,62779
2025-07-30 00:00:00+05:30,25.05,25.85,25.01,25.14,61676
2025-07-31 00:00:00+05:30,25.55,25.55,24.92,25.15,28375
2025-08-01 00:00:00+05:30,25.54,25.54,24.21,24.49,101769
2025-08-04 00:00:00+05:30,25.0,25.99,24.45,25.2,99062
2025-08-05 00:00:00+05:30,25.47,25.75,24.51,24.84,66286
2025-08-06 00:00:00+05:30,24.74,25.85,24.65,25.24,56731
2025-08-07 00:00:00+05:30,25.24,25.5,25.01,25.17,15871
2025-08-08 00:00:00+05:30,25.29,25.74,24.07,24.92,24358
2025-08-11 00:00:00+05:30,25.7,25.7,24.33,24.96,36404
2025-08-12 00:00:00+05:30,24.95,24.99,22.92,23.93,242295
2025-08-13 00:00:00+05:30,24.41,24.59,23.0,23.38,79216
2025-08-14 00:00:00+05:30,24.16,24.5,23.3,23.32,73025
2025-08-18 00:00:00+05:30,23.1,23.79,22.45,22.72,139710
2025-08-19 00:00:00+05:30,22.72,23.56,22.45,22.55,79636
2025-08-20 00:00:00+05:30,22.5,23.3,22.44,22.82,73139
2025-08-21 00:00:00+05:30,22.83,23.65,22.01,22.21,124461
2025-08-22 00:00:00+05:30,22.3,22.87,22.21,22.42,51379
2025-08-25 00:00:00+05:30,22.87,22.87,22.01,22.38,68653
2025-08-26 00:00:00+05:30,22.49,23.0,22.06,22.11,57986
2025-08-28 00:00:00+05:30,21.6,22.62,21.6,22.41,73652
2025-08-29 00:00:00+05:30,22.85,22.89,22.11,22.2,64904
2025-09-01 00:00:00+05:30,22.11,23.0,22.11,22.52,78501
2025-09-02 00:00:00+05:30,22.95,23.2,22.5,22.58,53400
2025-09-03 00:00:00+05:30,22.58,22.93,21.63,21.99,144306
2025-09-04 00:00:00+05:30,22.65,22.65,21.21,21.32,77642
2025-09-05 00:00:00+05:30,21.98,22.24,21.35,21.52,115730
2025-09-08 00:00:00+05:30,21.52,22.0,21.4,21.5,51345
2025-09-09 00:00:00+05:30,21.5,21.5,21.09,21.32,53008
2025-09-10 00:00:00+05:30,21.74,22.6,21.44,21.97,146039
2025-09-11 00:00:00+05:30,22.1,22.48,21.15,21.46,55812
2025-09-12 00:00:00+05:30,21.97,22.07,21.53,21.76,62563
2025-09-15 00:00:00+05:30,21.76,21.91,21.5,21.69,38997
2025-09-16 00:00:00+05:30,21.69,21.9,21.41,21.71,65342
2025-09-17 00:00:00+05:30,21.72,25.5,21.49,23.82,394785
2025-09-18 00:00:00+05:30,23.81,23.81,22.6,22.82,123289
2025-09-19 00:00:00+05:30,23.44,23.44,22.84,22.96,52419
2025-09-22 00:00:00+05:30,23.7,23.7,23.0,23.38,52962
2025-09-23 00:00:00+05:30,23.5,23.5,22.01,22.49,93946
2025-09-24 00:00:00+05:30,23.0,23.0,22.0,22.1,65968
2025-09-25 00:00:00+05:30,22.95,22.95,20.88,21.18,288514
2025-09-26 00:00:00+05:30,21.74,21.74,20.7,21.0,53489
2025-09-29 00:00:00+05:30,21.2,21.45,20.73,21.07,102864
2025-09-30 00:00:00+05:30,21.25,21.25,19.55,20.01,151488
2025-10-01 00:00:00+05:30,20.39,20.5,18.91,19.22,578451
2025-10-03 00:00:00+05:30,19.48,19.97,19.38,19.84,91219
2025-10-06 00:00:00+05:30,19.85,19.99,19.31,19.66,95985
2025-10-07 00:00:00+05:30,19.75,20.3,19.41,19.9,89322
2025-10-08 00:00:00+05:30,19.99,20.21,19.67,19.86,65810
2025-10-09 00:00:00+05:30,19.96,20.14,19.16,19.31,53768
2025-10-10 00:00:00+05:30,19.6,20.0,19.29,19.46,69104
2025-10-13 00:00:00+05:30,19.29,19.87,19.12,19.39,28384
2025-10-14 00:00:00+05:30,19.2,19.86,19.2,19.56,21104
2025-10-15 00:00:00+05:30,19.88,20.47,19.35,20.21,58002
2025-10-16 00:00:00+05:30,20.31,20.61,19.2,19.56,71831
2025-10-17 00:00:00+05:30,19.75,20.21,19.27,19.56,39173
2025-10-20 00:00:00+05:30,19.56,20.0,19.45,19.56,33454
2025-10-21 00:00:00+05:30,21.3,21.3,19.8,20.24,25742
2025-10-23 00:00:00+05:30,21.11,21.11,20.7,20.76,56276
2025-10-24 00:00:00+05:30,21.0,23.5,20.52,21.43,98804
2025-10-27 00:00:00+05:30,21.4,21.97,20.0,20.14,302883
2025-10-28 00:00:00+05:30,20.23,20.45,19.2,20.0,167217
2025-10-29 00:00:00+05:30,19.85,20.1,19.5,19.61,112944
2025-10-30 00:00:00+05:30,20.07,20.07,19.4,19.43,77750
2025-10-31 00:00:00+05:30,19.3,19.8,19.03,19.36,68574
2025-11-03 00:00:00+05:30,19.36,19.8,19.11,19.33,66971
2025-11-04 00:00:00+05:30,19.7,19.8,19.03,19.51,64113
2025-11-06 00:00:00+05:30,19.12,19.75,19.12,19.47,52414
2025-11-07 00:00:00+05:30,19.47,19.48,18.15,18.92,107302
2025-11-10 00:00:00+05:30,19.65,19.65,18.76,19.25,62445
2025-11-11 00:00:00+05:30,19.01,19.79,18.8,19.14,89359
2025-11-12 00:00:00+05:30,19.33,19.7,19.15,19.42,40599
2025-11-13 00:00:00+05:30,19.0,19.85,18.7,19.43,57330
2025-11-14 00:00:00+05:30,19.84,19.84,18.91,19.3,141727
2025-11-17 00:00:00+05:30,19.15,19.35,18.36,18.48,118168
2025-11-18 00:00:00+05:30,18.48,18.55,17.65,18.32,92693
2025-11-19 00:00:00+05:30,18.01,18.97,18.01,18.9,46514
